C,SETP.WORLD,CO2EII_RESULTS_SUMMARY_YEAR,AEMO,PUBLIC,2014/01/06,10:00:38,0000000249181268,,0000000249181264
I,CO2EII,PUBLISHING,1,CONTRACTYEAR,WEEKNO,SETTLEMENTDATE,REGIONID,TOTAL_SENT_OUT_ENERGY,TOTAL_EMISSIONS,CO2E_INTENSITY_INDEX
D,CO2EII,PUBLISHING,1,2013,1,"2012/12/30 00:00:00",NEM,435539.61582401,383728.7616394,0.881
D,CO2EII,PUBLISHING,1,2013,1,"2012/12/30 00:00:00",NSW1,134990.932394,114558.66454302,0.8486
D,CO2EII,PUBLISHING,1,2013,1,"2012/12/30 00:00:00",QLD1,136967.51394601,113803.40653111,0.8309
D,CO2EII,PUBLISHING,1,2013,1,"2012/12/30 00:00:00",SA1,26623.333104,15377.53477769,0.5776
D,CO2EII,PUBLISHING,1,2013,1,"2012/12/30 00:00:00",TAS1,25653.183017,2036.34385866,0.0794
D,CO2EII,PUBLISHING,1,2013,1,"2012/12/30 00:00:00",VIC1,111304.653363,137952.81192892,1.2394
D,CO2EII,PUBLISHING,1,2013,1,"2012/12/31 00:00:00",NEM,466330.685113,412770.80088096,0.8851
D,CO2EII,PUBLISHING,1,2013,1,"2012/12/31 00:00:00",NSW1,147912.09013599,124920.06422248,0.8446
D,CO2EII,PUBLISHING,1,2013,1,"2012/12/31 00:00:00",QLD1,143189.79123101,118283.50371084,0.8261
D,CO2EII,PUBLISHING,1,2013,1,"2012/12/31 00:00:00",SA1,29905.096609,19050.53159791,0.637
D,CO2EII,PUBLISHING,1,2013,1,"2012/12/31 00:00:00",TAS1,27558.380769,2077.00109598,0.0754
D,CO2EII,PUBLISHING,1,2013,1,"2012/12/31 00:00:00",VIC1,117765.326368,148439.70025375,1.2605
D,CO2EII,PUBLISHING,1,2013,1,"2013/01/01 00:00:00",NEM,456954.13833571,406938.9013373,0.8905
D,CO2EII,PUBLISHING,1,2013,1,"2013/01/01 00:00:00",NSW1,138956.617735,126058.21720883,0.9072
D,CO2EII,PUBLISHING,1,2013,1,"2013/01/01 00:00:00",QLD1,140545.58213771,115677.51117137,0.8231
D,CO2EII,PUBLISHING,1,2013,1,"2013/01/01 00:00:00",SA1,29161.519561,17716.74147953,0.6075
D,CO2EII,PUBLISHING,1,2013,1,"2013/01/01 00:00:00",TAS1,30716.463322,1890.45946142,0.0615
D,CO2EII,PUBLISHING,1,2013,1,"2013/01/01 00:00:00",VIC1,117573.95558,145595.97201615,1.2383
D,CO2EII,PUBLISHING,1,2013,1,"2013/01/02 00:00:00",NEM,493212.22839196,443354.43239723,0.8989
D,CO2EII,PUBLISHING,1,2013,1,"2013/01/02 00:00:00",NSW1,152850.878428,140566.31915829,0.9196
D,CO2EII,PUBLISHING,1,2013,1,"2013/01/02 00:00:00",QLD1,152724.49670795,125354.71119663,0.8208
D,CO2EII,PUBLISHING,1,2013,1,"2013/01/02 00:00:00",SA1,33992.923423,20795.72703713,0.6118
D,CO2EII,PUBLISHING,1,2013,1,"2013/01/02 00:00:00",TAS1,29741.67357,2051.19957136,0.069
D,CO2EII,PUBLISHING,1,2013,1,"2013/01/02 00:00:00",VIC1,123902.25626301,154586.47543382,1.2476
D,CO2EII,PUBLISHING,1,2013,1,"2013/01/03 00:00:00",NEM,528001.12908839,455309.71965367,0.8623
D,CO2EII,PUBLISHING,1,2013,1,"2013/01/03 00:00:00",NSW1,163491.56629,150904.29525742,0.923
D,CO2EII,PUBLISHING,1,2013,1,"2013/01/03 00:00:00",QLD1,150331.56847128,123601.55101354,0.8222
D,CO2EII,PUBLISHING,1,2013,1,"2013/01/03 00:00:00",SA1,45159.03115308,28049.42851898,0.6211
D,CO2EII,PUBLISHING,1,2013,1,"2013/01/03 00:00:00",TAS1,33343.78581201,2097.1777028,0.0629
D,CO2EII,PUBLISHING,1,2013,1,"2013/01/03 00:00:00",VIC1,135675.17736202,150657.26716093,1.1104
D,CO2EII,PUBLISHING,1,2013,1,"2013/01/04 00:00:00",NEM,568999.31567676,480698.82026794,0.8448
D,CO2EII,PUBLISHING,1,2013,1,"2013/01/04 00:00:00",NSW1,182079.154192,169469.67244117,0.9307
D,CO2EII,PUBLISHING,1,2013,1,"2013/01/04 00:00:00",QLD1,152569.70722877,125130.73311643,0.8202
D,CO2EII,PUBLISHING,1,2013,1,"2013/01/04 00:00:00",SA1,53728.612724,33647.81438049,0.6263
D,CO2EII,PUBLISHING,1,2013,1,"2013/01/04 00:00:00",TAS1,35497.192752,2150.44332166,0.0606
D,CO2EII,PUBLISHING,1,2013,1,"2013/01/04 00:00:00",VIC1,145124.64877999,150300.15700819,1.0357
D,CO2EII,PUBLISHING,1,2013,1,"2013/01/05 00:00:00",NEM,508789.06060789,449849.16519114,0.8842
D,CO2EII,PUBLISHING,1,2013,1,"2013/01/05 00:00:00",NSW1,169174.59066299,158709.75966732,0.9381
D,CO2EII,PUBLISHING,1,2013,1,"2013/01/05 00:00:00",QLD1,146540.88618344,121985.67656497,0.8324
D,CO2EII,PUBLISHING,1,2013,1,"2013/01/05 00:00:00",SA1,39622.56788843,21247.79652472,0.5363
D,CO2EII,PUBLISHING,1,2013,1,"2013/01/05 00:00:00",TAS1,31189.85243701,2040.4686202,0.0654
D,CO2EII,PUBLISHING,1,2013,1,"2013/01/05 00:00:00",VIC1,122261.16343602,145865.46381393,1.1931
D,CO2EII,PUBLISHING,1,2013,2,"2013/01/06 00:00:00",NEM,490454.2243577,428279.83628304,0.8732
D,CO2EII,PUBLISHING,1,2013,2,"2013/01/06 00:00:00",NSW1,153671.60342599,143088.15197163,0.9311
D,CO2EII,PUBLISHING,1,2013,2,"2013/01/06 00:00:00",QLD1,145894.37941071,119917.34939136,0.8219
D,CO2EII,PUBLISHING,1,2013,2,"2013/01/06 00:00:00",SA1,41094.88168,19025.91280331,0.463
D,CO2EII,PUBLISHING,1,2013,2,"2013/01/06 00:00:00",TAS1,30100.505318,2143.07622411,0.0712
D,CO2EII,PUBLISHING,1,2013,2,"2013/01/06 00:00:00",VIC1,119692.854523,144105.34589263,1.204
D,CO2EII,PUBLISHING,1,2013,2,"2013/01/07 00:00:00",NEM,564218.50855129,493674.58896068,0.875
D,CO2EII,PUBLISHING,1,2013,2,"2013/01/07 00:00:00",NSW1,185777.328319,168755.64669688,0.9084
D,CO2EII,PUBLISHING,1,2013,2,"2013/01/07 00:00:00",QLD1,153563.19202231,126388.47991374,0.823
D,CO2EII,PUBLISHING,1,2013,2,"2013/01/07 00:00:00",SA1,44473.06162198,28441.13360709,0.6395
D,CO2EII,PUBLISHING,1,2013,2,"2013/01/07 00:00:00",TAS1,34053.930113,2244.32845743,0.0659
D,CO2EII,PUBLISHING,1,2013,2,"2013/01/07 00:00:00",VIC1,146350.996475,167845.00028554,1.1469
D,CO2EII,PUBLISHING,1,2013,2,"2013/01/08 00:00:00",NEM,578537.69448775,500016.13501563,0.8643
D,CO2EII,PUBLISHING,1,2013,2,"2013/01/08 00:00:00",NSW1,213993.83590646,189724.32086452,0.8866
D,CO2EII,PUBLISHING,1,2013,2,"2013/01/08 00:00:00",QLD1,153242.66504733,126081.36026355,0.8228
D,CO2EII,PUBLISHING,1,2013,2,"2013/01/08 00:00:00",SA1,38108.027066,18536.76204944,0.4864
D,CO2EII,PUBLISHING,1,2013,2,"2013/01/08 00:00:00",TAS1,34060.96113,2108.88933406,0.0619
D,CO2EII,PUBLISHING,1,2013,2,"2013/01/08 00:00:00",VIC1,139132.20533796,163564.80250406,1.1756
D,CO2EII,PUBLISHING,1,2013,2,"2013/01/09 00:00:00",NEM,529986.23917501,471377.92135407,0.8894
D,CO2EII,PUBLISHING,1,2013,2,"2013/01/09 00:00:00",NSW1,172284.271849,160638.94974534,0.9324
D,CO2EII,PUBLISHING,1,2013,2,"2013/01/09 00:00:00",QLD1,160688.506014,131129.70716275,0.816
D,CO2EII,PUBLISHING,1,2013,2,"2013/01/09 00:00:00",SA1,32893.44786699,16921.71358653,0.5144
D,CO2EII,PUBLISHING,1,2013,2,"2013/01/09 00:00:00",TAS1,31629.45406,2169.18158848,0.0686
D,CO2EII,PUBLISHING,1,2013,2,"2013/01/09 00:00:00",VIC1,132490.55938502,160518.36927097,1.2115
D,CO2EII,PUBLISHING,1,2013,2,"2013/01/10 00:00:00",NEM,536327.10308467,485179.40907842,0.9046
D,CO2EII,PUBLISHING,1,2013,2,"2013/01/10 00:00:00",NSW1,178896.230612,168102.84959113,0.9397
D,CO2EII,PUBLISHING,1,2013,2,"2013/01/10 00:00:00",QLD1,160593.19649467,130959.55733196,0.8155
D,CO2EII,PUBLISHING,1,2013,2,"2013/01/10 00:00:00",SA1,30676.748291,18757.55850069,0.6115
D,CO2EII,PUBLISHING,1,2013,2,"2013/01/10 00:00:00",TAS1,31545.93029299,2261.1666969,0.0717
D,CO2EII,PUBLISHING,1,2013,2,"2013/01/10 00:00:00",VIC1,134614.99739401,165098.27695774,1.2264
D,CO2EII,PUBLISHING,1,2013,2,"2013/01/11 00:00:00",NEM,583652.7669013,501023.27512727,0.8584
D,CO2EII,PUBLISHING,1,2013,2,"2013/01/11 00:00:00",NSW1,202904.70280899,180918.48059676,0.8916
D,CO2EII,PUBLISHING,1,2013,2,"2013/01/11 00:00:00",QLD1,159987.04528533,131560.37486801,0.8223
D,CO2EII,PUBLISHING,1,2013,2,"2013/01/11 00:00:00",SA1,40925.48902899,22539.19840997,0.5507
D,CO2EII,PUBLISHING,1,2013,2,"2013/01/11 00:00:00",TAS1,34680.213015,2154.63785298,0.0621
D,CO2EII,PUBLISHING,1,2013,2,"2013/01/11 00:00:00",VIC1,145155.31676299,163850.58339955,1.1288
D,CO2EII,PUBLISHING,1,2013,2,"2013/01/12 00:00:00",NEM,521345.33918132,462731.12789462,0.8876
D,CO2EII,PUBLISHING,1,2013,2,"2013/01/12 00:00:00",NSW1,180300.14509899,165539.30199894,0.9181
D,CO2EII,PUBLISHING,1,2013,2,"2013/01/12 00:00:00",QLD1,156406.60797233,129118.72222396,0.8255
D,CO2EII,PUBLISHING,1,2013,2,"2013/01/12 00:00:00",SA1,33768.034449,19582.33252213,0.5799
D,CO2EII,PUBLISHING,1,2013,2,"2013/01/12 00:00:00",TAS1,32044.345726,2168.49758159,0.0677
D,CO2EII,PUBLISHING,1,2013,2,"2013/01/12 00:00:00",VIC1,118826.205935,146322.273568,1.2314
D,CO2EII,PUBLISHING,1,2013,3,"2013/01/13 00:00:00",NEM,488198.48578298,433924.10708629,0.8888
D,CO2EII,PUBLISHING,1,2013,3,"2013/01/13 00:00:00",NSW1,158948.24397499,148566.13531848,0.9347
D,CO2EII,PUBLISHING,1,2013,3,"2013/01/13 00:00:00",QLD1,152333.347919,125438.23582912,0.8234
D,CO2EII,PUBLISHING,1,2013,3,"2013/01/13 00:00:00",SA1,31286.78127299,17108.2924128,0.5468
D,CO2EII,PUBLISHING,1,2013,3,"2013/01/13 00:00:00",TAS1,30391.035943,2093.57691863,0.0689
D,CO2EII,PUBLISHING,1,2013,3,"2013/01/13 00:00:00",VIC1,115239.076673,140717.86660726,1.2211
D,CO2EII,PUBLISHING,1,2013,3,"2013/01/14 00:00:00",NEM,516047.29829915,461272.62054758,0.8939
D,CO2EII,PUBLISHING,1,2013,3,"2013/01/14 00:00:00",NSW1,163515.68635401,151341.5723411,0.9255
D,CO2EII,PUBLISHING,1,2013,3,"2013/01/14 00:00:00",QLD1,157377.82892415,129520.74338228,0.823
D,CO2EII,PUBLISHING,1,2013,3,"2013/01/14 00:00:00",SA1,35809.480904,18841.19707249,0.5262
D,CO2EII,PUBLISHING,1,2013,3,"2013/01/14 00:00:00",TAS1,29885.133122,2319.82992876,0.0776
D,CO2EII,PUBLISHING,1,2013,3,"2013/01/14 00:00:00",VIC1,129459.16899499,159249.27782295,1.2301
D,CO2EII,PUBLISHING,1,2013,3,"2013/01/15 00:00:00",NEM,521362.27549366,474327.72275535,0.9098
D,CO2EII,PUBLISHING,1,2013,3,"2013/01/15 00:00:00",NSW1,168280.34856599,158214.35804224,0.9402
D,CO2EII,PUBLISHING,1,2013,3,"2013/01/15 00:00:00",QLD1,149910.83436267,125653.50793759,0.8382
D,CO2EII,PUBLISHING,1,2013,3,"2013/01/15 00:00:00",SA1,35126.75299801,20883.11891821,0.5945
D,CO2EII,PUBLISHING,1,2013,3,"2013/01/15 00:00:00",TAS1,29163.304725,2075.34393899,0.0712
D,CO2EII,PUBLISHING,1,2013,3,"2013/01/15 00:00:00",VIC1,138881.03484199,167501.39391832,1.2061
D,CO2EII,PUBLISHING,1,2013,3,"2013/01/16 00:00:00",NEM,545617.31186168,499773.93625521,0.916
D,CO2EII,PUBLISHING,1,2013,3,"2013/01/16 00:00:00",NSW1,181375.03933499,169887.98562626,0.9367
D,CO2EII,PUBLISHING,1,2013,3,"2013/01/16 00:00:00",QLD1,153527.06702368,127143.60036051,0.8282
D,CO2EII,PUBLISHING,1,2013,3,"2013/01/16 00:00:00",SA1,37931.077854,24092.09318131,0.6352
D,CO2EII,PUBLISHING,1,2013,3,"2013/01/16 00:00:00",TAS1,29362.366679,2057.64707192,0.0701
D,CO2EII,PUBLISHING,1,2013,3,"2013/01/16 00:00:00",VIC1,143421.76097001,176592.61001521,1.2313
D,CO2EII,PUBLISHING,1,2013,3,"2013/01/17 00:00:00",NEM,596295.99781095,520579.97221097,0.873
D,CO2EII,PUBLISHING,1,2013,3,"2013/01/17 00:00:00",NSW1,201631.36950601,182186.20308986,0.9036
D,CO2EII,PUBLISHING,1,2013,3,"2013/01/17 00:00:00",QLD1,155560.64100794,128915.79642169,0.8287
D,CO2EII,PUBLISHING,1,2013,3,"2013/01/17 00:00:00",SA1,48511.132796,27516.0293005,0.5672
D,CO2EII,PUBLISHING,1,2013,3,"2013/01/17 00:00:00",TAS1,34068.775883,2061.34264187,0.0605
D,CO2EII,PUBLISHING,1,2013,3,"2013/01/17 00:00:00",VIC1,156524.078618,179900.60075705,1.1493
D,CO2EII,PUBLISHING,1,2013,3,"2013/01/18 00:00:00",NEM,598755.53961959,519533.38581092,0.8677
D,CO2EII,PUBLISHING,1,2013,3,"2013/01/18 00:00:00",NSW1,221039.26512839,195000.37471059,0.8822
D,CO2EII,PUBLISHING,1,2013,3,"2013/01/18 00:00:00",QLD1,158451.80142924,129828.67579015,0.8194
D,CO2EII,PUBLISHING,1,2013,3,"2013/01/18 00:00:00",SA1,38471.32486799,18796.49044838,0.4886
D,CO2EII,PUBLISHING,1,2013,3,"2013/01/18 00:00:00",TAS1,33335.73436699,1713.06910525,0.0514
D,CO2EII,PUBLISHING,1,2013,3,"2013/01/18 00:00:00",VIC1,147457.41382698,174194.77575655,1.1813
D,CO2EII,PUBLISHING,1,2013,3,"2013/01/19 00:00:00",NEM,498473.47004302,440178.48015239,0.8831
D,CO2EII,PUBLISHING,1,2013,3,"2013/01/19 00:00:00",NSW1,156992.805569,144219.88338754,0.9186
D,CO2EII,PUBLISHING,1,2013,3,"2013/01/19 00:00:00",QLD1,155510.97001701,124428.23099252,0.8001
D,CO2EII,PUBLISHING,1,2013,3,"2013/01/19 00:00:00",SA1,33503.24318899,16865.11275679,0.5034
D,CO2EII,PUBLISHING,1,2013,3,"2013/01/19 00:00:00",TAS1,28601.828948,2058.07909186,0.072
D,CO2EII,PUBLISHING,1,2013,3,"2013/01/19 00:00:00",VIC1,123864.62232002,152607.17392368,1.232
D,CO2EII,PUBLISHING,1,2013,4,"2013/01/20 00:00:00",NEM,482627.23864468,435561.44873788,0.9025
D,CO2EII,PUBLISHING,1,2013,4,"2013/01/20 00:00:00",NSW1,148968.99344299,137765.96512403,0.9248
D,CO2EII,PUBLISHING,1,2013,4,"2013/01/20 00:00:00",QLD1,148319.3811407,121429.56363742,0.8187
D,CO2EII,PUBLISHING,1,2013,4,"2013/01/20 00:00:00",SA1,29968.318352,17047.25881588,0.5688
D,CO2EII,PUBLISHING,1,2013,4,"2013/01/20 00:00:00",TAS1,27909.676252,1994.72366908,0.0715
D,CO2EII,PUBLISHING,1,2013,4,"2013/01/20 00:00:00",VIC1,127460.86945699,157323.93749147,1.2343
D,CO2EII,PUBLISHING,1,2013,4,"2013/01/21 00:00:00",NEM,551258.14363098,498180.32187608,0.9037
D,CO2EII,PUBLISHING,1,2013,4,"2013/01/21 00:00:00",NSW1,185385.155781,175463.00347483,0.9465
D,CO2EII,PUBLISHING,1,2013,4,"2013/01/21 00:00:00",QLD1,153963.74669297,126834.84759794,0.8238
D,CO2EII,PUBLISHING,1,2013,4,"2013/01/21 00:00:00",SA1,34138.684309,20617.33283147,0.6039
D,CO2EII,PUBLISHING,1,2013,4,"2013/01/21 00:00:00",TAS1,34527.60439601,2163.94632711,0.0627
D,CO2EII,PUBLISHING,1,2013,4,"2013/01/21 00:00:00",VIC1,143242.952452,173101.19164473,1.2084
D,CO2EII,PUBLISHING,1,2013,4,"2013/01/22 00:00:00",NEM,551124.37186956,494123.68931406,0.8966
D,CO2EII,PUBLISHING,1,2013,4,"2013/01/22 00:00:00",NSW1,188667.40384099,171471.5352342,0.9089
D,CO2EII,PUBLISHING,1,2013,4,"2013/01/22 00:00:00",QLD1,153472.65305357,126316.84340191,0.8231
D,CO2EII,PUBLISHING,1,2013,4,"2013/01/22 00:00:00",SA1,34779.741401,21017.76722605,0.6043
D,CO2EII,PUBLISHING,1,2013,4,"2013/01/22 00:00:00",TAS1,32759.65862599,2456.75544237,0.075
D,CO2EII,PUBLISHING,1,2013,4,"2013/01/22 00:00:00",VIC1,141444.91494801,172860.78800953,1.2221
D,CO2EII,PUBLISHING,1,2013,4,"2013/01/23 00:00:00",NEM,536607.80116832,470871.01571486,0.8775
D,CO2EII,PUBLISHING,1,2013,4,"2013/01/23 00:00:00",NSW1,181331.16802099,163952.22606458,0.9042
D,CO2EII,PUBLISHING,1,2013,4,"2013/01/23 00:00:00",QLD1,153456.36029534,126001.20662158,0.8211
D,CO2EII,PUBLISHING,1,2013,4,"2013/01/23 00:00:00",SA1,36685.83399001,21799.49616709,0.5942
D,CO2EII,PUBLISHING,1,2013,4,"2013/01/23 00:00:00",TAS1,34931.73684899,2367.18706455,0.0678
D,CO2EII,PUBLISHING,1,2013,4,"2013/01/23 00:00:00",VIC1,130202.70201299,156750.89979706,1.2039
D,CO2EII,PUBLISHING,1,2013,4,"2013/01/24 00:00:00",NEM,566717.04800931,501373.54584826,0.8847
D,CO2EII,PUBLISHING,1,2013,4,"2013/01/24 00:00:00",NSW1,192236.09292498,181577.25862099,0.9446
D,CO2EII,PUBLISHING,1,2013,4,"2013/01/24 00:00:00",QLD1,151724.34191636,124181.83251116,0.8185
D,CO2EII,PUBLISHING,1,2013,4,"2013/01/24 00:00:00",SA1,40678.02386999,26681.91177502,0.6559
D,CO2EII,PUBLISHING,1,2013,4,"2013/01/24 00:00:00",TAS1,36964.615304,2398.4498609,0.0649
D,CO2EII,PUBLISHING,1,2013,4,"2013/01/24 00:00:00",VIC1,145113.97399398,166534.09308019,1.1476
D,CO2EII,PUBLISHING,1,2013,4,"2013/01/25 00:00:00",NEM,548158.20141366,480597.87521325,0.8768
D,CO2EII,PUBLISHING,1,2013,4,"2013/01/25 00:00:00",NSW1,195448.778455,179961.21083216,0.9208
D,CO2EII,PUBLISHING,1,2013,4,"2013/01/25 00:00:00",QLD1,139999.14689366,112274.51247868,0.802
D,CO2EII,PUBLISHING,1,2013,4,"2013/01/25 00:00:00",SA1,37303.682674,17592.0049551,0.4716
D,CO2EII,PUBLISHING,1,2013,4,"2013/01/25 00:00:00",TAS1,33843.855586,2312.20601098,0.0683
D,CO2EII,PUBLISHING,1,2013,4,"2013/01/25 00:00:00",VIC1,141562.737805,168457.94093633,1.19
D,CO2EII,PUBLISHING,1,2013,4,"2013/01/26 00:00:00",NEM,486276.47204693,439491.74158248,0.9038
D,CO2EII,PUBLISHING,1,2013,4,"2013/01/26 00:00:00",NSW1,164026.630936,152006.23789768,0.9267
D,CO2EII,PUBLISHING,1,2013,4,"2013/01/26 00:00:00",QLD1,134496.99948993,108798.55299827,0.8089
D,CO2EII,PUBLISHING,1,2013,4,"2013/01/26 00:00:00",SA1,27566.258386,15081.72886041,0.5471
D,CO2EII,PUBLISHING,1,2013,4,"2013/01/26 00:00:00",TAS1,28931.47402101,2399.43292803,0.0829
D,CO2EII,PUBLISHING,1,2013,4,"2013/01/26 00:00:00",VIC1,131255.10921399,161205.78889809,1.2282
D,CO2EII,PUBLISHING,1,2013,5,"2013/01/27 00:00:00",NEM,459840.2207499,420076.51340768,0.9135
D,CO2EII,PUBLISHING,1,2013,5,"2013/01/27 00:00:00",NSW1,153668.470271,144472.59877409,0.9402
D,CO2EII,PUBLISHING,1,2013,5,"2013/01/27 00:00:00",QLD1,123455.1733459,96576.6972303,0.7823
D,CO2EII,PUBLISHING,1,2013,5,"2013/01/27 00:00:00",SA1,25660.586132,16392.86754953,0.6388
D,CO2EII,PUBLISHING,1,2013,5,"2013/01/27 00:00:00",TAS1,28710.830965,2397.59893478,0.0835
D,CO2EII,PUBLISHING,1,2013,5,"2013/01/27 00:00:00",VIC1,128345.160036,160236.75091898,1.2485
D,CO2EII,PUBLISHING,1,2013,5,"2013/01/28 00:00:00",NEM,464128.36045971,416351.03283032,0.8971
D,CO2EII,PUBLISHING,1,2013,5,"2013/01/28 00:00:00",NSW1,155704.645706,145397.23713702,0.9338
D,CO2EII,PUBLISHING,1,2013,5,"2013/01/28 00:00:00",QLD1,121937.5439707,95805.77709962,0.7857
D,CO2EII,PUBLISHING,1,2013,5,"2013/01/28 00:00:00",SA1,29766.821529,14683.35210329,0.4933
D,CO2EII,PUBLISHING,1,2013,5,"2013/01/28 00:00:00",TAS1,29606.09916201,2418.09333201,0.0817
D,CO2EII,PUBLISHING,1,2013,5,"2013/01/28 00:00:00",VIC1,127113.250092,158046.57315838,1.2434
D,CO2EII,PUBLISHING,1,2013,5,"2013/01/29 00:00:00",NEM,521034.22451587,462833.90280956,0.8883
D,CO2EII,PUBLISHING,1,2013,5,"2013/01/29 00:00:00",NSW1,175241.26105598,164840.59792841,0.9406
D,CO2EII,PUBLISHING,1,2013,5,"2013/01/29 00:00:00",QLD1,145554.47995588,116595.22805761,0.801
D,CO2EII,PUBLISHING,1,2013,5,"2013/01/29 00:00:00",SA1,32520.741289,18846.72781616,0.5795
D,CO2EII,PUBLISHING,1,2013,5,"2013/01/29 00:00:00",TAS1,34871.073769,2421.26379209,0.0694
D,CO2EII,PUBLISHING,1,2013,5,"2013/01/29 00:00:00",VIC1,132846.66844601,160130.08521529,1.2054
D,CO2EII,PUBLISHING,1,2013,5,"2013/01/30 00:00:00",NEM,531852.9384664,480405.41282417,0.9033
D,CO2EII,PUBLISHING,1,2013,5,"2013/01/30 00:00:00",NSW1,176660.17641301,166279.28148447,0.9412
D,CO2EII,PUBLISHING,1,2013,5,"2013/01/30 00:00:00",QLD1,152355.8760694,125802.42245597,0.8257
D,CO2EII,PUBLISHING,1,2013,5,"2013/01/30 00:00:00",SA1,31723.383461,19967.69473466,0.6294
D,CO2EII,PUBLISHING,1,2013,5,"2013/01/30 00:00:00",TAS1,35495.937484,2421.22514427,0.0682
D,CO2EII,PUBLISHING,1,2013,5,"2013/01/30 00:00:00",VIC1,135617.56503899,165934.7890048,1.2235
D,CO2EII,PUBLISHING,1,2013,5,"2013/01/31 00:00:00",NEM,542612.19128409,486375.43271713,0.8964
D,CO2EII,PUBLISHING,1,2013,5,"2013/01/31 00:00:00",NSW1,190438.742001,175206.07612959,0.92
D,CO2EII,PUBLISHING,1,2013,5,"2013/01/31 00:00:00",QLD1,145805.8752311,121172.77177967,0.8311
D,CO2EII,PUBLISHING,1,2013,5,"2013/01/31 00:00:00",SA1,35026.035648,18570.69244586,0.5302
D,CO2EII,PUBLISHING,1,2013,5,"2013/01/31 00:00:00",TAS1,34818.896335,2419.7908825,0.0695
D,CO2EII,PUBLISHING,1,2013,5,"2013/01/31 00:00:00",VIC1,136522.64206899,169006.10147951,1.2379
D,CO2EII,PUBLISHING,1,2013,5,"2013/02/01 00:00:00",NEM,519120.59065184,457825.17049648,0.8819
D,CO2EII,PUBLISHING,1,2013,5,"2013/02/01 00:00:00",NSW1,169897.758901,156630.94759402,0.9219
D,CO2EII,PUBLISHING,1,2013,5,"2013/02/01 00:00:00",QLD1,149104.10166084,123741.56011353,0.8299
D,CO2EII,PUBLISHING,1,2013,5,"2013/02/01 00:00:00",SA1,35315.634348,16731.39459679,0.4738
D,CO2EII,PUBLISHING,1,2013,5,"2013/02/01 00:00:00",TAS1,32835.397133,2437.98775499,0.0742
D,CO2EII,PUBLISHING,1,2013,5,"2013/02/01 00:00:00",VIC1,131967.698609,158283.28043715,1.1994
D,CO2EII,PUBLISHING,1,2013,5,"2013/02/02 00:00:00",NEM,461206.44227887,419741.17868241,0.9101
D,CO2EII,PUBLISHING,1,2013,5,"2013/02/02 00:00:00",NSW1,138750.26936199,127847.37841108,0.9214
D,CO2EII,PUBLISHING,1,2013,5,"2013/02/02 00:00:00",QLD1,141402.58859487,116352.43144861,0.8228
D,CO2EII,PUBLISHING,1,2013,5,"2013/02/02 00:00:00",SA1,27679.394572,17270.65046687,0.624
D,CO2EII,PUBLISHING,1,2013,5,"2013/02/02 00:00:00",TAS1,30005.872758,2387.7377168,0.0796
D,CO2EII,PUBLISHING,1,2013,5,"2013/02/02 00:00:00",VIC1,123368.31699201,155882.98063905,1.2636
D,CO2EII,PUBLISHING,1,2013,6,"2013/02/03 00:00:00",NEM,451176.49922938,411162.75794227,0.9113
D,CO2EII,PUBLISHING,1,2013,6,"2013/02/03 00:00:00",NSW1,132275.92033001,122270.91260449,0.9244
D,CO2EII,PUBLISHING,1,2013,6,"2013/02/03 00:00:00",QLD1,139466.51333234,114599.98902935,0.8217
D,CO2EII,PUBLISHING,1,2013,6,"2013/02/03 00:00:00",SA1,26593.078892,16760.16914216,0.6302
D,CO2EII,PUBLISHING,1,2013,6,"2013/02/03 00:00:00",TAS1,30305.22374901,2429.87101642,0.0802
D,CO2EII,PUBLISHING,1,2013,6,"2013/02/03 00:00:00",VIC1,122535.76292602,155101.81614985,1.2658
D,CO2EII,PUBLISHING,1,2013,6,"2013/02/04 00:00:00",NEM,513571.42641118,461495.16557446,0.8986
D,CO2EII,PUBLISHING,1,2013,6,"2013/02/04 00:00:00",NSW1,163277.86884296,153999.43079409,0.9432
D,CO2EII,PUBLISHING,1,2013,6,"2013/02/04 00:00:00",QLD1,149327.38814223,123044.0552075,0.824
D,CO2EII,PUBLISHING,1,2013,6,"2013/02/04 00:00:00",SA1,32477.90587099,20232.62353883,0.623
D,CO2EII,PUBLISHING,1,2013,6,"2013/02/04 00:00:00",TAS1,35411.625205,2429.24364914,0.0686
D,CO2EII,PUBLISHING,1,2013,6,"2013/02/04 00:00:00",VIC1,133076.63835,161789.8123849,1.2158
D,CO2EII,PUBLISHING,1,2013,6,"2013/02/05 00:00:00",NEM,527790.11609206,471853.02378268,0.894
D,CO2EII,PUBLISHING,1,2013,6,"2013/02/05 00:00:00",NSW1,174006.64012161,165551.59082327,0.9514
D,CO2EII,PUBLISHING,1,2013,6,"2013/02/05 00:00:00",QLD1,150029.62907547,123513.30248765,0.8233
D,CO2EII,PUBLISHING,1,2013,6,"2013/02/05 00:00:00",SA1,35417.65726399,22878.79196559,0.646
D,CO2EII,PUBLISHING,1,2013,6,"2013/02/05 00:00:00",TAS1,37206.79151299,2361.55587613,0.0635
D,CO2EII,PUBLISHING,1,2013,6,"2013/02/05 00:00:00",VIC1,131129.398118,157547.78263004,1.2015
D,CO2EII,PUBLISHING,1,2013,6,"2013/02/06 00:00:00",NEM,547994.72900111,471389.76593457,0.8602
D,CO2EII,PUBLISHING,1,2013,6,"2013/02/06 00:00:00",NSW1,173080.63950298,160860.13956236,0.9294
D,CO2EII,PUBLISHING,1,2013,6,"2013/02/06 00:00:00",QLD1,149764.07384114,122368.90622947,0.8171
D,CO2EII,PUBLISHING,1,2013,6,"2013/02/06 00:00:00",SA1,41510.861544,24727.80454072,0.5957
D,CO2EII,PUBLISHING,1,2013,6,"2013/02/06 00:00:00",TAS1,36724.156199,2049.51127048,0.0558
D,CO2EII,PUBLISHING,1,2013,6,"2013/02/06 00:00:00",VIC1,146914.99791399,161383.40433154,1.0985
D,CO2EII,PUBLISHING,1,2013,6,"2013/02/07 00:00:00",NEM,543436.8436498,477099.78087744,0.8779
D,CO2EII,PUBLISHING,1,2013,6,"2013/02/07 00:00:00",NSW1,174049.835386,160831.90963804,0.9241
D,CO2EII,PUBLISHING,1,2013,6,"2013/02/07 00:00:00",QLD1,150177.09779479,123048.29654413,0.8194
D,CO2EII,PUBLISHING,1,2013,6,"2013/02/07 00:00:00",SA1,34620.444891,21305.71913387,0.6154
D,CO2EII,PUBLISHING,1,2013,6,"2013/02/07 00:00:00",TAS1,34435.498841,2044.61753249,0.0594
D,CO2EII,PUBLISHING,1,2013,6,"2013/02/07 00:00:00",VIC1,150153.96673701,169869.23802891,1.1313
D,CO2EII,PUBLISHING,1,2013,6,"2013/02/08 00:00:00",NEM,546997.06546299,483706.94783196,0.8843
D,CO2EII,PUBLISHING,1,2013,6,"2013/02/08 00:00:00",NSW1,181336.518565,171380.98100032,0.9451
D,CO2EII,PUBLISHING,1,2013,6,"2013/02/08 00:00:00",QLD1,154506.87911298,126404.69704428,0.8181
D,CO2EII,PUBLISHING,1,2013,6,"2013/02/08 00:00:00",SA1,31918.670256,20406.6199363,0.6393
D,CO2EII,PUBLISHING,1,2013,6,"2013/02/08 00:00:00",TAS1,33970.02859501,2084.81207568,0.0614
D,CO2EII,PUBLISHING,1,2013,6,"2013/02/08 00:00:00",VIC1,145264.968934,163429.83777538,1.125
D,CO2EII,PUBLISHING,1,2013,6,"2013/02/09 00:00:00",NEM,498660.28414604,449486.35927254,0.9014
D,CO2EII,PUBLISHING,1,2013,6,"2013/02/09 00:00:00",NSW1,164087.767877,153511.06360214,0.9355
D,CO2EII,PUBLISHING,1,2013,6,"2013/02/09 00:00:00",QLD1,146162.32863703,120385.43915464,0.8236
D,CO2EII,PUBLISHING,1,2013,6,"2013/02/09 00:00:00",SA1,30632.625487,18156.68125385,0.5927
D,CO2EII,PUBLISHING,1,2013,6,"2013/02/09 00:00:00",TAS1,29484.068533,2069.04421211,0.0702
D,CO2EII,PUBLISHING,1,2013,6,"2013/02/09 00:00:00",VIC1,128293.49361201,155364.1310498,1.211
D,CO2EII,PUBLISHING,1,2013,7,"2013/02/10 00:00:00",NEM,476818.30907073,431642.27225094,0.9053
D,CO2EII,PUBLISHING,1,2013,7,"2013/02/10 00:00:00",NSW1,154155.387807,143523.41274776,0.931
D,CO2EII,PUBLISHING,1,2013,7,"2013/02/10 00:00:00",QLD1,140452.12863573,116305.19876366,0.8281
D,CO2EII,PUBLISHING,1,2013,7,"2013/02/10 00:00:00",SA1,31017.33124,16052.2430715,0.5175
D,CO2EII,PUBLISHING,1,2013,7,"2013/02/10 00:00:00",TAS1,22942.67769101,2080.10022423,0.0907
D,CO2EII,PUBLISHING,1,2013,7,"2013/02/10 00:00:00",VIC1,128250.78369699,153681.31744379,1.1983
D,CO2EII,PUBLISHING,1,2013,7,"2013/02/11 00:00:00",NEM,520750.87190914,455288.96452887,0.8743
D,CO2EII,PUBLISHING,1,2013,7,"2013/02/11 00:00:00",NSW1,162490.43979201,143660.41067573,0.8841
D,CO2EII,PUBLISHING,1,2013,7,"2013/02/11 00:00:00",QLD1,152289.78320813,127428.46629362,0.8367
D,CO2EII,PUBLISHING,1,2013,7,"2013/02/11 00:00:00",SA1,36215.657826,17824.17014333,0.4922
D,CO2EII,PUBLISHING,1,2013,7,"2013/02/11 00:00:00",TAS1,28681.243483,1883.96451177,0.0657
D,CO2EII,PUBLISHING,1,2013,7,"2013/02/11 00:00:00",VIC1,141073.7476,164491.95290442,1.166
D,CO2EII,PUBLISHING,1,2013,7,"2013/02/12 00:00:00",NEM,526063.25252521,453586.6808238,0.8622
D,CO2EII,PUBLISHING,1,2013,7,"2013/02/12 00:00:00",NSW1,157534.441835,138644.30865433,0.8801
D,CO2EII,PUBLISHING,1,2013,7,"2013/02/12 00:00:00",QLD1,152741.43717819,124951.94439012,0.8181
D,CO2EII,PUBLISHING,1,2013,7,"2013/02/12 00:00:00",SA1,37153.20822201,19483.78881405,0.5244
D,CO2EII,PUBLISHING,1,2013,7,"2013/02/12 00:00:00",TAS1,33700.90689201,1907.25832252,0.0566
D,CO2EII,PUBLISHING,1,2013,7,"2013/02/12 00:00:00",VIC1,144933.258398,168599.38064278,1.1633
D,CO2EII,PUBLISHING,1,2013,7,"2013/02/13 00:00:00",NEM,529223.47128823,462062.60036454,0.8731
D,CO2EII,PUBLISHING,1,2013,7,"2013/02/13 00:00:00",NSW1,160747.84481299,146215.78094287,0.9096
D,CO2EII,PUBLISHING,1,2013,7,"2013/02/13 00:00:00",QLD1,148185.09662327,122461.29179092,0.8264
D,CO2EII,PUBLISHING,1,2013,7,"2013/02/13 00:00:00",SA1,38189.11673299,21914.34425716,0.5738
D,CO2EII,PUBLISHING,1,2013,7,"2013/02/13 00:00:00",TAS1,34134.344883,1874.58987591,0.0549
D,CO2EII,PUBLISHING,1,2013,7,"2013/02/13 00:00:00",VIC1,147967.06823598,169596.59349768,1.1462
D,CO2EII,PUBLISHING,1,2013,7,"2013/02/14 00:00:00",NEM,542426.65876499,469845.87593881,0.8662
D,CO2EII,PUBLISHING,1,2013,7,"2013/02/14 00:00:00",NSW1,166215.95797201,154344.35570182,0.9286
D,CO2EII,PUBLISHING,1,2013,7,"2013/02/14 00:00:00",QLD1,151780.10547099,123650.22687503,0.8147
D,CO2EII,PUBLISHING,1,2013,7,"2013/02/14 00:00:00",SA1,40244.140473,24335.75599985,0.6047
D,CO2EII,PUBLISHING,1,2013,7,"2013/02/14 00:00:00",TAS1,34782.79440899,1908.46146193,0.0549
D,CO2EII,PUBLISHING,1,2013,7,"2013/02/14 00:00:00",VIC1,149403.66044,165607.07590018,1.1085
D,CO2EII,PUBLISHING,1,2013,7,"2013/02/15 00:00:00",NEM,547071.52080558,453263.68018739,0.8285
D,CO2EII,PUBLISHING,1,2013,7,"2013/02/15 00:00:00",NSW1,179544.313371,158051.8615848,0.8803
D,CO2EII,PUBLISHING,1,2013,7,"2013/02/15 00:00:00",QLD1,151201.33364058,123607.85392464,0.8175
D,CO2EII,PUBLISHING,1,2013,7,"2013/02/15 00:00:00",SA1,45188.060698,29499.20648442,0.6528
D,CO2EII,PUBLISHING,1,2013,7,"2013/02/15 00:00:00",TAS1,36183.803927,1889.26769722,0.0522
D,CO2EII,PUBLISHING,1,2013,7,"2013/02/15 00:00:00",VIC1,134954.009169,140215.49049631,1.039
D,CO2EII,PUBLISHING,1,2013,7,"2013/02/16 00:00:00",NEM,505454.6865586,449881.66980721,0.8901
D,CO2EII,PUBLISHING,1,2013,7,"2013/02/16 00:00:00",NSW1,157474.66628099,148233.21631397,0.9413
D,CO2EII,PUBLISHING,1,2013,7,"2013/02/16 00:00:00",QLD1,140914.92175363,114804.41522184,0.8147
D,CO2EII,PUBLISHING,1,2013,7,"2013/02/16 00:00:00",SA1,40349.29641,26926.69628705,0.6673
D,CO2EII,PUBLISHING,1,2013,7,"2013/02/16 00:00:00",TAS1,33449.85984899,1902.67106636,0.0569
D,CO2EII,PUBLISHING,1,2013,7,"2013/02/16 00:00:00",VIC1,133265.94226499,158014.67091799,1.1857
D,CO2EII,PUBLISHING,1,2013,8,"2013/02/17 00:00:00",NEM,501522.97279106,443877.79350768,0.8851
D,CO2EII,PUBLISHING,1,2013,8,"2013/02/17 00:00:00",NSW1,153133.963891,144968.97519038,0.9467
D,CO2EII,PUBLISHING,1,2013,8,"2013/02/17 00:00:00",QLD1,137359.13907195,111294.19484677,0.8102
D,CO2EII,PUBLISHING,1,2013,8,"2013/02/17 00:00:00",SA1,41684.58563011,27398.82378242,0.6573
D,CO2EII,PUBLISHING,1,2013,8,"2013/02/17 00:00:00",TAS1,36218.331667,1983.75619417,0.0548
D,CO2EII,PUBLISHING,1,2013,8,"2013/02/17 00:00:00",VIC1,133126.952531,158232.04349394,1.1886
D,CO2EII,PUBLISHING,1,2013,8,"2013/02/18 00:00:00",NEM,568851.52839726,483511.31901237,0.85
D,CO2EII,PUBLISHING,1,2013,8,"2013/02/18 00:00:00",NSW1,184281.62641099,167891.07394349,0.9111
D,CO2EII,PUBLISHING,1,2013,8,"2013/02/18 00:00:00",QLD1,141075.24562527,115575.33910188,0.8192
D,CO2EII,PUBLISHING,1,2013,8,"2013/02/18 00:00:00",SA1,52289.59384801,31229.39742723,0.5972
D,CO2EII,PUBLISHING,1,2013,8,"2013/02/18 00:00:00",TAS1,35938.767593,2115.40135018,0.0589
D,CO2EII,PUBLISHING,1,2013,8,"2013/02/18 00:00:00",VIC1,155266.29491999,166700.10718959,1.0736
D,CO2EII,PUBLISHING,1,2013,8,"2013/02/19 00:00:00",NEM,541178.65176936,472142.29048225,0.8724
D,CO2EII,PUBLISHING,1,2013,8,"2013/02/19 00:00:00",NSW1,180768.28318901,167632.76057317,0.9273
D,CO2EII,PUBLISHING,1,2013,8,"2013/02/19 00:00:00",QLD1,143544.25853733,120392.57217375,0.8387
D,CO2EII,PUBLISHING,1,2013,8,"2013/02/19 00:00:00",SA1,37476.827755,19829.17949878,0.5291
D,CO2EII,PUBLISHING,1,2013,8,"2013/02/19 00:00:00",TAS1,34326.729886,2044.22688136,0.0596
D,CO2EII,PUBLISHING,1,2013,8,"2013/02/19 00:00:00",VIC1,145062.55240202,162243.55135519,1.1184
D,CO2EII,PUBLISHING,1,2013,8,"2013/02/20 00:00:00",NEM,531336.08546903,467067.01235017,0.879
D,CO2EII,PUBLISHING,1,2013,8,"2013/02/20 00:00:00",NSW1,184980.95293801,173557.71622969,0.9382
D,CO2EII,PUBLISHING,1,2013,8,"2013/02/20 00:00:00",QLD1,138178.60377203,115240.71799152,0.834
D,CO2EII,PUBLISHING,1,2013,8,"2013/02/20 00:00:00",SA1,36380.51591299,18350.04578005,0.5044
D,CO2EII,PUBLISHING,1,2013,8,"2013/02/20 00:00:00",TAS1,32341.748639,2085.02773825,0.0645
D,CO2EII,PUBLISHING,1,2013,8,"2013/02/20 00:00:00",VIC1,139454.264207,157833.50461066,1.1318
D,CO2EII,PUBLISHING,1,2013,8,"2013/02/21 00:00:00",NEM,541462.07078055,477468.32466866,0.8818
D,CO2EII,PUBLISHING,1,2013,8,"2013/02/21 00:00:00",NSW1,184536.509604,172947.80727151,0.9372
D,CO2EII,PUBLISHING,1,2013,8,"2013/02/21 00:00:00",QLD1,142809.55750456,118407.47663111,0.8291
D,CO2EII,PUBLISHING,1,2013,8,"2013/02/21 00:00:00",SA1,39059.915181,22493.10132152,0.5759
D,CO2EII,PUBLISHING,1,2013,8,"2013/02/21 00:00:00",TAS1,32182.49502199,2086.80578188,0.0648
D,CO2EII,PUBLISHING,1,2013,8,"2013/02/21 00:00:00",VIC1,142873.593469,161533.13366264,1.1306
D,CO2EII,PUBLISHING,1,2013,8,"2013/02/22 00:00:00",NEM,545299.43688769,481851.62306898,0.8836
D,CO2EII,PUBLISHING,1,2013,8,"2013/02/22 00:00:00",NSW1,184655.28226301,172027.93084692,0.9316
D,CO2EII,PUBLISHING,1,2013,8,"2013/02/22 00:00:00",QLD1,143281.02789767,117667.23890174,0.8212
D,CO2EII,PUBLISHING,1,2013,8,"2013/02/22 00:00:00",SA1,39897.03670599,24717.86870435,0.6195
D,CO2EII,PUBLISHING,1,2013,8,"2013/02/22 00:00:00",TAS1,34057.531063,2077.04128656,0.061
D,CO2EII,PUBLISHING,1,2013,8,"2013/02/22 00:00:00",VIC1,143408.55895802,165361.54332941,1.1531
D,CO2EII,PUBLISHING,1,2013,8,"2013/02/23 00:00:00",NEM,510788.18365141,454214.43770182,0.8892
D,CO2EII,PUBLISHING,1,2013,8,"2013/02/23 00:00:00",NSW1,170040.992087,157867.44991533,0.9284
D,CO2EII,PUBLISHING,1,2013,8,"2013/02/23 00:00:00",QLD1,137168.20221541,112434.95779729,0.8197
D,CO2EII,PUBLISHING,1,2013,8,"2013/02/23 00:00:00",SA1,39082.35950799,24725.90888334,0.6327
D,CO2EII,PUBLISHING,1,2013,8,"2013/02/23 00:00:00",TAS1,33157.97543901,2079.6400957,0.0627
D,CO2EII,PUBLISHING,1,2013,8,"2013/02/23 00:00:00",VIC1,131338.654402,157106.48101016,1.1962
D,CO2EII,PUBLISHING,1,2013,9,"2013/02/24 00:00:00",NEM,516177.03366319,459276.51696536,0.8898
D,CO2EII,PUBLISHING,1,2013,9,"2013/02/24 00:00:00",NSW1,177951.59805401,167855.66939076,0.9433
D,CO2EII,PUBLISHING,1,2013,9,"2013/02/24 00:00:00",QLD1,135130.27609119,112956.10404452,0.8359
D,CO2EII,PUBLISHING,1,2013,9,"2013/02/24 00:00:00",SA1,41461.404124,24833.1169863,0.5989
D,CO2EII,PUBLISHING,1,2013,9,"2013/02/24 00:00:00",TAS1,34748.940713,2017.73314427,0.0581
D,CO2EII,PUBLISHING,1,2013,9,"2013/02/24 00:00:00",VIC1,126884.81468099,151613.89339951,1.1949
D,CO2EII,PUBLISHING,1,2013,9,"2013/02/25 00:00:00",NEM,575320.07397269,504363.68272709,0.8767
D,CO2EII,PUBLISHING,1,2013,9,"2013/02/25 00:00:00",NSW1,202732.44246799,188265.01429615,0.9286
D,CO2EII,PUBLISHING,1,2013,9,"2013/02/25 00:00:00",QLD1,144809.59803869,120510.09391871,0.8322
D,CO2EII,PUBLISHING,1,2013,9,"2013/02/25 00:00:00",SA1,36958.916835,23158.92231593,0.6266
D,CO2EII,PUBLISHING,1,2013,9,"2013/02/25 00:00:00",TAS1,34499.681798,2008.14740461,0.0582
D,CO2EII,PUBLISHING,1,2013,9,"2013/02/25 00:00:00",VIC1,156319.43483301,170421.50479169,1.0902
D,CO2EII,PUBLISHING,1,2013,9,"2013/02/26 00:00:00",NEM,551281.26540832,486983.58025986,0.8834
D,CO2EII,PUBLISHING,1,2013,9,"2013/02/26 00:00:00",NSW1,189320.087143,176870.51504879,0.9342
D,CO2EII,PUBLISHING,1,2013,9,"2013/02/26 00:00:00",QLD1,143359.09552233,118867.45594393,0.8292
D,CO2EII,PUBLISHING,1,2013,9,"2013/02/26 00:00:00",SA1,34360.941159,20383.97194816,0.5932
D,CO2EII,PUBLISHING,1,2013,9,"2013/02/26 00:00:00",TAS1,31680.96189499,2110.93336931,0.0666
D,CO2EII,PUBLISHING,1,2013,9,"2013/02/26 00:00:00",VIC1,152560.179689,168750.70394967,1.1061
D,CO2EII,PUBLISHING,1,2013,9,"2013/02/27 00:00:00",NEM,543131.68101379,471317.92211186,0.8678
D,CO2EII,PUBLISHING,1,2013,9,"2013/02/27 00:00:00",NSW1,191910.81290501,176152.94149018,0.9179
D,CO2EII,PUBLISHING,1,2013,9,"2013/02/27 00:00:00",QLD1,142132.36727378,117251.35996138,0.8249
D,CO2EII,PUBLISHING,1,2013,9,"2013/02/27 00:00:00",SA1,32685.187101,17424.93296563,0.5331
D,CO2EII,PUBLISHING,1,2013,9,"2013/02/27 00:00:00",TAS1,32238.70814999,2062.56009118,0.064
D,CO2EII,PUBLISHING,1,2013,9,"2013/02/27 00:00:00",VIC1,144164.60558401,158426.12760349,1.0989
D,CO2EII,PUBLISHING,1,2013,9,"2013/02/28 00:00:00",NEM,517608.03191989,442495.93803838,0.8549
D,CO2EII,PUBLISHING,1,2013,9,"2013/02/28 00:00:00",NSW1,178265.817506,164063.21588877,0.9203
D,CO2EII,PUBLISHING,1,2013,9,"2013/02/28 00:00:00",QLD1,142914.2669449,115681.42064632,0.8094
D,CO2EII,PUBLISHING,1,2013,9,"2013/02/28 00:00:00",SA1,39172.655216,14993.17084779,0.3827
D,CO2EII,PUBLISHING,1,2013,9,"2013/02/28 00:00:00",TAS1,31845.167744,2087.06594014,0.0655
D,CO2EII,PUBLISHING,1,2013,9,"2013/02/28 00:00:00",VIC1,125410.12450899,145671.06471536,1.1616
D,CO2EII,PUBLISHING,1,2013,9,"2013/03/01 00:00:00",NEM,505365.59487601,427735.3139957,0.8464
D,CO2EII,PUBLISHING,1,2013,9,"2013/03/01 00:00:00",NSW1,168853.57978601,152416.43173785,0.9027
D,CO2EII,PUBLISHING,1,2013,9,"2013/03/01 00:00:00",QLD1,142215.807689,115279.12014717,0.8106
D,CO2EII,PUBLISHING,1,2013,9,"2013/03/01 00:00:00",SA1,37190.102364,12147.5886641,0.3266
D,CO2EII,PUBLISHING,1,2013,9,"2013/03/01 00:00:00",TAS1,31078.474932,2088.69987402,0.0672
D,CO2EII,PUBLISHING,1,2013,9,"2013/03/01 00:00:00",VIC1,126027.630105,145803.47357256,1.1569
D,CO2EII,PUBLISHING,1,2013,9,"2013/03/02 00:00:00",NEM,465955.72197232,397746.62585913,0.8536
D,CO2EII,PUBLISHING,1,2013,9,"2013/03/02 00:00:00",NSW1,145769.809663,131335.90752752,0.901
D,CO2EII,PUBLISHING,1,2013,9,"2013/03/02 00:00:00",QLD1,132962.76997335,109595.12024805,0.8243
D,CO2EII,PUBLISHING,1,2013,9,"2013/03/02 00:00:00",SA1,35518.689687,13286.39613885,0.3741
D,CO2EII,PUBLISHING,1,2013,9,"2013/03/02 00:00:00",TAS1,28285.691207,2081.52239426,0.0736
D,CO2EII,PUBLISHING,1,2013,9,"2013/03/02 00:00:00",VIC1,123418.76144197,141447.67955045,1.1461
D,CO2EII,PUBLISHING,1,2013,10,"2013/03/03 00:00:00",NEM,459959.12940149,411339.58923271,0.8943
D,CO2EII,PUBLISHING,1,2013,10,"2013/03/03 00:00:00",NSW1,140179.55343398,128018.15383956,0.9132
D,CO2EII,PUBLISHING,1,2013,10,"2013/03/03 00:00:00",QLD1,133883.16744053,109991.69240372,0.8215
D,CO2EII,PUBLISHING,1,2013,10,"2013/03/03 00:00:00",SA1,36875.184535,15792.25314546,0.4283
D,CO2EII,PUBLISHING,1,2013,10,"2013/03/03 00:00:00",TAS1,24909.112917,1912.48289482,0.0768
D,CO2EII,PUBLISHING,1,2013,10,"2013/03/03 00:00:00",VIC1,124112.11107498,155625.00694915,1.2539
D,CO2EII,PUBLISHING,1,2013,10,"2013/03/04 00:00:00",NEM,531823.77960847,467433.18467396,0.8789
D,CO2EII,PUBLISHING,1,2013,10,"2013/03/04 00:00:00",NSW1,170926.27959399,154131.32795945,0.9017
D,CO2EII,PUBLISHING,1,2013,10,"2013/03/04 00:00:00",QLD1,139608.67225747,114974.10899761,0.8235
D,CO2EII,PUBLISHING,1,2013,10,"2013/03/04 00:00:00",SA1,40151.424271,21664.20583377,0.5396
D,CO2EII,PUBLISHING,1,2013,10,"2013/03/04 00:00:00",TAS1,29551.115331,2046.99271673,0.0693
D,CO2EII,PUBLISHING,1,2013,10,"2013/03/04 00:00:00",VIC1,151586.28815501,174616.5491664,1.1519
D,CO2EII,PUBLISHING,1,2013,10,"2013/03/05 00:00:00",NEM,546194.20488896,472592.4337438,0.8652
D,CO2EII,PUBLISHING,1,2013,10,"2013/03/05 00:00:00",NSW1,185988.126981,168695.66644386,0.907
D,CO2EII,PUBLISHING,1,2013,10,"2013/03/05 00:00:00",QLD1,140826.18099296,114749.91438733,0.8148
D,CO2EII,PUBLISHING,1,2013,10,"2013/03/05 00:00:00",SA1,41036.358465,26394.49318522,0.6432
D,CO2EII,PUBLISHING,1,2013,10,"2013/03/05 00:00:00",TAS1,31260.833468,2199.16726521,0.0703
D,CO2EII,PUBLISHING,1,2013,10,"2013/03/05 00:00:00",VIC1,147082.704982,160553.19246218,1.0916
D,CO2EII,PUBLISHING,1,2013,10,"2013/03/06 00:00:00",NEM,553134.66439974,487915.04252196,0.8821
D,CO2EII,PUBLISHING,1,2013,10,"2013/03/06 00:00:00",NSW1,182994.051062,169827.1421056,0.928
D,CO2EII,PUBLISHING,1,2013,10,"2013/03/06 00:00:00",QLD1,143428.03379274,117247.19590103,0.8175
D,CO2EII,PUBLISHING,1,2013,10,"2013/03/06 00:00:00",SA1,44353.902122,28702.7094309,0.6471
D,CO2EII,PUBLISHING,1,2013,10,"2013/03/06 00:00:00",TAS1,32463.009036,2219.77213755,0.0684
D,CO2EII,PUBLISHING,1,2013,10,"2013/03/06 00:00:00",VIC1,149895.668387,169918.22294688,1.1336
D,CO2EII,PUBLISHING,1,2013,10,"2013/03/07 00:00:00",NEM,566185.85932504,492447.0151689,0.8698
D,CO2EII,PUBLISHING,1,2013,10,"2013/03/07 00:00:00",NSW1,192765.527164,173356.23328035,0.8993
D,CO2EII,PUBLISHING,1,2013,10,"2013/03/07 00:00:00",QLD1,143933.37003602,117433.80989544,0.8159
D,CO2EII,PUBLISHING,1,2013,10,"2013/03/07 00:00:00",SA1,46229.578287,30375.62493929,0.6571
D,CO2EII,PUBLISHING,1,2013,10,"2013/03/07 00:00:00",TAS1,33256.275365,2267.37119479,0.0682
D,CO2EII,PUBLISHING,1,2013,10,"2013/03/07 00:00:00",VIC1,150001.10847302,169013.97585903,1.1268
D,CO2EII,PUBLISHING,1,2013,10,"2013/03/08 00:00:00",NEM,562186.35157438,488551.37081733,0.869
D,CO2EII,PUBLISHING,1,2013,10,"2013/03/08 00:00:00",NSW1,189114.667224,169624.74956481,0.8969
D,CO2EII,PUBLISHING,1,2013,10,"2013/03/08 00:00:00",QLD1,139997.2369664,115160.79104511,0.8226
D,CO2EII,PUBLISHING,1,2013,10,"2013/03/08 00:00:00",SA1,46014.851268,31548.0741737,0.6856
D,CO2EII,PUBLISHING,1,2013,10,"2013/03/08 00:00:00",TAS1,35179.779152,2071.30467559,0.0589
D,CO2EII,PUBLISHING,1,2013,10,"2013/03/08 00:00:00",VIC1,151879.81696398,170146.45135812,1.1203
D,CO2EII,PUBLISHING,1,2013,10,"2013/03/09 00:00:00",NEM,512232.4862622,465431.85222798,0.9086
D,CO2EII,PUBLISHING,1,2013,10,"2013/03/09 00:00:00",NSW1,168983.41207401,161557.18885848,0.9561
D,CO2EII,PUBLISHING,1,2013,10,"2013/03/09 00:00:00",QLD1,131608.0792859,108707.33261345,0.826
D,CO2EII,PUBLISHING,1,2013,10,"2013/03/09 00:00:00",SA1,40301.12107128,28474.81186841,0.7066
D,CO2EII,PUBLISHING,1,2013,10,"2013/03/09 00:00:00",TAS1,32800.086842,2020.92431127,0.0616
D,CO2EII,PUBLISHING,1,2013,10,"2013/03/09 00:00:00",VIC1,138539.78698901,164671.59457637,1.1886
D,CO2EII,PUBLISHING,1,2013,11,"2013/03/10 00:00:00",NEM,496124.13255169,456785.23432618,0.9207
D,CO2EII,PUBLISHING,1,2013,11,"2013/03/10 00:00:00",NSW1,170983.387919,162602.64502481,0.951
D,CO2EII,PUBLISHING,1,2013,11,"2013/03/10 00:00:00",QLD1,121928.3347367,101658.90749733,0.8338
D,CO2EII,PUBLISHING,1,2013,11,"2013/03/10 00:00:00",SA1,39094.093509,27399.05793894,0.7008
D,CO2EII,PUBLISHING,1,2013,11,"2013/03/10 00:00:00",TAS1,30954.56078599,2240.84953933,0.0724
D,CO2EII,PUBLISHING,1,2013,11,"2013/03/10 00:00:00",VIC1,133163.755601,162883.77432577,1.2232
D,CO2EII,PUBLISHING,1,2013,11,"2013/03/11 00:00:00",NEM,546071.0315699,489850.13206893,0.897
D,CO2EII,PUBLISHING,1,2013,11,"2013/03/11 00:00:00",NSW1,191418.92608399,176922.06645344,0.9243
D,CO2EII,PUBLISHING,1,2013,11,"2013/03/11 00:00:00",QLD1,138200.6024129,116283.99486572,0.8414
D,CO2EII,PUBLISHING,1,2013,11,"2013/03/11 00:00:00",SA1,43344.24798101,30709.53023753,0.7085
D,CO2EII,PUBLISHING,1,2013,11,"2013/03/11 00:00:00",TAS1,35146.77046699,2101.14616429,0.0598
D,CO2EII,PUBLISHING,1,2013,11,"2013/03/11 00:00:00",VIC1,137960.48462501,163833.39434795,1.1875
D,CO2EII,PUBLISHING,1,2013,11,"2013/03/12 00:00:00",NEM,577381.08426384,491672.75977261,0.8516
D,CO2EII,PUBLISHING,1,2013,11,"2013/03/12 00:00:00",NSW1,186667.26446699,169723.12802488,0.9092
D,CO2EII,PUBLISHING,1,2013,11,"2013/03/12 00:00:00",QLD1,135266.76368383,113344.54351681,0.8379
D,CO2EII,PUBLISHING,1,2013,11,"2013/03/12 00:00:00",SA1,53700.03545,31018.44799006,0.5776
D,CO2EII,PUBLISHING,1,2013,11,"2013/03/12 00:00:00",TAS1,36238.485276,1926.475188,0.0532
D,CO2EII,PUBLISHING,1,2013,11,"2013/03/12 00:00:00",VIC1,165508.53538702,175660.16505286,1.0613
D,CO2EII,PUBLISHING,1,2013,11,"2013/03/13 00:00:00",NEM,533489.75404102,469265.93483328,0.8796
D,CO2EII,PUBLISHING,1,2013,11,"2013/03/13 00:00:00",NSW1,178326.461434,165284.5737015,0.9269
D,CO2EII,PUBLISHING,1,2013,11,"2013/03/13 00:00:00",QLD1,134694.04239101,112749.27251132,0.8371
D,CO2EII,PUBLISHING,1,2013,11,"2013/03/13 00:00:00",SA1,39775.06824401,18826.10291452,0.4733
D,CO2EII,PUBLISHING,1,2013,11,"2013/03/13 00:00:00",TAS1,31449.233589,2033.99919416,0.0647
D,CO2EII,PUBLISHING,1,2013,11,"2013/03/13 00:00:00",VIC1,149244.948383,170371.98651178,1.1416
D,CO2EII,PUBLISHING,1,2013,11,"2013/03/14 00:00:00",NEM,517796.28741235,470049.21198228,0.9078
D,CO2EII,PUBLISHING,1,2013,11,"2013/03/14 00:00:00",NSW1,181318.558923,164620.10391219,0.9079
D,CO2EII,PUBLISHING,1,2013,11,"2013/03/14 00:00:00",QLD1,133660.04727734,112984.92762689,0.8453
D,CO2EII,PUBLISHING,1,2013,11,"2013/03/14 00:00:00",SA1,32482.956624,19898.21685282,0.6126
D,CO2EII,PUBLISHING,1,2013,11,"2013/03/14 00:00:00",TAS1,26567.276404,2290.93968197,0.0862
D,CO2EII,PUBLISHING,1,2013,11,"2013/03/14 00:00:00",VIC1,143767.44818401,170255.02390841,1.1842
D,CO2EII,PUBLISHING,1,2013,11,"2013/03/15 00:00:00",NEM,514130.9297429,477941.36099191,0.9296
D,CO2EII,PUBLISHING,1,2013,11,"2013/03/15 00:00:00",NSW1,173562.71777401,165132.52130705,0.9514
D,CO2EII,PUBLISHING,1,2013,11,"2013/03/15 00:00:00",QLD1,137681.05483689,115094.95331953,0.836
D,CO2EII,PUBLISHING,1,2013,11,"2013/03/15 00:00:00",SA1,30972.053417,20024.87420065,0.6465
D,CO2EII,PUBLISHING,1,2013,11,"2013/03/15 00:00:00",TAS1,26636.66844299,2349.10948243,0.0882
D,CO2EII,PUBLISHING,1,2013,11,"2013/03/15 00:00:00",VIC1,145278.43527201,175339.90268225,1.2069
D,CO2EII,PUBLISHING,1,2013,11,"2013/03/16 00:00:00",NEM,474377.6671429,440530.86072124,0.9287
D,CO2EII,PUBLISHING,1,2013,11,"2013/03/16 00:00:00",NSW1,162034.776733,152506.86703855,0.9412
D,CO2EII,PUBLISHING,1,2013,11,"2013/03/16 00:00:00",QLD1,130397.40526291,109381.91329866,0.8388
D,CO2EII,PUBLISHING,1,2013,11,"2013/03/16 00:00:00",SA1,32954.210857,15588.31300743,0.473
D,CO2EII,PUBLISHING,1,2013,11,"2013/03/16 00:00:00",TAS1,17094.52053499,2556.01808438,0.1495
D,CO2EII,PUBLISHING,1,2013,11,"2013/03/16 00:00:00",VIC1,131896.753755,160497.74929222,1.2168
D,CO2EII,PUBLISHING,1,2013,12,"2013/03/17 00:00:00",NEM,454198.13501477,419465.00537997,0.9235
D,CO2EII,PUBLISHING,1,2013,12,"2013/03/17 00:00:00",NSW1,142923.93692899,134371.11194309,0.9402
D,CO2EII,PUBLISHING,1,2013,12,"2013/03/17 00:00:00",QLD1,131105.15147679,109093.0156534,0.8321
D,CO2EII,PUBLISHING,1,2013,12,"2013/03/17 00:00:00",SA1,31329.045746,13495.07728235,0.4308
D,CO2EII,PUBLISHING,1,2013,12,"2013/03/17 00:00:00",TAS1,16615.32734599,2843.33396481,0.1711
D,CO2EII,PUBLISHING,1,2013,12,"2013/03/17 00:00:00",VIC1,132224.673517,159662.46653632,1.2075
D,CO2EII,PUBLISHING,1,2013,12,"2013/03/18 00:00:00",NEM,500252.73502423,461411.62185092,0.9224
D,CO2EII,PUBLISHING,1,2013,12,"2013/03/18 00:00:00",NSW1,165668.60010301,155557.03296185,0.939
D,CO2EII,PUBLISHING,1,2013,12,"2013/03/18 00:00:00",QLD1,136542.26457222,114384.65305966,0.8377
D,CO2EII,PUBLISHING,1,2013,12,"2013/03/18 00:00:00",SA1,32507.00172,17845.19575786,0.549
D,CO2EII,PUBLISHING,1,2013,12,"2013/03/18 00:00:00",TAS1,25298.829966,1960.24151321,0.0775
D,CO2EII,PUBLISHING,1,2013,12,"2013/03/18 00:00:00",VIC1,140236.038663,171664.49855834,1.2241
D,CO2EII,PUBLISHING,1,2013,12,"2013/03/19 00:00:00",NEM,501514.41361223,461613.80197804,0.9204
D,CO2EII,PUBLISHING,1,2013,12,"2013/03/19 00:00:00",NSW1,164954.60814502,151761.28223232,0.92
D,CO2EII,PUBLISHING,1,2013,12,"2013/03/19 00:00:00",QLD1,136937.42318422,113199.12320466,0.8266
D,CO2EII,PUBLISHING,1,2013,12,"2013/03/19 00:00:00",SA1,34284.79653299,20134.01897242,0.5873
D,CO2EII,PUBLISHING,1,2013,12,"2013/03/19 00:00:00",TAS1,25835.787057,2394.15392677,0.0927
D,CO2EII,PUBLISHING,1,2013,12,"2013/03/19 00:00:00",VIC1,139501.798693,174125.22364187,1.2482
D,CO2EII,PUBLISHING,1,2013,12,"2013/03/20 00:00:00",NEM,507956.24087126,454875.32408245,0.8955
D,CO2EII,PUBLISHING,1,2013,12,"2013/03/20 00:00:00",NSW1,159638.94374999,146594.39910218,0.9183
D,CO2EII,PUBLISHING,1,2013,12,"2013/03/20 00:00:00",QLD1,137887.45460828,113415.72403492,0.8225
D,CO2EII,PUBLISHING,1,2013,12,"2013/03/20 00:00:00",SA1,38665.747017,19716.01526363,0.5099
D,CO2EII,PUBLISHING,1,2013,12,"2013/03/20 00:00:00",TAS1,27755.607601,2079.80335366,0.0749
D,CO2EII,PUBLISHING,1,2013,12,"2013/03/20 00:00:00",VIC1,144008.48789499,173069.38232806,1.2018
D,CO2EII,PUBLISHING,1,2013,12,"2013/03/21 00:00:00",NEM,509877.21904038,441639.56948246,0.8662
D,CO2EII,PUBLISHING,1,2013,12,"2013/03/21 00:00:00",NSW1,166346.013621,152815.98654402,0.9187
D,CO2EII,PUBLISHING,1,2013,12,"2013/03/21 00:00:00",QLD1,131965.34066637,109784.97848251,0.8319
D,CO2EII,PUBLISHING,1,2013,12,"2013/03/21 00:00:00",SA1,37680.643165,13247.24072192,0.3516
D,CO2EII,PUBLISHING,1,2013,12,"2013/03/21 00:00:00",TAS1,28307.22909001,1990.26420176,0.0703
D,CO2EII,PUBLISHING,1,2013,12,"2013/03/21 00:00:00",VIC1,145577.992498,163801.09953225,1.1252
D,CO2EII,PUBLISHING,1,2013,12,"2013/03/22 00:00:00",NEM,515827.75494459,466848.45405733,0.905
D,CO2EII,PUBLISHING,1,2013,12,"2013/03/22 00:00:00",NSW1,177111.480418,161480.35251145,0.9117
D,CO2EII,PUBLISHING,1,2013,12,"2013/03/22 00:00:00",QLD1,134439.62647459,110682.04020587,0.8233
D,CO2EII,PUBLISHING,1,2013,12,"2013/03/22 00:00:00",SA1,30141.337403,19132.67534509,0.6348
D,CO2EII,PUBLISHING,1,2013,12,"2013/03/22 00:00:00",TAS1,32869.513409,2056.9176026,0.0626
D,CO2EII,PUBLISHING,1,2013,12,"2013/03/22 00:00:00",VIC1,141265.79724,173496.46839232,1.2282
D,CO2EII,PUBLISHING,1,2013,12,"2013/03/23 00:00:00",NEM,477121.6380655,435011.68912776,0.9117
D,CO2EII,PUBLISHING,1,2013,12,"2013/03/23 00:00:00",NSW1,158974.95890001,147399.6217833,0.9272
D,CO2EII,PUBLISHING,1,2013,12,"2013/03/23 00:00:00",QLD1,130210.09485649,108743.78825717,0.8351
D,CO2EII,PUBLISHING,1,2013,12,"2013/03/23 00:00:00",SA1,27130.809342,15615.87714077,0.5756
D,CO2EII,PUBLISHING,1,2013,12,"2013/03/23 00:00:00",TAS1,29372.69669,2057.69281686,0.0701
D,CO2EII,PUBLISHING,1,2013,12,"2013/03/23 00:00:00",VIC1,131433.078277,161194.70912966,1.2264
D,CO2EII,PUBLISHING,1,2013,13,"2013/03/24 00:00:00",NEM,473584.28034256,424024.62453847,0.8954
D,CO2EII,PUBLISHING,1,2013,13,"2013/03/24 00:00:00",NSW1,157539.93258199,146144.00293261,0.9277
D,CO2EII,PUBLISHING,1,2013,13,"2013/03/24 00:00:00",QLD1,128441.58771955,107095.40499459,0.8338
D,CO2EII,PUBLISHING,1,2013,13,"2013/03/24 00:00:00",SA1,30715.43724701,14764.37354312,0.4807
D,CO2EII,PUBLISHING,1,2013,13,"2013/03/24 00:00:00",TAS1,29721.166671,2058.50091221,0.0693
D,CO2EII,PUBLISHING,1,2013,13,"2013/03/24 00:00:00",VIC1,127166.15612301,153962.34215594,1.2107
D,CO2EII,PUBLISHING,1,2013,13,"2013/03/25 00:00:00",NEM,526878.45867934,482086.11974602,0.915
D,CO2EII,PUBLISHING,1,2013,13,"2013/03/25 00:00:00",NSW1,183246.38780101,168659.52279641,0.9204
D,CO2EII,PUBLISHING,1,2013,13,"2013/03/25 00:00:00",QLD1,139151.00661432,115421.84199425,0.8295
D,CO2EII,PUBLISHING,1,2013,13,"2013/03/25 00:00:00",SA1,29835.619742,21183.77985288,0.71
D,CO2EII,PUBLISHING,1,2013,13,"2013/03/25 00:00:00",TAS1,34345.014102,2081.57138371,0.0606
D,CO2EII,PUBLISHING,1,2013,13,"2013/03/25 00:00:00",VIC1,140300.43042001,174739.40371877,1.2455
D,CO2EII,PUBLISHING,1,2013,13,"2013/03/26 00:00:00",NEM,539185.07788879,480009.51039098,0.8902
D,CO2EII,PUBLISHING,1,2013,13,"2013/03/26 00:00:00",NSW1,186301.553748,174468.50139405,0.9365
D,CO2EII,PUBLISHING,1,2013,13,"2013/03/26 00:00:00",QLD1,134515.98043876,114010.16470137,0.8476
D,CO2EII,PUBLISHING,1,2013,13,"2013/03/26 00:00:00",SA1,38411.27459901,18735.82302283,0.4878
D,CO2EII,PUBLISHING,1,2013,13,"2013/03/26 00:00:00",TAS1,36165.07985501,2071.44658122,0.0573
D,CO2EII,PUBLISHING,1,2013,13,"2013/03/26 00:00:00",VIC1,143791.18924801,170723.57469151,1.1873
D,CO2EII,PUBLISHING,1,2013,13,"2013/03/27 00:00:00",NEM,554374.20993935,471477.70901345,0.8505
D,CO2EII,PUBLISHING,1,2013,13,"2013/03/27 00:00:00",NSW1,185943.601374,168294.95598194,0.9051
D,CO2EII,PUBLISHING,1,2013,13,"2013/03/27 00:00:00",QLD1,136712.64440135,114012.33971991,0.834
D,CO2EII,PUBLISHING,1,2013,13,"2013/03/27 00:00:00",SA1,41249.049256,17184.42179467,0.4166
D,CO2EII,PUBLISHING,1,2013,13,"2013/03/27 00:00:00",TAS1,36175.306616,2203.53733951,0.0609
D,CO2EII,PUBLISHING,1,2013,13,"2013/03/27 00:00:00",VIC1,154293.608292,169782.45417742,1.1004
D,CO2EII,PUBLISHING,1,2013,13,"2013/03/28 00:00:00",NEM,520744.21354629,458642.23888143,0.8807
D,CO2EII,PUBLISHING,1,2013,13,"2013/03/28 00:00:00",NSW1,182204.797148,162806.42743413,0.8935
D,CO2EII,PUBLISHING,1,2013,13,"2013/03/28 00:00:00",QLD1,135566.7960413,113738.7663492,0.839
D,CO2EII,PUBLISHING,1,2013,13,"2013/03/28 00:00:00",SA1,31829.422925,14840.27191777,0.4662
D,CO2EII,PUBLISHING,1,2013,13,"2013/03/28 00:00:00",TAS1,31463.359335,2072.85558902,0.0659
D,CO2EII,PUBLISHING,1,2013,13,"2013/03/28 00:00:00",VIC1,139679.83809699,165183.91759131,1.1826
D,CO2EII,PUBLISHING,1,2013,13,"2013/03/29 00:00:00",NEM,437052.81799027,415076.94963414,0.9497
D,CO2EII,PUBLISHING,1,2013,13,"2013/03/29 00:00:00",NSW1,136879.571724,127820.77116496,0.9338
D,CO2EII,PUBLISHING,1,2013,13,"2013/03/29 00:00:00",QLD1,123097.85292928,104458.73193079,0.8486
D,CO2EII,PUBLISHING,1,2013,13,"2013/03/29 00:00:00",SA1,18552.149696,11613.1696244,0.626
D,CO2EII,PUBLISHING,1,2013,13,"2013/03/29 00:00:00",TAS1,27251.794051,2519.44079831,0.0925
D,CO2EII,PUBLISHING,1,2013,13,"2013/03/29 00:00:00",VIC1,131271.44958999,168664.83611568,1.2849
D,CO2EII,PUBLISHING,1,2013,13,"2013/03/30 00:00:00",NEM,441724.60387216,406900.70940234,0.9212
D,CO2EII,PUBLISHING,1,2013,13,"2013/03/30 00:00:00",NSW1,136018.81850299,126819.26662336,0.9324
D,CO2EII,PUBLISHING,1,2013,13,"2013/03/30 00:00:00",QLD1,122564.46209417,103499.1053494,0.8444
D,CO2EII,PUBLISHING,1,2013,13,"2013/03/30 00:00:00",SA1,22397.177268,11120.8848182,0.4965
D,CO2EII,PUBLISHING,1,2013,13,"2013/03/30 00:00:00",TAS1,29185.463698,2067.28797205,0.0708
D,CO2EII,PUBLISHING,1,2013,13,"2013/03/30 00:00:00",VIC1,131558.682309,163394.16463933,1.242
D,CO2EII,PUBLISHING,1,2013,14,"2013/03/31 00:00:00",NEM,430488.91472631,402904.22023574,0.9359
D,CO2EII,PUBLISHING,1,2013,14,"2013/03/31 00:00:00",NSW1,129887.747507,121733.41811661,0.9372
D,CO2EII,PUBLISHING,1,2013,14,"2013/03/31 00:00:00",QLD1,122192.69620132,103406.17625144,0.8463
D,CO2EII,PUBLISHING,1,2013,14,"2013/03/31 00:00:00",SA1,20462.525449,11038.22344954,0.5394
D,CO2EII,PUBLISHING,1,2013,14,"2013/03/31 00:00:00",TAS1,29348.443817,1957.45543818,0.0667
D,CO2EII,PUBLISHING,1,2013,14,"2013/03/31 00:00:00",VIC1,128597.50175199,164768.94697997,1.2813
D,CO2EII,PUBLISHING,1,2013,14,"2013/04/01 00:00:00",NEM,441825.2870439,423314.66277114,0.9581
D,CO2EII,PUBLISHING,1,2013,14,"2013/04/01 00:00:00",NSW1,138313.486326,130504.94524134,0.9435
D,CO2EII,PUBLISHING,1,2013,14,"2013/04/01 00:00:00",QLD1,127766.04599592,108758.3583563,0.8512
D,CO2EII,PUBLISHING,1,2013,14,"2013/04/01 00:00:00",SA1,21496.530793,11505.88614955,0.5352
D,CO2EII,PUBLISHING,1,2013,14,"2013/04/01 00:00:00",TAS1,19719.369758,1947.60297807,0.0988
D,CO2EII,PUBLISHING,1,2013,14,"2013/04/01 00:00:00",VIC1,134529.85417098,170597.87004588,1.2681
D,CO2EII,PUBLISHING,1,2013,14,"2013/04/02 00:00:00",NEM,496854.51494201,450119.08988793,0.9059
D,CO2EII,PUBLISHING,1,2013,14,"2013/04/02 00:00:00",NSW1,158343.78457601,143980.75361626,0.9093
D,CO2EII,PUBLISHING,1,2013,14,"2013/04/02 00:00:00",QLD1,137558.87587002,116897.19338969,0.8498
D,CO2EII,PUBLISHING,1,2013,14,"2013/04/02 00:00:00",SA1,23900.731905,14427.04740915,0.6036
D,CO2EII,PUBLISHING,1,2013,14,"2013/04/02 00:00:00",TAS1,33513.064166,973.85205005,0.0291
D,CO2EII,PUBLISHING,1,2013,14,"2013/04/02 00:00:00",VIC1,143538.05842498,173840.24342278,1.2111
D,CO2EII,PUBLISHING,1,2013,14,"2013/04/03 00:00:00",NEM,498712.27539023,443395.30943099,0.8891
D,CO2EII,PUBLISHING,1,2013,14,"2013/04/03 00:00:00",NSW1,165376.70175401,152550.09195112,0.9224
D,CO2EII,PUBLISHING,1,2013,14,"2013/04/03 00:00:00",QLD1,134808.48970824,114637.73028762,0.8504
D,CO2EII,PUBLISHING,1,2013,14,"2013/04/03 00:00:00",SA1,25453.611445,12835.91514589,0.5043
D,CO2EII,PUBLISHING,1,2013,14,"2013/04/03 00:00:00",TAS1,32261.85117,654.87387277,0.0203
D,CO2EII,PUBLISHING,1,2013,14,"2013/04/03 00:00:00",VIC1,140811.62131298,162716.69817359,1.1556
D,CO2EII,PUBLISHING,1,2013,14,"2013/04/04 00:00:00",NEM,498207.18571528,442747.67491713,0.8887
D,CO2EII,PUBLISHING,1,2013,14,"2013/04/04 00:00:00",NSW1,161206.238444,147550.9518773,0.9153
D,CO2EII,PUBLISHING,1,2013,14,"2013/04/04 00:00:00",QLD1,134573.0788763,115320.60460425,0.8569
D,CO2EII,PUBLISHING,1,2013,14,"2013/04/04 00:00:00",SA1,26786.276052,11882.65989347,0.4436
D,CO2EII,PUBLISHING,1,2013,14,"2013/04/04 00:00:00",TAS1,33937.49917601,531.31465877,0.0157
D,CO2EII,PUBLISHING,1,2013,14,"2013/04/04 00:00:00",VIC1,141704.09316697,167462.14388334,1.1818
D,CO2EII,PUBLISHING,1,2013,14,"2013/04/05 00:00:00",NEM,494601.26686918,445051.49535607,0.8998
D,CO2EII,PUBLISHING,1,2013,14,"2013/04/05 00:00:00",NSW1,159030.57389101,147217.1150004,0.9257
D,CO2EII,PUBLISHING,1,2013,14,"2013/04/05 00:00:00",QLD1,136785.89305515,116570.93507441,0.8522
D,CO2EII,PUBLISHING,1,2013,14,"2013/04/05 00:00:00",SA1,23552.427023,13211.53594187,0.5609
D,CO2EII,PUBLISHING,1,2013,14,"2013/04/05 00:00:00",TAS1,34027.62406401,206.26799388,0.0061
D,CO2EII,PUBLISHING,1,2013,14,"2013/04/05 00:00:00",VIC1,141204.74883601,167845.64134551,1.1887
D,CO2EII,PUBLISHING,1,2013,14,"2013/04/06 00:00:00",NEM,455031.32252451,420725.46491284,0.9246
D,CO2EII,PUBLISHING,1,2013,14,"2013/04/06 00:00:00",NSW1,148043.046724,140421.58811215,0.9485
D,CO2EII,PUBLISHING,1,2013,14,"2013/04/06 00:00:00",QLD1,127642.9407005,110734.48972037,0.8675
D,CO2EII,PUBLISHING,1,2013,14,"2013/04/06 00:00:00",SA1,20273.095662,11904.6180054,0.5872
D,CO2EII,PUBLISHING,1,2013,14,"2013/04/06 00:00:00",TAS1,32961.749816,1207.26053069,0.0366
D,CO2EII,PUBLISHING,1,2013,14,"2013/04/06 00:00:00",VIC1,126110.48962201,156457.50854423,1.2406
D,CO2EII,PUBLISHING,1,2013,15,"2013/04/07 00:00:00",NEM,444729.65056768,411489.58249217,0.9253
D,CO2EII,PUBLISHING,1,2013,15,"2013/04/07 00:00:00",NSW1,142242.878878,134974.55875238,0.9489
D,CO2EII,PUBLISHING,1,2013,15,"2013/04/07 00:00:00",QLD1,125961.35604368,107571.00121956,0.854
D,CO2EII,PUBLISHING,1,2013,15,"2013/04/07 00:00:00",SA1,19551.787045,11327.62616943,0.5794
D,CO2EII,PUBLISHING,1,2013,15,"2013/04/07 00:00:00",TAS1,33124.092738,1853.48199758,0.056
D,CO2EII,PUBLISHING,1,2013,15,"2013/04/07 00:00:00",VIC1,123849.535863,155762.91435322,1.2577
D,CO2EII,PUBLISHING,1,2013,15,"2013/04/08 00:00:00",NEM,498982.35854448,439705.095672,0.8812
D,CO2EII,PUBLISHING,1,2013,15,"2013/04/08 00:00:00",NSW1,160273.679289,146264.39192652,0.9126
D,CO2EII,PUBLISHING,1,2013,15,"2013/04/08 00:00:00",QLD1,138191.7554265,118275.26920584,0.8559
D,CO2EII,PUBLISHING,1,2013,15,"2013/04/08 00:00:00",SA1,22482.588246,12825.40740308,0.5705
D,CO2EII,PUBLISHING,1,2013,15,"2013/04/08 00:00:00",TAS1,35237.71597199,2089.2769399,0.0593
D,CO2EII,PUBLISHING,1,2013,15,"2013/04/08 00:00:00",VIC1,142796.61961099,160250.75019666,1.1222
D,CO2EII,PUBLISHING,1,2013,15,"2013/04/09 00:00:00",NEM,502672.38940984,446535.10653967,0.8883
D,CO2EII,PUBLISHING,1,2013,15,"2013/04/09 00:00:00",NSW1,161592.20356799,146054.5245361,0.9038
D,CO2EII,PUBLISHING,1,2013,15,"2013/04/09 00:00:00",QLD1,141340.21227883,119980.97644207,0.8489
D,CO2EII,PUBLISHING,1,2013,15,"2013/04/09 00:00:00",SA1,24009.474158,14520.78853145,0.6048
D,CO2EII,PUBLISHING,1,2013,15,"2013/04/09 00:00:00",TAS1,35457.80177101,2090.16748022,0.0589
D,CO2EII,PUBLISHING,1,2013,15,"2013/04/09 00:00:00",VIC1,140272.69763401,163888.64954983,1.1684
D,CO2EII,PUBLISHING,1,2013,15,"2013/04/10 00:00:00",NEM,503530.23486737,448169.33107475,0.8901
D,CO2EII,PUBLISHING,1,2013,15,"2013/04/10 00:00:00",NSW1,164264.909106,153413.08527374,0.9339
D,CO2EII,PUBLISHING,1,2013,15,"2013/04/10 00:00:00",QLD1,140564.99165237,116907.03559689,0.8317
D,CO2EII,PUBLISHING,1,2013,15,"2013/04/10 00:00:00",SA1,24069.667243,14910.55601692,0.6195
D,CO2EII,PUBLISHING,1,2013,15,"2013/04/10 00:00:00",TAS1,37627.990527,2216.37815426,0.0589
D,CO2EII,PUBLISHING,1,2013,15,"2013/04/10 00:00:00",VIC1,137002.676339,160722.27603294,1.1731
D,CO2EII,PUBLISHING,1,2013,15,"2013/04/11 00:00:00",NEM,503415.82597674,444276.43082693,0.8825
D,CO2EII,PUBLISHING,1,2013,15,"2013/04/11 00:00:00",NSW1,164363.94831901,149276.76836589,0.9082
D,CO2EII,PUBLISHING,1,2013,15,"2013/04/11 00:00:00",QLD1,140214.85144672,117157.9387758,0.8356
D,CO2EII,PUBLISHING,1,2013,15,"2013/04/11 00:00:00",SA1,25423.296792,14082.86676164,0.5539
D,CO2EII,PUBLISHING,1,2013,15,"2013/04/11 00:00:00",TAS1,36572.13997101,2090.05236554,0.0571
D,CO2EII,PUBLISHING,1,2013,15,"2013/04/11 00:00:00",VIC1,136841.589448,161668.80455806,1.1814
D,CO2EII,PUBLISHING,1,2013,15,"2013/04/12 00:00:00",NEM,505236.7383037,441094.21986034,0.873
D,CO2EII,PUBLISHING,1,2013,15,"2013/04/12 00:00:00",NSW1,161646.717331,143533.83697306,0.8879
D,CO2EII,PUBLISHING,1,2013,15,"2013/04/12 00:00:00",QLD1,140670.20614669,117264.70722244,0.8336
D,CO2EII,PUBLISHING,1,2013,15,"2013/04/12 00:00:00",SA1,25793.191699,15988.30338783,0.6199
D,CO2EII,PUBLISHING,1,2013,15,"2013/04/12 00:00:00",TAS1,37893.147179,2090.09546663,0.0552
D,CO2EII,PUBLISHING,1,2013,15,"2013/04/12 00:00:00",VIC1,139233.47594801,162217.27681038,1.1651
D,CO2EII,PUBLISHING,1,2013,15,"2013/04/13 00:00:00",NEM,464056.84181242,416754.38555028,0.8981
D,CO2EII,PUBLISHING,1,2013,15,"2013/04/13 00:00:00",NSW1,140719.787701,132150.47015947,0.9391
D,CO2EII,PUBLISHING,1,2013,15,"2013/04/13 00:00:00",QLD1,133031.94782841,112221.08414146,0.8436
D,CO2EII,PUBLISHING,1,2013,15,"2013/04/13 00:00:00",SA1,25479.837875,10405.31687635,0.4084
D,CO2EII,PUBLISHING,1,2013,15,"2013/04/13 00:00:00",TAS1,33502.355693,2081.7874932,0.0621
D,CO2EII,PUBLISHING,1,2013,15,"2013/04/13 00:00:00",VIC1,131322.91271501,159895.7268798,1.2176
D,CO2EII,PUBLISHING,1,2013,16,"2013/04/14 00:00:00",NEM,448388.66714076,415413.54803833,0.9265
D,CO2EII,PUBLISHING,1,2013,16,"2013/04/14 00:00:00",NSW1,136618.897381,127597.3393082,0.934
D,CO2EII,PUBLISHING,1,2013,16,"2013/04/14 00:00:00",QLD1,131878.67843167,111321.30893773,0.8441
D,CO2EII,PUBLISHING,1,2013,16,"2013/04/14 00:00:00",SA1,18262.88944708,11058.51722231,0.6055
D,CO2EII,PUBLISHING,1,2013,16,"2013/04/14 00:00:00",TAS1,33810.497855,2088.82510871,0.0618
D,CO2EII,PUBLISHING,1,2013,16,"2013/04/14 00:00:00",VIC1,127817.70402601,163347.55746138,1.278
D,CO2EII,PUBLISHING,1,2013,16,"2013/04/15 00:00:00",NEM,504772.50892148,443402.10326146,0.8784
D,CO2EII,PUBLISHING,1,2013,16,"2013/04/15 00:00:00",NSW1,158804.832826,141835.27686215,0.8931
D,CO2EII,PUBLISHING,1,2013,16,"2013/04/15 00:00:00",QLD1,142530.55063248,120401.58576749,0.8447
D,CO2EII,PUBLISHING,1,2013,16,"2013/04/15 00:00:00",SA1,20718.058972,13937.1863406,0.6727
D,CO2EII,PUBLISHING,1,2013,16,"2013/04/15 00:00:00",TAS1,34598.753463,2088.36821143,0.0604
D,CO2EII,PUBLISHING,1,2013,16,"2013/04/15 00:00:00",VIC1,148120.313028,165139.68607979,1.1149
D,CO2EII,PUBLISHING,1,2013,16,"2013/04/16 00:00:00",NEM,507748.56703438,443216.77445267,0.8729
D,CO2EII,PUBLISHING,1,2013,16,"2013/04/16 00:00:00",NSW1,169808.587205,153677.97141247,0.905
D,CO2EII,PUBLISHING,1,2013,16,"2013/04/16 00:00:00",QLD1,141554.04921838,118456.87184061,0.8368
D,CO2EII,PUBLISHING,1,2013,16,"2013/04/16 00:00:00",SA1,22039.162449,14224.8465704,0.6454
D,CO2EII,PUBLISHING,1,2013,16,"2013/04/16 00:00:00",TAS1,37569.602719,2087.2607954,0.0556
D,CO2EII,PUBLISHING,1,2013,16,"2013/04/16 00:00:00",VIC1,136777.165443,154769.82383379,1.1315
D,CO2EII,PUBLISHING,1,2013,16,"2013/04/17 00:00:00",NEM,502694.35681742,445867.5536341,0.887
D,CO2EII,PUBLISHING,1,2013,16,"2013/04/17 00:00:00",NSW1,161381.937036,149257.93971348,0.9249
D,CO2EII,PUBLISHING,1,2013,16,"2013/04/17 00:00:00",QLD1,141095.09786842,117091.86309511,0.8299
D,CO2EII,PUBLISHING,1,2013,16,"2013/04/17 00:00:00",SA1,22732.37810901,13015.2846533,0.5725
D,CO2EII,PUBLISHING,1,2013,16,"2013/04/17 00:00:00",TAS1,37972.73057399,2046.27702082,0.0539
D,CO2EII,PUBLISHING,1,2013,16,"2013/04/17 00:00:00",VIC1,139512.21323,164456.18915139,1.1788
D,CO2EII,PUBLISHING,1,2013,16,"2013/04/18 00:00:00",NEM,507763.72029212,434000.64157815,0.8547
D,CO2EII,PUBLISHING,1,2013,16,"2013/04/18 00:00:00",NSW1,162072.1434069,146098.19073832,0.9014
D,CO2EII,PUBLISHING,1,2013,16,"2013/04/18 00:00:00",QLD1,141155.88806324,118018.42502696,0.8361
D,CO2EII,PUBLISHING,1,2013,16,"2013/04/18 00:00:00",SA1,28246.310332,12307.2546637,0.4357
D,CO2EII,PUBLISHING,1,2013,16,"2013/04/18 00:00:00",TAS1,39014.09826,2089.02232929,0.0535
D,CO2EII,PUBLISHING,1,2013,16,"2013/04/18 00:00:00",VIC1,137275.28022998,155487.74881988,1.1327
D,CO2EII,PUBLISHING,1,2013,16,"2013/04/19 00:00:00",NEM,499467.95149996,424221.11814519,0.8493
D,CO2EII,PUBLISHING,1,2013,16,"2013/04/19 00:00:00",NSW1,161268.212228,148784.86995223,0.9226
D,CO2EII,PUBLISHING,1,2013,16,"2013/04/19 00:00:00",QLD1,136394.28208196,115293.28021639,0.8453
D,CO2EII,PUBLISHING,1,2013,16,"2013/04/19 00:00:00",SA1,29862.818621,10104.35752269,0.3384
D,CO2EII,PUBLISHING,1,2013,16,"2013/04/19 00:00:00",TAS1,38393.496092,2087.04317605,0.0544
D,CO2EII,PUBLISHING,1,2013,16,"2013/04/19 00:00:00",VIC1,133549.142477,147951.56727783,1.1078
D,CO2EII,PUBLISHING,1,2013,16,"2013/04/20 00:00:00",NEM,465177.67803563,411634.05488494,0.8849
D,CO2EII,PUBLISHING,1,2013,16,"2013/04/20 00:00:00",NSW1,152940.380888,140955.99943072,0.9216
D,CO2EII,PUBLISHING,1,2013,16,"2013/04/20 00:00:00",QLD1,130889.95878664,111735.1833645,0.8537
D,CO2EII,PUBLISHING,1,2013,16,"2013/04/20 00:00:00",SA1,22631.5404,7838.75869164,0.3464
D,CO2EII,PUBLISHING,1,2013,16,"2013/04/20 00:00:00",TAS1,36169.443224,2081.58662244,0.0576
D,CO2EII,PUBLISHING,1,2013,16,"2013/04/20 00:00:00",VIC1,122546.35473699,149022.52677564,1.2161
D,CO2EII,PUBLISHING,1,2013,17,"2013/04/21 00:00:00",NEM,450951.48322773,395748.71499795,0.8776
D,CO2EII,PUBLISHING,1,2013,17,"2013/04/21 00:00:00",NSW1,140053.732739,131512.94260838,0.939
D,CO2EII,PUBLISHING,1,2013,17,"2013/04/21 00:00:00",QLD1,128671.01396774,109636.4850703,0.8521
D,CO2EII,PUBLISHING,1,2013,17,"2013/04/21 00:00:00",SA1,29492.462317,6905.92686772,0.2342
D,CO2EII,PUBLISHING,1,2013,17,"2013/04/21 00:00:00",TAS1,30178.727653,2085.32667348,0.0691
D,CO2EII,PUBLISHING,1,2013,17,"2013/04/21 00:00:00",VIC1,122555.54655099,145608.03377807,1.1881
D,CO2EII,PUBLISHING,1,2013,17,"2013/04/22 00:00:00",NEM,503753.9366745,424359.51479811,0.8424
D,CO2EII,PUBLISHING,1,2013,17,"2013/04/22 00:00:00",NSW1,163548.13663601,146432.95440665,0.8954
D,CO2EII,PUBLISHING,1,2013,17,"2013/04/22 00:00:00",QLD1,138804.45014249,117230.37948495,0.8446
D,CO2EII,PUBLISHING,1,2013,17,"2013/04/22 00:00:00",SA1,26893.978906,7303.16210483,0.2716
D,CO2EII,PUBLISHING,1,2013,17,"2013/04/22 00:00:00",TAS1,36457.184572,2093.61520758,0.0574
D,CO2EII,PUBLISHING,1,2013,17,"2013/04/22 00:00:00",VIC1,138050.186418,151299.4035941,1.096
D,CO2EII,PUBLISHING,1,2013,17,"2013/04/23 00:00:00",NEM,507908.50445428,441055.76659957,0.8684
D,CO2EII,PUBLISHING,1,2013,17,"2013/04/23 00:00:00",NSW1,164093.590365,145692.39921809,0.8879
D,CO2EII,PUBLISHING,1,2013,17,"2013/04/23 00:00:00",QLD1,140723.26909026,118272.28412467,0.8405
D,CO2EII,PUBLISHING,1,2013,17,"2013/04/23 00:00:00",SA1,20528.871633,11710.23690667,0.5704
D,CO2EII,PUBLISHING,1,2013,17,"2013/04/23 00:00:00",TAS1,38611.343076,2106.51323309,0.0546
D,CO2EII,PUBLISHING,1,2013,17,"2013/04/23 00:00:00",VIC1,143951.43029002,163274.33311705,1.1342
D,CO2EII,PUBLISHING,1,2013,17,"2013/04/24 00:00:00",NEM,503886.25081786,448826.89501608,0.8907
D,CO2EII,PUBLISHING,1,2013,17,"2013/04/24 00:00:00",NSW1,162882.013913,152066.96657366,0.9336
D,CO2EII,PUBLISHING,1,2013,17,"2013/04/24 00:00:00",QLD1,139183.48539086,117364.40496133,0.8432
D,CO2EII,PUBLISHING,1,2013,17,"2013/04/24 00:00:00",SA1,20186.702163,11425.8167484,0.566
D,CO2EII,PUBLISHING,1,2013,17,"2013/04/24 00:00:00",TAS1,39117.219505,2153.9175262,0.0551
D,CO2EII,PUBLISHING,1,2013,17,"2013/04/24 00:00:00",VIC1,142516.829846,165815.78920649,1.1635
D,CO2EII,PUBLISHING,1,2013,17,"2013/04/25 00:00:00",NEM,453599.05252999,406499.44450906,0.8962
D,CO2EII,PUBLISHING,1,2013,17,"2013/04/25 00:00:00",NSW1,143585.478191,133471.3260891,0.9296
D,CO2EII,PUBLISHING,1,2013,17,"2013/04/25 00:00:00",QLD1,126120.905869,109318.55479039,0.8668
D,CO2EII,PUBLISHING,1,2013,17,"2013/04/25 00:00:00",SA1,21158.089599,7986.08405571,0.3774
D,CO2EII,PUBLISHING,1,2013,17,"2013/04/25 00:00:00",TAS1,36238.700045,2089.71561202,0.0577
D,CO2EII,PUBLISHING,1,2013,17,"2013/04/25 00:00:00",VIC1,126495.87882599,153633.76396184,1.2145
D,CO2EII,PUBLISHING,1,2013,17,"2013/04/26 00:00:00",NEM,484340.81154094,431931.97686172,0.8918
D,CO2EII,PUBLISHING,1,2013,17,"2013/04/26 00:00:00",NSW1,153476.64561899,141185.21787748,0.9199
D,CO2EII,PUBLISHING,1,2013,17,"2013/04/26 00:00:00",QLD1,137415.44117394,117363.84129113,0.8541
D,CO2EII,PUBLISHING,1,2013,17,"2013/04/26 00:00:00",SA1,20762.833551,10573.9180666,0.5093
D,CO2EII,PUBLISHING,1,2013,17,"2013/04/26 00:00:00",TAS1,38398.54809601,2090.06516974,0.0544
D,CO2EII,PUBLISHING,1,2013,17,"2013/04/26 00:00:00",VIC1,134287.343101,160718.93445677,1.1968
D,CO2EII,PUBLISHING,1,2013,17,"2013/04/27 00:00:00",NEM,449885.47688977,382761.72021922,0.8508
D,CO2EII,PUBLISHING,1,2013,17,"2013/04/27 00:00:00",NSW1,136554.044374,126409.42293821,0.9257
D,CO2EII,PUBLISHING,1,2013,17,"2013/04/27 00:00:00",QLD1,130479.51593377,110779.53537488,0.849
D,CO2EII,PUBLISHING,1,2013,17,"2013/04/27 00:00:00",SA1,30769.997035,5757.90280346,0.1871
D,CO2EII,PUBLISHING,1,2013,17,"2013/04/27 00:00:00",TAS1,33507.212895,2082.48298494,0.0622
D,CO2EII,PUBLISHING,1,2013,17,"2013/04/27 00:00:00",VIC1,118574.706652,137732.37611773,1.1616
D,CO2EII,PUBLISHING,1,2013,18,"2013/04/28 00:00:00",NEM,444036.29250472,399319.53636459,0.8993
D,CO2EII,PUBLISHING,1,2013,18,"2013/04/28 00:00:00",NSW1,137894.346869,124188.37730304,0.9006
D,CO2EII,PUBLISHING,1,2013,18,"2013/04/28 00:00:00",QLD1,128168.17474273,109559.41178058,0.8548
D,CO2EII,PUBLISHING,1,2013,18,"2013/04/28 00:00:00",SA1,18813.484863,7806.24677841,0.4149
D,CO2EII,PUBLISHING,1,2013,18,"2013/04/28 00:00:00",TAS1,36086.322906,2082.24983901,0.0577
D,CO2EII,PUBLISHING,1,2013,18,"2013/04/28 00:00:00",VIC1,123073.96312399,155683.25066355,1.265
D,CO2EII,PUBLISHING,1,2013,18,"2013/04/29 00:00:00",NEM,505617.33541784,457704.51672098,0.9052
D,CO2EII,PUBLISHING,1,2013,18,"2013/04/29 00:00:00",NSW1,164273.106081,146143.99988032,0.8896
D,CO2EII,PUBLISHING,1,2013,18,"2013/04/29 00:00:00",QLD1,139957.48239084,121370.39284039,0.8672
D,CO2EII,PUBLISHING,1,2013,18,"2013/04/29 00:00:00",SA1,20496.785529,12964.04192003,0.6325
D,CO2EII,PUBLISHING,1,2013,18,"2013/04/29 00:00:00",TAS1,39199.496811,2087.27607208,0.0532
D,CO2EII,PUBLISHING,1,2013,18,"2013/04/29 00:00:00",VIC1,141690.464606,175138.80600816,1.2361
D,CO2EII,PUBLISHING,1,2013,18,"2013/04/30 00:00:00",NEM,514358.79511395,465944.85678739,0.9059
D,CO2EII,PUBLISHING,1,2013,18,"2013/04/30 00:00:00",NSW1,168888.85023201,152500.1254189,0.903
D,CO2EII,PUBLISHING,1,2013,18,"2013/04/30 00:00:00",QLD1,139535.96089993,121270.38230426,0.8691
D,CO2EII,PUBLISHING,1,2013,18,"2013/04/30 00:00:00",SA1,21313.551163,13116.25485043,0.6154
D,CO2EII,PUBLISHING,1,2013,18,"2013/04/30 00:00:00",TAS1,40242.188616,2083.36982651,0.0518
D,CO2EII,PUBLISHING,1,2013,18,"2013/04/30 00:00:00",VIC1,144378.24420301,176974.72438729,1.2258
D,CO2EII,PUBLISHING,1,2013,18,"2013/05/01 00:00:00",NEM,516141.14608147,460292.55632863,0.8918
D,CO2EII,PUBLISHING,1,2013,18,"2013/05/01 00:00:00",NSW1,166693.38414904,147706.97030677,0.8861
D,CO2EII,PUBLISHING,1,2013,18,"2013/05/01 00:00:00",QLD1,137234.49448843,119455.55230586,0.8704
D,CO2EII,PUBLISHING,1,2013,18,"2013/05/01 00:00:00",SA1,23508.69936501,10045.03510826,0.4273
D,CO2EII,PUBLISHING,1,2013,18,"2013/05/01 00:00:00",TAS1,40471.43766699,2015.85460062,0.0498
D,CO2EII,PUBLISHING,1,2013,18,"2013/05/01 00:00:00",VIC1,148233.130412,181069.14400712,1.2215
D,CO2EII,PUBLISHING,1,2013,18,"2013/05/02 00:00:00",NEM,513230.45065136,450644.33657756,0.8781
D,CO2EII,PUBLISHING,1,2013,18,"2013/05/02 00:00:00",NSW1,164518.43356101,148850.4038153,0.9048
D,CO2EII,PUBLISHING,1,2013,18,"2013/05/02 00:00:00",QLD1,139280.68801235,119689.38260083,0.8593
D,CO2EII,PUBLISHING,1,2013,18,"2013/05/02 00:00:00",SA1,27586.539239,7158.47040188,0.2595
D,CO2EII,PUBLISHING,1,2013,18,"2013/05/02 00:00:00",TAS1,39587.17397,1290.87677573,0.0326
D,CO2EII,PUBLISHING,1,2013,18,"2013/05/02 00:00:00",VIC1,142257.615869,173655.20298382,1.2207
D,CO2EII,PUBLISHING,1,2013,18,"2013/05/03 00:00:00",NEM,507166.13992595,435097.30565665,0.8579
D,CO2EII,PUBLISHING,1,2013,18,"2013/05/03 00:00:00",NSW1,163701.069787,148803.0812136,0.909
D,CO2EII,PUBLISHING,1,2013,18,"2013/05/03 00:00:00",QLD1,139056.46183595,118471.25387012,0.852
D,CO2EII,PUBLISHING,1,2013,18,"2013/05/03 00:00:00",SA1,30387.773707,7242.0470044,0.2383
D,CO2EII,PUBLISHING,1,2013,18,"2013/05/03 00:00:00",TAS1,36691.320426,29.75916085,0.0008
D,CO2EII,PUBLISHING,1,2013,18,"2013/05/03 00:00:00",VIC1,137329.51417,160551.16440768,1.1691
D,CO2EII,PUBLISHING,1,2013,18,"2013/05/04 00:00:00",NEM,468284.98098428,422021.68819095,0.9012
D,CO2EII,PUBLISHING,1,2013,18,"2013/05/04 00:00:00",NSW1,152379.435632,144751.73272882,0.9499
D,CO2EII,PUBLISHING,1,2013,18,"2013/05/04 00:00:00",QLD1,131157.93348328,113163.71339479,0.8628
D,CO2EII,PUBLISHING,1,2013,18,"2013/05/04 00:00:00",SA1,22822.971418,7221.74766187,0.3164
D,CO2EII,PUBLISHING,1,2013,18,"2013/05/04 00:00:00",TAS1,37072.081262,36.83488159,0.001
D,CO2EII,PUBLISHING,1,2013,18,"2013/05/04 00:00:00",VIC1,124852.559189,156847.65952388,1.2563
D,CO2EII,PUBLISHING,1,2013,19,"2013/05/05 00:00:00",NEM,461338.05146039,419951.45502616,0.9103
D,CO2EII,PUBLISHING,1,2013,19,"2013/05/05 00:00:00",NSW1,148206.22865,143469.4089548,0.968
D,CO2EII,PUBLISHING,1,2013,19,"2013/05/05 00:00:00",QLD1,128320.67553741,110056.26639483,0.8577
D,CO2EII,PUBLISHING,1,2013,19,"2013/05/05 00:00:00",SA1,22452.55262,6880.76214214,0.3065
D,CO2EII,PUBLISHING,1,2013,19,"2013/05/05 00:00:00",TAS1,39335.605577,2.28142512,0.0001
D,CO2EII,PUBLISHING,1,2013,19,"2013/05/05 00:00:00",VIC1,123022.98907598,159542.73610927,1.2969
D,CO2EII,PUBLISHING,1,2013,19,"2013/05/06 00:00:00",NEM,516116.65972548,458468.96142939,0.8883
D,CO2EII,PUBLISHING,1,2013,19,"2013/05/06 00:00:00",NSW1,174242.64414801,168861.92830296,0.9691
D,CO2EII,PUBLISHING,1,2013,19,"2013/05/06 00:00:00",QLD1,139028.76209243,119659.29233302,0.8607
D,CO2EII,PUBLISHING,1,2013,19,"2013/05/06 00:00:00",SA1,25563.035014,10614.41447502,0.4152
D,CO2EII,PUBLISHING,1,2013,19,"2013/05/06 00:00:00",TAS1,37798.94380901,649.75124096,0.0172
D,CO2EII,PUBLISHING,1,2013,19,"2013/05/06 00:00:00",VIC1,139483.27466203,158683.57507743,1.1377
D,CO2EII,PUBLISHING,1,2013,19,"2013/05/07 00:00:00",NEM,518219.12143525,455618.73677668,0.8792
D,CO2EII,PUBLISHING,1,2013,19,"2013/05/07 00:00:00",NSW1,169712.771687,157618.01067814,0.9287
D,CO2EII,PUBLISHING,1,2013,19,"2013/05/07 00:00:00",QLD1,139579.61037023,118175.37070909,0.8467
D,CO2EII,PUBLISHING,1,2013,19,"2013/05/07 00:00:00",SA1,24453.930063,11218.60097563,0.4588
D,CO2EII,PUBLISHING,1,2013,19,"2013/05/07 00:00:00",TAS1,38064.187351,2.26152912,0.0001
D,CO2EII,PUBLISHING,1,2013,19,"2013/05/07 00:00:00",VIC1,146408.62196402,168604.4928847,1.1516
D,CO2EII,PUBLISHING,1,2013,19,"2013/05/08 00:00:00",NEM,511910.7204095,449913.28897865,0.8789
D,CO2EII,PUBLISHING,1,2013,19,"2013/05/08 00:00:00",NSW1,156819.924335,144999.58193883,0.9246
D,CO2EII,PUBLISHING,1,2013,19,"2013/05/08 00:00:00",QLD1,140624.67466848,117088.85044059,0.8326
D,CO2EII,PUBLISHING,1,2013,19,"2013/05/08 00:00:00",SA1,29572.44828401,10662.58731817,0.3606
D,CO2EII,PUBLISHING,1,2013,19,"2013/05/08 00:00:00",TAS1,37494.36750101,31.01375988,0.0008
D,CO2EII,PUBLISHING,1,2013,19,"2013/05/08 00:00:00",VIC1,147399.305621,177131.25552118,1.2017
D,CO2EII,PUBLISHING,1,2013,19,"2013/05/09 00:00:00",NEM,509338.94707513,445440.34067418,0.8745
D,CO2EII,PUBLISHING,1,2013,19,"2013/05/09 00:00:00",NSW1,157655.39893301,153209.50933096,0.9718
D,CO2EII,PUBLISHING,1,2013,19,"2013/05/09 00:00:00",QLD1,142471.63984514,117523.3710766,0.8249
D,CO2EII,PUBLISHING,1,2013,19,"2013/05/09 00:00:00",SA1,32357.82147899,10716.5365306,0.3312
D,CO2EII,PUBLISHING,1,2013,19,"2013/05/09 00:00:00",TAS1,37290.322989,2.22885546,0.0001
D,CO2EII,PUBLISHING,1,2013,19,"2013/05/09 00:00:00",VIC1,139563.76382899,163988.69488056,1.175
D,CO2EII,PUBLISHING,1,2013,19,"2013/05/10 00:00:00",NEM,505981.16402425,446145.69241973,0.8817
D,CO2EII,PUBLISHING,1,2013,19,"2013/05/10 00:00:00",NSW1,161716.910837,152496.49383175,0.943
D,CO2EII,PUBLISHING,1,2013,19,"2013/05/10 00:00:00",QLD1,138902.07468824,116071.18017582,0.8356
D,CO2EII,PUBLISHING,1,2013,19,"2013/05/10 00:00:00",SA1,29981.286601,8408.69741379,0.2805
D,CO2EII,PUBLISHING,1,2013,19,"2013/05/10 00:00:00",TAS1,37783.85982,2.31790482,0.0001
D,CO2EII,PUBLISHING,1,2013,19,"2013/05/10 00:00:00",VIC1,137597.03207801,169167.00309355,1.2294
D,CO2EII,PUBLISHING,1,2013,19,"2013/05/11 00:00:00",NEM,464410.36077282,402984.37368825,0.8677
D,CO2EII,PUBLISHING,1,2013,19,"2013/05/11 00:00:00",NSW1,146592.714151,140635.99560872,0.9594
D,CO2EII,PUBLISHING,1,2013,19,"2013/05/11 00:00:00",QLD1,131230.97225282,109803.67772847,0.8367
D,CO2EII,PUBLISHING,1,2013,19,"2013/05/11 00:00:00",SA1,28265.944845,7721.1468178,0.2732
D,CO2EII,PUBLISHING,1,2013,19,"2013/05/11 00:00:00",TAS1,35404.485194,2.36159412,0.0001
D,CO2EII,PUBLISHING,1,2013,19,"2013/05/11 00:00:00",VIC1,122916.24433,144821.19193914,1.1782
D,CO2EII,PUBLISHING,1,2013,20,"2013/05/12 00:00:00",NEM,449664.25858295,398789.53261391,0.8869
D,CO2EII,PUBLISHING,1,2013,20,"2013/05/12 00:00:00",NSW1,142384.476665,137412.34127085,0.9651
D,CO2EII,PUBLISHING,1,2013,20,"2013/05/12 00:00:00",QLD1,126717.05117395,106416.40510297,0.8398
D,CO2EII,PUBLISHING,1,2013,20,"2013/05/12 00:00:00",SA1,24383.002738,7529.1620064,0.3088
D,CO2EII,PUBLISHING,1,2013,20,"2013/05/12 00:00:00",TAS1,36128.93431899,2.36238354,0.0001
D,CO2EII,PUBLISHING,1,2013,20,"2013/05/12 00:00:00",VIC1,120050.79368701,147429.26185015,1.2281
D,CO2EII,PUBLISHING,1,2013,20,"2013/05/13 00:00:00",NEM,512306.47458834,435721.67624705,0.8505
D,CO2EII,PUBLISHING,1,2013,20,"2013/05/13 00:00:00",NSW1,176857.54379097,169352.49646523,0.9576
D,CO2EII,PUBLISHING,1,2013,20,"2013/05/13 00:00:00",QLD1,139355.82340238,118150.93636394,0.8478
D,CO2EII,PUBLISHING,1,2013,20,"2013/05/13 00:00:00",SA1,28482.117644,9611.43572565,0.3375
D,CO2EII,PUBLISHING,1,2013,20,"2013/05/13 00:00:00",TAS1,39349.293027,228.08058874,0.0058
D,CO2EII,PUBLISHING,1,2013,20,"2013/05/13 00:00:00",VIC1,128261.69672399,138378.72710349,1.0789
D,CO2EII,PUBLISHING,1,2013,20,"2013/05/14 00:00:00",NEM,520282.80176506,434784.90361035,0.8357
D,CO2EII,PUBLISHING,1,2013,20,"2013/05/14 00:00:00",NSW1,177010.47936299,165474.87977304,0.9348
D,CO2EII,PUBLISHING,1,2013,20,"2013/05/14 00:00:00",QLD1,136500.47959507,115070.94864631,0.843
D,CO2EII,PUBLISHING,1,2013,20,"2013/05/14 00:00:00",SA1,28415.497089,8720.40291535,0.3069
D,CO2EII,PUBLISHING,1,2013,20,"2013/05/14 00:00:00",TAS1,40506.70087599,2.09508108,0.0001
D,CO2EII,PUBLISHING,1,2013,20,"2013/05/14 00:00:00",VIC1,137849.64484201,145516.57719457,1.0556
D,CO2EII,PUBLISHING,1,2013,20,"2013/05/15 00:00:00",NEM,521016.22773698,435825.45947686,0.8365
D,CO2EII,PUBLISHING,1,2013,20,"2013/05/15 00:00:00",NSW1,174400.070173,163964.56570558,0.9402
D,CO2EII,PUBLISHING,1,2013,20,"2013/05/15 00:00:00",QLD1,137922.13416297,115293.89128112,0.8359
D,CO2EII,PUBLISHING,1,2013,20,"2013/05/15 00:00:00",SA1,28847.86115999,10834.31393208,0.3756
D,CO2EII,PUBLISHING,1,2013,20,"2013/05/15 00:00:00",TAS1,40320.109747,148.69630123,0.0037
D,CO2EII,PUBLISHING,1,2013,20,"2013/05/15 00:00:00",VIC1,139526.05249402,145583.99225685,1.0434
D,CO2EII,PUBLISHING,1,2013,20,"2013/05/16 00:00:00",NEM,526874.72237942,446490.81510946,0.8474
D,CO2EII,PUBLISHING,1,2013,20,"2013/05/16 00:00:00",NSW1,179395.82880099,163010.89765637,0.9087
D,CO2EII,PUBLISHING,1,2013,20,"2013/05/16 00:00:00",QLD1,140835.29881389,118579.3908009,0.842
D,CO2EII,PUBLISHING,1,2013,20,"2013/05/16 00:00:00",SA1,26293.25295654,15304.16092729,0.5821
D,CO2EII,PUBLISHING,1,2013,20,"2013/05/16 00:00:00",TAS1,39963.809313,178.94831012,0.0045
D,CO2EII,PUBLISHING,1,2013,20,"2013/05/16 00:00:00",VIC1,140386.532495,149417.41741478,1.0643
D,CO2EII,PUBLISHING,1,2013,20,"2013/05/17 00:00:00",NEM,521337.40253855,465564.61631834,0.893
D,CO2EII,PUBLISHING,1,2013,20,"2013/05/17 00:00:00",NSW1,174663.450823,167198.30192198,0.9573
D,CO2EII,PUBLISHING,1,2013,20,"2013/05/17 00:00:00",QLD1,141500.02004355,118549.96701397,0.8378
D,CO2EII,PUBLISHING,1,2013,20,"2013/05/17 00:00:00",SA1,26356.75306,19274.78599586,0.7313
D,CO2EII,PUBLISHING,1,2013,20,"2013/05/17 00:00:00",TAS1,40821.311455,1464.76971558,0.0359
D,CO2EII,PUBLISHING,1,2013,20,"2013/05/17 00:00:00",VIC1,137995.867157,159076.79167095,1.1528
D,CO2EII,PUBLISHING,1,2013,20,"2013/05/18 00:00:00",NEM,483784.04617696,445995.9441647,0.9219
D,CO2EII,PUBLISHING,1,2013,20,"2013/05/18 00:00:00",NSW1,163609.803812,157663.88149699,0.9637
D,CO2EII,PUBLISHING,1,2013,20,"2013/05/18 00:00:00",QLD1,132398.82781297,112500.39657564,0.8497
D,CO2EII,PUBLISHING,1,2013,20,"2013/05/18 00:00:00",SA1,23049.88672801,16547.97958654,0.7179
D,CO2EII,PUBLISHING,1,2013,20,"2013/05/18 00:00:00",TAS1,38556.28369701,1873.96931819,0.0486
D,CO2EII,PUBLISHING,1,2013,20,"2013/05/18 00:00:00",VIC1,126169.24412697,157409.71718734,1.2476
D,CO2EII,PUBLISHING,1,2013,21,"2013/05/19 00:00:00",NEM,473520.63759786,426246.20892608,0.9002
D,CO2EII,PUBLISHING,1,2013,21,"2013/05/19 00:00:00",NSW1,159722.146571,153247.65663013,0.9595
D,CO2EII,PUBLISHING,1,2013,21,"2013/05/19 00:00:00",QLD1,129693.67539387,111143.18780729,0.857
D,CO2EII,PUBLISHING,1,2013,21,"2013/05/19 00:00:00",SA1,25066.602148,11533.95797387,0.4601
D,CO2EII,PUBLISHING,1,2013,21,"2013/05/19 00:00:00",TAS1,41388.86941499,1971.10228817,0.0476
D,CO2EII,PUBLISHING,1,2013,21,"2013/05/19 00:00:00",VIC1,117649.34407,148350.30422662,1.261
D,CO2EII,PUBLISHING,1,2013,21,"2013/05/20 00:00:00",NEM,535049.62923387,471563.98447729,0.8813
D,CO2EII,PUBLISHING,1,2013,21,"2013/05/20 00:00:00",NSW1,181136.07519,171410.68842934,0.9463
D,CO2EII,PUBLISHING,1,2013,21,"2013/05/20 00:00:00",QLD1,140512.71318189,118818.26318833,0.8456
D,CO2EII,PUBLISHING,1,2013,21,"2013/05/20 00:00:00",SA1,26008.78672199,11885.33803453,0.457
D,CO2EII,PUBLISHING,1,2013,21,"2013/05/20 00:00:00",TAS1,43935.58527699,1803.28096317,0.041
D,CO2EII,PUBLISHING,1,2013,21,"2013/05/20 00:00:00",VIC1,143456.468863,167646.41386192,1.1686
D,CO2EII,PUBLISHING,1,2013,21,"2013/05/21 00:00:00",NEM,533375.68049333,458030.69972624,0.8587
D,CO2EII,PUBLISHING,1,2013,21,"2013/05/21 00:00:00",NSW1,186390.45186096,167351.35606448,0.8979
D,CO2EII,PUBLISHING,1,2013,21,"2013/05/21 00:00:00",QLD1,138987.13769809,115726.95616674,0.8326
D,CO2EII,PUBLISHING,1,2013,21,"2013/05/21 00:00:00",SA1,26820.66398026,10499.01132418,0.3915
D,CO2EII,PUBLISHING,1,2013,21,"2013/05/21 00:00:00",TAS1,40220.63909201,1829.12170132,0.0455
D,CO2EII,PUBLISHING,1,2013,21,"2013/05/21 00:00:00",VIC1,140956.78786201,162624.25446952,1.1537
D,CO2EII,PUBLISHING,1,2013,21,"2013/05/22 00:00:00",NEM,550822.10401337,474699.62788779,0.8618
D,CO2EII,PUBLISHING,1,2013,21,"2013/05/22 00:00:00",NSW1,194559.747443,178292.32284702,0.9164
D,CO2EII,PUBLISHING,1,2013,21,"2013/05/22 00:00:00",QLD1,144170.74798837,118781.11751708,0.8239
D,CO2EII,PUBLISHING,1,2013,21,"2013/05/22 00:00:00",SA1,28306.68060799,15113.73604795,0.5339
D,CO2EII,PUBLISHING,1,2013,21,"2013/05/22 00:00:00",TAS1,40517.694741,1785.70897266,0.0441
D,CO2EII,PUBLISHING,1,2013,21,"2013/05/22 00:00:00",VIC1,143267.23323301,160726.74250308,1.1219
D,CO2EII,PUBLISHING,1,2013,21,"2013/05/23 00:00:00",NEM,535503.32572809,456455.61641926,0.8524
D,CO2EII,PUBLISHING,1,2013,21,"2013/05/23 00:00:00",NSW1,190675.680436,171464.98562882,0.8992
D,CO2EII,PUBLISHING,1,2013,21,"2013/05/23 00:00:00",QLD1,138760.9823231,115978.13235883,0.8358
D,CO2EII,PUBLISHING,1,2013,21,"2013/05/23 00:00:00",SA1,27688.69783799,12826.4841679,0.4632
D,CO2EII,PUBLISHING,1,2013,21,"2013/05/23 00:00:00",TAS1,39161.979241,2087.39178528,0.0533
D,CO2EII,PUBLISHING,1,2013,21,"2013/05/23 00:00:00",VIC1,139215.98589,154098.62247843,1.1069
D,CO2EII,PUBLISHING,1,2013,21,"2013/05/24 00:00:00",NEM,534963.7878995,480615.57667357,0.8984
D,CO2EII,PUBLISHING,1,2013,21,"2013/05/24 00:00:00",NSW1,192979.51999696,181971.94547722,0.943
D,CO2EII,PUBLISHING,1,2013,21,"2013/05/24 00:00:00",QLD1,136197.38273854,115353.97185196,0.847
D,CO2EII,PUBLISHING,1,2013,21,"2013/05/24 00:00:00",SA1,27129.418711,17396.98414498,0.6413
D,CO2EII,PUBLISHING,1,2013,21,"2013/05/24 00:00:00",TAS1,35838.79447799,2112.89243196,0.059
D,CO2EII,PUBLISHING,1,2013,21,"2013/05/24 00:00:00",VIC1,142818.67197501,163779.78276745,1.1468
D,CO2EII,PUBLISHING,1,2013,21,"2013/05/25 00:00:00",NEM,482274.18905034,446718.21340281,0.9263
D,CO2EII,PUBLISHING,1,2013,21,"2013/05/25 00:00:00",NSW1,172231.786248,162586.96568431,0.944
D,CO2EII,PUBLISHING,1,2013,21,"2013/05/25 00:00:00",QLD1,128793.35201285,111729.01293748,0.8675
D,CO2EII,PUBLISHING,1,2013,21,"2013/05/25 00:00:00",SA1,23666.64462149,14586.55963302,0.6163
D,CO2EII,PUBLISHING,1,2013,21,"2013/05/25 00:00:00",TAS1,28630.13336,1918.36823869,0.067
D,CO2EII,PUBLISHING,1,2013,21,"2013/05/25 00:00:00",VIC1,128952.272808,155897.30690931,1.209
D,CO2EII,PUBLISHING,1,2013,22,"2013/05/26 00:00:00",NEM,475432.29202693,440753.87344199,0.9271
D,CO2EII,PUBLISHING,1,2013,22,"2013/05/26 00:00:00",NSW1,172001.204993,163694.19389931,0.9517
D,CO2EII,PUBLISHING,1,2013,22,"2013/05/26 00:00:00",QLD1,128171.06178375,110406.60787736,0.8614
D,CO2EII,PUBLISHING,1,2013,22,"2013/05/26 00:00:00",SA1,21827.34697718,13924.32367293,0.6379
D,CO2EII,PUBLISHING,1,2013,22,"2013/05/26 00:00:00",TAS1,28742.69757,2013.10924292,0.07
D,CO2EII,PUBLISHING,1,2013,22,"2013/05/26 00:00:00",VIC1,124689.980703,150715.63874947,1.2087
D,CO2EII,PUBLISHING,1,2013,22,"2013/05/27 00:00:00",NEM,534038.62618534,468297.8850977,0.8769
D,CO2EII,PUBLISHING,1,2013,22,"2013/05/27 00:00:00",NSW1,198415.33073001,179066.9224113,0.9025
D,CO2EII,PUBLISHING,1,2013,22,"2013/05/27 00:00:00",QLD1,137871.85225731,117929.06981904,0.8554
D,CO2EII,PUBLISHING,1,2013,22,"2013/05/27 00:00:00",SA1,27841.249179,16627.60853516,0.5972
D,CO2EII,PUBLISHING,1,2013,22,"2013/05/27 00:00:00",TAS1,31680.315665,2086.86516795,0.0659
D,CO2EII,PUBLISHING,1,2013,22,"2013/05/27 00:00:00",VIC1,138229.87835402,152587.41916425,1.1039
D,CO2EII,PUBLISHING,1,2013,22,"2013/05/28 00:00:00",NEM,536667.30590808,475135.56233129,0.8853
D,CO2EII,PUBLISHING,1,2013,22,"2013/05/28 00:00:00",NSW1,195473.02359901,177594.34466631,0.9085
D,CO2EII,PUBLISHING,1,2013,22,"2013/05/28 00:00:00",QLD1,139879.16788904,118952.20289847,0.8504
D,CO2EII,PUBLISHING,1,2013,22,"2013/05/28 00:00:00",SA1,28285.71436601,15715.39068652,0.5556
D,CO2EII,PUBLISHING,1,2013,22,"2013/05/28 00:00:00",TAS1,31760.14892101,2066.26824671,0.0651
D,CO2EII,PUBLISHING,1,2013,22,"2013/05/28 00:00:00",VIC1,141269.25113301,160807.35583328,1.1383
D,CO2EII,PUBLISHING,1,2013,22,"2013/05/29 00:00:00",NEM,527780.35102986,467478.90982993,0.8857
D,CO2EII,PUBLISHING,1,2013,22,"2013/05/29 00:00:00",NSW1,188361.12563901,176747.01458275,0.9383
D,CO2EII,PUBLISHING,1,2013,22,"2013/05/29 00:00:00",QLD1,135436.86490084,115317.43635723,0.8514
D,CO2EII,PUBLISHING,1,2013,22,"2013/05/29 00:00:00",SA1,29672.616071,12699.95096988,0.428
D,CO2EII,PUBLISHING,1,2013,22,"2013/05/29 00:00:00",TAS1,31126.554491,2088.70855833,0.0671
D,CO2EII,PUBLISHING,1,2013,22,"2013/05/29 00:00:00",VIC1,143183.18992801,160625.79936174,1.1218
D,CO2EII,PUBLISHING,1,2013,22,"2013/05/30 00:00:00",NEM,528190.17189141,466344.87960658,0.8829
D,CO2EII,PUBLISHING,1,2013,22,"2013/05/30 00:00:00",NSW1,187856.958327,176384.51107266,0.9389
D,CO2EII,PUBLISHING,1,2013,22,"2013/05/30 00:00:00",QLD1,135344.02212042,115009.9789151,0.8498
D,CO2EII,PUBLISHING,1,2013,22,"2013/05/30 00:00:00",SA1,30159.263979,10802.01879894,0.3582
D,CO2EII,PUBLISHING,1,2013,22,"2013/05/30 00:00:00",TAS1,29910.878645,1968.62949225,0.0658
D,CO2EII,PUBLISHING,1,2013,22,"2013/05/30 00:00:00",VIC1,144919.04881999,162179.74132763,1.1191
D,CO2EII,PUBLISHING,1,2013,22,"2013/05/31 00:00:00",NEM,517818.533506,462870.69207836,0.8939
D,CO2EII,PUBLISHING,1,2013,22,"2013/05/31 00:00:00",NSW1,175841.643513,167370.96745731,0.9518
D,CO2EII,PUBLISHING,1,2013,22,"2013/05/31 00:00:00",QLD1,136211.03134,116024.5027522,0.8518
D,CO2EII,PUBLISHING,1,2013,22,"2013/05/31 00:00:00",SA1,32744.510078,13849.12124753,0.4229
D,CO2EII,PUBLISHING,1,2013,22,"2013/05/31 00:00:00",TAS1,29074.74689,1997.01622401,0.0687
D,CO2EII,PUBLISHING,1,2013,22,"2013/05/31 00:00:00",VIC1,143946.601685,163629.08439731,1.1367
D,CO2EII,PUBLISHING,1,2013,22,"2013/06/01 00:00:00",NEM,484034.87734996,440708.71639999,0.9105
D,CO2EII,PUBLISHING,1,2013,22,"2013/06/01 00:00:00",NSW1,164926.530608,154149.95663644,0.9347
D,CO2EII,PUBLISHING,1,2013,22,"2013/06/01 00:00:00",QLD1,125160.99978498,107822.30140831,0.8615
D,CO2EII,PUBLISHING,1,2013,22,"2013/06/01 00:00:00",SA1,33067.019573,12842.48789583,0.3884
D,CO2EII,PUBLISHING,1,2013,22,"2013/06/01 00:00:00",TAS1,31063.193916,1770.5042536,0.057
D,CO2EII,PUBLISHING,1,2013,22,"2013/06/01 00:00:00",VIC1,129817.13346798,164123.46620581,1.2643
D,CO2EII,PUBLISHING,1,2013,23,"2013/06/02 00:00:00",NEM,482872.97607023,445116.1749242,0.9218
D,CO2EII,PUBLISHING,1,2013,23,"2013/06/02 00:00:00",NSW1,167334.090546,159184.52248648,0.9513
D,CO2EII,PUBLISHING,1,2013,23,"2013/06/02 00:00:00",QLD1,125395.60156223,108622.28273634,0.8662
D,CO2EII,PUBLISHING,1,2013,23,"2013/06/02 00:00:00",SA1,27721.64043899,14502.94390755,0.5232
D,CO2EII,PUBLISHING,1,2013,23,"2013/06/02 00:00:00",TAS1,32882.01095801,1805.69859464,0.0549
D,CO2EII,PUBLISHING,1,2013,23,"2013/06/02 00:00:00",VIC1,129539.632565,161000.72719919,1.2429
D,CO2EII,PUBLISHING,1,2013,23,"2013/06/03 00:00:00",NEM,535013.42477745,481327.81267772,0.8997
D,CO2EII,PUBLISHING,1,2013,23,"2013/06/03 00:00:00",NSW1,185282.368787,173616.1457516,0.937
D,CO2EII,PUBLISHING,1,2013,23,"2013/06/03 00:00:00",QLD1,134481.78971945,114948.68797786,0.8548
D,CO2EII,PUBLISHING,1,2013,23,"2013/06/03 00:00:00",SA1,27903.765706,21631.05321686,0.7752
D,CO2EII,PUBLISHING,1,2013,23,"2013/06/03 00:00:00",TAS1,39671.353587,1805.13241112,0.0455
D,CO2EII,PUBLISHING,1,2013,23,"2013/06/03 00:00:00",VIC1,147674.146978,169326.79332028,1.1466
D,CO2EII,PUBLISHING,1,2013,23,"2013/06/04 00:00:00",NEM,536347.8902004,479551.46397644,0.8941
D,CO2EII,PUBLISHING,1,2013,23,"2013/06/04 00:00:00",NSW1,184969.68,173649.39462133,0.9388
D,CO2EII,PUBLISHING,1,2013,23,"2013/06/04 00:00:00",QLD1,138866.33621041,117327.08571735,0.8449
D,CO2EII,PUBLISHING,1,2013,23,"2013/06/04 00:00:00",SA1,29694.568516,20274.69970851,0.6828
D,CO2EII,PUBLISHING,1,2013,23,"2013/06/04 00:00:00",TAS1,38236.741382,1805.77298173,0.0472
D,CO2EII,PUBLISHING,1,2013,23,"2013/06/04 00:00:00",VIC1,144580.56409199,166494.51094752,1.1516
D,CO2EII,PUBLISHING,1,2013,23,"2013/06/05 00:00:00",NEM,541102.96410132,475538.77180752,0.8788
D,CO2EII,PUBLISHING,1,2013,23,"2013/06/05 00:00:00",NSW1,184906.734894,177039.18323225,0.9575
D,CO2EII,PUBLISHING,1,2013,23,"2013/06/05 00:00:00",QLD1,136629.31972756,114187.42376047,0.8357
D,CO2EII,PUBLISHING,1,2013,23,"2013/06/05 00:00:00",SA1,32500.89005375,16705.80978947,0.514
D,CO2EII,PUBLISHING,1,2013,23,"2013/06/05 00:00:00",TAS1,40817.409579,1847.3840267,0.0453
D,CO2EII,PUBLISHING,1,2013,23,"2013/06/05 00:00:00",VIC1,146248.60984701,165758.97099863,1.1334
D,CO2EII,PUBLISHING,1,2013,23,"2013/06/06 00:00:00",NEM,532718.37347084,454357.99317779,0.8529
D,CO2EII,PUBLISHING,1,2013,23,"2013/06/06 00:00:00",NSW1,177366.383865,166957.2116514,0.9413
D,CO2EII,PUBLISHING,1,2013,23,"2013/06/06 00:00:00",QLD1,137031.57375983,113471.92276284,0.8281
D,CO2EII,PUBLISHING,1,2013,23,"2013/06/06 00:00:00",SA1,37018.527481,13616.3516743,0.3678
D,CO2EII,PUBLISHING,1,2013,23,"2013/06/06 00:00:00",TAS1,41105.000381,1937.71601579,0.0471
D,CO2EII,PUBLISHING,1,2013,23,"2013/06/06 00:00:00",VIC1,140196.88798401,158374.79107346,1.1297
D,CO2EII,PUBLISHING,1,2013,23,"2013/06/07 00:00:00",NEM,524393.68235243,462374.2384097,0.8817
D,CO2EII,PUBLISHING,1,2013,23,"2013/06/07 00:00:00",NSW1,178398.579894,166441.68605114,0.933
D,CO2EII,PUBLISHING,1,2013,23,"2013/06/07 00:00:00",QLD1,136626.73490743,113126.39935138,0.828
D,CO2EII,PUBLISHING,1,2013,23,"2013/06/07 00:00:00",SA1,30711.901833,17916.03317039,0.5834
D,CO2EII,PUBLISHING,1,2013,23,"2013/06/07 00:00:00",TAS1,41885.15323301,1992.71933478,0.0476
D,CO2EII,PUBLISHING,1,2013,23,"2013/06/07 00:00:00",VIC1,136771.31248499,162897.40050201,1.191
D,CO2EII,PUBLISHING,1,2013,23,"2013/06/08 00:00:00",NEM,488657.56695095,447083.86892487,0.9149
D,CO2EII,PUBLISHING,1,2013,23,"2013/06/08 00:00:00",NSW1,167319.864978,161385.67313348,0.9645
D,CO2EII,PUBLISHING,1,2013,23,"2013/06/08 00:00:00",QLD1,128313.83618695,108057.23393295,0.8421
D,CO2EII,PUBLISHING,1,2013,23,"2013/06/08 00:00:00",SA1,23691.146703,14996.1079005,0.633
D,CO2EII,PUBLISHING,1,2013,23,"2013/06/08 00:00:00",TAS1,40859.418259,2008.20480958,0.0491
D,CO2EII,PUBLISHING,1,2013,23,"2013/06/08 00:00:00",VIC1,128473.300824,160636.64914836,1.2504
D,CO2EII,PUBLISHING,1,2013,24,"2013/06/09 00:00:00",NEM,473627.98991229,429137.61932923,0.9061
D,CO2EII,PUBLISHING,1,2013,24,"2013/06/09 00:00:00",NSW1,155841.25815599,149938.59363306,0.9621
D,CO2EII,PUBLISHING,1,2013,24,"2013/06/09 00:00:00",QLD1,126343.64925528,105951.74668208,0.8386
D,CO2EII,PUBLISHING,1,2013,24,"2013/06/09 00:00:00",SA1,24329.845504,13313.56984943,0.5472
D,CO2EII,PUBLISHING,1,2013,24,"2013/06/09 00:00:00",TAS1,39952.362502,2068.92632927,0.0518
D,CO2EII,PUBLISHING,1,2013,24,"2013/06/09 00:00:00",VIC1,127160.87449502,157864.78283539,1.2415
D,CO2EII,PUBLISHING,1,2013,24,"2013/06/10 00:00:00",NEM,486327.74436023,434793.032456,0.894
D,CO2EII,PUBLISHING,1,2013,24,"2013/06/10 00:00:00",NSW1,158649.59823,150565.56740441,0.949
D,CO2EII,PUBLISHING,1,2013,24,"2013/06/10 00:00:00",QLD1,129929.46708224,108894.6902389,0.8381
D,CO2EII,PUBLISHING,1,2013,24,"2013/06/10 00:00:00",SA1,27046.88700599,13108.71241527,0.4847
D,CO2EII,PUBLISHING,1,2013,24,"2013/06/10 00:00:00",TAS1,38196.006293,2083.11285794,0.0545
D,CO2EII,PUBLISHING,1,2013,24,"2013/06/10 00:00:00",VIC1,132505.785749,160140.94953948,1.2086
D,CO2EII,PUBLISHING,1,2013,24,"2013/06/11 00:00:00",NEM,535173.30231824,471576.48733148,0.8812
D,CO2EII,PUBLISHING,1,2013,24,"2013/06/11 00:00:00",NSW1,181461.78235601,172720.43673244,0.9518
D,CO2EII,PUBLISHING,1,2013,24,"2013/06/11 00:00:00",QLD1,137315.17125225,112942.15375966,0.8225
D,CO2EII,PUBLISHING,1,2013,24,"2013/06/11 00:00:00",SA1,27054.178317,16637.86922265,0.615
D,CO2EII,PUBLISHING,1,2013,24,"2013/06/11 00:00:00",TAS1,41451.842926,2089.97507242,0.0504
D,CO2EII,PUBLISHING,1,2013,24,"2013/06/11 00:00:00",VIC1,147890.32746698,167186.05254431,1.1305
D,CO2EII,PUBLISHING,1,2013,24,"2013/06/12 00:00:00",NEM,550107.73141284,478455.14018968,0.8697
D,CO2EII,PUBLISHING,1,2013,24,"2013/06/12 00:00:00",NSW1,187024.69418801,175109.07809571,0.9363
D,CO2EII,PUBLISHING,1,2013,24,"2013/06/12 00:00:00",QLD1,138655.54463485,115498.07142576,0.833
D,CO2EII,PUBLISHING,1,2013,24,"2013/06/12 00:00:00",SA1,30447.22308799,14559.87200701,0.4782
D,CO2EII,PUBLISHING,1,2013,24,"2013/06/12 00:00:00",TAS1,40429.738763,2071.35577363,0.0512
D,CO2EII,PUBLISHING,1,2013,24,"2013/06/12 00:00:00",VIC1,153550.53073899,171216.76288757,1.1151
D,CO2EII,PUBLISHING,1,2013,24,"2013/06/13 00:00:00",NEM,540678.12597814,463535.41303375,0.8573
D,CO2EII,PUBLISHING,1,2013,24,"2013/06/13 00:00:00",NSW1,182089.934714,170514.77257489,0.9364
D,CO2EII,PUBLISHING,1,2013,24,"2013/06/13 00:00:00",QLD1,133452.71304113,112304.73817119,0.8415
D,CO2EII,PUBLISHING,1,2013,24,"2013/06/13 00:00:00",SA1,33894.161838,13612.46733511,0.4016
D,CO2EII,PUBLISHING,1,2013,24,"2013/06/13 00:00:00",TAS1,40699.599403,2083.55915639,0.0512
D,CO2EII,PUBLISHING,1,2013,24,"2013/06/13 00:00:00",VIC1,150541.71698201,165019.87579617,1.0962
D,CO2EII,PUBLISHING,1,2013,24,"2013/06/14 00:00:00",NEM,536684.76453701,464181.65618608,0.8649
D,CO2EII,PUBLISHING,1,2013,24,"2013/06/14 00:00:00",NSW1,177340.568633,165849.516491,0.9352
D,CO2EII,PUBLISHING,1,2013,24,"2013/06/14 00:00:00",QLD1,136095.256918,115300.39796501,0.8472
D,CO2EII,PUBLISHING,1,2013,24,"2013/06/14 00:00:00",SA1,31839.257578,14770.43029481,0.4639
D,CO2EII,PUBLISHING,1,2013,24,"2013/06/14 00:00:00",TAS1,41281.371328,2081.4011,0.0504
D,CO2EII,PUBLISHING,1,2013,24,"2013/06/14 00:00:00",VIC1,150128.31008001,166179.91033526,1.1069
D,CO2EII,PUBLISHING,1,2013,24,"2013/06/15 00:00:00",NEM,495026.03497999,453170.98224921,0.9154
D,CO2EII,PUBLISHING,1,2013,24,"2013/06/15 00:00:00",NSW1,165650.721404,156963.69143081,0.9476
D,CO2EII,PUBLISHING,1,2013,24,"2013/06/15 00:00:00",QLD1,126292.96079098,108794.08813887,0.8614
D,CO2EII,PUBLISHING,1,2013,24,"2013/06/15 00:00:00",SA1,27573.920996,14757.31949703,0.5352
D,CO2EII,PUBLISHING,1,2013,24,"2013/06/15 00:00:00",TAS1,36646.620999,2087.7989627,0.057
D,CO2EII,PUBLISHING,1,2013,24,"2013/06/15 00:00:00",VIC1,138861.81079001,170568.0842198,1.2283
D,CO2EII,PUBLISHING,1,2013,25,"2013/06/16 00:00:00",NEM,487953.91173063,449385.40466947,0.921
D,CO2EII,PUBLISHING,1,2013,25,"2013/06/16 00:00:00",NSW1,170575.21713399,160805.65144499,0.9427
D,CO2EII,PUBLISHING,1,2013,25,"2013/06/16 00:00:00",QLD1,125917.04408063,108643.06087922,0.8628
D,CO2EII,PUBLISHING,1,2013,25,"2013/06/16 00:00:00",SA1,23522.93166301,14251.25576806,0.6058
D,CO2EII,PUBLISHING,1,2013,25,"2013/06/16 00:00:00",TAS1,38143.078754,2088.38851757,0.0548
D,CO2EII,PUBLISHING,1,2013,25,"2013/06/16 00:00:00",VIC1,129795.640099,163597.04805963,1.2604
D,CO2EII,PUBLISHING,1,2013,25,"2013/06/17 00:00:00",NEM,555738.7826036,490418.60027322,0.8825
D,CO2EII,PUBLISHING,1,2013,25,"2013/06/17 00:00:00",NSW1,206508.884804,187701.95638045,0.9089
D,CO2EII,PUBLISHING,1,2013,25,"2013/06/17 00:00:00",QLD1,136151.88281961,117459.24516777,0.8627
D,CO2EII,PUBLISHING,1,2013,25,"2013/06/17 00:00:00",SA1,26551.883077,18414.86900934,0.6935
D,CO2EII,PUBLISHING,1,2013,25,"2013/06/17 00:00:00",TAS1,38438.289146,2085.49827422,0.0543
D,CO2EII,PUBLISHING,1,2013,25,"2013/06/17 00:00:00",VIC1,148087.84275699,164757.03144144,1.1126
D,CO2EII,PUBLISHING,1,2013,25,"2013/06/18 00:00:00",NEM,557913.60742768,493447.24447455,0.8845
D,CO2EII,PUBLISHING,1,2013,25,"2013/06/18 00:00:00",NSW1,213067.109466,201628.85213766,0.9463
D,CO2EII,PUBLISHING,1,2013,25,"2013/06/18 00:00:00",QLD1,139536.73846067,119976.65039689,0.8598
D,CO2EII,PUBLISHING,1,2013,25,"2013/06/18 00:00:00",SA1,26220.231639,18727.93696672,0.7143
D,CO2EII,PUBLISHING,1,2013,25,"2013/06/18 00:00:00",TAS1,41274.291491,2098.51703622,0.0508
D,CO2EII,PUBLISHING,1,2013,25,"2013/06/18 00:00:00",VIC1,137815.23637101,151015.28793706,1.0958
D,CO2EII,PUBLISHING,1,2013,25,"2013/06/19 00:00:00",NEM,560588.13018104,498714.92389179,0.8896
D,CO2EII,PUBLISHING,1,2013,25,"2013/06/19 00:00:00",NSW1,211929.97971102,196071.25048287,0.9252
D,CO2EII,PUBLISHING,1,2013,25,"2013/06/19 00:00:00",QLD1,139404.28263299,119469.3000335,0.857
D,CO2EII,PUBLISHING,1,2013,25,"2013/06/19 00:00:00",SA1,26888.12416501,17246.00268876,0.6414
D,CO2EII,PUBLISHING,1,2013,25,"2013/06/19 00:00:00",TAS1,39527.77953701,2087.28486765,0.0528
D,CO2EII,PUBLISHING,1,2013,25,"2013/06/19 00:00:00",VIC1,142837.96413501,163841.08581901,1.147
D,CO2EII,PUBLISHING,1,2013,25,"2013/06/20 00:00:00",NEM,565207.70180721,494478.3606008,0.8749
D,CO2EII,PUBLISHING,1,2013,25,"2013/06/20 00:00:00",NSW1,209654.623241,197313.87102274,0.9411
D,CO2EII,PUBLISHING,1,2013,25,"2013/06/20 00:00:00",QLD1,141547.9087272,119922.94394474,0.8472
D,CO2EII,PUBLISHING,1,2013,25,"2013/06/20 00:00:00",SA1,29242.11264501,17373.12247396,0.5941
D,CO2EII,PUBLISHING,1,2013,25,"2013/06/20 00:00:00",TAS1,41880.841298,2088.49046569,0.0499
D,CO2EII,PUBLISHING,1,2013,25,"2013/06/20 00:00:00",VIC1,142882.215896,157779.93269367,1.1043
D,CO2EII,PUBLISHING,1,2013,25,"2013/06/21 00:00:00",NEM,566582.44186241,477273.03040334,0.8424
D,CO2EII,PUBLISHING,1,2013,25,"2013/06/21 00:00:00",NSW1,202501.082237,190825.58707325,0.9423
D,CO2EII,PUBLISHING,1,2013,25,"2013/06/21 00:00:00",QLD1,146221.84533333,124273.06417407,0.8499
D,CO2EII,PUBLISHING,1,2013,25,"2013/06/21 00:00:00",SA1,39643.25580609,17117.06556444,0.4318
D,CO2EII,PUBLISHING,1,2013,25,"2013/06/21 00:00:00",TAS1,37542.19681599,2053.80684742,0.0547
D,CO2EII,PUBLISHING,1,2013,25,"2013/06/21 00:00:00",VIC1,140674.06167,143003.50674416,1.0166
D,CO2EII,PUBLISHING,1,2013,25,"2013/06/22 00:00:00",NEM,522103.82542208,452359.67683508,0.8664
D,CO2EII,PUBLISHING,1,2013,25,"2013/06/22 00:00:00",NSW1,194916.431216,182503.88871064,0.9363
D,CO2EII,PUBLISHING,1,2013,25,"2013/06/22 00:00:00",QLD1,135670.29088716,118557.606023,0.8739
D,CO2EII,PUBLISHING,1,2013,25,"2013/06/22 00:00:00",SA1,39411.85636291,15975.56070434,0.4053
D,CO2EII,PUBLISHING,1,2013,25,"2013/06/22 00:00:00",TAS1,36254.24739401,1983.17101986,0.0547
D,CO2EII,PUBLISHING,1,2013,25,"2013/06/22 00:00:00",VIC1,115850.999562,133339.45037724,1.151
D,CO2EII,PUBLISHING,1,2013,26,"2013/06/23 00:00:00",NEM,512039.35499049,448365.51299244,0.8756
D,CO2EII,PUBLISHING,1,2013,26,"2013/06/23 00:00:00",NSW1,195609.569942,179748.32279884,0.9189
D,CO2EII,PUBLISHING,1,2013,26,"2013/06/23 00:00:00",QLD1,133179.53930149,115821.04129406,0.8697
D,CO2EII,PUBLISHING,1,2013,26,"2013/06/23 00:00:00",SA1,35169.82907801,16221.30164597,0.4612
D,CO2EII,PUBLISHING,1,2013,26,"2013/06/23 00:00:00",TAS1,35225.051192,1955.32275702,0.0555
D,CO2EII,PUBLISHING,1,2013,26,"2013/06/23 00:00:00",VIC1,112855.36547699,134619.52449655,1.1929
D,CO2EII,PUBLISHING,1,2013,26,"2013/06/24 00:00:00",NEM,568896.08333073,490621.55279287,0.8624
D,CO2EII,PUBLISHING,1,2013,26,"2013/06/24 00:00:00",NSW1,210018.89990601,190159.0033136,0.9054
D,CO2EII,PUBLISHING,1,2013,26,"2013/06/24 00:00:00",QLD1,144123.78639173,124623.65508228,0.8647
D,CO2EII,PUBLISHING,1,2013,26,"2013/06/24 00:00:00",SA1,32055.18516799,21190.67992693,0.6611
D,CO2EII,PUBLISHING,1,2013,26,"2013/06/24 00:00:00",TAS1,39357.570423,2203.46494552,0.056
D,CO2EII,PUBLISHING,1,2013,26,"2013/06/24 00:00:00",VIC1,143340.641442,152444.74952454,1.0635
D,CO2EII,PUBLISHING,1,2013,26,"2013/06/25 00:00:00",NEM,568509.86007635,498739.36030783,0.8773
D,CO2EII,PUBLISHING,1,2013,26,"2013/06/25 00:00:00",NSW1,216648.611583,192359.84202396,0.8879
D,CO2EII,PUBLISHING,1,2013,26,"2013/06/25 00:00:00",QLD1,140694.30026034,119709.40747849,0.8508
D,CO2EII,PUBLISHING,1,2013,26,"2013/06/25 00:00:00",SA1,27563.15933099,19620.1925673,0.7118
D,CO2EII,PUBLISHING,1,2013,26,"2013/06/25 00:00:00",TAS1,32867.18187601,2035.95723734,0.0619
D,CO2EII,PUBLISHING,1,2013,26,"2013/06/25 00:00:00",VIC1,150736.60702601,165013.96100074,1.0947
D,CO2EII,PUBLISHING,1,2013,26,"2013/06/26 00:00:00",NEM,556295.23104686,501497.2392067,0.9015
D,CO2EII,PUBLISHING,1,2013,26,"2013/06/26 00:00:00",NSW1,204039.883033,188786.73425111,0.9252
D,CO2EII,PUBLISHING,1,2013,26,"2013/06/26 00:00:00",QLD1,140508.86870767,118845.64134886,0.8458
D,CO2EII,PUBLISHING,1,2013,26,"2013/06/26 00:00:00",SA1,30052.07637119,18602.1598858,0.619
D,CO2EII,PUBLISHING,1,2013,26,"2013/06/26 00:00:00",TAS1,33362.612487,2000.94578906,0.06
D,CO2EII,PUBLISHING,1,2013,26,"2013/06/26 00:00:00",VIC1,148331.790448,173261.75793187,1.1681
D,CO2EII,PUBLISHING,1,2013,26,"2013/06/27 00:00:00",NEM,551549.32327654,495762.34497218,0.8989
D,CO2EII,PUBLISHING,1,2013,26,"2013/06/27 00:00:00",NSW1,200364.657701,183448.24517435,0.9156
D,CO2EII,PUBLISHING,1,2013,26,"2013/06/27 00:00:00",QLD1,140383.60053341,118999.67715573,0.8477
D,CO2EII,PUBLISHING,1,2013,26,"2013/06/27 00:00:00",SA1,28702.10109413,18634.21120171,0.6492
D,CO2EII,PUBLISHING,1,2013,26,"2013/06/27 00:00:00",TAS1,32248.201133,1803.85083794,0.0559
D,CO2EII,PUBLISHING,1,2013,26,"2013/06/27 00:00:00",VIC1,149850.762815,172876.36060245,1.1537
D,CO2EII,PUBLISHING,1,2013,26,"2013/06/28 00:00:00",NEM,541493.71126607,482288.79562103,0.8907
D,CO2EII,PUBLISHING,1,2013,26,"2013/06/28 00:00:00",NSW1,196583.10355401,178007.73929112,0.9055
D,CO2EII,PUBLISHING,1,2013,26,"2013/06/28 00:00:00",QLD1,138841.74557761,117537.03408869,0.8466
D,CO2EII,PUBLISHING,1,2013,26,"2013/06/28 00:00:00",SA1,25502.12207444,18727.55307923,0.7344
D,CO2EII,PUBLISHING,1,2013,26,"2013/06/28 00:00:00",TAS1,33956.732611,2065.99315936,0.0608
D,CO2EII,PUBLISHING,1,2013,26,"2013/06/28 00:00:00",VIC1,146610.00744901,165950.47600263,1.1319
D,CO2EII,PUBLISHING,1,2013,26,"2013/06/29 00:00:00",NEM,507871.91197971,469332.35282437,0.9241
D,CO2EII,PUBLISHING,1,2013,26,"2013/06/29 00:00:00",NSW1,188180.677405,173386.81935365,0.9214
D,CO2EII,PUBLISHING,1,2013,26,"2013/06/29 00:00:00",QLD1,132980.1642535,113114.529744,0.8506
D,CO2EII,PUBLISHING,1,2013,26,"2013/06/29 00:00:00",SA1,23987.13761621,15508.5634315,0.6465
D,CO2EII,PUBLISHING,1,2013,26,"2013/06/29 00:00:00",TAS1,32932.522909,2088.3801451,0.0634
D,CO2EII,PUBLISHING,1,2013,26,"2013/06/29 00:00:00",VIC1,129791.409796,165234.06015012,1.2731
D,CO2EII,PUBLISHING,1,2013,27,"2013/06/30 00:00:00",NEM,490403.93857238,450681.96976666,0.919
D,CO2EII,PUBLISHING,1,2013,27,"2013/06/30 00:00:00",NSW1,174508.79690001,162049.432885,0.9286
D,CO2EII,PUBLISHING,1,2013,27,"2013/06/30 00:00:00",QLD1,131719.47916045,111381.57213747,0.8456
D,CO2EII,PUBLISHING,1,2013,27,"2013/06/30 00:00:00",SA1,27912.04686791,14494.64672441,0.5193
D,CO2EII,PUBLISHING,1,2013,27,"2013/06/30 00:00:00",TAS1,30457.31580001,2077.9947009,0.0682
D,CO2EII,PUBLISHING,1,2013,27,"2013/06/30 00:00:00",VIC1,125806.299844,160678.32331888,1.2772
D,CO2EII,PUBLISHING,1,2013,27,"2013/07/01 00:00:00",NEM,539751.48646403,456118.35490984,0.8451
D,CO2EII,PUBLISHING,1,2013,27,"2013/07/01 00:00:00",NSW1,190644.79358901,171444.32527826,0.8993
D,CO2EII,PUBLISHING,1,2013,27,"2013/07/01 00:00:00",QLD1,137521.09290302,113979.78202171,0.8288
D,CO2EII,PUBLISHING,1,2013,27,"2013/07/01 00:00:00",SA1,34143.31424299,16693.76170499,0.4889
D,CO2EII,PUBLISHING,1,2013,27,"2013/07/01 00:00:00",TAS1,39641.510363,2089.28307382,0.0527
D,CO2EII,PUBLISHING,1,2013,27,"2013/07/01 00:00:00",VIC1,137800.77536601,151911.20283106,1.1024
D,CO2EII,PUBLISHING,1,2013,27,"2013/07/02 00:00:00",NEM,535927.15409647,449334.54278933,0.8384
D,CO2EII,PUBLISHING,1,2013,27,"2013/07/02 00:00:00",NSW1,183612.334775,164456.30822714,0.8957
D,CO2EII,PUBLISHING,1,2013,27,"2013/07/02 00:00:00",QLD1,135664.11355247,111937.30581564,0.8251
D,CO2EII,PUBLISHING,1,2013,27,"2013/07/02 00:00:00",SA1,35240.72929801,16569.78768801,0.4702
D,CO2EII,PUBLISHING,1,2013,27,"2013/07/02 00:00:00",TAS1,40957.454651,1966.10434684,0.048
D,CO2EII,PUBLISHING,1,2013,27,"2013/07/02 00:00:00",VIC1,140452.52181999,154405.0367117,1.0993
D,CO2EII,PUBLISHING,1,2013,27,"2013/07/03 00:00:00",NEM,534547.68403379,444273.38934711,0.8311
D,CO2EII,PUBLISHING,1,2013,27,"2013/07/03 00:00:00",NSW1,184225.06891001,164761.63571388,0.8943
D,CO2EII,PUBLISHING,1,2013,27,"2013/07/03 00:00:00",QLD1,132828.20031678,110377.00391775,0.831
D,CO2EII,PUBLISHING,1,2013,27,"2013/07/03 00:00:00",SA1,39303.724662,13913.11585372,0.354
D,CO2EII,PUBLISHING,1,2013,27,"2013/07/03 00:00:00",TAS1,41124.918177,1951.80538308,0.0475
D,CO2EII,PUBLISHING,1,2013,27,"2013/07/03 00:00:00",VIC1,137065.771968,153269.82847868,1.1182
D,CO2EII,PUBLISHING,1,2013,27,"2013/07/04 00:00:00",NEM,539261.47544744,437881.15618605,0.812
D,CO2EII,PUBLISHING,1,2013,27,"2013/07/04 00:00:00",NSW1,184269.077341,164406.48719746,0.8922
D,CO2EII,PUBLISHING,1,2013,27,"2013/07/04 00:00:00",QLD1,133874.38086043,110181.76070238,0.823
D,CO2EII,PUBLISHING,1,2013,27,"2013/07/04 00:00:00",SA1,41343.08368701,13064.64968369,0.316
D,CO2EII,PUBLISHING,1,2013,27,"2013/07/04 00:00:00",TAS1,41278.968944,2002.88186959,0.0485
D,CO2EII,PUBLISHING,1,2013,27,"2013/07/04 00:00:00",VIC1,138495.964615,148225.37673293,1.0703
D,CO2EII,PUBLISHING,1,2013,27,"2013/07/05 00:00:00",NEM,532904.24825081,429050.25421709,0.8051
D,CO2EII,PUBLISHING,1,2013,27,"2013/07/05 00:00:00",NSW1,181177.007091,157471.61809809,0.8692
D,CO2EII,PUBLISHING,1,2013,27,"2013/07/05 00:00:00",QLD1,131757.7089948,108775.41338041,0.8256
D,CO2EII,PUBLISHING,1,2013,27,"2013/07/05 00:00:00",SA1,38978.666662,13683.21332621,0.351
D,CO2EII,PUBLISHING,1,2013,27,"2013/07/05 00:00:00",TAS1,41831.35260901,2061.27607982,0.0493
D,CO2EII,PUBLISHING,1,2013,27,"2013/07/05 00:00:00",VIC1,139159.512894,147058.73333256,1.0568
D,CO2EII,PUBLISHING,1,2013,27,"2013/07/06 00:00:00",NEM,501488.97262964,439375.43904957,0.8761
D,CO2EII,PUBLISHING,1,2013,27,"2013/07/06 00:00:00",NSW1,179013.761243,164267.48735334,0.9176
D,CO2EII,PUBLISHING,1,2013,27,"2013/07/06 00:00:00",QLD1,127465.33715664,107800.26469972,0.8457
D,CO2EII,PUBLISHING,1,2013,27,"2013/07/06 00:00:00",SA1,30616.834355,13412.58835003,0.4381
D,CO2EII,PUBLISHING,1,2013,27,"2013/07/06 00:00:00",TAS1,42140.614161,2045.45500612,0.0485
D,CO2EII,PUBLISHING,1,2013,27,"2013/07/06 00:00:00",VIC1,122252.425714,151849.64364036,1.2421
D,CO2EII,PUBLISHING,1,2013,28,"2013/07/07 00:00:00",NEM,491197.92878095,446328.54887011,0.9087
D,CO2EII,PUBLISHING,1,2013,28,"2013/07/07 00:00:00",NSW1,176574.657305,163432.72473913,0.9256
D,CO2EII,PUBLISHING,1,2013,28,"2013/07/07 00:00:00",QLD1,127854.18007293,107856.91927683,0.8436
D,CO2EII,PUBLISHING,1,2013,28,"2013/07/07 00:00:00",SA1,25821.09111,14481.75704107,0.5608
D,CO2EII,PUBLISHING,1,2013,28,"2013/07/07 00:00:00",TAS1,38868.794984,2085.41443594,0.0537
D,CO2EII,PUBLISHING,1,2013,28,"2013/07/07 00:00:00",VIC1,122079.20530902,158471.73337714,1.2981
D,CO2EII,PUBLISHING,1,2013,28,"2013/07/08 00:00:00",NEM,550255.93466587,480871.66209432,0.8739
D,CO2EII,PUBLISHING,1,2013,28,"2013/07/08 00:00:00",NSW1,200557.34485132,181357.52160656,0.9043
D,CO2EII,PUBLISHING,1,2013,28,"2013/07/08 00:00:00",QLD1,136864.24753155,115389.50120834,0.8431
D,CO2EII,PUBLISHING,1,2013,28,"2013/07/08 00:00:00",SA1,26139.408184,19069.29999943,0.7295
D,CO2EII,PUBLISHING,1,2013,28,"2013/07/08 00:00:00",TAS1,42319.273114,1256.86648291,0.0297
D,CO2EII,PUBLISHING,1,2013,28,"2013/07/08 00:00:00",VIC1,144375.660985,163798.47279708,1.1345
D,CO2EII,PUBLISHING,1,2013,28,"2013/07/09 00:00:00",NEM,565281.93060615,489634.11341514,0.8662
D,CO2EII,PUBLISHING,1,2013,28,"2013/07/09 00:00:00",NSW1,214060.113459,192072.73185733,0.8973
D,CO2EII,PUBLISHING,1,2013,28,"2013/07/09 00:00:00",QLD1,136711.50936715,116223.48097861,0.8501
D,CO2EII,PUBLISHING,1,2013,28,"2013/07/09 00:00:00",SA1,30445.007037,17795.32501807,0.5845
D,CO2EII,PUBLISHING,1,2013,28,"2013/07/09 00:00:00",TAS1,42323.28274,314.05584581,0.0074
D,CO2EII,PUBLISHING,1,2013,28,"2013/07/09 00:00:00",VIC1,141742.018003,163228.51971532,1.1516
D,CO2EII,PUBLISHING,1,2013,28,"2013/07/10 00:00:00",NEM,562995.8768892,488038.30682546,0.8669
D,CO2EII,PUBLISHING,1,2013,28,"2013/07/10 00:00:00",NSW1,203583.34693901,182912.4245484,0.8985
D,CO2EII,PUBLISHING,1,2013,28,"2013/07/10 00:00:00",QLD1,139349.2770352,117407.52224481,0.8425
D,CO2EII,PUBLISHING,1,2013,28,"2013/07/10 00:00:00",SA1,32162.785003,18372.08600261,0.5712
D,CO2EII,PUBLISHING,1,2013,28,"2013/07/10 00:00:00",TAS1,41887.01037999,378.41769772,0.009
D,CO2EII,PUBLISHING,1,2013,28,"2013/07/10 00:00:00",VIC1,146013.457532,168967.85633192,1.1572
D,CO2EII,PUBLISHING,1,2013,28,"2013/07/11 00:00:00",NEM,555118.28442734,473080.66408322,0.8522
D,CO2EII,PUBLISHING,1,2013,28,"2013/07/11 00:00:00",NSW1,202428.399073,179267.34078846,0.8856
D,CO2EII,PUBLISHING,1,2013,28,"2013/07/11 00:00:00",QLD1,139227.26222436,117622.10041723,0.8448
D,CO2EII,PUBLISHING,1,2013,28,"2013/07/11 00:00:00",SA1,34432.674293,19119.82778251,0.5553
D,CO2EII,PUBLISHING,1,2013,28,"2013/07/11 00:00:00",TAS1,41634.45723299,206.73144146,0.005
D,CO2EII,PUBLISHING,1,2013,28,"2013/07/11 00:00:00",VIC1,137395.49160399,156864.66365356,1.1417
D,CO2EII,PUBLISHING,1,2013,28,"2013/07/12 00:00:00",NEM,545993.52525289,463733.30814163,0.8493
D,CO2EII,PUBLISHING,1,2013,28,"2013/07/12 00:00:00",NSW1,196061.195928,172698.99567248,0.8808
D,CO2EII,PUBLISHING,1,2013,28,"2013/07/12 00:00:00",QLD1,136107.1658929,114347.38124109,0.8401
D,CO2EII,PUBLISHING,1,2013,28,"2013/07/12 00:00:00",SA1,33087.37534299,15458.21601559,0.4672
D,CO2EII,PUBLISHING,1,2013,28,"2013/07/12 00:00:00",TAS1,39369.428595,15.86439769,0.0004
D,CO2EII,PUBLISHING,1,2013,28,"2013/07/12 00:00:00",VIC1,141368.359494,161212.85081478,1.1404
D,CO2EII,PUBLISHING,1,2013,28,"2013/07/13 00:00:00",NEM,501163.6899843,438678.10832568,0.8753
D,CO2EII,PUBLISHING,1,2013,28,"2013/07/13 00:00:00",NSW1,180702.543448,169188.73668454,0.9363
D,CO2EII,PUBLISHING,1,2013,28,"2013/07/13 00:00:00",QLD1,129631.19529029,107870.7343325,0.8321
D,CO2EII,PUBLISHING,1,2013,28,"2013/07/13 00:00:00",SA1,34167.633988,11259.45406148,0.3295
D,CO2EII,PUBLISHING,1,2013,28,"2013/07/13 00:00:00",TAS1,31607.14747499,2.37691674,0.0001
D,CO2EII,PUBLISHING,1,2013,28,"2013/07/13 00:00:00",VIC1,125055.16978302,150356.80633042,1.2023
D,CO2EII,PUBLISHING,1,2013,29,"2013/07/14 00:00:00",NEM,486572.9290512,423705.06359284,0.8708
D,CO2EII,PUBLISHING,1,2013,29,"2013/07/14 00:00:00",NSW1,172904.010698,160357.49765964,0.9274
D,CO2EII,PUBLISHING,1,2013,29,"2013/07/14 00:00:00",QLD1,129080.61282119,107374.52376551,0.8318
D,CO2EII,PUBLISHING,1,2013,29,"2013/07/14 00:00:00",SA1,28585.340751,12049.86381414,0.4215
D,CO2EII,PUBLISHING,1,2013,29,"2013/07/14 00:00:00",TAS1,35558.99378701,2.40862272,0.0001
D,CO2EII,PUBLISHING,1,2013,29,"2013/07/14 00:00:00",VIC1,120443.970994,143920.76973083,1.1949
D,CO2EII,PUBLISHING,1,2013,29,"2013/07/15 00:00:00",NEM,533550.51056952,456489.96741569,0.8556
D,CO2EII,PUBLISHING,1,2013,29,"2013/07/15 00:00:00",NSW1,197208.69281001,175427.75106572,0.8896
D,CO2EII,PUBLISHING,1,2013,29,"2013/07/15 00:00:00",QLD1,137125.87637652,114614.42425178,0.8358
D,CO2EII,PUBLISHING,1,2013,29,"2013/07/15 00:00:00",SA1,26704.022637,16240.60750899,0.6082
D,CO2EII,PUBLISHING,1,2013,29,"2013/07/15 00:00:00",TAS1,38767.652039,2.35253538,0.0001
D,CO2EII,PUBLISHING,1,2013,29,"2013/07/15 00:00:00",VIC1,133744.26670699,150204.83205382,1.1231
D,CO2EII,PUBLISHING,1,2013,29,"2013/07/16 00:00:00",NEM,527230.57539427,460515.24236542,0.8735
D,CO2EII,PUBLISHING,1,2013,29,"2013/07/16 00:00:00",NSW1,194021.32620599,182489.01027973,0.9406
D,CO2EII,PUBLISHING,1,2013,29,"2013/07/16 00:00:00",QLD1,134156.88192072,112852.97623963,0.8412
D,CO2EII,PUBLISHING,1,2013,29,"2013/07/16 00:00:00",SA1,26107.06253055,16819.59669301,0.6443
D,CO2EII,PUBLISHING,1,2013,29,"2013/07/16 00:00:00",TAS1,38696.214539,2.37268998,0.0001
D,CO2EII,PUBLISHING,1,2013,29,"2013/07/16 00:00:00",VIC1,134249.09019801,148351.28646307,1.105
D,CO2EII,PUBLISHING,1,2013,29,"2013/07/17 00:00:00",NEM,516945.78157601,434106.17040171,0.8398
D,CO2EII,PUBLISHING,1,2013,29,"2013/07/17 00:00:00",NSW1,179705.13923301,163289.80312604,0.9087
D,CO2EII,PUBLISHING,1,2013,29,"2013/07/17 00:00:00",QLD1,131318.74318299,110455.0333125,0.8411
D,CO2EII,PUBLISHING,1,2013,29,"2013/07/17 00:00:00",SA1,36409.47322299,12799.86919585,0.3516
D,CO2EII,PUBLISHING,1,2013,29,"2013/07/17 00:00:00",TAS1,36210.066132,2.37739608,0.0001
D,CO2EII,PUBLISHING,1,2013,29,"2013/07/17 00:00:00",VIC1,133302.35980502,147559.08737124,1.107
D,CO2EII,PUBLISHING,1,2013,29,"2013/07/18 00:00:00",NEM,515927.69389934,421294.95450302,0.8166
D,CO2EII,PUBLISHING,1,2013,29,"2013/07/18 00:00:00",NSW1,177213.394391,160263.72271715,0.9044
D,CO2EII,PUBLISHING,1,2013,29,"2013/07/18 00:00:00",QLD1,131220.86519132,109880.26230168,0.8374
D,CO2EII,PUBLISHING,1,2013,29,"2013/07/18 00:00:00",SA1,38934.45158801,11581.91991466,0.2975
D,CO2EII,PUBLISHING,1,2013,29,"2013/07/18 00:00:00",TAS1,34206.793207,2.41858974,0.0001
D,CO2EII,PUBLISHING,1,2013,29,"2013/07/18 00:00:00",VIC1,134352.18952201,139566.63097979,1.0388
D,CO2EII,PUBLISHING,1,2013,29,"2013/07/19 00:00:00",NEM,518577.42472268,426564.30164152,0.8226
D,CO2EII,PUBLISHING,1,2013,29,"2013/07/19 00:00:00",NSW1,183060.742403,167602.06587236,0.9156
D,CO2EII,PUBLISHING,1,2013,29,"2013/07/19 00:00:00",QLD1,132086.84451767,109199.82524436,0.8267
D,CO2EII,PUBLISHING,1,2013,29,"2013/07/19 00:00:00",SA1,37512.71594601,11983.94924159,0.3195
D,CO2EII,PUBLISHING,1,2013,29,"2013/07/19 00:00:00",TAS1,35005.218839,2.47164582,0.0001
D,CO2EII,PUBLISHING,1,2013,29,"2013/07/19 00:00:00",VIC1,130911.903017,137775.98963739,1.0524
D,CO2EII,PUBLISHING,1,2013,29,"2013/07/20 00:00:00",NEM,497838.33862628,424094.97596087,0.8519
D,CO2EII,PUBLISHING,1,2013,29,"2013/07/20 00:00:00",NSW1,178915.197665,164719.47995548,0.9207
D,CO2EII,PUBLISHING,1,2013,29,"2013/07/20 00:00:00",QLD1,128375.04835369,105188.92774577,0.8194
D,CO2EII,PUBLISHING,1,2013,29,"2013/07/20 00:00:00",SA1,34644.00314859,12998.93905008,0.3752
D,CO2EII,PUBLISHING,1,2013,29,"2013/07/20 00:00:00",TAS1,37073.046521,2.4282264,0.0001
D,CO2EII,PUBLISHING,1,2013,29,"2013/07/20 00:00:00",VIC1,118831.042938,141185.20098314,1.1881
D,CO2EII,PUBLISHING,1,2013,30,"2013/07/21 00:00:00",NEM,493541.19264132,414803.39737389,0.8405
D,CO2EII,PUBLISHING,1,2013,30,"2013/07/21 00:00:00",NSW1,167837.610806,151434.13955451,0.9023
D,CO2EII,PUBLISHING,1,2013,30,"2013/07/21 00:00:00",QLD1,129189.99486532,104321.74167723,0.8075
D,CO2EII,PUBLISHING,1,2013,30,"2013/07/21 00:00:00",SA1,34371.827588,14629.78310412,0.4256
D,CO2EII,PUBLISHING,1,2013,30,"2013/07/21 00:00:00",TAS1,37203.187699,2.4213504,0.0001
D,CO2EII,PUBLISHING,1,2013,30,"2013/07/21 00:00:00",VIC1,124938.571683,144415.31168763,1.1559
D,CO2EII,PUBLISHING,1,2013,30,"2013/07/22 00:00:00",NEM,562783.65841917,469303.76650045,0.8339
D,CO2EII,PUBLISHING,1,2013,30,"2013/07/22 00:00:00",NSW1,202309.851533,178472.83066815,0.8822
D,CO2EII,PUBLISHING,1,2013,30,"2013/07/22 00:00:00",QLD1,137350.32696115,112933.9448825,0.8222
D,CO2EII,PUBLISHING,1,2013,30,"2013/07/22 00:00:00",SA1,34883.352565,16495.18115395,0.4729
D,CO2EII,PUBLISHING,1,2013,30,"2013/07/22 00:00:00",TAS1,39849.97706,119.22143292,0.003
D,CO2EII,PUBLISHING,1,2013,30,"2013/07/22 00:00:00",VIC1,148390.15030002,161282.58836293,1.0869
D,CO2EII,PUBLISHING,1,2013,30,"2013/07/23 00:00:00",NEM,558611.04152002,471654.69178448,0.8443
D,CO2EII,PUBLISHING,1,2013,30,"2013/07/23 00:00:00",NSW1,206428.93375,183436.12599573,0.8886
D,CO2EII,PUBLISHING,1,2013,30,"2013/07/23 00:00:00",QLD1,135178.39605502,111563.15582791,0.8253
D,CO2EII,PUBLISHING,1,2013,30,"2013/07/23 00:00:00",SA1,30884.34572599,20374.1803243,0.6597
D,CO2EII,PUBLISHING,1,2013,30,"2013/07/23 00:00:00",TAS1,40204.463131,270.71633355,0.0067
D,CO2EII,PUBLISHING,1,2013,30,"2013/07/23 00:00:00",VIC1,145914.90285801,156010.51330299,1.0692
D,CO2EII,PUBLISHING,1,2013,30,"2013/07/24 00:00:00",NEM,551610.94628203,480244.50928128,0.8706
D,CO2EII,PUBLISHING,1,2013,30,"2013/07/24 00:00:00",NSW1,202614.296327,187690.00142157,0.9263
D,CO2EII,PUBLISHING,1,2013,30,"2013/07/24 00:00:00",QLD1,134995.233901,111343.46511131,0.8248
D,CO2EII,PUBLISHING,1,2013,30,"2013/07/24 00:00:00",SA1,28747.26342801,19569.33351123,0.6807
D,CO2EII,PUBLISHING,1,2013,30,"2013/07/24 00:00:00",TAS1,39126.753989,240.17231737,0.0061
D,CO2EII,PUBLISHING,1,2013,30,"2013/07/24 00:00:00",VIC1,146127.39863702,161401.5369198,1.1045
D,CO2EII,PUBLISHING,1,2013,30,"2013/07/25 00:00:00",NEM,553236.91880902,467586.67168092,0.8452
D,CO2EII,PUBLISHING,1,2013,30,"2013/07/25 00:00:00",NSW1,193083.35139101,175104.18447549,0.9069
D,CO2EII,PUBLISHING,1,2013,30,"2013/07/25 00:00:00",QLD1,136921.840084,113210.97475544,0.8268
D,CO2EII,PUBLISHING,1,2013,30,"2013/07/25 00:00:00",SA1,33843.63766,17202.18863038,0.5083
D,CO2EII,PUBLISHING,1,2013,30,"2013/07/25 00:00:00",TAS1,40710.326074,2.360814,0.0001
D,CO2EII,PUBLISHING,1,2013,30,"2013/07/25 00:00:00",VIC1,148677.76360001,162066.96300561,1.0901
D,CO2EII,PUBLISHING,1,2013,30,"2013/07/26 00:00:00",NEM,541845.26850109,452253.19968829,0.8347
D,CO2EII,PUBLISHING,1,2013,30,"2013/07/26 00:00:00",NSW1,200631.334648,178588.59965391,0.8901
D,CO2EII,PUBLISHING,1,2013,30,"2013/07/26 00:00:00",QLD1,131523.99975407,110985.06853339,0.8438
D,CO2EII,PUBLISHING,1,2013,30,"2013/07/26 00:00:00",SA1,31047.080459,18561.72122328,0.5979
D,CO2EII,PUBLISHING,1,2013,30,"2013/07/26 00:00:00",TAS1,41117.838032,2.43659184,0.0001
D,CO2EII,PUBLISHING,1,2013,30,"2013/07/26 00:00:00",VIC1,137525.01560802,144115.37368587,1.0479
D,CO2EII,PUBLISHING,1,2013,30,"2013/07/27 00:00:00",NEM,496038.89611054,415806.37495387,0.8383
D,CO2EII,PUBLISHING,1,2013,30,"2013/07/27 00:00:00",NSW1,183784.808331,171462.68461093,0.933
D,CO2EII,PUBLISHING,1,2013,30,"2013/07/27 00:00:00",QLD1,120491.18115654,101920.37273838,0.8459
D,CO2EII,PUBLISHING,1,2013,30,"2013/07/27 00:00:00",SA1,35774.332753,9896.53129025,0.2766
D,CO2EII,PUBLISHING,1,2013,30,"2013/07/27 00:00:00",TAS1,38419.45659401,2.4025722,0.0001
D,CO2EII,PUBLISHING,1,2013,30,"2013/07/27 00:00:00",VIC1,117569.11727599,132524.38374211,1.1272
D,CO2EII,PUBLISHING,1,2013,31,"2013/07/28 00:00:00",NEM,482168.58298615,403625.3208472,0.8371
D,CO2EII,PUBLISHING,1,2013,31,"2013/07/28 00:00:00",NSW1,172981.306839,159983.94062517,0.9249
D,CO2EII,PUBLISHING,1,2013,31,"2013/07/28 00:00:00",QLD1,122406.41492516,101881.72088531,0.8323
D,CO2EII,PUBLISHING,1,2013,31,"2013/07/28 00:00:00",SA1,31897.949677,9858.59245319,0.3091
D,CO2EII,PUBLISHING,1,2013,31,"2013/07/28 00:00:00",TAS1,37932.404707,2.41498728,0.0001
D,CO2EII,PUBLISHING,1,2013,31,"2013/07/28 00:00:00",VIC1,116950.50683799,131898.65189625,1.1278
D,CO2EII,PUBLISHING,1,2013,31,"2013/07/29 00:00:00",NEM,525160.39989405,431480.75964656,0.8216
D,CO2EII,PUBLISHING,1,2013,31,"2013/07/29 00:00:00",NSW1,184318.021894,162279.49400944,0.8804
D,CO2EII,PUBLISHING,1,2013,31,"2013/07/29 00:00:00",QLD1,131907.06668004,108711.33189858,0.8242
D,CO2EII,PUBLISHING,1,2013,31,"2013/07/29 00:00:00",SA1,29126.137896,12456.7640805,0.4277
D,CO2EII,PUBLISHING,1,2013,31,"2013/07/29 00:00:00",TAS1,40457.69277101,2.35869738,0.0001
D,CO2EII,PUBLISHING,1,2013,31,"2013/07/29 00:00:00",VIC1,139351.480653,148030.81096066,1.0623
D,CO2EII,PUBLISHING,1,2013,31,"2013/07/30 00:00:00",NEM,532540.61219153,453028.19617838,0.8507
D,CO2EII,PUBLISHING,1,2013,31,"2013/07/30 00:00:00",NSW1,192622.909482,173835.25343575,0.9025
D,CO2EII,PUBLISHING,1,2013,31,"2013/07/30 00:00:00",QLD1,131762.02360954,108942.11761224,0.8268
D,CO2EII,PUBLISHING,1,2013,31,"2013/07/30 00:00:00",SA1,25712.357445,17361.64361183,0.6752
D,CO2EII,PUBLISHING,1,2013,31,"2013/07/30 00:00:00",TAS1,39895.093366,2.37193584,0.0001
D,CO2EII,PUBLISHING,1,2013,31,"2013/07/30 00:00:00",VIC1,142548.22828899,152886.80958272,1.0725
D,CO2EII,PUBLISHING,1,2013,31,"2013/07/31 00:00:00",NEM,537458.65875439,464189.72032107,0.8637
D,CO2EII,PUBLISHING,1,2013,31,"2013/07/31 00:00:00",NSW1,195730.26175499,180524.90025776,0.9223
D,CO2EII,PUBLISHING,1,2013,31,"2013/07/31 00:00:00",QLD1,132200.97176473,108607.01845449,0.8215
D,CO2EII,PUBLISHING,1,2013,31,"2013/07/31 00:00:00",SA1,26513.12545569,17975.19372669,0.678
D,CO2EII,PUBLISHING,1,2013,31,"2013/07/31 00:00:00",TAS1,41186.36031399,2.3287368,0.0001
D,CO2EII,PUBLISHING,1,2013,31,"2013/07/31 00:00:00",VIC1,141827.93946499,157080.27914533,1.1075
D,CO2EII,PUBLISHING,1,2013,31,"2013/08/01 00:00:00",NEM,536939.02787709,460744.07951605,0.8581
D,CO2EII,PUBLISHING,1,2013,31,"2013/08/01 00:00:00",NSW1,193379.20028999,181510.57238002,0.9386
D,CO2EII,PUBLISHING,1,2013,31,"2013/08/01 00:00:00",QLD1,132009.37306012,109050.68320904,0.8261
D,CO2EII,PUBLISHING,1,2013,31,"2013/08/01 00:00:00",SA1,28466.284847,14060.25396472,0.4939
D,CO2EII,PUBLISHING,1,2013,31,"2013/08/01 00:00:00",TAS1,40902.785847,2.38970244,0.0001
D,CO2EII,PUBLISHING,1,2013,31,"2013/08/01 00:00:00",VIC1,142181.38383298,156120.18025983,1.098
D,CO2EII,PUBLISHING,1,2013,31,"2013/08/02 00:00:00",NEM,539682.30723103,439512.86036389,0.8144
D,CO2EII,PUBLISHING,1,2013,31,"2013/08/02 00:00:00",NSW1,189782.463235,170543.2755488,0.8986
D,CO2EII,PUBLISHING,1,2013,31,"2013/08/02 00:00:00",QLD1,132433.96352825,108498.59128552,0.8193
D,CO2EII,PUBLISHING,1,2013,31,"2013/08/02 00:00:00",SA1,37431.56779278,10773.13839273,0.2878
D,CO2EII,PUBLISHING,1,2013,31,"2013/08/02 00:00:00",TAS1,42593.20489301,2.45411934,0.0001
D,CO2EII,PUBLISHING,1,2013,31,"2013/08/02 00:00:00",VIC1,137441.10778199,149695.4010175,1.0892
D,CO2EII,PUBLISHING,1,2013,31,"2013/08/03 00:00:00",NEM,498379.12278886,405480.51186066,0.8136
D,CO2EII,PUBLISHING,1,2013,31,"2013/08/03 00:00:00",NSW1,174182.742615,159587.95452955,0.9162
D,CO2EII,PUBLISHING,1,2013,31,"2013/08/03 00:00:00",QLD1,127873.63554465,103174.45907837,0.8068
D,CO2EII,PUBLISHING,1,2013,31,"2013/08/03 00:00:00",SA1,34653.2698082,9851.72442585,0.2843
D,CO2EII,PUBLISHING,1,2013,31,"2013/08/03 00:00:00",TAS1,42215.570475,2.41539996,0.0001
D,CO2EII,PUBLISHING,1,2013,31,"2013/08/03 00:00:00",VIC1,119453.90434601,132863.95842693,1.1123
D,CO2EII,PUBLISHING,1,2013,32,"2013/08/04 00:00:00",NEM,483824.24135577,405559.64967628,0.8382
D,CO2EII,PUBLISHING,1,2013,32,"2013/08/04 00:00:00",NSW1,171499.698466,158629.99789731,0.925
D,CO2EII,PUBLISHING,1,2013,32,"2013/08/04 00:00:00",QLD1,128221.48074676,103951.51711462,0.8107
D,CO2EII,PUBLISHING,1,2013,32,"2013/08/04 00:00:00",SA1,28993.347263,10344.2799759,0.3568
D,CO2EII,PUBLISHING,1,2013,32,"2013/08/04 00:00:00",TAS1,39178.948283,2.41816986,0.0001
D,CO2EII,PUBLISHING,1,2013,32,"2013/08/04 00:00:00",VIC1,115930.76659701,132631.43651859,1.1441
D,CO2EII,PUBLISHING,1,2013,32,"2013/08/05 00:00:00",NEM,532159.54875845,434365.41320435,0.8162
D,CO2EII,PUBLISHING,1,2013,32,"2013/08/05 00:00:00",NSW1,188320.874383,168265.10265163,0.8935
D,CO2EII,PUBLISHING,1,2013,32,"2013/08/05 00:00:00",QLD1,135862.26293244,111513.91650596,0.8208
D,CO2EII,PUBLISHING,1,2013,32,"2013/08/05 00:00:00",SA1,36165.70498501,9734.24539693,0.2692
D,CO2EII,PUBLISHING,1,2013,32,"2013/08/05 00:00:00",TAS1,41839.69583,30.43241585,0.0007
D,CO2EII,PUBLISHING,1,2013,32,"2013/08/05 00:00:00",VIC1,129971.010628,144821.71623398,1.1143
D,CO2EII,PUBLISHING,1,2013,32,"2013/08/06 00:00:00",NEM,535103.92697693,449294.37278054,0.8396
D,CO2EII,PUBLISHING,1,2013,32,"2013/08/06 00:00:00",NSW1,191576.35118601,174624.28160551,0.9115
D,CO2EII,PUBLISHING,1,2013,32,"2013/08/06 00:00:00",QLD1,134689.43970767,110160.70550954,0.8179
D,CO2EII,PUBLISHING,1,2013,32,"2013/08/06 00:00:00",SA1,31193.80345324,15517.32930964,0.4974
D,CO2EII,PUBLISHING,1,2013,32,"2013/08/06 00:00:00",TAS1,42820.51610899,2.37155892,0.0001
D,CO2EII,PUBLISHING,1,2013,32,"2013/08/06 00:00:00",VIC1,134823.81652102,148989.68479693,1.1051
D,CO2EII,PUBLISHING,1,2013,32,"2013/08/07 00:00:00",NEM,535416.72120207,450337.40294107,0.8411
D,CO2EII,PUBLISHING,1,2013,32,"2013/08/07 00:00:00",NSW1,187373.241875,172761.03366611,0.922
D,CO2EII,PUBLISHING,1,2013,32,"2013/08/07 00:00:00",QLD1,133231.22967607,108841.37387679,0.8169
D,CO2EII,PUBLISHING,1,2013,32,"2013/08/07 00:00:00",SA1,33235.96986799,13661.61053943,0.411
D,CO2EII,PUBLISHING,1,2013,32,"2013/08/07 00:00:00",TAS1,40999.61220801,139.87052794,0.0034
D,CO2EII,PUBLISHING,1,2013,32,"2013/08/07 00:00:00",VIC1,140576.667575,154933.5143308,1.1021
D,CO2EII,PUBLISHING,1,2013,32,"2013/08/08 00:00:00",NEM,546600.39999212,462373.19988892,0.8459
D,CO2EII,PUBLISHING,1,2013,32,"2013/08/08 00:00:00",NSW1,195743.47403001,175040.53388728,0.8942
D,CO2EII,PUBLISHING,1,2013,32,"2013/08/08 00:00:00",QLD1,133989.2894201,109727.55535201,0.8189
D,CO2EII,PUBLISHING,1,2013,32,"2013/08/08 00:00:00",SA1,28984.21530001,14580.0890953,0.503
D,CO2EII,PUBLISHING,1,2013,32,"2013/08/08 00:00:00",TAS1,41689.684237,2.37525912,0.0001
D,CO2EII,PUBLISHING,1,2013,32,"2013/08/08 00:00:00",VIC1,146193.737005,163022.64629521,1.1151
D,CO2EII,PUBLISHING,1,2013,32,"2013/08/09 00:00:00",NEM,545497.47161221,444783.15006706,0.8154
D,CO2EII,PUBLISHING,1,2013,32,"2013/08/09 00:00:00",NSW1,183733.12398499,164522.31806341,0.8954
D,CO2EII,PUBLISHING,1,2013,32,"2013/08/09 00:00:00",QLD1,136033.63858323,111109.15870065,0.8168
D,CO2EII,PUBLISHING,1,2013,32,"2013/08/09 00:00:00",SA1,37175.46732099,11515.35236805,0.3098
D,CO2EII,PUBLISHING,1,2013,32,"2013/08/09 00:00:00",TAS1,41650.734943,2.44535652,0.0001
D,CO2EII,PUBLISHING,1,2013,32,"2013/08/09 00:00:00",VIC1,146904.50678,157633.87557843,1.073
D,CO2EII,PUBLISHING,1,2013,32,"2013/08/10 00:00:00",NEM,480326.91676388,422896.04886742,0.8804
D,CO2EII,PUBLISHING,1,2013,32,"2013/08/10 00:00:00",NSW1,163275.72673101,150943.60846115,0.9245
D,CO2EII,PUBLISHING,1,2013,32,"2013/08/10 00:00:00",QLD1,129681.06835089,105887.00293865,0.8165
D,CO2EII,PUBLISHING,1,2013,32,"2013/08/10 00:00:00",SA1,22264.53737399,12690.05755908,0.57
D,CO2EII,PUBLISHING,1,2013,32,"2013/08/10 00:00:00",TAS1,39734.767096,2.40898716,0.0001
D,CO2EII,PUBLISHING,1,2013,32,"2013/08/10 00:00:00",VIC1,125370.81721199,153372.97092138,1.2234
D,CO2EII,PUBLISHING,1,2013,33,"2013/08/11 00:00:00",NEM,466161.58939902,404038.46819705,0.8667
D,CO2EII,PUBLISHING,1,2013,33,"2013/08/11 00:00:00",NSW1,153975.60154,143109.70774015,0.9294
D,CO2EII,PUBLISHING,1,2013,33,"2013/08/11 00:00:00",QLD1,128643.15080902,105270.55602674,0.8183
D,CO2EII,PUBLISHING,1,2013,33,"2013/08/11 00:00:00",SA1,20756.17537501,8599.80935826,0.4143
D,CO2EII,PUBLISHING,1,2013,33,"2013/08/11 00:00:00",TAS1,40315.25359499,0,0
D,CO2EII,PUBLISHING,1,2013,33,"2013/08/11 00:00:00",VIC1,122471.40808,147058.3950719,1.2008
D,CO2EII,PUBLISHING,1,2013,33,"2013/08/12 00:00:00",NEM,524446.50911,433527.86363869,0.8266
D,CO2EII,PUBLISHING,1,2013,33,"2013/08/12 00:00:00",NSW1,181751.83121301,162700.89381694,0.8952
D,CO2EII,PUBLISHING,1,2013,33,"2013/08/12 00:00:00",QLD1,134003.40772197,110198.09582673,0.8224
D,CO2EII,PUBLISHING,1,2013,33,"2013/08/12 00:00:00",SA1,31780.01851501,9076.98975586,0.2856
D,CO2EII,PUBLISHING,1,2013,33,"2013/08/12 00:00:00",TAS1,42052.74832901,0,0
D,CO2EII,PUBLISHING,1,2013,33,"2013/08/12 00:00:00",VIC1,134858.503331,151551.88423916,1.1238
D,CO2EII,PUBLISHING,1,2013,33,"2013/08/13 00:00:00",NEM,525251.78776066,430889.70680764,0.8203
D,CO2EII,PUBLISHING,1,2013,33,"2013/08/13 00:00:00",NSW1,180028.242234,160231.58076331,0.89
D,CO2EII,PUBLISHING,1,2013,33,"2013/08/13 00:00:00",QLD1,134144.75673866,109667.60926926,0.8175
D,CO2EII,PUBLISHING,1,2013,33,"2013/08/13 00:00:00",SA1,31466.626369,8314.41479111,0.2642
D,CO2EII,PUBLISHING,1,2013,33,"2013/08/13 00:00:00",TAS1,41380.74290299,0.42202062,0
D,CO2EII,PUBLISHING,1,2013,33,"2013/08/13 00:00:00",VIC1,138231.41951601,152675.67996334,1.1045
D,CO2EII,PUBLISHING,1,2013,33,"2013/08/14 00:00:00",NEM,524251.29722132,433057.93838597,0.8261
D,CO2EII,PUBLISHING,1,2013,33,"2013/08/14 00:00:00",NSW1,184050.101418,165171.13770041,0.8974
D,CO2EII,PUBLISHING,1,2013,33,"2013/08/14 00:00:00",QLD1,128345.64117432,105892.79706213,0.8251
D,CO2EII,PUBLISHING,1,2013,33,"2013/08/14 00:00:00",SA1,35133.560037,10522.34940854,0.2995
D,CO2EII,PUBLISHING,1,2013,33,"2013/08/14 00:00:00",TAS1,41878.835152,1.89774696,0
D,CO2EII,PUBLISHING,1,2013,33,"2013/08/14 00:00:00",VIC1,134843.15944,151469.75646793,1.1233
D,CO2EII,PUBLISHING,1,2013,33,"2013/08/15 00:00:00",NEM,525395.50180334,442218.57336902,0.8417
D,CO2EII,PUBLISHING,1,2013,33,"2013/08/15 00:00:00",NSW1,184036.61937701,164239.79077542,0.8924
D,CO2EII,PUBLISHING,1,2013,33,"2013/08/15 00:00:00",QLD1,134149.41241333,109707.72728625,0.8178
D,CO2EII,PUBLISHING,1,2013,33,"2013/08/15 00:00:00",SA1,28233.89933701,13009.57610294,0.4608
D,CO2EII,PUBLISHING,1,2013,33,"2013/08/15 00:00:00",TAS1,40112.037942,2.61904104,0.0001
D,CO2EII,PUBLISHING,1,2013,33,"2013/08/15 00:00:00",VIC1,138863.53273399,155258.86016337,1.1181
D,CO2EII,PUBLISHING,1,2013,33,"2013/08/16 00:00:00",NEM,523654.48754902,425432.90260919,0.8124
D,CO2EII,PUBLISHING,1,2013,33,"2013/08/16 00:00:00",NSW1,177731.70276,160705.00312912,0.9042
D,CO2EII,PUBLISHING,1,2013,33,"2013/08/16 00:00:00",QLD1,134271.410241,109145.9778967,0.8129
D,CO2EII,PUBLISHING,1,2013,33,"2013/08/16 00:00:00",SA1,35563.09220101,9207.22880307,0.2589
D,CO2EII,PUBLISHING,1,2013,33,"2013/08/16 00:00:00",TAS1,41135.32515499,2.56277802,0.0001
D,CO2EII,PUBLISHING,1,2013,33,"2013/08/16 00:00:00",VIC1,134952.95719202,146372.13000228,1.0846
D,CO2EII,PUBLISHING,1,2013,33,"2013/08/17 00:00:00",NEM,477501.266036,393238.82615102,0.8235
D,CO2EII,PUBLISHING,1,2013,33,"2013/08/17 00:00:00",NSW1,164040.92650102,148821.91843208,0.9072
D,CO2EII,PUBLISHING,1,2013,33,"2013/08/17 00:00:00",QLD1,121784.507431,97726.0360793,0.8025
D,CO2EII,PUBLISHING,1,2013,33,"2013/08/17 00:00:00",SA1,30941.30367299,6669.72978396,0.2156
D,CO2EII,PUBLISHING,1,2013,33,"2013/08/17 00:00:00",TAS1,37529.935928,2.60093682,0.0001
D,CO2EII,PUBLISHING,1,2013,33,"2013/08/17 00:00:00",VIC1,123204.59250299,140018.54091886,1.1365
D,CO2EII,PUBLISHING,1,2013,34,"2013/08/18 00:00:00",NEM,466114.25637,376893.6721002,0.8086
D,CO2EII,PUBLISHING,1,2013,34,"2013/08/18 00:00:00",NSW1,153717.331078,138917.57561306,0.9037
D,CO2EII,PUBLISHING,1,2013,34,"2013/08/18 00:00:00",QLD1,115972.668773,94619.43828648,0.8159
D,CO2EII,PUBLISHING,1,2013,34,"2013/08/18 00:00:00",SA1,31964.625593,6522.41421113,0.2041
D,CO2EII,PUBLISHING,1,2013,34,"2013/08/18 00:00:00",TAS1,40557.23654499,2.5251804,0.0001
D,CO2EII,PUBLISHING,1,2013,34,"2013/08/18 00:00:00",VIC1,123902.39438101,136831.71880913,1.1044
D,CO2EII,PUBLISHING,1,2013,34,"2013/08/19 00:00:00",NEM,531896.16852231,438620.03042595,0.8246
D,CO2EII,PUBLISHING,1,2013,34,"2013/08/19 00:00:00",NSW1,187477.22425101,165821.69432738,0.8845
D,CO2EII,PUBLISHING,1,2013,34,"2013/08/19 00:00:00",QLD1,127416.66674033,104694.1486137,0.8217
D,CO2EII,PUBLISHING,1,2013,34,"2013/08/19 00:00:00",SA1,35056.71475699,12054.5597924,0.3439
D,CO2EII,PUBLISHING,1,2013,34,"2013/08/19 00:00:00",TAS1,42316.348081,38.74295362,0.0009
D,CO2EII,PUBLISHING,1,2013,34,"2013/08/19 00:00:00",VIC1,139629.21469298,156010.88473885,1.1173
D,CO2EII,PUBLISHING,1,2013,34,"2013/08/20 00:00:00",NEM,550525.60637602,463220.30105682,0.8414
D,CO2EII,PUBLISHING,1,2013,34,"2013/08/20 00:00:00",NSW1,202507.900955,184569.71991422,0.9114
D,CO2EII,PUBLISHING,1,2013,34,"2013/08/20 00:00:00",QLD1,131976.876038,108138.70614476,0.8194
D,CO2EII,PUBLISHING,1,2013,34,"2013/08/20 00:00:00",SA1,30159.95541101,18248.00888477,0.605
D,CO2EII,PUBLISHING,1,2013,34,"2013/08/20 00:00:00",TAS1,43459.274006,205.28846921,0.0047
D,CO2EII,PUBLISHING,1,2013,34,"2013/08/20 00:00:00",VIC1,142421.59996601,152058.57764386,1.0677
D,CO2EII,PUBLISHING,1,2013,34,"2013/08/21 00:00:00",NEM,552786.25846366,452184.56907516,0.818
D,CO2EII,PUBLISHING,1,2013,34,"2013/08/21 00:00:00",NSW1,207398.36527799,176908.1450916,0.853
D,CO2EII,PUBLISHING,1,2013,34,"2013/08/21 00:00:00",QLD1,132886.00316967,109119.39800953,0.8212
D,CO2EII,PUBLISHING,1,2013,34,"2013/08/21 00:00:00",SA1,33217.78586699,13358.67176375,0.4022
D,CO2EII,PUBLISHING,1,2013,34,"2013/08/21 00:00:00",TAS1,43865.004726,57.18133986,0.0013
D,CO2EII,PUBLISHING,1,2013,34,"2013/08/21 00:00:00",VIC1,135419.09942301,152741.17287042,1.1279
D,CO2EII,PUBLISHING,1,2013,34,"2013/08/22 00:00:00",NEM,549303.500051,451141.5429908,0.8213
D,CO2EII,PUBLISHING,1,2013,34,"2013/08/22 00:00:00",NSW1,200693.179808,175602.65137981,0.875
D,CO2EII,PUBLISHING,1,2013,34,"2013/08/22 00:00:00",QLD1,132729.626474,109091.94928387,0.8219
D,CO2EII,PUBLISHING,1,2013,34,"2013/08/22 00:00:00",SA1,35871.466699,10976.2229892,0.306
D,CO2EII,PUBLISHING,1,2013,34,"2013/08/22 00:00:00",TAS1,42537.86183,2.55703044,0.0001
D,CO2EII,PUBLISHING,1,2013,34,"2013/08/22 00:00:00",VIC1,137471.36524,155468.16230748,1.1309
D,CO2EII,PUBLISHING,1,2013,34,"2013/08/23 00:00:00",NEM,539929.59884164,443660.38028182,0.8217
D,CO2EII,PUBLISHING,1,2013,34,"2013/08/23 00:00:00",NSW1,196638.84383,170901.51568302,0.8691
D,CO2EII,PUBLISHING,1,2013,34,"2013/08/23 00:00:00",QLD1,130115.73257766,106982.74946758,0.8222
D,CO2EII,PUBLISHING,1,2013,34,"2013/08/23 00:00:00",SA1,33416.342418,10552.09386396,0.3158
D,CO2EII,PUBLISHING,1,2013,34,"2013/08/23 00:00:00",TAS1,41196.90846499,238.63281444,0.0058
D,CO2EII,PUBLISHING,1,2013,34,"2013/08/23 00:00:00",VIC1,138561.77155099,154985.38845282,1.1185
D,CO2EII,PUBLISHING,1,2013,34,"2013/08/24 00:00:00",NEM,479790.76467956,421495.44645023,0.8785
D,CO2EII,PUBLISHING,1,2013,34,"2013/08/24 00:00:00",NSW1,172433.11907,162085.2836808,0.94
D,CO2EII,PUBLISHING,1,2013,34,"2013/08/24 00:00:00",QLD1,120859.73793456,99476.19159982,0.8231
D,CO2EII,PUBLISHING,1,2013,34,"2013/08/24 00:00:00",SA1,21323.866363,13879.6579663,0.6509
D,CO2EII,PUBLISHING,1,2013,34,"2013/08/24 00:00:00",TAS1,39478.38389601,2.48094114,0.0001
D,CO2EII,PUBLISHING,1,2013,34,"2013/08/24 00:00:00",VIC1,125695.65741599,146051.83226217,1.1619
D,CO2EII,PUBLISHING,1,2013,35,"2013/08/25 00:00:00",NEM,461520.90158333,403696.86335623,0.8747
D,CO2EII,PUBLISHING,1,2013,35,"2013/08/25 00:00:00",NSW1,156482.251972,144648.68267639,0.9244
D,CO2EII,PUBLISHING,1,2013,35,"2013/08/25 00:00:00",QLD1,118893.90870732,96830.44724542,0.8144
D,CO2EII,PUBLISHING,1,2013,35,"2013/08/25 00:00:00",SA1,19981.329233,11988.33373423,0.6
D,CO2EII,PUBLISHING,1,2013,35,"2013/08/25 00:00:00",TAS1,39942.64551,2.47934412,0.0001
D,CO2EII,PUBLISHING,1,2013,35,"2013/08/25 00:00:00",VIC1,126220.76616101,150226.92035607,1.1902
D,CO2EII,PUBLISHING,1,2013,35,"2013/08/26 00:00:00",NEM,513652.61987199,450652.59472481,0.8773
D,CO2EII,PUBLISHING,1,2013,35,"2013/08/26 00:00:00",NSW1,182315.316043,163666.60053206,0.8977
D,CO2EII,PUBLISHING,1,2013,35,"2013/08/26 00:00:00",QLD1,127392.760474,104865.30811091,0.8232
D,CO2EII,PUBLISHING,1,2013,35,"2013/08/26 00:00:00",SA1,23821.69675099,15951.42507786,0.6696
D,CO2EII,PUBLISHING,1,2013,35,"2013/08/26 00:00:00",TAS1,40337.593412,2.44359042,0.0001
D,CO2EII,PUBLISHING,1,2013,35,"2013/08/26 00:00:00",VIC1,139785.253192,166166.81741356,1.1887
D,CO2EII,PUBLISHING,1,2013,35,"2013/08/27 00:00:00",NEM,509555.66526722,439845.39033868,0.8632
D,CO2EII,PUBLISHING,1,2013,35,"2013/08/27 00:00:00",NSW1,173589.844292,160321.71416915,0.9236
D,CO2EII,PUBLISHING,1,2013,35,"2013/08/27 00:00:00",QLD1,127312.84308221,104924.1967044,0.8241
D,CO2EII,PUBLISHING,1,2013,35,"2013/08/27 00:00:00",SA1,25538.87771501,10392.40403711,0.4069
D,CO2EII,PUBLISHING,1,2013,35,"2013/08/27 00:00:00",TAS1,39996.86646301,220.65273911,0.0055
D,CO2EII,PUBLISHING,1,2013,35,"2013/08/27 00:00:00",VIC1,143117.23371499,163986.42268891,1.1458
D,CO2EII,PUBLISHING,1,2013,35,"2013/08/28 00:00:00",NEM,502992.74455377,434978.90127492,0.8648
D,CO2EII,PUBLISHING,1,2013,35,"2013/08/28 00:00:00",NSW1,169939.55815702,157707.5538825,0.928
D,CO2EII,PUBLISHING,1,2013,35,"2013/08/28 00:00:00",QLD1,127250.05478675,104626.28912121,0.8222
D,CO2EII,PUBLISHING,1,2013,35,"2013/08/28 00:00:00",SA1,21418.740615,13103.37253871,0.6118
D,CO2EII,PUBLISHING,1,2013,35,"2013/08/28 00:00:00",TAS1,40780.749907,301.85440427,0.0074
D,CO2EII,PUBLISHING,1,2013,35,"2013/08/28 00:00:00",VIC1,143603.641088,159239.83132823,1.1089
D,CO2EII,PUBLISHING,1,2013,35,"2013/08/29 00:00:00",NEM,506420.00712629,416114.72033634,0.8217
D,CO2EII,PUBLISHING,1,2013,35,"2013/08/29 00:00:00",NSW1,173793.55527544,160821.21845684,0.9254
D,CO2EII,PUBLISHING,1,2013,35,"2013/08/29 00:00:00",QLD1,128029.27287683,105231.2472369,0.8219
D,CO2EII,PUBLISHING,1,2013,35,"2013/08/29 00:00:00",SA1,30207.647677,8356.37257147,0.2766
D,CO2EII,PUBLISHING,1,2013,35,"2013/08/29 00:00:00",TAS1,41200.540187,2.49671538,0.0001
D,CO2EII,PUBLISHING,1,2013,35,"2013/08/29 00:00:00",VIC1,133188.99111002,141703.38535575,1.0639
D,CO2EII,PUBLISHING,1,2013,35,"2013/08/30 00:00:00",NEM,492874.02788084,403593.5794982,0.8189
D,CO2EII,PUBLISHING,1,2013,35,"2013/08/30 00:00:00",NSW1,166498.17903201,153129.0707395,0.9197
D,CO2EII,PUBLISHING,1,2013,35,"2013/08/30 00:00:00",QLD1,125742.68937282,103878.08968613,0.8261
D,CO2EII,PUBLISHING,1,2013,35,"2013/08/30 00:00:00",SA1,27344.673127,8982.39721927,0.3285
D,CO2EII,PUBLISHING,1,2013,35,"2013/08/30 00:00:00",TAS1,39191.298962,2.47341768,0.0001
D,CO2EII,PUBLISHING,1,2013,35,"2013/08/30 00:00:00",VIC1,134097.18738701,137601.54843562,1.0261
D,CO2EII,PUBLISHING,1,2013,35,"2013/08/31 00:00:00",NEM,449347.32219956,379093.7502863,0.8437
D,CO2EII,PUBLISHING,1,2013,35,"2013/08/31 00:00:00",NSW1,152628.41197401,142119.78609367,0.9311
D,CO2EII,PUBLISHING,1,2013,35,"2013/08/31 00:00:00",QLD1,119427.57934653,99862.85085168,0.8362
D,CO2EII,PUBLISHING,1,2013,35,"2013/08/31 00:00:00",SA1,22840.544142,8576.00634239,0.3755
D,CO2EII,PUBLISHING,1,2013,35,"2013/08/31 00:00:00",TAS1,37348.43677401,2.44874346,0.0001
D,CO2EII,PUBLISHING,1,2013,35,"2013/08/31 00:00:00",VIC1,117102.34996301,128532.6582551,1.0976
D,CO2EII,PUBLISHING,1,2013,36,"2013/09/01 00:00:00",NEM,434128.667147,362110.72648502,0.8341
D,CO2EII,PUBLISHING,1,2013,36,"2013/09/01 00:00:00",NSW1,141975.33393899,132270.44226048,0.9316
D,CO2EII,PUBLISHING,1,2013,36,"2013/09/01 00:00:00",QLD1,115753.27511201,96998.00973961,0.838
D,CO2EII,PUBLISHING,1,2013,36,"2013/09/01 00:00:00",SA1,23503.88173399,8739.18636547,0.3718
D,CO2EII,PUBLISHING,1,2013,36,"2013/09/01 00:00:00",TAS1,37288.423354,2.46814374,0.0001
D,CO2EII,PUBLISHING,1,2013,36,"2013/09/01 00:00:00",VIC1,115607.75300801,124100.61997572,1.0735
D,CO2EII,PUBLISHING,1,2013,36,"2013/09/02 00:00:00",NEM,491290.95776805,424029.06068584,0.8631
D,CO2EII,PUBLISHING,1,2013,36,"2013/09/02 00:00:00",NSW1,175149.73169499,161337.59453228,0.9211
D,CO2EII,PUBLISHING,1,2013,36,"2013/09/02 00:00:00",QLD1,127204.14689207,106788.58683221,0.8395
D,CO2EII,PUBLISHING,1,2013,36,"2013/09/02 00:00:00",SA1,22460.903143,12835.04352191,0.5714
D,CO2EII,PUBLISHING,1,2013,36,"2013/09/02 00:00:00",TAS1,37429.167713,2.42427066,0.0001
D,CO2EII,PUBLISHING,1,2013,36,"2013/09/02 00:00:00",VIC1,129047.00832499,143065.41152878,1.1086
D,CO2EII,PUBLISHING,1,2013,36,"2013/09/03 00:00:00",NEM,496725.1088172,414617.70974875,0.8347
D,CO2EII,PUBLISHING,1,2013,36,"2013/09/03 00:00:00",NSW1,169182.39437401,153401.82906543,0.9067
D,CO2EII,PUBLISHING,1,2013,36,"2013/09/03 00:00:00",QLD1,130349.99687717,109026.8364284,0.8364
D,CO2EII,PUBLISHING,1,2013,36,"2013/09/03 00:00:00",SA1,27213.684807,11196.60192599,0.4114
D,CO2EII,PUBLISHING,1,2013,36,"2013/09/03 00:00:00",TAS1,38824.36634901,2.441916,0.0001
D,CO2EII,PUBLISHING,1,2013,36,"2013/09/03 00:00:00",VIC1,131154.66641001,140990.00041293,1.075
D,CO2EII,PUBLISHING,1,2013,36,"2013/09/04 00:00:00",NEM,492552.83129511,401081.5299544,0.8143
D,CO2EII,PUBLISHING,1,2013,36,"2013/09/04 00:00:00",NSW1,159148.073586,145805.86820279,0.9162
D,CO2EII,PUBLISHING,1,2013,36,"2013/09/04 00:00:00",QLD1,128988.83611812,107470.88203111,0.8332
D,CO2EII,PUBLISHING,1,2013,36,"2013/09/04 00:00:00",SA1,32235.63026299,8600.36030277,0.2668
D,CO2EII,PUBLISHING,1,2013,36,"2013/09/04 00:00:00",TAS1,40391.65928499,2.49099072,0.0001
D,CO2EII,PUBLISHING,1,2013,36,"2013/09/04 00:00:00",VIC1,131788.63204301,139201.92842701,1.0563
D,CO2EII,PUBLISHING,1,2013,36,"2013/09/05 00:00:00",NEM,497408.87163969,429165.49043017,0.8628
D,CO2EII,PUBLISHING,1,2013,36,"2013/09/05 00:00:00",NSW1,175291.877222,161147.42294069,0.9193
D,CO2EII,PUBLISHING,1,2013,36,"2013/09/05 00:00:00",QLD1,127572.91592669,107111.13336593,0.8396
D,CO2EII,PUBLISHING,1,2013,36,"2013/09/05 00:00:00",SA1,22248.80196299,13704.70415695,0.616
D,CO2EII,PUBLISHING,1,2013,36,"2013/09/05 00:00:00",TAS1,37960.766873,2.46504654,0.0001
D,CO2EII,PUBLISHING,1,2013,36,"2013/09/05 00:00:00",VIC1,134334.50965501,147199.76492006,1.0958
D,CO2EII,PUBLISHING,1,2013,36,"2013/09/06 00:00:00",NEM,495511.77799,422687.24528989,0.853
D,CO2EII,PUBLISHING,1,2013,36,"2013/09/06 00:00:00",NSW1,168804.93660899,155742.60510169,0.9226
D,CO2EII,PUBLISHING,1,2013,36,"2013/09/06 00:00:00",QLD1,128279.754809,107430.63100347,0.8375
D,CO2EII,PUBLISHING,1,2013,36,"2013/09/06 00:00:00",SA1,22845.602219,12202.0493785,0.5341
D,CO2EII,PUBLISHING,1,2013,36,"2013/09/06 00:00:00",TAS1,39464.97895001,2.48430918,0.0001
D,CO2EII,PUBLISHING,1,2013,36,"2013/09/06 00:00:00",VIC1,136116.505403,147309.47549705,1.0822
D,CO2EII,PUBLISHING,1,2013,36,"2013/09/07 00:00:00",NEM,451277.24258998,383701.648358,0.8503
D,CO2EII,PUBLISHING,1,2013,36,"2013/09/07 00:00:00",NSW1,143763.02236799,131211.10083089,0.9127
D,CO2EII,PUBLISHING,1,2013,36,"2013/09/07 00:00:00",QLD1,123800.64741199,102027.82578866,0.8241
D,CO2EII,PUBLISHING,1,2013,36,"2013/09/07 00:00:00",SA1,18852.80694899,9298.45459648,0.4932
D,CO2EII,PUBLISHING,1,2013,36,"2013/09/07 00:00:00",TAS1,39645.61854801,2.46328398,0.0001
D,CO2EII,PUBLISHING,1,2013,36,"2013/09/07 00:00:00",VIC1,125215.147313,141161.80385799,1.1274
D,CO2EII,PUBLISHING,1,2013,37,"2013/09/08 00:00:00",NEM,443143.56458464,378335.31445393,0.8538
D,CO2EII,PUBLISHING,1,2013,37,"2013/09/08 00:00:00",NSW1,140461.801261,130441.32660079,0.9287
D,CO2EII,PUBLISHING,1,2013,37,"2013/09/08 00:00:00",QLD1,123387.26773964,102724.7995404,0.8325
D,CO2EII,PUBLISHING,1,2013,37,"2013/09/08 00:00:00",SA1,25597.225777,8191.3582072,0.32
D,CO2EII,PUBLISHING,1,2013,37,"2013/09/08 00:00:00",TAS1,40356.85526,2.46903486,0.0001
D,CO2EII,PUBLISHING,1,2013,37,"2013/09/08 00:00:00",VIC1,113340.414547,136975.36107068,1.2085
D,CO2EII,PUBLISHING,1,2013,37,"2013/09/09 00:00:00",NEM,492796.86594534,397394.19071244,0.8064
D,CO2EII,PUBLISHING,1,2013,37,"2013/09/09 00:00:00",NSW1,155107.453604,143076.02173854,0.9224
D,CO2EII,PUBLISHING,1,2013,37,"2013/09/09 00:00:00",QLD1,128292.94355435,107489.13325477,0.8378
D,CO2EII,PUBLISHING,1,2013,37,"2013/09/09 00:00:00",SA1,34126.546929,7685.02753653,0.2252
D,CO2EII,PUBLISHING,1,2013,37,"2013/09/09 00:00:00",TAS1,40846.449197,2.54704554,0.0001
D,CO2EII,PUBLISHING,1,2013,37,"2013/09/09 00:00:00",VIC1,134423.47266099,139141.46113706,1.0351
D,CO2EII,PUBLISHING,1,2013,37,"2013/09/10 00:00:00",NEM,499445.48144131,410155.01720241,0.8212
D,CO2EII,PUBLISHING,1,2013,37,"2013/09/10 00:00:00",NSW1,165898.699319,147095.4617088,0.8867
D,CO2EII,PUBLISHING,1,2013,37,"2013/09/10 00:00:00",QLD1,126965.56543431,106683.13922473,0.8403
D,CO2EII,PUBLISHING,1,2013,37,"2013/09/10 00:00:00",SA1,30914.876868,11043.30087567,0.3572
D,CO2EII,PUBLISHING,1,2013,37,"2013/09/10 00:00:00",TAS1,41169.14252,2.50577604,0.0001
D,CO2EII,PUBLISHING,1,2013,37,"2013/09/10 00:00:00",VIC1,134497.1973,145330.60961717,1.0805
D,CO2EII,PUBLISHING,1,2013,37,"2013/09/11 00:00:00",NEM,497936.93223438,417647.81639055,0.8388
D,CO2EII,PUBLISHING,1,2013,37,"2013/09/11 00:00:00",NSW1,163904.50836,145788.26229479,0.8895
D,CO2EII,PUBLISHING,1,2013,37,"2013/09/11 00:00:00",QLD1,130976.05004938,109344.79351993,0.8348
D,CO2EII,PUBLISHING,1,2013,37,"2013/09/11 00:00:00",SA1,25027.219999,14558.75372178,0.5817
D,CO2EII,PUBLISHING,1,2013,37,"2013/09/11 00:00:00",TAS1,43276.50509,8.44772474,0.0002
D,CO2EII,PUBLISHING,1,2013,37,"2013/09/11 00:00:00",VIC1,134752.648736,147947.55912931,1.0979
D,CO2EII,PUBLISHING,1,2013,37,"2013/09/12 00:00:00",NEM,507304.17485667,425013.64986674,0.8378
D,CO2EII,PUBLISHING,1,2013,37,"2013/09/12 00:00:00",NSW1,168737.574348,152527.31145378,0.9039
D,CO2EII,PUBLISHING,1,2013,37,"2013/09/12 00:00:00",QLD1,131016.38019467,110151.89511975,0.8407
D,CO2EII,PUBLISHING,1,2013,37,"2013/09/12 00:00:00",SA1,30822.17476,12056.95800597,0.3912
D,CO2EII,PUBLISHING,1,2013,37,"2013/09/12 00:00:00",TAS1,41253.354414,2.48610318,0.0001
D,CO2EII,PUBLISHING,1,2013,37,"2013/09/12 00:00:00",VIC1,135474.69114,150274.99918406,1.1092
D,CO2EII,PUBLISHING,1,2013,37,"2013/09/13 00:00:00",NEM,509874.64165667,429570.97647533,0.8425
D,CO2EII,PUBLISHING,1,2013,37,"2013/09/13 00:00:00",NSW1,176664.495693,157777.09563292,0.8931
D,CO2EII,PUBLISHING,1,2013,37,"2013/09/13 00:00:00",QLD1,130022.84888467,110117.54408418,0.8469
D,CO2EII,PUBLISHING,1,2013,37,"2013/09/13 00:00:00",SA1,25315.89771101,11571.92198743,0.4571
D,CO2EII,PUBLISHING,1,2013,37,"2013/09/13 00:00:00",TAS1,42624.121675,2.52687798,0.0001
D,CO2EII,PUBLISHING,1,2013,37,"2013/09/13 00:00:00",VIC1,135247.27769299,150101.88789282,1.1098
D,CO2EII,PUBLISHING,1,2013,37,"2013/09/14 00:00:00",NEM,461342.61067929,412610.93751324,0.8944
D,CO2EII,PUBLISHING,1,2013,37,"2013/09/14 00:00:00",NSW1,148339.000017,143222.28778243,0.9655
D,CO2EII,PUBLISHING,1,2013,37,"2013/09/14 00:00:00",QLD1,126916.36629631,108497.66274179,0.8549
D,CO2EII,PUBLISHING,1,2013,37,"2013/09/14 00:00:00",SA1,19482.25096699,11054.69309449,0.5674
D,CO2EII,PUBLISHING,1,2013,37,"2013/09/14 00:00:00",TAS1,41393.245017,2.4955944,0.0001
D,CO2EII,PUBLISHING,1,2013,37,"2013/09/14 00:00:00",VIC1,125211.74838199,149833.79830013,1.1966
D,CO2EII,PUBLISHING,1,2013,38,"2013/09/15 00:00:00",NEM,445014.11020002,384443.55609123,0.8639
D,CO2EII,PUBLISHING,1,2013,38,"2013/09/15 00:00:00",NSW1,137042.297772,131604.54049019,0.9603
D,CO2EII,PUBLISHING,1,2013,38,"2013/09/15 00:00:00",QLD1,121776.04719102,104291.94783701,0.8564
D,CO2EII,PUBLISHING,1,2013,38,"2013/09/15 00:00:00",SA1,29517.25335499,8249.38714833,0.2795
D,CO2EII,PUBLISHING,1,2013,38,"2013/09/15 00:00:00",TAS1,41486.58192301,2.4747177,0.0001
D,CO2EII,PUBLISHING,1,2013,38,"2013/09/15 00:00:00",VIC1,115191.929959,140295.205898,1.2179
D,CO2EII,PUBLISHING,1,2013,38,"2013/09/16 00:00:00",NEM,515764.32309269,422932.36149219,0.82
D,CO2EII,PUBLISHING,1,2013,38,"2013/09/16 00:00:00",NSW1,173937.564195,153848.69106898,0.8845
D,CO2EII,PUBLISHING,1,2013,38,"2013/09/16 00:00:00",QLD1,130864.58181001,111893.26989245,0.855
D,CO2EII,PUBLISHING,1,2013,38,"2013/09/16 00:00:00",SA1,32618.84173366,9351.64877186,0.2867
D,CO2EII,PUBLISHING,1,2013,38,"2013/09/16 00:00:00",TAS1,43048.76398401,2.45526924,0.0001
D,CO2EII,PUBLISHING,1,2013,38,"2013/09/16 00:00:00",VIC1,135294.57137001,147836.29648966,1.0927
D,CO2EII,PUBLISHING,1,2013,38,"2013/09/17 00:00:00",NEM,505498.375579,433211.12012191,0.857
D,CO2EII,PUBLISHING,1,2013,38,"2013/09/17 00:00:00",NSW1,172833.47116,159130.33740734,0.9207
D,CO2EII,PUBLISHING,1,2013,38,"2013/09/17 00:00:00",QLD1,129696.78207601,110725.00698211,0.8537
D,CO2EII,PUBLISHING,1,2013,38,"2013/09/17 00:00:00",SA1,28141.30537299,11755.68233906,0.4177
D,CO2EII,PUBLISHING,1,2013,38,"2013/09/17 00:00:00",TAS1,40690.04952,2.42448426,0.0001
D,CO2EII,PUBLISHING,1,2013,38,"2013/09/17 00:00:00",VIC1,134136.76745,151597.66890914,1.1302
D,CO2EII,PUBLISHING,1,2013,38,"2013/09/18 00:00:00",NEM,497277.01657402,414220.74556629,0.833
D,CO2EII,PUBLISHING,1,2013,38,"2013/09/18 00:00:00",NSW1,157507.99391401,145476.37566327,0.9236
D,CO2EII,PUBLISHING,1,2013,38,"2013/09/18 00:00:00",QLD1,130301.3975,110560.50667431,0.8485
D,CO2EII,PUBLISHING,1,2013,38,"2013/09/18 00:00:00",SA1,33502.284538,9107.38957419,0.2718
D,CO2EII,PUBLISHING,1,2013,38,"2013/09/18 00:00:00",TAS1,40515.160015,2.5159476,0.0001
D,CO2EII,PUBLISHING,1,2013,38,"2013/09/18 00:00:00",VIC1,135450.18060701,149073.95770692,1.1006
D,CO2EII,PUBLISHING,1,2013,38,"2013/09/19 00:00:00",NEM,504144.73045172,416557.81530199,0.8263
D,CO2EII,PUBLISHING,1,2013,38,"2013/09/19 00:00:00",NSW1,161897.90051199,145515.64616637,0.8988
D,CO2EII,PUBLISHING,1,2013,38,"2013/09/19 00:00:00",QLD1,133124.57617271,112554.14880246,0.8455
D,CO2EII,PUBLISHING,1,2013,38,"2013/09/19 00:00:00",SA1,29481.84729501,9390.55294796,0.3185
D,CO2EII,PUBLISHING,1,2013,38,"2013/09/19 00:00:00",TAS1,40558.144688,2.4007581,0.0001
D,CO2EII,PUBLISHING,1,2013,38,"2013/09/19 00:00:00",VIC1,139082.26178401,149095.0666271,1.072
D,CO2EII,PUBLISHING,1,2013,38,"2013/09/20 00:00:00",NEM,498941.78044139,414743.70844977,0.8312
D,CO2EII,PUBLISHING,1,2013,38,"2013/09/20 00:00:00",NSW1,161064.50212001,145118.77188475,0.901
D,CO2EII,PUBLISHING,1,2013,38,"2013/09/20 00:00:00",QLD1,131472.879361,110502.42806399,0.8405
D,CO2EII,PUBLISHING,1,2013,38,"2013/09/20 00:00:00",SA1,26800.34540836,12014.34789469,0.4483
D,CO2EII,PUBLISHING,1,2013,38,"2013/09/20 00:00:00",TAS1,39940.776244,2.44183518,0.0001
D,CO2EII,PUBLISHING,1,2013,38,"2013/09/20 00:00:00",VIC1,139663.27730802,147105.71877116,1.0533
D,CO2EII,PUBLISHING,1,2013,38,"2013/09/21 00:00:00",NEM,451088.5011184,386632.89007433,0.8571
D,CO2EII,PUBLISHING,1,2013,38,"2013/09/21 00:00:00",NSW1,144592.78990401,131175.43104904,0.9072
D,CO2EII,PUBLISHING,1,2013,38,"2013/09/21 00:00:00",QLD1,126591.17789301,106556.51537551,0.8417
D,CO2EII,PUBLISHING,1,2013,38,"2013/09/21 00:00:00",SA1,22833.31057837,9971.85769303,0.4367
D,CO2EII,PUBLISHING,1,2013,38,"2013/09/21 00:00:00",TAS1,38477.29983701,2.41703532,0.0001
D,CO2EII,PUBLISHING,1,2013,38,"2013/09/21 00:00:00",VIC1,118593.922906,138926.66892143,1.1714
D,CO2EII,PUBLISHING,1,2013,39,"2013/09/22 00:00:00",NEM,438119.19969398,381849.98867845,0.8716
D,CO2EII,PUBLISHING,1,2013,39,"2013/09/22 00:00:00",NSW1,138155.02363599,126137.91183075,0.913
D,CO2EII,PUBLISHING,1,2013,39,"2013/09/22 00:00:00",QLD1,125694.16496199,105587.1682033,0.84
D,CO2EII,PUBLISHING,1,2013,39,"2013/09/22 00:00:00",SA1,19024.107305,10497.66865003,0.5518
D,CO2EII,PUBLISHING,1,2013,39,"2013/09/22 00:00:00",TAS1,38842.962651,2.3992926,0.0001
D,CO2EII,PUBLISHING,1,2013,39,"2013/09/22 00:00:00",VIC1,116402.94114,139624.84070177,1.1995
D,CO2EII,PUBLISHING,1,2013,39,"2013/09/23 00:00:00",NEM,488455.91769201,386770.23938304,0.7918
D,CO2EII,PUBLISHING,1,2013,39,"2013/09/23 00:00:00",NSW1,153641.331131,128911.69617578,0.839
D,CO2EII,PUBLISHING,1,2013,39,"2013/09/23 00:00:00",QLD1,133116.533521,110208.66218982,0.8279
D,CO2EII,PUBLISHING,1,2013,39,"2013/09/23 00:00:00",SA1,31601.473007,8228.47447287,0.2604
D,CO2EII,PUBLISHING,1,2013,39,"2013/09/23 00:00:00",TAS1,39402.899529,2.44222722,0.0001
D,CO2EII,PUBLISHING,1,2013,39,"2013/09/23 00:00:00",VIC1,130693.68050401,139418.96431735,1.0668
D,CO2EII,PUBLISHING,1,2013,39,"2013/09/24 00:00:00",NEM,491070.03871077,400804.79617984,0.8162
D,CO2EII,PUBLISHING,1,2013,39,"2013/09/24 00:00:00",NSW1,157117.553956,135676.9728085,0.8635
D,CO2EII,PUBLISHING,1,2013,39,"2013/09/24 00:00:00",QLD1,132724.69281376,110232.6842539,0.8305
D,CO2EII,PUBLISHING,1,2013,39,"2013/09/24 00:00:00",SA1,27978.188529,8709.80980037,0.3113
D,CO2EII,PUBLISHING,1,2013,39,"2013/09/24 00:00:00",TAS1,38861.36483201,2.4449112,0.0001
D,CO2EII,PUBLISHING,1,2013,39,"2013/09/24 00:00:00",VIC1,134388.23858,146182.88440587,1.0878
D,CO2EII,PUBLISHING,1,2013,39,"2013/09/25 00:00:00",NEM,494977.37879417,407329.34419371,0.8229
D,CO2EII,PUBLISHING,1,2013,39,"2013/09/25 00:00:00",NSW1,157578.808642,141149.0594747,0.8957
D,CO2EII,PUBLISHING,1,2013,39,"2013/09/25 00:00:00",QLD1,136563.62895716,112779.97076764,0.8258
D,CO2EII,PUBLISHING,1,2013,39,"2013/09/25 00:00:00",SA1,25717.87544501,10232.16460927,0.3979
D,CO2EII,PUBLISHING,1,2013,39,"2013/09/25 00:00:00",TAS1,39672.17086,2.4448476,0.0001
D,CO2EII,PUBLISHING,1,2013,39,"2013/09/25 00:00:00",VIC1,135444.89489,143165.7044945,1.057
D,CO2EII,PUBLISHING,1,2013,39,"2013/09/26 00:00:00",NEM,503667.41823078,405474.05585359,0.805
D,CO2EII,PUBLISHING,1,2013,39,"2013/09/26 00:00:00",NSW1,157034.377715,136959.8555146,0.8722
D,CO2EII,PUBLISHING,1,2013,39,"2013/09/26 00:00:00",QLD1,139265.66869878,114547.60687538,0.8225
D,CO2EII,PUBLISHING,1,2013,39,"2013/09/26 00:00:00",SA1,28340.780099,10057.63655422,0.3549
D,CO2EII,PUBLISHING,1,2013,39,"2013/09/26 00:00:00",TAS1,41808.76018501,2.49157674,0.0001
D,CO2EII,PUBLISHING,1,2013,39,"2013/09/26 00:00:00",VIC1,137217.83153299,143906.46533265,1.0487
D,CO2EII,PUBLISHING,1,2013,39,"2013/09/27 00:00:00",NEM,490191.96189986,393415.15594393,0.8026
D,CO2EII,PUBLISHING,1,2013,39,"2013/09/27 00:00:00",NSW1,156297.869034,134661.83533465,0.8616
D,CO2EII,PUBLISHING,1,2013,39,"2013/09/27 00:00:00",QLD1,131668.07100086,110851.26268102,0.8419
D,CO2EII,PUBLISHING,1,2013,39,"2013/09/27 00:00:00",SA1,30521.878308,8139.96726333,0.2667
D,CO2EII,PUBLISHING,1,2013,39,"2013/09/27 00:00:00",TAS1,41422.257242,70.76302907,0.0017
D,CO2EII,PUBLISHING,1,2013,39,"2013/09/27 00:00:00",VIC1,130281.886315,139691.32763586,1.0722
D,CO2EII,PUBLISHING,1,2013,39,"2013/09/28 00:00:00",NEM,455976.12733899,372730.14577284,0.8174
D,CO2EII,PUBLISHING,1,2013,39,"2013/09/28 00:00:00",NSW1,144726.673486,124516.42742616,0.8604
D,CO2EII,PUBLISHING,1,2013,39,"2013/09/28 00:00:00",QLD1,128477.21452099,106490.06159631,0.8289
D,CO2EII,PUBLISHING,1,2013,39,"2013/09/28 00:00:00",SA1,25526.821912,9018.53640859,0.3533
D,CO2EII,PUBLISHING,1,2013,39,"2013/09/28 00:00:00",TAS1,40342.244778,105.93457349,0.0026
D,CO2EII,PUBLISHING,1,2013,39,"2013/09/28 00:00:00",VIC1,116903.172642,132599.18576829,1.1343
D,CO2EII,PUBLISHING,1,2013,40,"2013/09/29 00:00:00",NEM,435677.39927601,352129.07786176,0.8082
D,CO2EII,PUBLISHING,1,2013,40,"2013/09/29 00:00:00",NSW1,131753.52062,117922.42211675,0.895
D,CO2EII,PUBLISHING,1,2013,40,"2013/09/29 00:00:00",QLD1,123959.31364101,101977.24527844,0.8227
D,CO2EII,PUBLISHING,1,2013,40,"2013/09/29 00:00:00",SA1,27403.954749,8064.50295974,0.2943
D,CO2EII,PUBLISHING,1,2013,40,"2013/09/29 00:00:00",TAS1,40080.684833,2.45903784,0.0001
D,CO2EII,PUBLISHING,1,2013,40,"2013/09/29 00:00:00",VIC1,112479.925433,124162.44846899,1.1039
D,CO2EII,PUBLISHING,1,2013,40,"2013/09/30 00:00:00",NEM,494840.53578367,388911.33283678,0.7859
D,CO2EII,PUBLISHING,1,2013,40,"2013/09/30 00:00:00",NSW1,161549.07033201,137628.02077015,0.8519
D,CO2EII,PUBLISHING,1,2013,40,"2013/09/30 00:00:00",QLD1,133861.70833167,111664.94505455,0.8342
D,CO2EII,PUBLISHING,1,2013,40,"2013/09/30 00:00:00",SA1,30546.628013,9765.16767751,0.3197
D,CO2EII,PUBLISHING,1,2013,40,"2013/09/30 00:00:00",TAS1,39605.45724499,106.05823524,0.0027
D,CO2EII,PUBLISHING,1,2013,40,"2013/09/30 00:00:00",VIC1,129277.671862,129747.14109933,1.0036
D,CO2EII,PUBLISHING,1,2013,40,"2013/10/01 00:00:00",NEM,500338.62174051,393263.6938542,0.786
D,CO2EII,PUBLISHING,1,2013,40,"2013/10/01 00:00:00",NSW1,171797.571366,146796.68159698,0.8545
D,CO2EII,PUBLISHING,1,2013,40,"2013/10/01 00:00:00",QLD1,135115.6827385,112310.83104315,0.8312
D,CO2EII,PUBLISHING,1,2013,40,"2013/10/01 00:00:00",SA1,34432.92774701,10910.52396542,0.3169
D,CO2EII,PUBLISHING,1,2013,40,"2013/10/01 00:00:00",TAS1,39831.253587,41.65940325,0.001
D,CO2EII,PUBLISHING,1,2013,40,"2013/10/01 00:00:00",VIC1,119161.186302,123203.9978454,1.0339
D,CO2EII,PUBLISHING,1,2013,40,"2013/10/02 00:00:00",NEM,502369.10503542,390904.87835608,0.7781
D,CO2EII,PUBLISHING,1,2013,40,"2013/10/02 00:00:00",NSW1,168919.70103199,142812.03300767,0.8454
D,CO2EII,PUBLISHING,1,2013,40,"2013/10/02 00:00:00",QLD1,133469.72351342,110822.56380827,0.8303
D,CO2EII,PUBLISHING,1,2013,40,"2013/10/02 00:00:00",SA1,38265.428455,12092.04125366,0.316
D,CO2EII,PUBLISHING,1,2013,40,"2013/10/02 00:00:00",TAS1,41814.45548,2.48540448,0.0001
D,CO2EII,PUBLISHING,1,2013,40,"2013/10/02 00:00:00",VIC1,119899.79655501,125175.754882,1.044
D,CO2EII,PUBLISHING,1,2013,40,"2013/10/03 00:00:00",NEM,502298.18213714,412439.19598556,0.8211
D,CO2EII,PUBLISHING,1,2013,40,"2013/10/03 00:00:00",NSW1,176764.977144,155953.2507543,0.8823
D,CO2EII,PUBLISHING,1,2013,40,"2013/10/03 00:00:00",QLD1,136341.99510514,111989.36663675,0.8214
D,CO2EII,PUBLISHING,1,2013,40,"2013/10/03 00:00:00",SA1,28791.302011,15165.84934036,0.5268
D,CO2EII,PUBLISHING,1,2013,40,"2013/10/03 00:00:00",TAS1,40937.237121,2.30835174,0.0001
D,CO2EII,PUBLISHING,1,2013,40,"2013/10/03 00:00:00",VIC1,119462.670756,129328.42090241,1.0826
D,CO2EII,PUBLISHING,1,2013,40,"2013/10/04 00:00:00",NEM,482259.192839,398436.67761323,0.8262
D,CO2EII,PUBLISHING,1,2013,40,"2013/10/04 00:00:00",NSW1,167937.67016399,144532.70576264,0.8606
D,CO2EII,PUBLISHING,1,2013,40,"2013/10/04 00:00:00",QLD1,129696.291236,106370.31176102,0.8201
D,CO2EII,PUBLISHING,1,2013,40,"2013/10/04 00:00:00",SA1,28232.84783401,12696.79003744,0.4497
D,CO2EII,PUBLISHING,1,2013,40,"2013/10/04 00:00:00",TAS1,39290.940887,2.43753126,0.0001
D,CO2EII,PUBLISHING,1,2013,40,"2013/10/04 00:00:00",VIC1,117101.442718,134834.43252087,1.1514
D,CO2EII,PUBLISHING,1,2013,40,"2013/10/05 00:00:00",NEM,442592.71509067,360217.68657361,0.8139
D,CO2EII,PUBLISHING,1,2013,40,"2013/10/05 00:00:00",NSW1,139515.844394,122486.06394483,0.8779
D,CO2EII,PUBLISHING,1,2013,40,"2013/10/05 00:00:00",QLD1,123891.19352266,101144.23229733,0.8164
D,CO2EII,PUBLISHING,1,2013,40,"2013/10/05 00:00:00",SA1,30338.462108,11090.63826124,0.3656
D,CO2EII,PUBLISHING,1,2013,40,"2013/10/05 00:00:00",TAS1,38590.49051401,2.45040948,0.0001
D,CO2EII,PUBLISHING,1,2013,40,"2013/10/05 00:00:00",VIC1,110256.724552,125494.30166073,1.1382
D,CO2EII,PUBLISHING,1,2013,41,"2013/10/06 00:00:00",NEM,435637.22051596,372462.43772749,0.855
D,CO2EII,PUBLISHING,1,2013,41,"2013/10/06 00:00:00",NSW1,143670.19963999,124969.4452096,0.8698
D,CO2EII,PUBLISHING,1,2013,41,"2013/10/06 00:00:00",QLD1,121184.51676799,99644.62763262,0.8223
D,CO2EII,PUBLISHING,1,2013,41,"2013/10/06 00:00:00",SA1,22638.399335,12365.68923308,0.5462
D,CO2EII,PUBLISHING,1,2013,41,"2013/10/06 00:00:00",TAS1,38858.46069299,2.41455702,0.0001
D,CO2EII,PUBLISHING,1,2013,41,"2013/10/06 00:00:00",VIC1,109285.64407999,135480.26109517,1.2397
D,CO2EII,PUBLISHING,1,2013,41,"2013/10/07 00:00:00",NEM,457894.335975,391113.66186719,0.8542
D,CO2EII,PUBLISHING,1,2013,41,"2013/10/07 00:00:00",NSW1,146274.780139,127762.93780505,0.8734
D,CO2EII,PUBLISHING,1,2013,41,"2013/10/07 00:00:00",QLD1,126908.436434,105176.31875649,0.8288
D,CO2EII,PUBLISHING,1,2013,41,"2013/10/07 00:00:00",SA1,22028.184116,11164.80500377,0.5068
D,CO2EII,PUBLISHING,1,2013,41,"2013/10/07 00:00:00",TAS1,41002.870452,2.42062788,0.0001
D,CO2EII,PUBLISHING,1,2013,41,"2013/10/07 00:00:00",VIC1,121680.064834,147007.179674,1.2081
D,CO2EII,PUBLISHING,1,2013,41,"2013/10/08 00:00:00",NEM,492613.83687674,421837.74662617,0.8563
D,CO2EII,PUBLISHING,1,2013,41,"2013/10/08 00:00:00",NSW1,171839.05449299,152457.69773351,0.8872
D,CO2EII,PUBLISHING,1,2013,41,"2013/10/08 00:00:00",QLD1,135954.00283099,113368.54505764,0.8339
D,CO2EII,PUBLISHING,1,2013,41,"2013/10/08 00:00:00",SA1,24931.33809376,14600.05548478,0.5856
D,CO2EII,PUBLISHING,1,2013,41,"2013/10/08 00:00:00",TAS1,40095.443486,2.43053496,0.0001
D,CO2EII,PUBLISHING,1,2013,41,"2013/10/08 00:00:00",VIC1,119793.997973,141409.01781528,1.1804
D,CO2EII,PUBLISHING,1,2013,41,"2013/10/09 00:00:00",NEM,495254.12562334,398273.1110858,0.8042
D,CO2EII,PUBLISHING,1,2013,41,"2013/10/09 00:00:00",NSW1,165547.614069,139549.64090935,0.843
D,CO2EII,PUBLISHING,1,2013,41,"2013/10/09 00:00:00",QLD1,132974.83140333,110563.06614737,0.8315
D,CO2EII,PUBLISHING,1,2013,41,"2013/10/09 00:00:00",SA1,36942.928592,12521.60395736,0.3389
D,CO2EII,PUBLISHING,1,2013,41,"2013/10/09 00:00:00",TAS1,38606.158919,2.47444392,0.0001
D,CO2EII,PUBLISHING,1,2013,41,"2013/10/09 00:00:00",VIC1,121182.59264001,135636.3256278,1.1193
D,CO2EII,PUBLISHING,1,2013,41,"2013/10/10 00:00:00",NEM,513886.13276433,412012.27334866,0.8018
D,CO2EII,PUBLISHING,1,2013,41,"2013/10/10 00:00:00",NSW1,182128.309058,145284.75526022,0.7977
D,CO2EII,PUBLISHING,1,2013,41,"2013/10/10 00:00:00",QLD1,135746.57135533,112286.77943961,0.8272
D,CO2EII,PUBLISHING,1,2013,41,"2013/10/10 00:00:00",SA1,31052.552597,12621.83468593,0.4065
D,CO2EII,PUBLISHING,1,2013,41,"2013/10/10 00:00:00",TAS1,39988.534408,9.45647475,0.0002
D,CO2EII,PUBLISHING,1,2013,41,"2013/10/10 00:00:00",VIC1,124970.165346,141809.44748815,1.1347
D,CO2EII,PUBLISHING,1,2013,41,"2013/10/11 00:00:00",NEM,497608.34570991,412617.88430168,0.8292
D,CO2EII,PUBLISHING,1,2013,41,"2013/10/11 00:00:00",NSW1,172661.268056,148002.35245657,0.8572
D,CO2EII,PUBLISHING,1,2013,41,"2013/10/11 00:00:00",QLD1,138907.41359865,115770.36439411,0.8334
D,CO2EII,PUBLISHING,1,2013,41,"2013/10/11 00:00:00",SA1,26541.22529425,15635.49920122,0.5891
D,CO2EII,PUBLISHING,1,2013,41,"2013/10/11 00:00:00",TAS1,39853.851835,2.2573731,0.0001
D,CO2EII,PUBLISHING,1,2013,41,"2013/10/11 00:00:00",VIC1,119644.58692601,133207.41087668,1.1134
D,CO2EII,PUBLISHING,1,2013,41,"2013/10/12 00:00:00",NEM,455080.4343669,379233.08965335,0.8333
D,CO2EII,PUBLISHING,1,2013,41,"2013/10/12 00:00:00",NSW1,154599.136791,134816.87950536,0.872
D,CO2EII,PUBLISHING,1,2013,41,"2013/10/12 00:00:00",QLD1,129037.69067391,107539.56514325,0.8334
D,CO2EII,PUBLISHING,1,2013,41,"2013/10/12 00:00:00",SA1,23156.02518099,9970.56061839,0.4306
D,CO2EII,PUBLISHING,1,2013,41,"2013/10/12 00:00:00",TAS1,39365.523525,2.46396654,0.0001
D,CO2EII,PUBLISHING,1,2013,41,"2013/10/12 00:00:00",VIC1,108922.058196,126903.62041981,1.1651
D,CO2EII,PUBLISHING,1,2013,42,"2013/10/13 00:00:00",NEM,458373.55514609,369012.20072431,0.805
D,CO2EII,PUBLISHING,1,2013,42,"2013/10/13 00:00:00",NSW1,158267.710708,136210.67932129,0.8606
D,CO2EII,PUBLISHING,1,2013,42,"2013/10/13 00:00:00",QLD1,126576.04583209,105878.20237009,0.8365
D,CO2EII,PUBLISHING,1,2013,42,"2013/10/13 00:00:00",SA1,31192.51186,8267.67898711,0.2651
D,CO2EII,PUBLISHING,1,2013,42,"2013/10/13 00:00:00",TAS1,40841.521881,2.44142706,0.0001
D,CO2EII,PUBLISHING,1,2013,42,"2013/10/13 00:00:00",VIC1,101495.764865,118653.19861876,1.169
D,CO2EII,PUBLISHING,1,2013,42,"2013/10/14 00:00:00",NEM,502633.31113669,419031.28533736,0.8337
D,CO2EII,PUBLISHING,1,2013,42,"2013/10/14 00:00:00",NSW1,169760.520672,144716.63491688,0.8525
D,CO2EII,PUBLISHING,1,2013,42,"2013/10/14 00:00:00",QLD1,134092.79942568,112210.76890428,0.8368
D,CO2EII,PUBLISHING,1,2013,42,"2013/10/14 00:00:00",SA1,26191.672415,14394.38830784,0.5496
D,CO2EII,PUBLISHING,1,2013,42,"2013/10/14 00:00:00",TAS1,42870.787524,2.3771829,0.0001
D,CO2EII,PUBLISHING,1,2013,42,"2013/10/14 00:00:00",VIC1,129717.53110001,147707.11602546,1.1387
D,CO2EII,PUBLISHING,1,2013,42,"2013/10/15 00:00:00",NEM,495252.46945069,411431.47289422,0.8308
D,CO2EII,PUBLISHING,1,2013,42,"2013/10/15 00:00:00",NSW1,167375.783904,141540.40218736,0.8456
D,CO2EII,PUBLISHING,1,2013,42,"2013/10/15 00:00:00",QLD1,133829.42969567,111093.76491896,0.8301
D,CO2EII,PUBLISHING,1,2013,42,"2013/10/15 00:00:00",SA1,26350.385272,13957.66068219,0.5297
D,CO2EII,PUBLISHING,1,2013,42,"2013/10/15 00:00:00",TAS1,39629.569423,2.4090696,0.0001
D,CO2EII,PUBLISHING,1,2013,42,"2013/10/15 00:00:00",VIC1,128067.30115602,144837.23603611,1.1309
D,CO2EII,PUBLISHING,1,2013,42,"2013/10/16 00:00:00",NEM,494118.28039332,396341.37450568,0.8021
D,CO2EII,PUBLISHING,1,2013,42,"2013/10/16 00:00:00",NSW1,162495.432637,135423.14835515,0.8334
D,CO2EII,PUBLISHING,1,2013,42,"2013/10/16 00:00:00",QLD1,133356.28099132,109192.84965877,0.8188
D,CO2EII,PUBLISHING,1,2013,42,"2013/10/16 00:00:00",SA1,37523.405436,11583.36784895,0.3087
D,CO2EII,PUBLISHING,1,2013,42,"2013/10/16 00:00:00",TAS1,33680.43542101,2.45776524,0.0001
D,CO2EII,PUBLISHING,1,2013,42,"2013/10/16 00:00:00",VIC1,127062.72590799,140139.55087757,1.1029
D,CO2EII,PUBLISHING,1,2013,42,"2013/10/17 00:00:00",NEM,505677.95947331,411279.81729678,0.8133
D,CO2EII,PUBLISHING,1,2013,42,"2013/10/17 00:00:00",NSW1,170838.213195,141936.60983854,0.8308
D,CO2EII,PUBLISHING,1,2013,42,"2013/10/17 00:00:00",QLD1,135003.75780433,111109.46941714,0.823
D,CO2EII,PUBLISHING,1,2013,42,"2013/10/17 00:00:00",SA1,31763.087635,12843.77559855,0.4044
D,CO2EII,PUBLISHING,1,2013,42,"2013/10/17 00:00:00",TAS1,41624.65476999,2.25152214,0.0001
D,CO2EII,PUBLISHING,1,2013,42,"2013/10/17 00:00:00",VIC1,126448.24606899,145387.71092041,1.1498
D,CO2EII,PUBLISHING,1,2013,42,"2013/10/18 00:00:00",NEM,493654.81765533,415465.73279092,0.8416
D,CO2EII,PUBLISHING,1,2013,42,"2013/10/18 00:00:00",NSW1,164932.77799499,141024.32031219,0.855
D,CO2EII,PUBLISHING,1,2013,42,"2013/10/18 00:00:00",QLD1,134915.87474532,111066.43509484,0.8232
D,CO2EII,PUBLISHING,1,2013,42,"2013/10/18 00:00:00",SA1,26420.16701201,14525.68776799,0.5498
D,CO2EII,PUBLISHING,1,2013,42,"2013/10/18 00:00:00",TAS1,39146.49535401,7.16531984,0.0002
D,CO2EII,PUBLISHING,1,2013,42,"2013/10/18 00:00:00",VIC1,128239.502549,148842.12429606,1.1607
D,CO2EII,PUBLISHING,1,2013,42,"2013/10/19 00:00:00",NEM,447768.54659031,371345.25276105,0.8293
D,CO2EII,PUBLISHING,1,2013,42,"2013/10/19 00:00:00",NSW1,142192.03215199,125115.46690828,0.8799
D,CO2EII,PUBLISHING,1,2013,42,"2013/10/19 00:00:00",QLD1,121224.44280432,97829.37043631,0.807
D,CO2EII,PUBLISHING,1,2013,42,"2013/10/19 00:00:00",SA1,29958.663107,11428.67892016,0.3815
D,CO2EII,PUBLISHING,1,2013,42,"2013/10/19 00:00:00",TAS1,36159.392445,2.362599,0.0001
D,CO2EII,PUBLISHING,1,2013,42,"2013/10/19 00:00:00",VIC1,118234.016082,136969.3738973,1.1585
D,CO2EII,PUBLISHING,1,2013,43,"2013/10/20 00:00:00",NEM,446800.00895078,370692.35171888,0.8297
D,CO2EII,PUBLISHING,1,2013,43,"2013/10/20 00:00:00",NSW1,143204.14709399,126171.79573334,0.8811
D,CO2EII,PUBLISHING,1,2013,43,"2013/10/20 00:00:00",QLD1,120236.91307678,97495.73588217,0.8109
D,CO2EII,PUBLISHING,1,2013,43,"2013/10/20 00:00:00",SA1,29648.505669,11992.24937706,0.4045
D,CO2EII,PUBLISHING,1,2013,43,"2013/10/20 00:00:00",TAS1,37835.836074,2.38210314,0.0001
D,CO2EII,PUBLISHING,1,2013,43,"2013/10/20 00:00:00",VIC1,115874.60703701,135030.18862317,1.1653
D,CO2EII,PUBLISHING,1,2013,43,"2013/10/21 00:00:00",NEM,513771.96078468,428800.81896994,0.8346
D,CO2EII,PUBLISHING,1,2013,43,"2013/10/21 00:00:00",NSW1,188806.292962,163371.1370025,0.8653
D,CO2EII,PUBLISHING,1,2013,43,"2013/10/21 00:00:00",QLD1,132344.49991267,109467.40869946,0.8271
D,CO2EII,PUBLISHING,1,2013,43,"2013/10/21 00:00:00",SA1,28529.051655,15185.74529604,0.5323
D,CO2EII,PUBLISHING,1,2013,43,"2013/10/21 00:00:00",TAS1,39902.484239,2.34078324,0.0001
D,CO2EII,PUBLISHING,1,2013,43,"2013/10/21 00:00:00",VIC1,124189.63201601,140774.1871887,1.1335
D,CO2EII,PUBLISHING,1,2013,43,"2013/10/22 00:00:00",NEM,513144.258664,433136.95010602,0.8441
D,CO2EII,PUBLISHING,1,2013,43,"2013/10/22 00:00:00",NSW1,176499.372524,153290.66614315,0.8685
D,CO2EII,PUBLISHING,1,2013,43,"2013/10/22 00:00:00",QLD1,129349.92685,107736.2698798,0.8329
D,CO2EII,PUBLISHING,1,2013,43,"2013/10/22 00:00:00",SA1,33101.730805,12021.99075678,0.3632
D,CO2EII,PUBLISHING,1,2013,43,"2013/10/22 00:00:00",TAS1,40231.355501,2.33740338,0.0001
D,CO2EII,PUBLISHING,1,2013,43,"2013/10/22 00:00:00",VIC1,133961.872984,160085.68592291,1.195
D,CO2EII,PUBLISHING,1,2013,43,"2013/10/23 00:00:00",NEM,517993.31054567,416689.80905968,0.8044
D,CO2EII,PUBLISHING,1,2013,43,"2013/10/23 00:00:00",NSW1,180291.530026,152177.79962379,0.8441
D,CO2EII,PUBLISHING,1,2013,43,"2013/10/23 00:00:00",QLD1,133529.86987366,110617.41153636,0.8284
D,CO2EII,PUBLISHING,1,2013,43,"2013/10/23 00:00:00",SA1,33691.715981,11836.34432282,0.3513
D,CO2EII,PUBLISHING,1,2013,43,"2013/10/23 00:00:00",TAS1,39769.861754,2.41513794,0.0001
D,CO2EII,PUBLISHING,1,2013,43,"2013/10/23 00:00:00",VIC1,130710.33291101,142055.83843877,1.0868
D,CO2EII,PUBLISHING,1,2013,43,"2013/10/24 00:00:00",NEM,512194.60177988,420879.13913022,0.8217
D,CO2EII,PUBLISHING,1,2013,43,"2013/10/24 00:00:00",NSW1,173424.843069,144309.81525819,0.8321
D,CO2EII,PUBLISHING,1,2013,43,"2013/10/24 00:00:00",QLD1,135351.68998788,111927.90218332,0.8269
D,CO2EII,PUBLISHING,1,2013,43,"2013/10/24 00:00:00",SA1,27997.31465101,14214.8943923,0.5077
D,CO2EII,PUBLISHING,1,2013,43,"2013/10/24 00:00:00",TAS1,41765.05802999,21.44027017,0.0005
D,CO2EII,PUBLISHING,1,2013,43,"2013/10/24 00:00:00",VIC1,133655.696042,150405.08702624,1.1253
D,CO2EII,PUBLISHING,1,2013,43,"2013/10/25 00:00:00",NEM,497141.67195226,416809.87125218,0.8384
D,CO2EII,PUBLISHING,1,2013,43,"2013/10/25 00:00:00",NSW1,170092.50641,141830.74643047,0.8338
D,CO2EII,PUBLISHING,1,2013,43,"2013/10/25 00:00:00",QLD1,129203.31247323,106617.16463087,0.8252
D,CO2EII,PUBLISHING,1,2013,43,"2013/10/25 00:00:00",SA1,26575.264912,16258.16526145,0.6118
D,CO2EII,PUBLISHING,1,2013,43,"2013/10/25 00:00:00",TAS1,40791.00866101,2.39729322,0.0001
D,CO2EII,PUBLISHING,1,2013,43,"2013/10/25 00:00:00",VIC1,130479.57949602,152101.39763617,1.1657
D,CO2EII,PUBLISHING,1,2013,43,"2013/10/26 00:00:00",NEM,455472.63252472,387153.18361964,0.85
D,CO2EII,PUBLISHING,1,2013,43,"2013/10/26 00:00:00",NSW1,146758.58594601,126195.2115039,0.8599
D,CO2EII,PUBLISHING,1,2013,43,"2013/10/26 00:00:00",QLD1,127201.7226377,104777.2889123,0.8237
D,CO2EII,PUBLISHING,1,2013,43,"2013/10/26 00:00:00",SA1,23755.351469,14501.08622443,0.6104
D,CO2EII,PUBLISHING,1,2013,43,"2013/10/26 00:00:00",TAS1,38644.524691,2.3653011,0.0001
D,CO2EII,PUBLISHING,1,2013,43,"2013/10/26 00:00:00",VIC1,119112.44778101,141677.23167791,1.1894
D,CO2EII,PUBLISHING,1,2013,44,"2013/10/27 00:00:00",NEM,447392.03359004,392697.08105224,0.8777
D,CO2EII,PUBLISHING,1,2013,44,"2013/10/27 00:00:00",NSW1,135038.24947501,121609.15963651,0.9006
D,CO2EII,PUBLISHING,1,2013,44,"2013/10/27 00:00:00",QLD1,124671.70072903,103231.4734781,0.828
D,CO2EII,PUBLISHING,1,2013,44,"2013/10/27 00:00:00",SA1,29391.895585,12674.0319693,0.4312
D,CO2EII,PUBLISHING,1,2013,44,"2013/10/27 00:00:00",TAS1,38974.98230101,2.35784808,0.0001
D,CO2EII,PUBLISHING,1,2013,44,"2013/10/27 00:00:00",VIC1,119315.20549999,155180.05812025,1.3006
D,CO2EII,PUBLISHING,1,2013,44,"2013/10/28 00:00:00",NEM,504521.40124773,432839.99291275,0.8579
D,CO2EII,PUBLISHING,1,2013,44,"2013/10/28 00:00:00",NSW1,159567.458984,141429.4986241,0.8863
D,CO2EII,PUBLISHING,1,2013,44,"2013/10/28 00:00:00",QLD1,136475.56589572,113188.50678824,0.8294
D,CO2EII,PUBLISHING,1,2013,44,"2013/10/28 00:00:00",SA1,32473.70646,12900.94637045,0.3973
D,CO2EII,PUBLISHING,1,2013,44,"2013/10/28 00:00:00",TAS1,40608.992599,2.38260906,0.0001
D,CO2EII,PUBLISHING,1,2013,44,"2013/10/28 00:00:00",VIC1,135395.67730901,165318.6585209,1.221
D,CO2EII,PUBLISHING,1,2013,44,"2013/10/29 00:00:00",NEM,506821.02364635,437345.85204661,0.8629
D,CO2EII,PUBLISHING,1,2013,44,"2013/10/29 00:00:00",NSW1,159829.36895299,137395.33875928,0.8596
D,CO2EII,PUBLISHING,1,2013,44,"2013/10/29 00:00:00",QLD1,137825.30495636,113905.14779898,0.8264
D,CO2EII,PUBLISHING,1,2013,44,"2013/10/29 00:00:00",SA1,29108.250465,15020.24326612,0.516
D,CO2EII,PUBLISHING,1,2013,44,"2013/10/29 00:00:00",TAS1,39294.683447,2.3613804,0.0001
D,CO2EII,PUBLISHING,1,2013,44,"2013/10/29 00:00:00",VIC1,140763.415825,171022.76084183,1.215
D,CO2EII,PUBLISHING,1,2013,44,"2013/10/30 00:00:00",NEM,495345.88209837,436811.05925875,0.8818
D,CO2EII,PUBLISHING,1,2013,44,"2013/10/30 00:00:00",NSW1,158682.81728401,137303.26890002,0.8653
D,CO2EII,PUBLISHING,1,2013,44,"2013/10/30 00:00:00",QLD1,135908.35474135,112832.53015449,0.8302
D,CO2EII,PUBLISHING,1,2013,44,"2013/10/30 00:00:00",SA1,25051.051587,14871.22081827,0.5936
D,CO2EII,PUBLISHING,1,2013,44,"2013/10/30 00:00:00",TAS1,38235.588557,2.35290576,0.0001
D,CO2EII,PUBLISHING,1,2013,44,"2013/10/30 00:00:00",VIC1,137468.06992901,171801.68648021,1.2498
D,CO2EII,PUBLISHING,1,2013,44,"2013/10/31 00:00:00",NEM,497064.5035264,440227.60107549,0.8857
D,CO2EII,PUBLISHING,1,2013,44,"2013/10/31 00:00:00",NSW1,162159.73824201,140144.65984209,0.8642
D,CO2EII,PUBLISHING,1,2013,44,"2013/10/31 00:00:00",QLD1,135775.02417139,113199.12598894,0.8337
D,CO2EII,PUBLISHING,1,2013,44,"2013/10/31 00:00:00",SA1,23889.377261,14502.20230538,0.6071
D,CO2EII,PUBLISHING,1,2013,44,"2013/10/31 00:00:00",TAS1,39163.104192,36.90894951,0.0009
D,CO2EII,PUBLISHING,1,2013,44,"2013/10/31 00:00:00",VIC1,136077.25966,172344.70398957,1.2665
D,CO2EII,PUBLISHING,1,2013,44,"2013/11/01 00:00:00",NEM,493883.59341583,437387.95004298,0.8856
D,CO2EII,PUBLISHING,1,2013,44,"2013/11/01 00:00:00",NSW1,170019.16356401,147337.32568663,0.8666
D,CO2EII,PUBLISHING,1,2013,44,"2013/11/01 00:00:00",QLD1,132284.29959781,110001.74791917,0.8316
D,CO2EII,PUBLISHING,1,2013,44,"2013/11/01 00:00:00",SA1,24619.468607,15678.96719673,0.6369
D,CO2EII,PUBLISHING,1,2013,44,"2013/11/01 00:00:00",TAS1,35756.731657,2.33580738,0.0001
D,CO2EII,PUBLISHING,1,2013,44,"2013/11/01 00:00:00",VIC1,131203.92999001,164367.57343307,1.2528
D,CO2EII,PUBLISHING,1,2013,44,"2013/11/02 00:00:00",NEM,457589.42620793,403890.20927616,0.8826
D,CO2EII,PUBLISHING,1,2013,44,"2013/11/02 00:00:00",NSW1,151763.328598,133565.15904571,0.8801
D,CO2EII,PUBLISHING,1,2013,44,"2013/11/02 00:00:00",QLD1,122438.96813593,101010.61280033,0.825
D,CO2EII,PUBLISHING,1,2013,44,"2013/11/02 00:00:00",SA1,25754.486164,13218.82631746,0.5133
D,CO2EII,PUBLISHING,1,2013,44,"2013/11/02 00:00:00",TAS1,34818.682446,2.35234548,0.0001
D,CO2EII,PUBLISHING,1,2013,44,"2013/11/02 00:00:00",VIC1,122813.960864,156093.25876718,1.271
D,CO2EII,PUBLISHING,1,2013,45,"2013/11/03 00:00:00",NEM,449664.71492676,377205.40511217,0.8389
D,CO2EII,PUBLISHING,1,2013,45,"2013/11/03 00:00:00",NSW1,143281.516979,124333.41091066,0.8678
D,CO2EII,PUBLISHING,1,2013,45,"2013/11/03 00:00:00",QLD1,122170.00712076,101762.47297259,0.833
D,CO2EII,PUBLISHING,1,2013,45,"2013/11/03 00:00:00",SA1,26213.650203,10350.27948865,0.3948
D,CO2EII,PUBLISHING,1,2013,45,"2013/11/03 00:00:00",TAS1,37739.16512401,2.30601798,0.0001
D,CO2EII,PUBLISHING,1,2013,45,"2013/11/03 00:00:00",VIC1,120260.37549999,140756.93572229,1.1704
D,CO2EII,PUBLISHING,1,2013,45,"2013/11/04 00:00:00",NEM,486974.34006296,417456.61441669,0.8572
D,CO2EII,PUBLISHING,1,2013,45,"2013/11/04 00:00:00",NSW1,162442.540779,141197.30317273,0.8692
D,CO2EII,PUBLISHING,1,2013,45,"2013/11/04 00:00:00",QLD1,131699.31873797,108772.06066423,0.8259
D,CO2EII,PUBLISHING,1,2013,45,"2013/11/04 00:00:00",SA1,27589.66867,11391.65159229,0.4129
D,CO2EII,PUBLISHING,1,2013,45,"2013/11/04 00:00:00",TAS1,39211.365509,1.91142846,0
D,CO2EII,PUBLISHING,1,2013,45,"2013/11/04 00:00:00",VIC1,126031.44636699,156093.68755898,1.2385
D,CO2EII,PUBLISHING,1,2013,45,"2013/11/05 00:00:00",NEM,476135.99896489,415302.91514982,0.8722
D,CO2EII,PUBLISHING,1,2013,45,"2013/11/05 00:00:00",NSW1,158628.745846,137350.03166685,0.8659
D,CO2EII,PUBLISHING,1,2013,45,"2013/11/05 00:00:00",QLD1,133181.75185891,108971.92213409,0.8182
D,CO2EII,PUBLISHING,1,2013,45,"2013/11/05 00:00:00",SA1,27629.313521,14727.51325621,0.533
D,CO2EII,PUBLISHING,1,2013,45,"2013/11/05 00:00:00",TAS1,34450.286572,6.72739619,0.0002
D,CO2EII,PUBLISHING,1,2013,45,"2013/11/05 00:00:00",VIC1,122245.90116698,154246.72069648,1.2618
D,CO2EII,PUBLISHING,1,2013,45,"2013/11/06 00:00:00",NEM,499097.94905844,421134.09535443,0.8438
D,CO2EII,PUBLISHING,1,2013,45,"2013/11/06 00:00:00",NSW1,157208.015061,134964.79018148,0.8585
D,CO2EII,PUBLISHING,1,2013,45,"2013/11/06 00:00:00",QLD1,134344.61602942,110558.69239458,0.8229
D,CO2EII,PUBLISHING,1,2013,45,"2013/11/06 00:00:00",SA1,35106.94174601,18293.29539455,0.5211
D,CO2EII,PUBLISHING,1,2013,45,"2013/11/06 00:00:00",TAS1,35287.202479,2.13490896,0.0001
D,CO2EII,PUBLISHING,1,2013,45,"2013/11/06 00:00:00",VIC1,137151.17374301,157315.18247486,1.147
D,CO2EII,PUBLISHING,1,2013,45,"2013/11/07 00:00:00",NEM,510393.83600833,435967.7722902,0.8542
D,CO2EII,PUBLISHING,1,2013,45,"2013/11/07 00:00:00",NSW1,169025.633679,147426.21741849,0.8722
D,CO2EII,PUBLISHING,1,2013,45,"2013/11/07 00:00:00",QLD1,135877.77358333,112222.28522657,0.8259
D,CO2EII,PUBLISHING,1,2013,45,"2013/11/07 00:00:00",SA1,31441.809011,16644.46107634,0.5294
D,CO2EII,PUBLISHING,1,2013,45,"2013/11/07 00:00:00",TAS1,37549.665629,2.10639486,0.0001
D,CO2EII,PUBLISHING,1,2013,45,"2013/11/07 00:00:00",VIC1,136498.954106,159672.70217394,1.1698
D,CO2EII,PUBLISHING,1,2013,45,"2013/11/08 00:00:00",NEM,515177.78525578,429224.5710357,0.8332
D,CO2EII,PUBLISHING,1,2013,45,"2013/11/08 00:00:00",NSW1,173032.01296101,147460.9506248,0.8522
D,CO2EII,PUBLISHING,1,2013,45,"2013/11/08 00:00:00",QLD1,136105.41492377,112634.73014763,0.8276
D,CO2EII,PUBLISHING,1,2013,45,"2013/11/08 00:00:00",SA1,35679.215466,14852.81283872,0.4163
D,CO2EII,PUBLISHING,1,2013,45,"2013/11/08 00:00:00",TAS1,39627.021693,2.1787218,0.0001
D,CO2EII,PUBLISHING,1,2013,45,"2013/11/08 00:00:00",VIC1,130734.120212,154273.89870275,1.1801
D,CO2EII,PUBLISHING,1,2013,45,"2013/11/09 00:00:00",NEM,466621.17556036,405715.21800968,0.8695
D,CO2EII,PUBLISHING,1,2013,45,"2013/11/09 00:00:00",NSW1,148011.113557,130530.8394753,0.8819
D,CO2EII,PUBLISHING,1,2013,45,"2013/11/09 00:00:00",QLD1,132566.04214036,109957.5222215,0.8295
D,CO2EII,PUBLISHING,1,2013,45,"2013/11/09 00:00:00",SA1,28017.802294,13824.64527473,0.4934
D,CO2EII,PUBLISHING,1,2013,45,"2013/11/09 00:00:00",TAS1,33454.610806,2.14434084,0.0001
D,CO2EII,PUBLISHING,1,2013,45,"2013/11/09 00:00:00",VIC1,124571.606763,151400.06669731,1.2154
D,CO2EII,PUBLISHING,1,2013,46,"2013/11/10 00:00:00",NEM,448473.1539358,385609.10614257,0.8598
D,CO2EII,PUBLISHING,1,2013,46,"2013/11/10 00:00:00",NSW1,134796.379885,117241.43728441,0.8698
D,CO2EII,PUBLISHING,1,2013,46,"2013/11/10 00:00:00",QLD1,133457.64159179,110052.24158182,0.8246
D,CO2EII,PUBLISHING,1,2013,46,"2013/11/10 00:00:00",SA1,29625.319905,13359.81117256,0.451
D,CO2EII,PUBLISHING,1,2013,46,"2013/11/10 00:00:00",TAS1,31893.591876,2.12172312,0.0001
D,CO2EII,PUBLISHING,1,2013,46,"2013/11/10 00:00:00",VIC1,118700.22067801,144953.49438066,1.2212
D,CO2EII,PUBLISHING,1,2013,46,"2013/11/11 00:00:00",NEM,505357.67713228,423385.41570798,0.8378
D,CO2EII,PUBLISHING,1,2013,46,"2013/11/11 00:00:00",NSW1,163216.381755,139739.70403465,0.8562
D,CO2EII,PUBLISHING,1,2013,46,"2013/11/11 00:00:00",QLD1,139468.83876029,116738.69833533,0.837
D,CO2EII,PUBLISHING,1,2013,46,"2013/11/11 00:00:00",SA1,30779.906592,14042.82511109,0.4562
D,CO2EII,PUBLISHING,1,2013,46,"2013/11/11 00:00:00",TAS1,37688.849905,2.0817657,0.0001
D,CO2EII,PUBLISHING,1,2013,46,"2013/11/11 00:00:00",VIC1,134203.70011999,152862.10646121,1.139
D,CO2EII,PUBLISHING,1,2013,46,"2013/11/12 00:00:00",NEM,509652.08754954,436637.81061267,0.8567
D,CO2EII,PUBLISHING,1,2013,46,"2013/11/12 00:00:00",NSW1,171936.070727,151802.20628874,0.8829
D,CO2EII,PUBLISHING,1,2013,46,"2013/11/12 00:00:00",QLD1,137617.95015055,116197.51909642,0.8443
D,CO2EII,PUBLISHING,1,2013,46,"2013/11/12 00:00:00",SA1,29003.985799,15127.75896557,0.5216
D,CO2EII,PUBLISHING,1,2013,46,"2013/11/12 00:00:00",TAS1,37754.989346,2.16446034,0.0001
D,CO2EII,PUBLISHING,1,2013,46,"2013/11/12 00:00:00",VIC1,133339.09152699,153508.1618016,1.1513
D,CO2EII,PUBLISHING,1,2013,46,"2013/11/13 00:00:00",NEM,514183.76030825,440517.31521591,0.8567
D,CO2EII,PUBLISHING,1,2013,46,"2013/11/13 00:00:00",NSW1,173000.55203499,147311.58092275,0.8515
D,CO2EII,PUBLISHING,1,2013,46,"2013/11/13 00:00:00",QLD1,137950.83845526,116841.97125312,0.847
D,CO2EII,PUBLISHING,1,2013,46,"2013/11/13 00:00:00",SA1,28715.091663,15453.92681275,0.5382
D,CO2EII,PUBLISHING,1,2013,46,"2013/11/13 00:00:00",TAS1,39168.915738,2.18326698,0.0001
D,CO2EII,PUBLISHING,1,2013,46,"2013/11/13 00:00:00",VIC1,135348.362417,160907.65296031,1.1888
D,CO2EII,PUBLISHING,1,2013,46,"2013/11/14 00:00:00",NEM,509360.8638037,437194.74484716,0.8583
D,CO2EII,PUBLISHING,1,2013,46,"2013/11/14 00:00:00",NSW1,171816.49007,147184.39294536,0.8566
D,CO2EII,PUBLISHING,1,2013,46,"2013/11/14 00:00:00",QLD1,139308.78777771,116754.79565872,0.8381
D,CO2EII,PUBLISHING,1,2013,46,"2013/11/14 00:00:00",SA1,29233.841059,15416.90772677,0.5274
D,CO2EII,PUBLISHING,1,2013,46,"2013/11/14 00:00:00",TAS1,39274.035493,2.15483802,0.0001
D,CO2EII,PUBLISHING,1,2013,46,"2013/11/14 00:00:00",VIC1,129727.70940399,157836.49367829,1.2167
D,CO2EII,PUBLISHING,1,2013,46,"2013/11/15 00:00:00",NEM,501444.46846981,432224.78278504,0.862
D,CO2EII,PUBLISHING,1,2013,46,"2013/11/15 00:00:00",NSW1,165633.00184399,141155.39105117,0.8522
D,CO2EII,PUBLISHING,1,2013,46,"2013/11/15 00:00:00",QLD1,139023.52222882,116323.39738731,0.8367
D,CO2EII,PUBLISHING,1,2013,46,"2013/11/15 00:00:00",SA1,30780.993187,14922.31842527,0.4848
D,CO2EII,PUBLISHING,1,2013,46,"2013/11/15 00:00:00",TAS1,37240.319794,2.59843818,0.0001
D,CO2EII,PUBLISHING,1,2013,46,"2013/11/15 00:00:00",VIC1,128766.631416,159821.07748311,1.2412
D,CO2EII,PUBLISHING,1,2013,46,"2013/11/16 00:00:00",NEM,456719.66779517,396321.55738579,0.8678
D,CO2EII,PUBLISHING,1,2013,46,"2013/11/16 00:00:00",NSW1,141566.335325,121290.09047758,0.8568
D,CO2EII,PUBLISHING,1,2013,46,"2013/11/16 00:00:00",QLD1,131744.79589217,110653.89249691,0.8399
D,CO2EII,PUBLISHING,1,2013,46,"2013/11/16 00:00:00",SA1,32413.709134,14104.53335633,0.4351
D,CO2EII,PUBLISHING,1,2013,46,"2013/11/16 00:00:00",TAS1,30822.386084,2.49798798,0.0001
D,CO2EII,PUBLISHING,1,2013,46,"2013/11/16 00:00:00",VIC1,120172.44136,150270.54306699,1.2505
D,CO2EII,PUBLISHING,1,2013,47,"2013/11/17 00:00:00",NEM,443427.09643064,394550.76280487,0.8898
D,CO2EII,PUBLISHING,1,2013,47,"2013/11/17 00:00:00",NSW1,133888.00114899,115074.5772122,0.8595
D,CO2EII,PUBLISHING,1,2013,47,"2013/11/17 00:00:00",QLD1,129168.41817466,108121.76531642,0.8371
D,CO2EII,PUBLISHING,1,2013,47,"2013/11/17 00:00:00",SA1,27644.982389,14648.45385794,0.5299
D,CO2EII,PUBLISHING,1,2013,47,"2013/11/17 00:00:00",TAS1,28970.31896,2.53522428,0.0001
D,CO2EII,PUBLISHING,1,2013,47,"2013/11/17 00:00:00",VIC1,123755.37575799,156703.43119403,1.2662
D,CO2EII,PUBLISHING,1,2013,47,"2013/11/18 00:00:00",NEM,499633.29141587,440606.51548478,0.8819
D,CO2EII,PUBLISHING,1,2013,47,"2013/11/18 00:00:00",NSW1,159748.2302,133665.00942628,0.8367
D,CO2EII,PUBLISHING,1,2013,47,"2013/11/18 00:00:00",QLD1,138040.46690388,114312.61279746,0.8281
D,CO2EII,PUBLISHING,1,2013,47,"2013/11/18 00:00:00",SA1,27648.22442499,18213.11727448,0.6587
D,CO2EII,PUBLISHING,1,2013,47,"2013/11/18 00:00:00",TAS1,34983.663364,2.82647127,0.0001
D,CO2EII,PUBLISHING,1,2013,47,"2013/11/18 00:00:00",VIC1,139212.706523,174412.94951529,1.2529
D,CO2EII,PUBLISHING,1,2013,47,"2013/11/19 00:00:00",NEM,503900.61748109,438890.40804583,0.871
D,CO2EII,PUBLISHING,1,2013,47,"2013/11/19 00:00:00",NSW1,158965.71778299,137123.36970082,0.8626
D,CO2EII,PUBLISHING,1,2013,47,"2013/11/19 00:00:00",QLD1,140353.55112712,116215.39462054,0.828
D,CO2EII,PUBLISHING,1,2013,47,"2013/11/19 00:00:00",SA1,31886.261179,15901.73843321,0.4987
D,CO2EII,PUBLISHING,1,2013,47,"2013/11/19 00:00:00",TAS1,34125.873814,109.34028492,0.0032
D,CO2EII,PUBLISHING,1,2013,47,"2013/11/19 00:00:00",VIC1,138569.21357798,169540.56500634,1.2235
D,CO2EII,PUBLISHING,1,2013,47,"2013/11/20 00:00:00",NEM,505557.29750071,424136.18330062,0.8389
D,CO2EII,PUBLISHING,1,2013,47,"2013/11/20 00:00:00",NSW1,162652.884089,135783.42284365,0.8348
D,CO2EII,PUBLISHING,1,2013,47,"2013/11/20 00:00:00",QLD1,141109.42783271,115872.96066054,0.8212
D,CO2EII,PUBLISHING,1,2013,47,"2013/11/20 00:00:00",SA1,33826.87246201,14887.71145719,0.4401
D,CO2EII,PUBLISHING,1,2013,47,"2013/11/20 00:00:00",TAS1,37313.204994,55.06592817,0.0015
D,CO2EII,PUBLISHING,1,2013,47,"2013/11/20 00:00:00",VIC1,130654.90812299,157537.02241107,1.2057
D,CO2EII,PUBLISHING,1,2013,47,"2013/11/21 00:00:00",NEM,511722.41400961,435643.34242398,0.8513
D,CO2EII,PUBLISHING,1,2013,47,"2013/11/21 00:00:00",NSW1,172820.830298,146450.62439083,0.8474
D,CO2EII,PUBLISHING,1,2013,47,"2013/11/21 00:00:00",QLD1,140792.72824462,117648.31527402,0.8356
D,CO2EII,PUBLISHING,1,2013,47,"2013/11/21 00:00:00",SA1,30524.670652,16324.21908202,0.5348
D,CO2EII,PUBLISHING,1,2013,47,"2013/11/21 00:00:00",TAS1,38464.12412,2.68372182,0.0001
D,CO2EII,PUBLISHING,1,2013,47,"2013/11/21 00:00:00",VIC1,129120.06069499,155217.49995529,1.2021
D,CO2EII,PUBLISHING,1,2013,47,"2013/11/22 00:00:00",NEM,500389.91944755,428544.73451267,0.8564
D,CO2EII,PUBLISHING,1,2013,47,"2013/11/22 00:00:00",NSW1,169879.436137,145295.75758177,0.8553
D,CO2EII,PUBLISHING,1,2013,47,"2013/11/22 00:00:00",QLD1,141013.35104254,116910.77685266,0.8291
D,CO2EII,PUBLISHING,1,2013,47,"2013/11/22 00:00:00",SA1,30093.300625,16075.74639761,0.5342
D,CO2EII,PUBLISHING,1,2013,47,"2013/11/22 00:00:00",TAS1,33677.947373,2.63301288,0.0001
D,CO2EII,PUBLISHING,1,2013,47,"2013/11/22 00:00:00",VIC1,125725.88427001,150259.82066775,1.1951
D,CO2EII,PUBLISHING,1,2013,47,"2013/11/23 00:00:00",NEM,456688.04318654,395173.17754043,0.8653
D,CO2EII,PUBLISHING,1,2013,47,"2013/11/23 00:00:00",NSW1,140360.660822,123843.05775779,0.8823
D,CO2EII,PUBLISHING,1,2013,47,"2013/11/23 00:00:00",QLD1,137433.98813555,115122.37334367,0.8377
D,CO2EII,PUBLISHING,1,2013,47,"2013/11/23 00:00:00",SA1,29387.40072,13643.47370707,0.4643
D,CO2EII,PUBLISHING,1,2013,47,"2013/11/23 00:00:00",TAS1,31083.992144,2.61575352,0.0001
D,CO2EII,PUBLISHING,1,2013,47,"2013/11/23 00:00:00",VIC1,118422.00136499,142561.65697838,1.2038
D,CO2EII,PUBLISHING,1,2013,48,"2013/11/24 00:00:00",NEM,445167.17897113,386643.33221523,0.8685
D,CO2EII,PUBLISHING,1,2013,48,"2013/11/24 00:00:00",NSW1,140887.941233,124905.51876291,0.8866
D,CO2EII,PUBLISHING,1,2013,48,"2013/11/24 00:00:00",QLD1,132371.13898012,110279.20870543,0.8331
D,CO2EII,PUBLISHING,1,2013,48,"2013/11/24 00:00:00",SA1,27020.717324,13532.17486481,0.5008
D,CO2EII,PUBLISHING,1,2013,48,"2013/11/24 00:00:00",TAS1,32778.367089,2.52988842,0.0001
D,CO2EII,PUBLISHING,1,2013,48,"2013/11/24 00:00:00",VIC1,112109.01434501,137923.89999366,1.2303
D,CO2EII,PUBLISHING,1,2013,48,"2013/11/25 00:00:00",NEM,499680.69897202,424845.81950477,0.8502
D,CO2EII,PUBLISHING,1,2013,48,"2013/11/25 00:00:00",NSW1,166790.43166,144030.99181129,0.8635
D,CO2EII,PUBLISHING,1,2013,48,"2013/11/25 00:00:00",QLD1,141211.08793299,116554.51544707,0.8254
D,CO2EII,PUBLISHING,1,2013,48,"2013/11/25 00:00:00",SA1,29351.00196901,17762.2166348,0.6052
D,CO2EII,PUBLISHING,1,2013,48,"2013/11/25 00:00:00",TAS1,36736.94957,2.561664,0.0001
D,CO2EII,PUBLISHING,1,2013,48,"2013/11/25 00:00:00",VIC1,125591.22784002,146495.53394761,1.1664
D,CO2EII,PUBLISHING,1,2013,48,"2013/11/26 00:00:00",NEM,509141.87269234,435905.66606913,0.8562
D,CO2EII,PUBLISHING,1,2013,48,"2013/11/26 00:00:00",NSW1,170360.645568,150915.58824253,0.8859
D,CO2EII,PUBLISHING,1,2013,48,"2013/11/26 00:00:00",QLD1,139587.22856035,116521.36470589,0.8348
D,CO2EII,PUBLISHING,1,2013,48,"2013/11/26 00:00:00",SA1,35376.88142899,22523.32150317,0.6367
D,CO2EII,PUBLISHING,1,2013,48,"2013/11/26 00:00:00",TAS1,35026.79185401,2.61953604,0.0001
D,CO2EII,PUBLISHING,1,2013,48,"2013/11/26 00:00:00",VIC1,128790.32528099,145942.7720815,1.1332
D,CO2EII,PUBLISHING,1,2013,48,"2013/11/27 00:00:00",NEM,520877.1667913,435825.09219706,0.8367
D,CO2EII,PUBLISHING,1,2013,48,"2013/11/27 00:00:00",NSW1,170682.092475,145461.98928278,0.8522
D,CO2EII,PUBLISHING,1,2013,48,"2013/11/27 00:00:00",QLD1,137655.45465929,114528.26443179,0.832
D,CO2EII,PUBLISHING,1,2013,48,"2013/11/27 00:00:00",SA1,40246.227271,22251.3099948,0.5529
D,CO2EII,PUBLISHING,1,2013,48,"2013/11/27 00:00:00",TAS1,34878.285726,2.627193,0.0001
D,CO2EII,PUBLISHING,1,2013,48,"2013/11/27 00:00:00",VIC1,137415.10666001,153580.90129469,1.1176
D,CO2EII,PUBLISHING,1,2013,48,"2013/11/28 00:00:00",NEM,518553.58192401,438451.51925031,0.8455
D,CO2EII,PUBLISHING,1,2013,48,"2013/11/28 00:00:00",NSW1,173581.500433,142334.42109174,0.82
D,CO2EII,PUBLISHING,1,2013,48,"2013/11/28 00:00:00",QLD1,138443.590676,114656.97035351,0.8282
D,CO2EII,PUBLISHING,1,2013,48,"2013/11/28 00:00:00",SA1,30563.383944,16110.86178292,0.5271
D,CO2EII,PUBLISHING,1,2013,48,"2013/11/28 00:00:00",TAS1,34514.655685,35.47715971,0.001
D,CO2EII,PUBLISHING,1,2013,48,"2013/11/28 00:00:00",VIC1,141450.45118601,165313.78886243,1.1687
D,CO2EII,PUBLISHING,1,2013,48,"2013/11/29 00:00:00",NEM,502602.64251701,430299.22541426,0.8561
D,CO2EII,PUBLISHING,1,2013,48,"2013/11/29 00:00:00",NSW1,164001.444886,137883.02253359,0.8407
D,CO2EII,PUBLISHING,1,2013,48,"2013/11/29 00:00:00",QLD1,138636.39510701,114377.50628524,0.825
D,CO2EII,PUBLISHING,1,2013,48,"2013/11/29 00:00:00",SA1,33689.386539,13806.43256987,0.4098
D,CO2EII,PUBLISHING,1,2013,48,"2013/11/29 00:00:00",TAS1,30008.070657,2.56257996,0.0001
D,CO2EII,PUBLISHING,1,2013,48,"2013/11/29 00:00:00",VIC1,136267.345328,164229.7014456,1.2052
D,CO2EII,PUBLISHING,1,2013,48,"2013/11/30 00:00:00",NEM,453313.84738711,399289.13508352,0.8808
D,CO2EII,PUBLISHING,1,2013,48,"2013/11/30 00:00:00",NSW1,141020.16070901,123654.75214441,0.8769
D,CO2EII,PUBLISHING,1,2013,48,"2013/11/30 00:00:00",QLD1,129276.94838011,110152.7782781,0.8521
D,CO2EII,PUBLISHING,1,2013,48,"2013/11/30 00:00:00",SA1,34121.874923,14204.42311986,0.4163
D,CO2EII,PUBLISHING,1,2013,48,"2013/11/30 00:00:00",TAS1,29656.655106,2.51004042,0.0001
D,CO2EII,PUBLISHING,1,2013,48,"2013/11/30 00:00:00",VIC1,119238.20826899,151274.67150073,1.2687
D,CO2EII,PUBLISHING,1,2013,49,"2013/12/01 00:00:00",NEM,443541.96868545,382812.01210716,0.8631
D,CO2EII,PUBLISHING,1,2013,49,"2013/12/01 00:00:00",NSW1,132923.636388,116092.0706868,0.8734
D,CO2EII,PUBLISHING,1,2013,49,"2013/12/01 00:00:00",QLD1,128423.05459644,108523.24240144,0.845
D,CO2EII,PUBLISHING,1,2013,49,"2013/12/01 00:00:00",SA1,33960.051639,14076.69468298,0.4145
D,CO2EII,PUBLISHING,1,2013,49,"2013/12/01 00:00:00",TAS1,30332.694221,2.52414948,0.0001
D,CO2EII,PUBLISHING,1,2013,49,"2013/12/01 00:00:00",VIC1,117902.53184101,144117.48018646,1.2223
D,CO2EII,PUBLISHING,1,2013,49,"2013/12/02 00:00:00",NEM,518622.70631269,443163.92803925,0.8545
D,CO2EII,PUBLISHING,1,2013,49,"2013/12/02 00:00:00",NSW1,172081.388377,150350.43731918,0.8737
D,CO2EII,PUBLISHING,1,2013,49,"2013/12/02 00:00:00",QLD1,134174.31398469,112899.6625801,0.8414
D,CO2EII,PUBLISHING,1,2013,49,"2013/12/02 00:00:00",SA1,31413.607585,17394.98339253,0.5537
D,CO2EII,PUBLISHING,1,2013,49,"2013/12/02 00:00:00",TAS1,36041.950255,64.56573213,0.0018
D,CO2EII,PUBLISHING,1,2013,49,"2013/12/02 00:00:00",VIC1,144911.446111,162454.27901531,1.1211
D,CO2EII,PUBLISHING,1,2013,49,"2013/12/03 00:00:00",NEM,514342.17611521,444330.06260986,0.8639
D,CO2EII,PUBLISHING,1,2013,49,"2013/12/03 00:00:00",NSW1,175442.79524701,152954.02728998,0.8718
D,CO2EII,PUBLISHING,1,2013,49,"2013/12/03 00:00:00",QLD1,134940.04018619,113181.32809863,0.8388
D,CO2EII,PUBLISHING,1,2013,49,"2013/12/03 00:00:00",SA1,30730.854477,16668.40818757,0.5424
D,CO2EII,PUBLISHING,1,2013,49,"2013/12/03 00:00:00",TAS1,32416.664144,2.54771334,0.0001
D,CO2EII,PUBLISHING,1,2013,49,"2013/12/03 00:00:00",VIC1,140811.82206101,161523.75132034,1.1471
D,CO2EII,PUBLISHING,1,2013,49,"2013/12/04 00:00:00",NEM,513465.269121,431975.30819936,0.8413
D,CO2EII,PUBLISHING,1,2013,49,"2013/12/04 00:00:00",NSW1,179226.460469,149867.49770287,0.8362
D,CO2EII,PUBLISHING,1,2013,49,"2013/12/04 00:00:00",QLD1,134027.056084,113543.63700586,0.8472
D,CO2EII,PUBLISHING,1,2013,49,"2013/12/04 00:00:00",SA1,35246.021729,13769.04810909,0.3907
D,CO2EII,PUBLISHING,1,2013,49,"2013/12/04 00:00:00",TAS1,32640.681929,2.5671591,0.0001
D,CO2EII,PUBLISHING,1,2013,49,"2013/12/04 00:00:00",VIC1,132325.04891,154792.55822244,1.1698
D,CO2EII,PUBLISHING,1,2013,49,"2013/12/05 00:00:00",NEM,510283.85032777,424325.51854936,0.8315
D,CO2EII,PUBLISHING,1,2013,49,"2013/12/05 00:00:00",NSW1,169055.476545,144571.47273971,0.8552
D,CO2EII,PUBLISHING,1,2013,49,"2013/12/05 00:00:00",QLD1,141491.40020178,120119.27397783,0.849
D,CO2EII,PUBLISHING,1,2013,49,"2013/12/05 00:00:00",SA1,35548.662575,11738.70149847,0.3302
D,CO2EII,PUBLISHING,1,2013,49,"2013/12/05 00:00:00",TAS1,32251.075731,2.47655304,0.0001
D,CO2EII,PUBLISHING,1,2013,49,"2013/12/05 00:00:00",VIC1,131937.23527499,147893.59378031,1.1209
D,CO2EII,PUBLISHING,1,2013,49,"2013/12/06 00:00:00",NEM,492371.3446552,423896.27295714,0.8609
D,CO2EII,PUBLISHING,1,2013,49,"2013/12/06 00:00:00",NSW1,164644.69753299,144306.87216951,0.8765
D,CO2EII,PUBLISHING,1,2013,49,"2013/12/06 00:00:00",QLD1,134916.63847219,114360.12059625,0.8476
D,CO2EII,PUBLISHING,1,2013,49,"2013/12/06 00:00:00",SA1,23325.46060301,14383.68095696,0.6167
D,CO2EII,PUBLISHING,1,2013,49,"2013/12/06 00:00:00",TAS1,38290.081067,2.50441878,0.0001
D,CO2EII,PUBLISHING,1,2013,49,"2013/12/06 00:00:00",VIC1,131194.46698001,150843.09481564,1.1498
D,CO2EII,PUBLISHING,1,2013,49,"2013/12/07 00:00:00",NEM,452441.40108111,396710.08903157,0.8768
D,CO2EII,PUBLISHING,1,2013,49,"2013/12/07 00:00:00",NSW1,150400.63147801,130459.0297976,0.8674
D,CO2EII,PUBLISHING,1,2013,49,"2013/12/07 00:00:00",QLD1,130531.60906108,111434.32569015,0.8537
D,CO2EII,PUBLISHING,1,2013,49,"2013/12/07 00:00:00",SA1,25534.6342,13663.09729952,0.5351
D,CO2EII,PUBLISHING,1,2013,49,"2013/12/07 00:00:00",TAS1,32728.291641,2.47452258,0.0001
D,CO2EII,PUBLISHING,1,2013,49,"2013/12/07 00:00:00",VIC1,113246.23470102,141151.16172172,1.2464
D,CO2EII,PUBLISHING,1,2013,50,"2013/12/08 00:00:00",NEM,453544.47111909,385049.83716226,0.849
D,CO2EII,PUBLISHING,1,2013,50,"2013/12/08 00:00:00",NSW1,145166.10430401,127501.64529672,0.8783
D,CO2EII,PUBLISHING,1,2013,50,"2013/12/08 00:00:00",QLD1,130015.39942409,110774.36528382,0.852
D,CO2EII,PUBLISHING,1,2013,50,"2013/12/08 00:00:00",SA1,31478.08214501,11922.00072882,0.3787
D,CO2EII,PUBLISHING,1,2013,50,"2013/12/08 00:00:00",TAS1,32718.84417999,2.51178294,0.0001
D,CO2EII,PUBLISHING,1,2013,50,"2013/12/08 00:00:00",VIC1,114166.04106599,134849.31406996,1.1812
D,CO2EII,PUBLISHING,1,2013,50,"2013/12/09 00:00:00",NEM,520219.92298075,435728.22081055,0.8376
D,CO2EII,PUBLISHING,1,2013,50,"2013/12/09 00:00:00",NSW1,182961.49699,153426.79250061,0.8386
D,CO2EII,PUBLISHING,1,2013,50,"2013/12/09 00:00:00",QLD1,137636.13487775,116840.69258869,0.8489
D,CO2EII,PUBLISHING,1,2013,50,"2013/12/09 00:00:00",SA1,32826.233762,12510.29081395,0.3811
D,CO2EII,PUBLISHING,1,2013,50,"2013/12/09 00:00:00",TAS1,36998.290421,2.57127234,0.0001
D,CO2EII,PUBLISHING,1,2013,50,"2013/12/09 00:00:00",VIC1,129797.76693,152947.87363496,1.1784
D,CO2EII,PUBLISHING,1,2013,50,"2013/12/10 00:00:00",NEM,525626.81750177,431331.5802335,0.8206
D,CO2EII,PUBLISHING,1,2013,50,"2013/12/10 00:00:00",NSW1,184691.045038,154725.81860555,0.8378
D,CO2EII,PUBLISHING,1,2013,50,"2013/12/10 00:00:00",QLD1,140162.58013477,118348.63052872,0.8444
D,CO2EII,PUBLISHING,1,2013,50,"2013/12/10 00:00:00",SA1,33827.25408,11240.40693756,0.3323
D,CO2EII,PUBLISHING,1,2013,50,"2013/12/10 00:00:00",TAS1,39242.601491,935.85129792,0.0238
D,CO2EII,PUBLISHING,1,2013,50,"2013/12/10 00:00:00",VIC1,127703.336758,146080.87286375,1.1439
D,CO2EII,PUBLISHING,1,2013,50,"2013/12/11 00:00:00",NEM,518668.49229014,441501.7098019,0.8512
D,CO2EII,PUBLISHING,1,2013,50,"2013/12/11 00:00:00",NSW1,175268.310906,155354.66523812,0.8864
D,CO2EII,PUBLISHING,1,2013,50,"2013/12/11 00:00:00",QLD1,145469.83149712,121674.74887233,0.8364
D,CO2EII,PUBLISHING,1,2013,50,"2013/12/11 00:00:00",SA1,27488.33036401,12207.20832648,0.4441
D,CO2EII,PUBLISHING,1,2013,50,"2013/12/11 00:00:00",TAS1,37899.1055,2090.13984517,0.0552
D,CO2EII,PUBLISHING,1,2013,50,"2013/12/11 00:00:00",VIC1,132542.91402301,150174.9475198,1.133
D,CO2EII,PUBLISHING,1,2013,50,"2013/12/12 00:00:00",NEM,512295.5452615,444438.09580706,0.8675
D,CO2EII,PUBLISHING,1,2013,50,"2013/12/12 00:00:00",NSW1,173628.436765,154218.05723011,0.8882
D,CO2EII,PUBLISHING,1,2013,50,"2013/12/12 00:00:00",QLD1,140180.1074875,118083.480569,0.8424
D,CO2EII,PUBLISHING,1,2013,50,"2013/12/12 00:00:00",SA1,26574.96234899,14569.34295158,0.5482
D,CO2EII,PUBLISHING,1,2013,50,"2013/12/12 00:00:00",TAS1,38186.496441,2063.73536168,0.054
D,CO2EII,PUBLISHING,1,2013,50,"2013/12/12 00:00:00",VIC1,133725.54221901,155503.47969469,1.1629
D,CO2EII,PUBLISHING,1,2013,50,"2013/12/13 00:00:00",NEM,519507.07487478,449908.25394377,0.866
D,CO2EII,PUBLISHING,1,2013,50,"2013/12/13 00:00:00",NSW1,179232.451871,160473.67169252,0.8953
D,CO2EII,PUBLISHING,1,2013,50,"2013/12/13 00:00:00",QLD1,141075.21179178,118863.44469376,0.8426
D,CO2EII,PUBLISHING,1,2013,50,"2013/12/13 00:00:00",SA1,24300.460732,13618.52590583,0.5604
D,CO2EII,PUBLISHING,1,2013,50,"2013/12/13 00:00:00",TAS1,37769.620374,2088.90538968,0.0553
D,CO2EII,PUBLISHING,1,2013,50,"2013/12/13 00:00:00",VIC1,137129.330106,154863.70626198,1.1293
D,CO2EII,PUBLISHING,1,2013,50,"2013/12/14 00:00:00",NEM,469625.27119137,410593.20664231,0.8743
D,CO2EII,PUBLISHING,1,2013,50,"2013/12/14 00:00:00",NSW1,148755.75603701,130675.98051687,0.8785
D,CO2EII,PUBLISHING,1,2013,50,"2013/12/14 00:00:00",QLD1,139936.03540236,118008.80566308,0.8433
D,CO2EII,PUBLISHING,1,2013,50,"2013/12/14 00:00:00",SA1,23255.271362,12319.83259065,0.5298
D,CO2EII,PUBLISHING,1,2013,50,"2013/12/14 00:00:00",TAS1,36988.4758,2089.36429478,0.0565
D,CO2EII,PUBLISHING,1,2013,50,"2013/12/14 00:00:00",VIC1,120689.73259,147499.22357693,1.2221
D,CO2EII,PUBLISHING,1,2013,51,"2013/12/15 00:00:00",NEM,457410.10548334,397565.76249802,0.8692
D,CO2EII,PUBLISHING,1,2013,51,"2013/12/15 00:00:00",NSW1,146922.869146,130360.09689211,0.8873
D,CO2EII,PUBLISHING,1,2013,51,"2013/12/15 00:00:00",QLD1,137804.33230834,115397.35552996,0.8374
D,CO2EII,PUBLISHING,1,2013,51,"2013/12/15 00:00:00",SA1,23517.020447,11815.65350766,0.5024
D,CO2EII,PUBLISHING,1,2013,51,"2013/12/15 00:00:00",TAS1,37180.90525,2086.91543424,0.0561
D,CO2EII,PUBLISHING,1,2013,51,"2013/12/15 00:00:00",VIC1,111984.978332,137905.74113405,1.2315
D,CO2EII,PUBLISHING,1,2013,51,"2013/12/16 00:00:00",NEM,513752.04438327,438223.28910781,0.853
D,CO2EII,PUBLISHING,1,2013,51,"2013/12/16 00:00:00",NSW1,174345.641764,158021.40295036,0.9064
D,CO2EII,PUBLISHING,1,2013,51,"2013/12/16 00:00:00",QLD1,144537.03758426,119910.54065602,0.8296
D,CO2EII,PUBLISHING,1,2013,51,"2013/12/16 00:00:00",SA1,28205.524521,15217.52908887,0.5395
D,CO2EII,PUBLISHING,1,2013,51,"2013/12/16 00:00:00",TAS1,37908.169665,2088.62153137,0.0551
D,CO2EII,PUBLISHING,1,2013,51,"2013/12/16 00:00:00",VIC1,128755.67084901,142985.19488119,1.1105
D,CO2EII,PUBLISHING,1,2013,51,"2013/12/17 00:00:00",NEM,522314.91115399,453962.81129805,0.8691
D,CO2EII,PUBLISHING,1,2013,51,"2013/12/17 00:00:00",NSW1,175405.22814,156478.1902364,0.8921
D,CO2EII,PUBLISHING,1,2013,51,"2013/12/17 00:00:00",QLD1,138567.95331699,115408.27066973,0.8329
D,CO2EII,PUBLISHING,1,2013,51,"2013/12/17 00:00:00",SA1,31526.14204799,16250.20133457,0.5155
D,CO2EII,PUBLISHING,1,2013,51,"2013/12/17 00:00:00",TAS1,35004.859409,2089.23323624,0.0597
D,CO2EII,PUBLISHING,1,2013,51,"2013/12/17 00:00:00",VIC1,141810.72824001,163736.91582111,1.1546
D,CO2EII,PUBLISHING,1,2013,51,"2013/12/18 00:00:00",NEM,532570.95473832,463928.94473409,0.8711
D,CO2EII,PUBLISHING,1,2013,51,"2013/12/18 00:00:00",NSW1,178275.627535,158185.30025208,0.8873
D,CO2EII,PUBLISHING,1,2013,51,"2013/12/18 00:00:00",QLD1,141858.94587729,117889.41913216,0.831
D,CO2EII,PUBLISHING,1,2013,51,"2013/12/18 00:00:00",SA1,40727.13574701,24802.30162027,0.609
D,CO2EII,PUBLISHING,1,2013,51,"2013/12/18 00:00:00",TAS1,36235.914541,2079.87695561,0.0574
D,CO2EII,PUBLISHING,1,2013,51,"2013/12/18 00:00:00",VIC1,135473.33103802,160972.04677397,1.1882
D,CO2EII,PUBLISHING,1,2013,51,"2013/12/19 00:00:00",NEM,566532.84228245,478737.23268531,0.845
D,CO2EII,PUBLISHING,1,2013,51,"2013/12/19 00:00:00",NSW1,184013.056027,161973.47932371,0.8802
D,CO2EII,PUBLISHING,1,2013,51,"2013/12/19 00:00:00",QLD1,140304.37125143,115784.09268892,0.8252
D,CO2EII,PUBLISHING,1,2013,51,"2013/12/19 00:00:00",SA1,44312.344869,27692.29258547,0.6249
D,CO2EII,PUBLISHING,1,2013,51,"2013/12/19 00:00:00",TAS1,37255.651285,2075.50876651,0.0557
D,CO2EII,PUBLISHING,1,2013,51,"2013/12/19 00:00:00",VIC1,160647.41885002,171211.8593207,1.0658
D,CO2EII,PUBLISHING,1,2013,51,"2013/12/20 00:00:00",NEM,559147.77850003,471850.81193326,0.8439
D,CO2EII,PUBLISHING,1,2013,51,"2013/12/20 00:00:00",NSW1,191359.67146198,161220.72394543,0.8425
D,CO2EII,PUBLISHING,1,2013,51,"2013/12/20 00:00:00",QLD1,147685.46262007,121857.72328364,0.8251
D,CO2EII,PUBLISHING,1,2013,51,"2013/12/20 00:00:00",SA1,46025.04563999,21842.47969818,0.4746
D,CO2EII,PUBLISHING,1,2013,51,"2013/12/20 00:00:00",TAS1,35684.64175899,2085.45851645,0.0584
D,CO2EII,PUBLISHING,1,2013,51,"2013/12/20 00:00:00",VIC1,138392.957019,164844.42648956,1.1911
D,CO2EII,PUBLISHING,1,2013,51,"2013/12/21 00:00:00",NEM,486996.43588017,422704.57284787,0.868
D,CO2EII,PUBLISHING,1,2013,51,"2013/12/21 00:00:00",NSW1,159775.26208701,137378.93462753,0.8598
D,CO2EII,PUBLISHING,1,2013,51,"2013/12/21 00:00:00",QLD1,138409.72247414,115661.21568463,0.8356
D,CO2EII,PUBLISHING,1,2013,51,"2013/12/21 00:00:00",SA1,30340.41662801,12902.70623072,0.4253
D,CO2EII,PUBLISHING,1,2013,51,"2013/12/21 00:00:00",TAS1,34069.189195,2088.47192755,0.0613
D,CO2EII,PUBLISHING,1,2013,51,"2013/12/21 00:00:00",VIC1,124401.84549601,154673.24437744,1.2433
D,CO2EII,PUBLISHING,1,2013,52,"2013/12/22 00:00:00",NEM,490325.69965344,424262.5648665,0.8653
D,CO2EII,PUBLISHING,1,2013,52,"2013/12/22 00:00:00",NSW1,162982.259368,139347.820774,0.855
D,CO2EII,PUBLISHING,1,2013,52,"2013/12/22 00:00:00",QLD1,138383.75013344,117083.71625929,0.8461
D,CO2EII,PUBLISHING,1,2013,52,"2013/12/22 00:00:00",SA1,25963.999031,11422.33909201,0.4399
D,CO2EII,PUBLISHING,1,2013,52,"2013/12/22 00:00:00",TAS1,36318.053219,2086.29706964,0.0574
D,CO2EII,PUBLISHING,1,2013,52,"2013/12/22 00:00:00",VIC1,126677.637902,154322.39167156,1.2182
D,CO2EII,PUBLISHING,1,2013,52,"2013/12/23 00:00:00",NEM,504951.54466153,438039.30836489,0.8675
D,CO2EII,PUBLISHING,1,2013,52,"2013/12/23 00:00:00",NSW1,178345.148182,149882.93078405,0.8404
D,CO2EII,PUBLISHING,1,2013,52,"2013/12/23 00:00:00",QLD1,135825.77235952,113694.73055021,0.8371
D,CO2EII,PUBLISHING,1,2013,52,"2013/12/23 00:00:00",SA1,23405.418811,11586.98483308,0.4951
D,CO2EII,PUBLISHING,1,2013,52,"2013/12/23 00:00:00",TAS1,35490.719466,2085.63138417,0.0588
D,CO2EII,PUBLISHING,1,2013,52,"2013/12/23 00:00:00",VIC1,131884.48584301,160789.03081338,1.2192
D,CO2EII,PUBLISHING,1,2013,52,"2013/12/24 00:00:00",NEM,467191.37281334,412059.07040827,0.882
D,CO2EII,PUBLISHING,1,2013,52,"2013/12/24 00:00:00",NSW1,147483.87436801,117639.30593912,0.7976
D,CO2EII,PUBLISHING,1,2013,52,"2013/12/24 00:00:00",QLD1,134359.98652734,113406.05977115,0.844
D,CO2EII,PUBLISHING,1,2013,52,"2013/12/24 00:00:00",SA1,20601.603449,12237.43420834,0.594
D,CO2EII,PUBLISHING,1,2013,52,"2013/12/24 00:00:00",TAS1,34550.557507,2089.55853092,0.0605
D,CO2EII,PUBLISHING,1,2013,52,"2013/12/24 00:00:00",VIC1,130195.35096199,166686.71195874,1.2803
D,CO2EII,PUBLISHING,1,2013,52,"2013/12/25 00:00:00",NEM,412397.02019634,368102.28995679,0.8926
D,CO2EII,PUBLISHING,1,2013,52,"2013/12/25 00:00:00",NSW1,118729.26643299,101972.43448317,0.8589
D,CO2EII,PUBLISHING,1,2013,52,"2013/12/25 00:00:00",QLD1,119356.58382137,101833.64856993,0.8532
D,CO2EII,PUBLISHING,1,2013,52,"2013/12/25 00:00:00",SA1,23410.305909,12833.67887974,0.5482
D,CO2EII,PUBLISHING,1,2013,52,"2013/12/25 00:00:00",TAS1,34518.536023,2088.87934371,0.0605
D,CO2EII,PUBLISHING,1,2013,52,"2013/12/25 00:00:00",VIC1,116382.32800998,149373.64868024,1.2835
D,CO2EII,PUBLISHING,1,2013,52,"2013/12/26 00:00:00",NEM,426368.53483307,375413.8805424,0.8805
D,CO2EII,PUBLISHING,1,2013,52,"2013/12/26 00:00:00",NSW1,125036.848081,106758.65096986,0.8538
D,CO2EII,PUBLISHING,1,2013,52,"2013/12/26 00:00:00",QLD1,124410.31212808,105986.3170219,0.8519
D,CO2EII,PUBLISHING,1,2013,52,"2013/12/26 00:00:00",SA1,23408.853579,11185.97698386,0.4779
D,CO2EII,PUBLISHING,1,2013,52,"2013/12/26 00:00:00",TAS1,34137.20327799,2090.40500064,0.0612
D,CO2EII,PUBLISHING,1,2013,52,"2013/12/26 00:00:00",VIC1,119375.317767,149392.53056614,1.2515
D,CO2EII,PUBLISHING,1,2013,52,"2013/12/27 00:00:00",NEM,462047.1541543,397979.65576905,0.8613
D,CO2EII,PUBLISHING,1,2013,52,"2013/12/27 00:00:00",NSW1,142207.752829,114732.35362272,0.8068
D,CO2EII,PUBLISHING,1,2013,52,"2013/12/27 00:00:00",QLD1,134319.84748831,112188.79760617,0.8352
D,CO2EII,PUBLISHING,1,2013,52,"2013/12/27 00:00:00",SA1,26214.198545,14605.8470131,0.5572
D,CO2EII,PUBLISHING,1,2013,52,"2013/12/27 00:00:00",TAS1,36156.299559,2086.88692724,0.0577
D,CO2EII,PUBLISHING,1,2013,52,"2013/12/27 00:00:00",VIC1,123149.05573299,154365.77059982,1.2535
D,CO2EII,PUBLISHING,1,2013,52,"2013/12/28 00:00:00",NEM,460020.84263843,381360.63241032,0.829
D,CO2EII,PUBLISHING,1,2013,52,"2013/12/28 00:00:00",NSW1,138495.15468699,118210.51725565,0.8535
D,CO2EII,PUBLISHING,1,2013,52,"2013/12/28 00:00:00",QLD1,130288.51160443,110517.13945067,0.8482
D,CO2EII,PUBLISHING,1,2013,52,"2013/12/28 00:00:00",SA1,34270.10298401,9260.29053524,0.2702
D,CO2EII,PUBLISHING,1,2013,52,"2013/12/28 00:00:00",TAS1,34651.00297101,2075.92461006,0.0599
D,CO2EII,PUBLISHING,1,2013,52,"2013/12/28 00:00:00",VIC1,122316.07039199,141296.7605587,1.1552
C,"END OF REPORT",2187
