C,SETP.WORLD,CO2EII_RESULTS_SUMMARY_YEAR,AEMO,PUBLIC,2013/01/07,11:26:00,0000000241365489,,0000000241365485
I,CO2EII,PUBLISHING,1,CONTRACTYEAR,WEEKNO,SETTLEMENTDATE,REGIONID,TOTAL_SENT_OUT_ENERGY,TOTAL_EMISSIONS,CO2E_INTENSITY_INDEX
D,CO2EII,PUBLISHING,1,2012,1,"2012/01/01 00:00:00",NEM,476187.22950431,454268.98015924,0.954
D,CO2EII,PUBLISHING,1,2012,1,"2012/01/01 00:00:00",NSW1,150583.205551,141694.85101496,0.941
D,CO2EII,PUBLISHING,1,2012,1,"2012/01/01 00:00:00",QLD1,127667.13816083,103923.38779559,0.814
D,CO2EII,PUBLISHING,1,2012,1,"2012/01/01 00:00:00",SA1,37003.860847,21503.69869373,0.5811
D,CO2EII,PUBLISHING,1,2012,1,"2012/01/01 00:00:00",TAS1,22460.57712549,4549.85623179,0.2026
D,CO2EII,PUBLISHING,1,2012,1,"2012/01/01 00:00:00",VIC1,138472.44781999,182597.18642317,1.3187
D,CO2EII,PUBLISHING,1,2012,1,"2012/01/02 00:00:00",NEM,511063.63747232,469351.8037942,0.9184
D,CO2EII,PUBLISHING,1,2012,1,"2012/01/02 00:00:00",NSW1,165895.590783,156031.7296935,0.9405
D,CO2EII,PUBLISHING,1,2012,1,"2012/01/02 00:00:00",QLD1,134910.61295733,109910.67070911,0.8147
D,CO2EII,PUBLISHING,1,2012,1,"2012/01/02 00:00:00",SA1,43371.260954,21930.44733424,0.5056
D,CO2EII,PUBLISHING,1,2012,1,"2012/01/02 00:00:00",TAS1,27975.71027299,4407.18767984,0.1575
D,CO2EII,PUBLISHING,1,2012,1,"2012/01/02 00:00:00",VIC1,138910.462505,177071.76837751,1.2747
D,CO2EII,PUBLISHING,1,2012,1,"2012/01/03 00:00:00",NEM,551705.60972465,499385.8497057,0.9052
D,CO2EII,PUBLISHING,1,2012,1,"2012/01/03 00:00:00",NSW1,187952.15739,174051.9705738,0.926
D,CO2EII,PUBLISHING,1,2012,1,"2012/01/03 00:00:00",QLD1,143597.67398567,117660.53178703,0.8194
D,CO2EII,PUBLISHING,1,2012,1,"2012/01/03 00:00:00",SA1,39658.640491,23871.19309361,0.6019
D,CO2EII,PUBLISHING,1,2012,1,"2012/01/03 00:00:00",TAS1,27911.38801399,4405.88698036,0.1579
D,CO2EII,PUBLISHING,1,2012,1,"2012/01/03 00:00:00",VIC1,152585.74984399,179396.2672709,1.1757
D,CO2EII,PUBLISHING,1,2012,1,"2012/01/04 00:00:00",NEM,529531.23141998,494403.98578477,0.9337
D,CO2EII,PUBLISHING,1,2012,1,"2012/01/04 00:00:00",NSW1,188144.991889,175210.46115068,0.9313
D,CO2EII,PUBLISHING,1,2012,1,"2012/01/04 00:00:00",QLD1,140260.888206,113405.06347619,0.8085
D,CO2EII,PUBLISHING,1,2012,1,"2012/01/04 00:00:00",SA1,35515.41082199,17288.95628897,0.4868
D,CO2EII,PUBLISHING,1,2012,1,"2012/01/04 00:00:00",TAS1,22838.307684,4471.65344422,0.1958
D,CO2EII,PUBLISHING,1,2012,1,"2012/01/04 00:00:00",VIC1,142771.63281899,184027.85142471,1.289
D,CO2EII,PUBLISHING,1,2012,1,"2012/01/05 00:00:00",NEM,512992.2021035,486928.7069632,0.9492
D,CO2EII,PUBLISHING,1,2012,1,"2012/01/05 00:00:00",NSW1,180970.40691501,170493.76033068,0.9421
D,CO2EII,PUBLISHING,1,2012,1,"2012/01/05 00:00:00",QLD1,135871.20235299,109661.74574305,0.8071
D,CO2EII,PUBLISHING,1,2012,1,"2012/01/05 00:00:00",SA1,32615.26724201,15885.95991951,0.4871
D,CO2EII,PUBLISHING,1,2012,1,"2012/01/05 00:00:00",TAS1,20908.4612385,4524.01825259,0.2164
D,CO2EII,PUBLISHING,1,2012,1,"2012/01/05 00:00:00",VIC1,142626.86435499,186363.22271737,1.3066
D,CO2EII,PUBLISHING,1,2012,1,"2012/01/06 00:00:00",NEM,510948.23536766,487366.12463811,0.9538
D,CO2EII,PUBLISHING,1,2012,1,"2012/01/06 00:00:00",NSW1,174785.41417798,164926.44180778,0.9436
D,CO2EII,PUBLISHING,1,2012,1,"2012/01/06 00:00:00",QLD1,142866.01439767,115807.44862425,0.8106
D,CO2EII,PUBLISHING,1,2012,1,"2012/01/06 00:00:00",SA1,31829.76032499,16370.55775096,0.5143
D,CO2EII,PUBLISHING,1,2012,1,"2012/01/06 00:00:00",TAS1,20784.15742,4520.10575689,0.2175
D,CO2EII,PUBLISHING,1,2012,1,"2012/01/06 00:00:00",VIC1,140682.88904702,185741.57069823,1.3203
D,CO2EII,PUBLISHING,1,2012,1,"2012/01/07 00:00:00",NEM,490423.37091566,468250.67456584,0.9548
D,CO2EII,PUBLISHING,1,2012,1,"2012/01/07 00:00:00",NSW1,156473.837472,149527.62395777,0.9556
D,CO2EII,PUBLISHING,1,2012,1,"2012/01/07 00:00:00",QLD1,139898.22133566,115245.61599134,0.8238
D,CO2EII,PUBLISHING,1,2012,1,"2012/01/07 00:00:00",SA1,31779.079221,13809.79872524,0.4346
D,CO2EII,PUBLISHING,1,2012,1,"2012/01/07 00:00:00",TAS1,20431.767817,4522.99196052,0.2214
D,CO2EII,PUBLISHING,1,2012,1,"2012/01/07 00:00:00",VIC1,141840.46507,185144.64393097,1.3053
D,CO2EII,PUBLISHING,1,2012,2,"2012/01/08 00:00:00",NEM,485339.48159697,458645.20188153,0.945
D,CO2EII,PUBLISHING,1,2012,2,"2012/01/08 00:00:00",NSW1,149437.528045,141650.09593491,0.9479
D,CO2EII,PUBLISHING,1,2012,2,"2012/01/08 00:00:00",QLD1,147067.70383998,122496.85807326,0.8329
D,CO2EII,PUBLISHING,1,2012,2,"2012/01/08 00:00:00",SA1,34778.537415,12661.66110486,0.3641
D,CO2EII,PUBLISHING,1,2012,2,"2012/01/08 00:00:00",TAS1,17703.90407801,4483.17357613,0.2532
D,CO2EII,PUBLISHING,1,2012,2,"2012/01/08 00:00:00",VIC1,136351.80821898,177353.41319237,1.3007
D,CO2EII,PUBLISHING,1,2012,2,"2012/01/09 00:00:00",NEM,543956.09966566,507047.54582544,0.9321
D,CO2EII,PUBLISHING,1,2012,2,"2012/01/09 00:00:00",NSW1,178408.980067,166534.17270781,0.9334
D,CO2EII,PUBLISHING,1,2012,2,"2012/01/09 00:00:00",QLD1,165287.30751566,135523.1260191,0.8199
D,CO2EII,PUBLISHING,1,2012,2,"2012/01/09 00:00:00",SA1,32750.684672,13893.05025285,0.4242
D,CO2EII,PUBLISHING,1,2012,2,"2012/01/09 00:00:00",TAS1,21985.809379,4446.91858877,0.2023
D,CO2EII,PUBLISHING,1,2012,2,"2012/01/09 00:00:00",VIC1,145523.318032,186650.27825691,1.2826
D,CO2EII,PUBLISHING,1,2012,2,"2012/01/10 00:00:00",NEM,541297.4788005,507029.17785714,0.9367
D,CO2EII,PUBLISHING,1,2012,2,"2012/01/10 00:00:00",NSW1,177307.536189,165600.26982003,0.934
D,CO2EII,PUBLISHING,1,2012,2,"2012/01/10 00:00:00",QLD1,163159.299114,135096.81925427,0.828
D,CO2EII,PUBLISHING,1,2012,2,"2012/01/10 00:00:00",SA1,32883.92750801,13837.8377623,0.4208
D,CO2EII,PUBLISHING,1,2012,2,"2012/01/10 00:00:00",TAS1,21363.5767935,4408.58811612,0.2064
D,CO2EII,PUBLISHING,1,2012,2,"2012/01/10 00:00:00",VIC1,146583.13919599,188085.66290442,1.2831
D,CO2EII,PUBLISHING,1,2012,2,"2012/01/11 00:00:00",NEM,537592.6386845,497817.51964381,0.926
D,CO2EII,PUBLISHING,1,2012,2,"2012/01/11 00:00:00",NSW1,167525.949458,156148.17878427,0.9321
D,CO2EII,PUBLISHING,1,2012,2,"2012/01/11 00:00:00",QLD1,167972.511355,138435.85301064,0.8242
D,CO2EII,PUBLISHING,1,2012,2,"2012/01/11 00:00:00",SA1,33512.850126,13300.10642822,0.3969
D,CO2EII,PUBLISHING,1,2012,2,"2012/01/11 00:00:00",TAS1,21637.3287625,4494.6479818,0.2077
D,CO2EII,PUBLISHING,1,2012,2,"2012/01/11 00:00:00",VIC1,146943.998983,185438.73343888,1.262
D,CO2EII,PUBLISHING,1,2012,2,"2012/01/12 00:00:00",NEM,521860.67342349,496366.64282092,0.9511
D,CO2EII,PUBLISHING,1,2012,2,"2012/01/12 00:00:00",NSW1,163815.697909,155909.40895744,0.9517
D,CO2EII,PUBLISHING,1,2012,2,"2012/01/12 00:00:00",QLD1,162668.812125,133466.83077503,0.8205
D,CO2EII,PUBLISHING,1,2012,2,"2012/01/12 00:00:00",SA1,27557.230587,14872.08875772,0.5397
D,CO2EII,PUBLISHING,1,2012,2,"2012/01/12 00:00:00",TAS1,20720.2148985,4476.77071375,0.2161
D,CO2EII,PUBLISHING,1,2012,2,"2012/01/12 00:00:00",VIC1,147098.71790399,187641.54361698,1.2756
D,CO2EII,PUBLISHING,1,2012,2,"2012/01/13 00:00:00",NEM,519940.64897167,493156.15740112,0.9485
D,CO2EII,PUBLISHING,1,2012,2,"2012/01/13 00:00:00",NSW1,169491.879717,160057.53439482,0.9443
D,CO2EII,PUBLISHING,1,2012,2,"2012/01/13 00:00:00",QLD1,156988.78068164,130535.52078642,0.8315
D,CO2EII,PUBLISHING,1,2012,2,"2012/01/13 00:00:00",SA1,29492.19644401,15113.75328342,0.5125
D,CO2EII,PUBLISHING,1,2012,2,"2012/01/13 00:00:00",TAS1,19227.425704,2148.65577642,0.1117
D,CO2EII,PUBLISHING,1,2012,2,"2012/01/13 00:00:00",VIC1,144740.36642502,185300.69316004,1.2802
D,CO2EII,PUBLISHING,1,2012,2,"2012/01/14 00:00:00",NEM,479525.01198402,456699.7454853,0.9524
D,CO2EII,PUBLISHING,1,2012,2,"2012/01/14 00:00:00",NSW1,144008.422384,135117.02421206,0.9383
D,CO2EII,PUBLISHING,1,2012,2,"2012/01/14 00:00:00",QLD1,148043.93454602,123693.57352315,0.8355
D,CO2EII,PUBLISHING,1,2012,2,"2012/01/14 00:00:00",SA1,27104.398354,11243.38604855,0.4148
D,CO2EII,PUBLISHING,1,2012,2,"2012/01/14 00:00:00",TAS1,18765.73887,4239.87405342,0.2259
D,CO2EII,PUBLISHING,1,2012,2,"2012/01/14 00:00:00",VIC1,141602.51783,182405.88764812,1.2882
D,CO2EII,PUBLISHING,1,2012,3,"2012/01/15 00:00:00",NEM,467331.48963726,450240.81585478,0.9634
D,CO2EII,PUBLISHING,1,2012,3,"2012/01/15 00:00:00",NSW1,138060.88522699,129695.0920108,0.9394
D,CO2EII,PUBLISHING,1,2012,3,"2012/01/15 00:00:00",QLD1,147847.16585176,124958.16190321,0.8452
D,CO2EII,PUBLISHING,1,2012,3,"2012/01/15 00:00:00",SA1,25884.103592,12393.78416848,0.4788
D,CO2EII,PUBLISHING,1,2012,3,"2012/01/15 00:00:00",TAS1,18439.4013125,4523.84165321,0.2453
D,CO2EII,PUBLISHING,1,2012,3,"2012/01/15 00:00:00",VIC1,137099.93365401,178669.93611908,1.3032
D,CO2EII,PUBLISHING,1,2012,3,"2012/01/16 00:00:00",NEM,545645.48318642,504884.65795237,0.9253
D,CO2EII,PUBLISHING,1,2012,3,"2012/01/16 00:00:00",NSW1,168062.964867,158349.24779051,0.9422
D,CO2EII,PUBLISHING,1,2012,3,"2012/01/16 00:00:00",QLD1,163116.64836242,135880.09980307,0.833
D,CO2EII,PUBLISHING,1,2012,3,"2012/01/16 00:00:00",SA1,34401.76765499,21500.17264102,0.625
D,CO2EII,PUBLISHING,1,2012,3,"2012/01/16 00:00:00",TAS1,30765.295828,3745.56285051,0.1217
D,CO2EII,PUBLISHING,1,2012,3,"2012/01/16 00:00:00",VIC1,149298.80647401,185409.57486726,1.2419
D,CO2EII,PUBLISHING,1,2012,3,"2012/01/17 00:00:00",NEM,573699.39313022,513955.97918265,0.8959
D,CO2EII,PUBLISHING,1,2012,3,"2012/01/17 00:00:00",NSW1,177136.606591,168406.39041555,0.9507
D,CO2EII,PUBLISHING,1,2012,3,"2012/01/17 00:00:00",QLD1,162378.55286421,132156.46067763,0.8139
D,CO2EII,PUBLISHING,1,2012,3,"2012/01/17 00:00:00",SA1,46315.51399901,23576.74250089,0.509
D,CO2EII,PUBLISHING,1,2012,3,"2012/01/17 00:00:00",TAS1,31938.689364,4231.38113046,0.1325
D,CO2EII,PUBLISHING,1,2012,3,"2012/01/17 00:00:00",VIC1,155930.030312,185585.00445812,1.1902
D,CO2EII,PUBLISHING,1,2012,3,"2012/01/18 00:00:00",NEM,565840.56781762,524186.83990207,0.9264
D,CO2EII,PUBLISHING,1,2012,3,"2012/01/18 00:00:00",NSW1,184360.51870899,170759.07469334,0.9262
D,CO2EII,PUBLISHING,1,2012,3,"2012/01/18 00:00:00",QLD1,163705.91915264,133221.45278701,0.8138
D,CO2EII,PUBLISHING,1,2012,3,"2012/01/18 00:00:00",SA1,39123.783297,24618.26458248,0.6292
D,CO2EII,PUBLISHING,1,2012,3,"2012/01/18 00:00:00",TAS1,27643.480336,4134.23068824,0.1496
D,CO2EII,PUBLISHING,1,2012,3,"2012/01/18 00:00:00",VIC1,151006.86632299,191453.817151,1.2678
D,CO2EII,PUBLISHING,1,2012,3,"2012/01/19 00:00:00",NEM,558804.02649306,517851.20709846,0.9267
D,CO2EII,PUBLISHING,1,2012,3,"2012/01/19 00:00:00",NSW1,188553.27659199,172180.67163179,0.9132
D,CO2EII,PUBLISHING,1,2012,3,"2012/01/19 00:00:00",QLD1,161456.14650707,131140.04289969,0.8122
D,CO2EII,PUBLISHING,1,2012,3,"2012/01/19 00:00:00",SA1,37333.022891,21618.97638952,0.5791
D,CO2EII,PUBLISHING,1,2012,3,"2012/01/19 00:00:00",TAS1,25876.17223299,4179.76849569,0.1615
D,CO2EII,PUBLISHING,1,2012,3,"2012/01/19 00:00:00",VIC1,145585.40827001,188731.74768177,1.2964
D,CO2EII,PUBLISHING,1,2012,3,"2012/01/20 00:00:00",NEM,549901.01767154,511729.93295287,0.9306
D,CO2EII,PUBLISHING,1,2012,3,"2012/01/20 00:00:00",NSW1,187040.574604,170982.80899129,0.9141
D,CO2EII,PUBLISHING,1,2012,3,"2012/01/20 00:00:00",QLD1,159291.60655254,129235.00718526,0.8113
D,CO2EII,PUBLISHING,1,2012,3,"2012/01/20 00:00:00",SA1,38157.98320801,22808.5215571,0.5977
D,CO2EII,PUBLISHING,1,2012,3,"2012/01/20 00:00:00",TAS1,22037.919767,4475.93200775,0.2031
D,CO2EII,PUBLISHING,1,2012,3,"2012/01/20 00:00:00",VIC1,143372.93353999,184227.66321147,1.285
D,CO2EII,PUBLISHING,1,2012,3,"2012/01/21 00:00:00",NEM,501860.2296255,472269.83343537,0.941
D,CO2EII,PUBLISHING,1,2012,3,"2012/01/21 00:00:00",NSW1,158238.94647699,149465.53169946,0.9446
D,CO2EII,PUBLISHING,1,2012,3,"2012/01/21 00:00:00",QLD1,146650.64542054,120283.39097859,0.8202
D,CO2EII,PUBLISHING,1,2012,3,"2012/01/21 00:00:00",SA1,39555.98490599,18945.93603771,0.479
D,CO2EII,PUBLISHING,1,2012,3,"2012/01/21 00:00:00",TAS1,18402.973042,4516.1807759,0.2454
D,CO2EII,PUBLISHING,1,2012,3,"2012/01/21 00:00:00",VIC1,139011.67977998,179058.79394371,1.2881
D,CO2EII,PUBLISHING,1,2012,4,"2012/01/22 00:00:00",NEM,501199.88807396,466281.96624875,0.9303
D,CO2EII,PUBLISHING,1,2012,4,"2012/01/22 00:00:00",NSW1,159898.22941302,147973.38451794,0.9254
D,CO2EII,PUBLISHING,1,2012,4,"2012/01/22 00:00:00",QLD1,141659.84346845,115942.32931086,0.8185
D,CO2EII,PUBLISHING,1,2012,4,"2012/01/22 00:00:00",SA1,37950.300434,22237.46118598,0.586
D,CO2EII,PUBLISHING,1,2012,4,"2012/01/22 00:00:00",TAS1,23664.4686785,4451.2519097,0.1881
D,CO2EII,PUBLISHING,1,2012,4,"2012/01/22 00:00:00",VIC1,138027.04607999,175677.53932427,1.2728
D,CO2EII,PUBLISHING,1,2012,4,"2012/01/23 00:00:00",NEM,572464.83864531,521433.95528272,0.9109
D,CO2EII,PUBLISHING,1,2012,4,"2012/01/23 00:00:00",NSW1,176820.846054,165021.90833598,0.9333
D,CO2EII,PUBLISHING,1,2012,4,"2012/01/23 00:00:00",QLD1,158906.00430629,128736.09457675,0.8101
D,CO2EII,PUBLISHING,1,2012,4,"2012/01/23 00:00:00",SA1,45784.51377101,30710.32424728,0.6708
D,CO2EII,PUBLISHING,1,2012,4,"2012/01/23 00:00:00",TAS1,29956.682855,4489.95169821,0.1499
D,CO2EII,PUBLISHING,1,2012,4,"2012/01/23 00:00:00",VIC1,160996.79165901,192475.6764245,1.1955
D,CO2EII,PUBLISHING,1,2012,4,"2012/01/24 00:00:00",NEM,578642.24529968,533522.78271944,0.922
D,CO2EII,PUBLISHING,1,2012,4,"2012/01/24 00:00:00",NSW1,178915.62481301,169586.54038859,0.9479
D,CO2EII,PUBLISHING,1,2012,4,"2012/01/24 00:00:00",QLD1,163557.0831527,134128.12901577,0.8201
D,CO2EII,PUBLISHING,1,2012,4,"2012/01/24 00:00:00",SA1,44954.006665,30032.69497956,0.6681
D,CO2EII,PUBLISHING,1,2012,4,"2012/01/24 00:00:00",TAS1,28832.58773299,4274.72832184,0.1483
D,CO2EII,PUBLISHING,1,2012,4,"2012/01/24 00:00:00",VIC1,162382.94293598,195500.69001368,1.2039
D,CO2EII,PUBLISHING,1,2012,4,"2012/01/25 00:00:00",NEM,557929.56493833,512190.66127246,0.918
D,CO2EII,PUBLISHING,1,2012,4,"2012/01/25 00:00:00",NSW1,171198.29958501,157180.53163338,0.9181
D,CO2EII,PUBLISHING,1,2012,4,"2012/01/25 00:00:00",QLD1,169104.66728834,137091.1194624,0.8107
D,CO2EII,PUBLISHING,1,2012,4,"2012/01/25 00:00:00",SA1,44512.535384,23970.6814319,0.5385
D,CO2EII,PUBLISHING,1,2012,4,"2012/01/25 00:00:00",TAS1,24773.877869,4415.16990456,0.1782
D,CO2EII,PUBLISHING,1,2012,4,"2012/01/25 00:00:00",VIC1,148340.18481198,189533.15884022,1.2777
D,CO2EII,PUBLISHING,1,2012,4,"2012/01/26 00:00:00",NEM,498402.03702931,464257.04310647,0.9315
D,CO2EII,PUBLISHING,1,2012,4,"2012/01/26 00:00:00",NSW1,144818.42447801,135449.79987691,0.9353
D,CO2EII,PUBLISHING,1,2012,4,"2012/01/26 00:00:00",QLD1,154870.20496878,125605.19897203,0.811
D,CO2EII,PUBLISHING,1,2012,4,"2012/01/26 00:00:00",SA1,36831.450156,15513.34732999,0.4212
D,CO2EII,PUBLISHING,1,2012,4,"2012/01/26 00:00:00",TAS1,19869.49973051,4490.28251637,0.226
D,CO2EII,PUBLISHING,1,2012,4,"2012/01/26 00:00:00",VIC1,142012.45769601,183198.41441117,1.29
D,CO2EII,PUBLISHING,1,2012,4,"2012/01/27 00:00:00",NEM,547074.19500965,505246.89908795,0.9235
D,CO2EII,PUBLISHING,1,2012,4,"2012/01/27 00:00:00",NSW1,170958.208178,156671.7928584,0.9164
D,CO2EII,PUBLISHING,1,2012,4,"2012/01/27 00:00:00",QLD1,163619.59748466,134851.347302,0.8242
D,CO2EII,PUBLISHING,1,2012,4,"2012/01/27 00:00:00",SA1,41938.243863,19293.96056388,0.4601
D,CO2EII,PUBLISHING,1,2012,4,"2012/01/27 00:00:00",TAS1,21780.65395,4550.69803234,0.2089
D,CO2EII,PUBLISHING,1,2012,4,"2012/01/27 00:00:00",VIC1,148777.49153399,189879.10033133,1.2763
D,CO2EII,PUBLISHING,1,2012,4,"2012/01/28 00:00:00",NEM,526026.2177663,495914.31206612,0.9428
D,CO2EII,PUBLISHING,1,2012,4,"2012/01/28 00:00:00",NSW1,156165.51791299,147519.41644067,0.9446
D,CO2EII,PUBLISHING,1,2012,4,"2012/01/28 00:00:00",QLD1,158911.13083632,132384.07512448,0.8331
D,CO2EII,PUBLISHING,1,2012,4,"2012/01/28 00:00:00",SA1,38251.086527,19052.59672365,0.4981
D,CO2EII,PUBLISHING,1,2012,4,"2012/01/28 00:00:00",TAS1,25398.059967,4526.7065206,0.1782
D,CO2EII,PUBLISHING,1,2012,4,"2012/01/28 00:00:00",VIC1,147300.42252299,192431.51725672,1.3064
D,CO2EII,PUBLISHING,1,2012,5,"2012/01/29 00:00:00",NEM,525949.42135063,493319.74740622,0.938
D,CO2EII,PUBLISHING,1,2012,5,"2012/01/29 00:00:00",NSW1,152713.60972599,144322.80601326,0.9451
D,CO2EII,PUBLISHING,1,2012,5,"2012/01/29 00:00:00",QLD1,156198.96457066,129966.13992006,0.8321
D,CO2EII,PUBLISHING,1,2012,5,"2012/01/29 00:00:00",SA1,36935.780674,23145.51090994,0.6266
D,CO2EII,PUBLISHING,1,2012,5,"2012/01/29 00:00:00",TAS1,27215.42802999,4459.63948242,0.1639
D,CO2EII,PUBLISHING,1,2012,5,"2012/01/29 00:00:00",VIC1,152885.63834999,191425.65108054,1.2521
D,CO2EII,PUBLISHING,1,2012,5,"2012/01/30 00:00:00",NEM,583676.60027834,515335.3530893,0.8829
D,CO2EII,PUBLISHING,1,2012,5,"2012/01/30 00:00:00",NSW1,191011.86724401,166870.52906716,0.8736
D,CO2EII,PUBLISHING,1,2012,5,"2012/01/30 00:00:00",QLD1,165211.55365034,135459.70714925,0.8199
D,CO2EII,PUBLISHING,1,2012,5,"2012/01/30 00:00:00",SA1,44081.664593,19490.77261073,0.4422
D,CO2EII,PUBLISHING,1,2012,5,"2012/01/30 00:00:00",TAS1,30499.592871,4198.97565455,0.1377
D,CO2EII,PUBLISHING,1,2012,5,"2012/01/30 00:00:00",VIC1,152871.92191999,189315.36860761,1.2384
D,CO2EII,PUBLISHING,1,2012,5,"2012/01/31 00:00:00",NEM,545790.35297384,499808.48831134,0.9158
D,CO2EII,PUBLISHING,1,2012,5,"2012/01/31 00:00:00",NSW1,175066.657114,155012.68104246,0.8854
D,CO2EII,PUBLISHING,1,2012,5,"2012/01/31 00:00:00",QLD1,165172.28464333,135054.25884169,0.8177
D,CO2EII,PUBLISHING,1,2012,5,"2012/01/31 00:00:00",SA1,35803.54047801,16245.80691352,0.4537
D,CO2EII,PUBLISHING,1,2012,5,"2012/01/31 00:00:00",TAS1,22158.9722205,4118.81552065,0.1859
D,CO2EII,PUBLISHING,1,2012,5,"2012/01/31 00:00:00",VIC1,147588.898518,189376.92599302,1.2831
D,CO2EII,PUBLISHING,1,2012,5,"2012/02/01 00:00:00",NEM,534436.84237619,496137.25644792,0.9283
D,CO2EII,PUBLISHING,1,2012,5,"2012/02/01 00:00:00",NSW1,170580.55885,151305.84882775,0.887
D,CO2EII,PUBLISHING,1,2012,5,"2012/02/01 00:00:00",QLD1,167530.41791367,137786.75105394,0.8225
D,CO2EII,PUBLISHING,1,2012,5,"2012/02/01 00:00:00",SA1,29199.5352,14155.71494535,0.4848
D,CO2EII,PUBLISHING,1,2012,5,"2012/02/01 00:00:00",TAS1,21055.00858851,4117.46888196,0.1956
D,CO2EII,PUBLISHING,1,2012,5,"2012/02/01 00:00:00",VIC1,146071.32182401,188771.47273892,1.2923
D,CO2EII,PUBLISHING,1,2012,5,"2012/02/02 00:00:00",NEM,533856.80850819,495865.41932366,0.9288
D,CO2EII,PUBLISHING,1,2012,5,"2012/02/02 00:00:00",NSW1,167148.42439901,148166.76071939,0.8864
D,CO2EII,PUBLISHING,1,2012,5,"2012/02/02 00:00:00",QLD1,166664.2090502,136945.71761902,0.8217
D,CO2EII,PUBLISHING,1,2012,5,"2012/02/02 00:00:00",SA1,33099.83787799,17642.85763431,0.533
D,CO2EII,PUBLISHING,1,2012,5,"2012/02/02 00:00:00",TAS1,23136.882997,4374.67462594,0.1891
D,CO2EII,PUBLISHING,1,2012,5,"2012/02/02 00:00:00",VIC1,143807.45418399,188735.408725,1.3124
D,CO2EII,PUBLISHING,1,2012,5,"2012/02/03 00:00:00",NEM,533933.37216226,502995.27476562,0.9421
D,CO2EII,PUBLISHING,1,2012,5,"2012/02/03 00:00:00",NSW1,169669.31357499,154511.54511074,0.9107
D,CO2EII,PUBLISHING,1,2012,5,"2012/02/03 00:00:00",QLD1,164721.59320229,135485.69110177,0.8225
D,CO2EII,PUBLISHING,1,2012,5,"2012/02/03 00:00:00",SA1,30073.085463,19654.99905935,0.6536
D,CO2EII,PUBLISHING,1,2012,5,"2012/02/03 00:00:00",TAS1,25068.272681,4159.33655011,0.1659
D,CO2EII,PUBLISHING,1,2012,5,"2012/02/03 00:00:00",VIC1,144401.10724098,189183.70294365,1.3101
D,CO2EII,PUBLISHING,1,2012,5,"2012/02/04 00:00:00",NEM,504086.39795048,481424.89269934,0.955
D,CO2EII,PUBLISHING,1,2012,5,"2012/02/04 00:00:00",NSW1,156121.661336,146622.35210004,0.9392
D,CO2EII,PUBLISHING,1,2012,5,"2012/02/04 00:00:00",QLD1,152366.82722601,124974.00723676,0.8202
D,CO2EII,PUBLISHING,1,2012,5,"2012/02/04 00:00:00",SA1,27543.81343299,17510.15179667,0.6357
D,CO2EII,PUBLISHING,1,2012,5,"2012/02/04 00:00:00",TAS1,25612.5281875,4084.91865746,0.1595
D,CO2EII,PUBLISHING,1,2012,5,"2012/02/04 00:00:00",VIC1,142441.56776798,188233.46290841,1.3215
D,CO2EII,PUBLISHING,1,2012,6,"2012/02/05 00:00:00",NEM,494520.53877117,457862.85960643,0.9259
D,CO2EII,PUBLISHING,1,2012,6,"2012/02/05 00:00:00",NSW1,149558.92904301,139850.93718167,0.9351
D,CO2EII,PUBLISHING,1,2012,6,"2012/02/05 00:00:00",QLD1,149176.38291468,122661.52439875,0.8223
D,CO2EII,PUBLISHING,1,2012,6,"2012/02/05 00:00:00",SA1,35171.41429599,12282.26956128,0.3492
D,CO2EII,PUBLISHING,1,2012,6,"2012/02/05 00:00:00",TAS1,21397.9190675,3679.16267577,0.1719
D,CO2EII,PUBLISHING,1,2012,6,"2012/02/05 00:00:00",VIC1,139215.89344999,179388.96578896,1.2886
D,CO2EII,PUBLISHING,1,2012,6,"2012/02/06 00:00:00",NEM,544693.98534884,499337.89592962,0.9167
D,CO2EII,PUBLISHING,1,2012,6,"2012/02/06 00:00:00",NSW1,177402.12088399,158725.97049559,0.8947
D,CO2EII,PUBLISHING,1,2012,6,"2012/02/06 00:00:00",QLD1,165693.52034135,134901.50821454,0.8142
D,CO2EII,PUBLISHING,1,2012,6,"2012/02/06 00:00:00",SA1,32911.41134999,18032.42995633,0.5479
D,CO2EII,PUBLISHING,1,2012,6,"2012/02/06 00:00:00",TAS1,26589.7738455,4148.42298714,0.156
D,CO2EII,PUBLISHING,1,2012,6,"2012/02/06 00:00:00",VIC1,142097.15892801,183529.56427602,1.2916
D,CO2EII,PUBLISHING,1,2012,6,"2012/02/07 00:00:00",NEM,540904.52156265,502935.11364252,0.9298
D,CO2EII,PUBLISHING,1,2012,6,"2012/02/07 00:00:00",NSW1,174541.80278199,158244.04560012,0.9066
D,CO2EII,PUBLISHING,1,2012,6,"2012/02/07 00:00:00",QLD1,164182.24442466,134827.71171103,0.8212
D,CO2EII,PUBLISHING,1,2012,6,"2012/02/07 00:00:00",SA1,32614.668959,21473.38086608,0.6584
D,CO2EII,PUBLISHING,1,2012,6,"2012/02/07 00:00:00",TAS1,25241.281818,3828.03532126,0.1517
D,CO2EII,PUBLISHING,1,2012,6,"2012/02/07 00:00:00",VIC1,144324.523579,184561.94014403,1.2788
D,CO2EII,PUBLISHING,1,2012,6,"2012/02/08 00:00:00",NEM,530934.38316511,498782.47938245,0.9394
D,CO2EII,PUBLISHING,1,2012,6,"2012/02/08 00:00:00",NSW1,164137.4514606,149766.55062432,0.9124
D,CO2EII,PUBLISHING,1,2012,6,"2012/02/08 00:00:00",QLD1,160925.32320253,132274.31757838,0.822
D,CO2EII,PUBLISHING,1,2012,6,"2012/02/08 00:00:00",SA1,32750.04688999,23233.29637728,0.7094
D,CO2EII,PUBLISHING,1,2012,6,"2012/02/08 00:00:00",TAS1,24651.143227,3973.69230669,0.1612
D,CO2EII,PUBLISHING,1,2012,6,"2012/02/08 00:00:00",VIC1,148470.41838499,189534.62249578,1.2766
D,CO2EII,PUBLISHING,1,2012,6,"2012/02/09 00:00:00",NEM,535617.61676809,497443.98935339,0.9287
D,CO2EII,PUBLISHING,1,2012,6,"2012/02/09 00:00:00",NSW1,166840.29641226,156150.69953413,0.9359
D,CO2EII,PUBLISHING,1,2012,6,"2012/02/09 00:00:00",QLD1,164812.77392933,135550.7818679,0.8225
D,CO2EII,PUBLISHING,1,2012,6,"2012/02/09 00:00:00",SA1,32959.84249199,23187.89798384,0.7035
D,CO2EII,PUBLISHING,1,2012,6,"2012/02/09 00:00:00",TAS1,27847.1141135,4274.00489982,0.1535
D,CO2EII,PUBLISHING,1,2012,6,"2012/02/09 00:00:00",VIC1,143157.58982101,178280.6050677,1.2453
D,CO2EII,PUBLISHING,1,2012,6,"2012/02/10 00:00:00",NEM,532924.17142428,496363.93382092,0.9314
D,CO2EII,PUBLISHING,1,2012,6,"2012/02/10 00:00:00",NSW1,167999.37527299,153856.01105169,0.9158
D,CO2EII,PUBLISHING,1,2012,6,"2012/02/10 00:00:00",QLD1,157531.44957981,130049.66908781,0.8255
D,CO2EII,PUBLISHING,1,2012,6,"2012/02/10 00:00:00",SA1,37722.268761,20337.03653694,0.5391
D,CO2EII,PUBLISHING,1,2012,6,"2012/02/10 00:00:00",TAS1,24939.18759449,4292.50494445,0.1721
D,CO2EII,PUBLISHING,1,2012,6,"2012/02/10 00:00:00",VIC1,144731.89021599,187828.71220003,1.2978
D,CO2EII,PUBLISHING,1,2012,6,"2012/02/11 00:00:00",NEM,485848.45897134,462317.24792499,0.9516
D,CO2EII,PUBLISHING,1,2012,6,"2012/02/11 00:00:00",NSW1,148887.756527,140781.52845375,0.9456
D,CO2EII,PUBLISHING,1,2012,6,"2012/02/11 00:00:00",QLD1,149683.53628332,124189.68564737,0.8297
D,CO2EII,PUBLISHING,1,2012,6,"2012/02/11 00:00:00",SA1,30712.94343201,18095.61570154,0.5892
D,CO2EII,PUBLISHING,1,2012,6,"2012/02/11 00:00:00",TAS1,20106.116459,3789.12744061,0.1885
D,CO2EII,PUBLISHING,1,2012,6,"2012/02/11 00:00:00",VIC1,136458.10627001,175461.29068172,1.2858
D,CO2EII,PUBLISHING,1,2012,7,"2012/02/12 00:00:00",NEM,478485.33734783,465414.05454284,0.9727
D,CO2EII,PUBLISHING,1,2012,7,"2012/02/12 00:00:00",NSW1,143947.20042,135749.2678268,0.943
D,CO2EII,PUBLISHING,1,2012,7,"2012/02/12 00:00:00",QLD1,147302.41933382,122891.64653637,0.8343
D,CO2EII,PUBLISHING,1,2012,7,"2012/02/12 00:00:00",SA1,28119.595082,17671.13706277,0.6284
D,CO2EII,PUBLISHING,1,2012,7,"2012/02/12 00:00:00",TAS1,17315.129424,4517.74192627,0.2609
D,CO2EII,PUBLISHING,1,2012,7,"2012/02/12 00:00:00",VIC1,141800.99308801,184584.26119063,1.3017
D,CO2EII,PUBLISHING,1,2012,7,"2012/02/13 00:00:00",NEM,538157.98284471,504038.73354834,0.9366
D,CO2EII,PUBLISHING,1,2012,7,"2012/02/13 00:00:00",NSW1,172323.786361,155859.77192273,0.9045
D,CO2EII,PUBLISHING,1,2012,7,"2012/02/13 00:00:00",QLD1,162592.6213252,133824.21020282,0.8231
D,CO2EII,PUBLISHING,1,2012,7,"2012/02/13 00:00:00",SA1,33873.982173,22358.60082287,0.6601
D,CO2EII,PUBLISHING,1,2012,7,"2012/02/13 00:00:00",TAS1,25691.3175975,4117.94819997,0.1603
D,CO2EII,PUBLISHING,1,2012,7,"2012/02/13 00:00:00",VIC1,143676.27538801,187878.20239995,1.3076
D,CO2EII,PUBLISHING,1,2012,7,"2012/02/14 00:00:00",NEM,550672.67621023,509634.04225311,0.9255
D,CO2EII,PUBLISHING,1,2012,7,"2012/02/14 00:00:00",NSW1,173019.807491,155740.89576221,0.9001
D,CO2EII,PUBLISHING,1,2012,7,"2012/02/14 00:00:00",QLD1,164240.19915423,135170.47038055,0.823
D,CO2EII,PUBLISHING,1,2012,7,"2012/02/14 00:00:00",SA1,40554.205842,27067.15745719,0.6674
D,CO2EII,PUBLISHING,1,2012,7,"2012/02/14 00:00:00",TAS1,28962.911017,4374.63545376,0.151
D,CO2EII,PUBLISHING,1,2012,7,"2012/02/14 00:00:00",VIC1,143895.552706,187280.8831994,1.3015
D,CO2EII,PUBLISHING,1,2012,7,"2012/02/15 00:00:00",NEM,560896.59962643,520270.38787401,0.9276
D,CO2EII,PUBLISHING,1,2012,7,"2012/02/15 00:00:00",NSW1,175728.07982999,164386.80095175,0.9355
D,CO2EII,PUBLISHING,1,2012,7,"2012/02/15 00:00:00",QLD1,163827.55419741,135281.97317319,0.8258
D,CO2EII,PUBLISHING,1,2012,7,"2012/02/15 00:00:00",SA1,42153.261703,28512.52973194,0.6764
D,CO2EII,PUBLISHING,1,2012,7,"2012/02/15 00:00:00",TAS1,30301.61661301,4238.68747025,0.1399
D,CO2EII,PUBLISHING,1,2012,7,"2012/02/15 00:00:00",VIC1,148886.08728302,187850.39654688,1.2617
D,CO2EII,PUBLISHING,1,2012,7,"2012/02/16 00:00:00",NEM,553974.61046169,518626.69904745,0.9362
D,CO2EII,PUBLISHING,1,2012,7,"2012/02/16 00:00:00",NSW1,174178.473536,157942.31886581,0.9068
D,CO2EII,PUBLISHING,1,2012,7,"2012/02/16 00:00:00",QLD1,164594.71138768,136252.22524505,0.8278
D,CO2EII,PUBLISHING,1,2012,7,"2012/02/16 00:00:00",SA1,37192.879491,26587.39327855,0.7149
D,CO2EII,PUBLISHING,1,2012,7,"2012/02/16 00:00:00",TAS1,27641.877651,4115.9164874,0.1489
D,CO2EII,PUBLISHING,1,2012,7,"2012/02/16 00:00:00",VIC1,150366.66839601,193728.84517064,1.2884
D,CO2EII,PUBLISHING,1,2012,7,"2012/02/17 00:00:00",NEM,542085.13959962,509303.4546386,0.9395
D,CO2EII,PUBLISHING,1,2012,7,"2012/02/17 00:00:00",NSW1,176350.14965999,159779.45931271,0.906
D,CO2EII,PUBLISHING,1,2012,7,"2012/02/17 00:00:00",QLD1,156136.62010714,128741.39440515,0.8245
D,CO2EII,PUBLISHING,1,2012,7,"2012/02/17 00:00:00",SA1,38394.50204,23777.10880901,0.6193
D,CO2EII,PUBLISHING,1,2012,7,"2012/02/17 00:00:00",TAS1,25412.7094705,3998.30024836,0.1573
D,CO2EII,PUBLISHING,1,2012,7,"2012/02/17 00:00:00",VIC1,145791.15832199,193007.19186337,1.3239
D,CO2EII,PUBLISHING,1,2012,7,"2012/02/18 00:00:00",NEM,505770.39734699,477507.10026435,0.9441
D,CO2EII,PUBLISHING,1,2012,7,"2012/02/18 00:00:00",NSW1,165180.648745,153789.99468809,0.931
D,CO2EII,PUBLISHING,1,2012,7,"2012/02/18 00:00:00",QLD1,143296.20986748,117796.08167533,0.822
D,CO2EII,PUBLISHING,1,2012,7,"2012/02/18 00:00:00",SA1,38718.882813,25529.64455028,0.6594
D,CO2EII,PUBLISHING,1,2012,7,"2012/02/18 00:00:00",TAS1,26017.6904855,4238.66532057,0.1629
D,CO2EII,PUBLISHING,1,2012,7,"2012/02/18 00:00:00",VIC1,132556.96543601,176152.71403008,1.3289
D,CO2EII,PUBLISHING,1,2012,8,"2012/02/19 00:00:00",NEM,502127.22430244,478529.49583555,0.953
D,CO2EII,PUBLISHING,1,2012,8,"2012/02/19 00:00:00",NSW1,158108.359398,146514.76002834,0.9267
D,CO2EII,PUBLISHING,1,2012,8,"2012/02/19 00:00:00",QLD1,147067.66801494,122345.38053492,0.8319
D,CO2EII,PUBLISHING,1,2012,8,"2012/02/19 00:00:00",SA1,33705.970437,20770.94000084,0.6162
D,CO2EII,PUBLISHING,1,2012,8,"2012/02/19 00:00:00",TAS1,23993.3728245,3788.58731031,0.1579
D,CO2EII,PUBLISHING,1,2012,8,"2012/02/19 00:00:00",VIC1,139251.853628,185109.82796114,1.3293
D,CO2EII,PUBLISHING,1,2012,8,"2012/02/20 00:00:00",NEM,554833.5125875,514127.34253193,0.9266
D,CO2EII,PUBLISHING,1,2012,8,"2012/02/20 00:00:00",NSW1,178638.570188,158573.77099228,0.8877
D,CO2EII,PUBLISHING,1,2012,8,"2012/02/20 00:00:00",QLD1,163082.443534,134474.91331819,0.8246
D,CO2EII,PUBLISHING,1,2012,8,"2012/02/20 00:00:00",SA1,38412.510895,24654.86963865,0.6418
D,CO2EII,PUBLISHING,1,2012,8,"2012/02/20 00:00:00",TAS1,27140.5082895,4318.92873716,0.1591
D,CO2EII,PUBLISHING,1,2012,8,"2012/02/20 00:00:00",VIC1,147559.479681,192104.85984565,1.3019
D,CO2EII,PUBLISHING,1,2012,8,"2012/02/21 00:00:00",NEM,545050.18654233,509366.5677269,0.9345
D,CO2EII,PUBLISHING,1,2012,8,"2012/02/21 00:00:00",NSW1,171239.59261899,152379.67782434,0.8899
D,CO2EII,PUBLISHING,1,2012,8,"2012/02/21 00:00:00",QLD1,162447.97936833,133423.77445555,0.8213
D,CO2EII,PUBLISHING,1,2012,8,"2012/02/21 00:00:00",SA1,38535.634018,24130.42839719,0.6262
D,CO2EII,PUBLISHING,1,2012,8,"2012/02/21 00:00:00",TAS1,24938.33884201,4273.21563303,0.1714
D,CO2EII,PUBLISHING,1,2012,8,"2012/02/21 00:00:00",VIC1,147888.641695,195159.47141679,1.3196
D,CO2EII,PUBLISHING,1,2012,8,"2012/02/22 00:00:00",NEM,541700.91140655,508026.71426577,0.9378
D,CO2EII,PUBLISHING,1,2012,8,"2012/02/22 00:00:00",NSW1,173485.104168,155711.29515833,0.8975
D,CO2EII,PUBLISHING,1,2012,8,"2012/02/22 00:00:00",QLD1,160145.80341151,131563.42875324,0.8215
D,CO2EII,PUBLISHING,1,2012,8,"2012/02/22 00:00:00",SA1,39256.14669201,26232.41680914,0.6682
D,CO2EII,PUBLISHING,1,2012,8,"2012/02/22 00:00:00",TAS1,25187.07998601,4302.33778158,0.1708
D,CO2EII,PUBLISHING,1,2012,8,"2012/02/22 00:00:00",VIC1,143626.77714902,190217.23576348,1.3244
D,CO2EII,PUBLISHING,1,2012,8,"2012/02/23 00:00:00",NEM,556306.09913527,520643.22447164,0.9359
D,CO2EII,PUBLISHING,1,2012,8,"2012/02/23 00:00:00",NSW1,180922.544844,164361.17893334,0.9085
D,CO2EII,PUBLISHING,1,2012,8,"2012/02/23 00:00:00",QLD1,158043.42634725,129496.77234681,0.8194
D,CO2EII,PUBLISHING,1,2012,8,"2012/02/23 00:00:00",SA1,40579.81117901,27559.85532479,0.6792
D,CO2EII,PUBLISHING,1,2012,8,"2012/02/23 00:00:00",TAS1,28973.291745,4312.35634329,0.1488
D,CO2EII,PUBLISHING,1,2012,8,"2012/02/23 00:00:00",VIC1,147787.02502001,194913.06152341,1.3189
D,CO2EII,PUBLISHING,1,2012,8,"2012/02/24 00:00:00",NEM,575354.96508347,529962.1190557,0.9211
D,CO2EII,PUBLISHING,1,2012,8,"2012/02/24 00:00:00",NSW1,179250.494999,163444.72413324,0.9118
D,CO2EII,PUBLISHING,1,2012,8,"2012/02/24 00:00:00",QLD1,164335.42193199,135660.66642426,0.8255
D,CO2EII,PUBLISHING,1,2012,8,"2012/02/24 00:00:00",SA1,47336.91064899,31224.47558308,0.6596
D,CO2EII,PUBLISHING,1,2012,8,"2012/02/24 00:00:00",TAS1,31156.4222335,4507.86630131,0.1447
D,CO2EII,PUBLISHING,1,2012,8,"2012/02/24 00:00:00",VIC1,153275.71526999,195124.38661381,1.273
D,CO2EII,PUBLISHING,1,2012,8,"2012/02/25 00:00:00",NEM,549619.02572353,505444.30743182,0.9196
D,CO2EII,PUBLISHING,1,2012,8,"2012/02/25 00:00:00",NSW1,156778.569807,149130.95838199,0.9512
D,CO2EII,PUBLISHING,1,2012,8,"2012/02/25 00:00:00",QLD1,159763.82349999,133319.20102156,0.8345
D,CO2EII,PUBLISHING,1,2012,8,"2012/02/25 00:00:00",SA1,50593.55637554,31342.13509249,0.6195
D,CO2EII,PUBLISHING,1,2012,8,"2012/02/25 00:00:00",TAS1,30817.548397,4267.50696045,0.1385
D,CO2EII,PUBLISHING,1,2012,8,"2012/02/25 00:00:00",VIC1,151665.527644,187384.50597533,1.2355
D,CO2EII,PUBLISHING,1,2012,9,"2012/02/26 00:00:00",NEM,524406.16498736,490243.32553222,0.9349
D,CO2EII,PUBLISHING,1,2012,9,"2012/02/26 00:00:00",NSW1,151458.63316999,143899.69694709,0.9501
D,CO2EII,PUBLISHING,1,2012,9,"2012/02/26 00:00:00",QLD1,152960.54775636,128210.98578235,0.8382
D,CO2EII,PUBLISHING,1,2012,9,"2012/02/26 00:00:00",SA1,46924.278567,27863.24747005,0.5938
D,CO2EII,PUBLISHING,1,2012,9,"2012/02/26 00:00:00",TAS1,28027.214437,4014.05138125,0.1432
D,CO2EII,PUBLISHING,1,2012,9,"2012/02/26 00:00:00",VIC1,145035.49105701,186255.34395148,1.2842
D,CO2EII,PUBLISHING,1,2012,9,"2012/02/27 00:00:00",NEM,570499.41175167,531899.31052924,0.9323
D,CO2EII,PUBLISHING,1,2012,9,"2012/02/27 00:00:00",NSW1,189014.22995546,171073.14470785,0.9051
D,CO2EII,PUBLISHING,1,2012,9,"2012/02/27 00:00:00",QLD1,157680.42398722,129252.73454105,0.8197
D,CO2EII,PUBLISHING,1,2012,9,"2012/02/27 00:00:00",SA1,43337.544326,31193.81252841,0.7198
D,CO2EII,PUBLISHING,1,2012,9,"2012/02/27 00:00:00",TAS1,27401.092035,4115.19602775,0.1502
D,CO2EII,PUBLISHING,1,2012,9,"2012/02/27 00:00:00",VIC1,153066.12144799,196264.42272418,1.2822
D,CO2EII,PUBLISHING,1,2012,9,"2012/02/28 00:00:00",NEM,563915.26588598,519233.51339292,0.9208
D,CO2EII,PUBLISHING,1,2012,9,"2012/02/28 00:00:00",NSW1,189214.64729799,176082.38962167,0.9306
D,CO2EII,PUBLISHING,1,2012,9,"2012/02/28 00:00:00",QLD1,157577.16199599,127782.47869194,0.8109
D,CO2EII,PUBLISHING,1,2012,9,"2012/02/28 00:00:00",SA1,42813.06917799,21901.06236385,0.5116
D,CO2EII,PUBLISHING,1,2012,9,"2012/02/28 00:00:00",TAS1,22686.64492,4005.28536598,0.1765
D,CO2EII,PUBLISHING,1,2012,9,"2012/02/28 00:00:00",VIC1,151623.74249401,189462.29734948,1.2496
D,CO2EII,PUBLISHING,1,2012,9,"2012/02/29 00:00:00",NEM,544168.38769133,500131.5332371,0.9191
D,CO2EII,PUBLISHING,1,2012,9,"2012/02/29 00:00:00",NSW1,175585.76977598,161241.50387901,0.9183
D,CO2EII,PUBLISHING,1,2012,9,"2012/02/29 00:00:00",QLD1,160425.20661583,130680.00053489,0.8146
D,CO2EII,PUBLISHING,1,2012,9,"2012/02/29 00:00:00",SA1,41923.50887501,18310.0937847,0.4368
D,CO2EII,PUBLISHING,1,2012,9,"2012/02/29 00:00:00",TAS1,21568.8590045,4076.86771553,0.189
D,CO2EII,PUBLISHING,1,2012,9,"2012/02/29 00:00:00",VIC1,144665.04342001,185823.06732297,1.2845
D,CO2EII,PUBLISHING,1,2012,9,"2012/03/01 00:00:00",NEM,546419.20051758,480492.00179073,0.8793
D,CO2EII,PUBLISHING,1,2012,9,"2012/03/01 00:00:00",NSW1,181321.16055901,157881.27134888,0.8707
D,CO2EII,PUBLISHING,1,2012,9,"2012/03/01 00:00:00",QLD1,159161.99556808,129304.61295893,0.8124
D,CO2EII,PUBLISHING,1,2012,9,"2012/03/01 00:00:00",SA1,39994.055642,16635.06356696,0.4159
D,CO2EII,PUBLISHING,1,2012,9,"2012/03/01 00:00:00",TAS1,21718.21553349,3870.36224732,0.1782
D,CO2EII,PUBLISHING,1,2012,9,"2012/03/01 00:00:00",VIC1,144223.773215,172800.69166864,1.1981
D,CO2EII,PUBLISHING,1,2012,9,"2012/03/02 00:00:00",NEM,529689.04066781,457641.81631524,0.864
D,CO2EII,PUBLISHING,1,2012,9,"2012/03/02 00:00:00",NSW1,163396.726405,131624.47497926,0.8056
D,CO2EII,PUBLISHING,1,2012,9,"2012/03/02 00:00:00",QLD1,157443.61739732,127039.3370516,0.8069
D,CO2EII,PUBLISHING,1,2012,9,"2012/03/02 00:00:00",SA1,34249.689716,15252.90984742,0.4453
D,CO2EII,PUBLISHING,1,2012,9,"2012/03/02 00:00:00",TAS1,19886.51526249,4339.70131015,0.2182
D,CO2EII,PUBLISHING,1,2012,9,"2012/03/02 00:00:00",VIC1,154712.491887,179385.39312681,1.1595
D,CO2EII,PUBLISHING,1,2012,9,"2012/03/03 00:00:00",NEM,489234.91737232,444383.0910911,0.9083
D,CO2EII,PUBLISHING,1,2012,9,"2012/03/03 00:00:00",NSW1,150872.99215301,122129.85099852,0.8095
D,CO2EII,PUBLISHING,1,2012,9,"2012/03/03 00:00:00",QLD1,145682.09474331,119684.78500228,0.8215
D,CO2EII,PUBLISHING,1,2012,9,"2012/03/03 00:00:00",SA1,24262.819811,15162.34893853,0.6249
D,CO2EII,PUBLISHING,1,2012,9,"2012/03/03 00:00:00",TAS1,20564.41048,3500.20178048,0.1702
D,CO2EII,PUBLISHING,1,2012,9,"2012/03/03 00:00:00",VIC1,147852.600185,183905.90437129,1.2438
D,CO2EII,PUBLISHING,1,2012,10,"2012/03/04 00:00:00",NEM,480837.59513215,417435.42186346,0.8681
D,CO2EII,PUBLISHING,1,2012,10,"2012/03/04 00:00:00",NSW1,160241.52942201,122947.74647844,0.7673
D,CO2EII,PUBLISHING,1,2012,10,"2012/03/04 00:00:00",QLD1,140650.72986864,115905.18130445,0.8241
D,CO2EII,PUBLISHING,1,2012,10,"2012/03/04 00:00:00",SA1,31489.339067,15209.53813617,0.483
D,CO2EII,PUBLISHING,1,2012,10,"2012/03/04 00:00:00",TAS1,18084.81889651,4479.03360799,0.2477
D,CO2EII,PUBLISHING,1,2012,10,"2012/03/04 00:00:00",VIC1,130371.17787799,158893.92233641,1.2188
D,CO2EII,PUBLISHING,1,2012,10,"2012/03/05 00:00:00",NEM,531278.44485047,488029.79426414,0.9186
D,CO2EII,PUBLISHING,1,2012,10,"2012/03/05 00:00:00",NSW1,168622.96906699,148922.08167455,0.8832
D,CO2EII,PUBLISHING,1,2012,10,"2012/03/05 00:00:00",QLD1,164277.20163799,134686.42162702,0.8199
D,CO2EII,PUBLISHING,1,2012,10,"2012/03/05 00:00:00",SA1,26375.671104,17203.81412137,0.6523
D,CO2EII,PUBLISHING,1,2012,10,"2012/03/05 00:00:00",TAS1,21664.7491405,3885.61465494,0.1794
D,CO2EII,PUBLISHING,1,2012,10,"2012/03/05 00:00:00",VIC1,150337.85390099,183331.86218626,1.2195
D,CO2EII,PUBLISHING,1,2012,10,"2012/03/06 00:00:00",NEM,523990.91484581,474399.81033375,0.9054
D,CO2EII,PUBLISHING,1,2012,10,"2012/03/06 00:00:00",NSW1,158861.39591601,139201.19957022,0.8762
D,CO2EII,PUBLISHING,1,2012,10,"2012/03/06 00:00:00",QLD1,159692.38634828,131289.46897933,0.8221
D,CO2EII,PUBLISHING,1,2012,10,"2012/03/06 00:00:00",SA1,32656.285071,15129.33246909,0.4633
D,CO2EII,PUBLISHING,1,2012,10,"2012/03/06 00:00:00",TAS1,20606.53103351,3881.84194086,0.1884
D,CO2EII,PUBLISHING,1,2012,10,"2012/03/06 00:00:00",VIC1,152174.31647701,184897.96737425,1.215
D,CO2EII,PUBLISHING,1,2012,10,"2012/03/07 00:00:00",NEM,514971.51160171,467927.10916016,0.9086
D,CO2EII,PUBLISHING,1,2012,10,"2012/03/07 00:00:00",NSW1,153338.63514999,133323.22214559,0.8695
D,CO2EII,PUBLISHING,1,2012,10,"2012/03/07 00:00:00",QLD1,153405.33924223,125328.17485663,0.817
D,CO2EII,PUBLISHING,1,2012,10,"2012/03/07 00:00:00",SA1,35528.294335,15383.8266436,0.433
D,CO2EII,PUBLISHING,1,2012,10,"2012/03/07 00:00:00",TAS1,21048.2743145,3832.59551377,0.1821
D,CO2EII,PUBLISHING,1,2012,10,"2012/03/07 00:00:00",VIC1,151650.96855999,190059.29000057,1.2533
D,CO2EII,PUBLISHING,1,2012,10,"2012/03/08 00:00:00",NEM,519964.23542809,473692.63994103,0.911
D,CO2EII,PUBLISHING,1,2012,10,"2012/03/08 00:00:00",NSW1,163096.350363,142199.99248691,0.8719
D,CO2EII,PUBLISHING,1,2012,10,"2012/03/08 00:00:00",QLD1,153266.14494458,127164.30874974,0.8297
D,CO2EII,PUBLISHING,1,2012,10,"2012/03/08 00:00:00",SA1,28872.992851,17127.689903,0.5932
D,CO2EII,PUBLISHING,1,2012,10,"2012/03/08 00:00:00",TAS1,21577.3785725,3705.60265023,0.1717
D,CO2EII,PUBLISHING,1,2012,10,"2012/03/08 00:00:00",VIC1,153151.36869701,183495.04615115,1.1981
D,CO2EII,PUBLISHING,1,2012,10,"2012/03/09 00:00:00",NEM,520176.98585173,482544.97842771,0.9277
D,CO2EII,PUBLISHING,1,2012,10,"2012/03/09 00:00:00",NSW1,161399.323764,145972.28866577,0.9044
D,CO2EII,PUBLISHING,1,2012,10,"2012/03/09 00:00:00",QLD1,157696.47853226,128730.79222774,0.8163
D,CO2EII,PUBLISHING,1,2012,10,"2012/03/09 00:00:00",SA1,30288.044883,17673.07445839,0.5835
D,CO2EII,PUBLISHING,1,2012,10,"2012/03/09 00:00:00",TAS1,22862.7843375,3713.33100637,0.1624
D,CO2EII,PUBLISHING,1,2012,10,"2012/03/09 00:00:00",VIC1,147930.35433497,186455.49206944,1.2604
D,CO2EII,PUBLISHING,1,2012,10,"2012/03/10 00:00:00",NEM,473511.77855788,459917.66797661,0.9713
D,CO2EII,PUBLISHING,1,2012,10,"2012/03/10 00:00:00",NSW1,140074.360912,131801.64900984,0.9409
D,CO2EII,PUBLISHING,1,2012,10,"2012/03/10 00:00:00",QLD1,148041.27673589,123632.53481385,0.8351
D,CO2EII,PUBLISHING,1,2012,10,"2012/03/10 00:00:00",SA1,22971.052393,15307.3043048,0.6664
D,CO2EII,PUBLISHING,1,2012,10,"2012/03/10 00:00:00",TAS1,19794.112045,3381.6188044,0.1708
D,CO2EII,PUBLISHING,1,2012,10,"2012/03/10 00:00:00",VIC1,142630.97647199,185794.56104372,1.3026
D,CO2EII,PUBLISHING,1,2012,11,"2012/03/11 00:00:00",NEM,459881.12136282,449352.61281996,0.9771
D,CO2EII,PUBLISHING,1,2012,11,"2012/03/11 00:00:00",NSW1,131023.850157,124696.38367635,0.9517
D,CO2EII,PUBLISHING,1,2012,11,"2012/03/11 00:00:00",QLD1,144969.31112532,121249.57874346,0.8364
D,CO2EII,PUBLISHING,1,2012,11,"2012/03/11 00:00:00",SA1,24082.92753,15416.71114681,0.6402
D,CO2EII,PUBLISHING,1,2012,11,"2012/03/11 00:00:00",TAS1,18248.07377549,3657.06268023,0.2004
D,CO2EII,PUBLISHING,1,2012,11,"2012/03/11 00:00:00",VIC1,141556.95877501,184332.87657311,1.3022
D,CO2EII,PUBLISHING,1,2012,11,"2012/03/12 00:00:00",NEM,498422.62936419,476401.53172672,0.9558
D,CO2EII,PUBLISHING,1,2012,11,"2012/03/12 00:00:00",NSW1,158106.54412701,149483.69732555,0.9455
D,CO2EII,PUBLISHING,1,2012,11,"2012/03/12 00:00:00",QLD1,156618.7149027,130523.57943353,0.8334
D,CO2EII,PUBLISHING,1,2012,11,"2012/03/12 00:00:00",SA1,25272.69569799,15966.62099356,0.6318
D,CO2EII,PUBLISHING,1,2012,11,"2012/03/12 00:00:00",TAS1,21781.6156735,4077.55580423,0.1872
D,CO2EII,PUBLISHING,1,2012,11,"2012/03/12 00:00:00",VIC1,136643.05896299,176350.07816985,1.2906
D,CO2EII,PUBLISHING,1,2012,11,"2012/03/13 00:00:00",NEM,532926.34276839,502451.52380788,0.9428
D,CO2EII,PUBLISHING,1,2012,11,"2012/03/13 00:00:00",NSW1,164960.042304,157359.0169163,0.9539
D,CO2EII,PUBLISHING,1,2012,11,"2012/03/13 00:00:00",QLD1,158709.3854989,131327.33985076,0.8275
D,CO2EII,PUBLISHING,1,2012,11,"2012/03/13 00:00:00",SA1,33743.68015299,20591.54137243,0.6102
D,CO2EII,PUBLISHING,1,2012,11,"2012/03/13 00:00:00",TAS1,23831.9195845,3827.49528765,0.1606
D,CO2EII,PUBLISHING,1,2012,11,"2012/03/13 00:00:00",VIC1,151681.315228,189346.13038074,1.2483
D,CO2EII,PUBLISHING,1,2012,11,"2012/03/14 00:00:00",NEM,545589.2265769,491264.45207843,0.9004
D,CO2EII,PUBLISHING,1,2012,11,"2012/03/14 00:00:00",NSW1,167498.285832,158432.87259493,0.9459
D,CO2EII,PUBLISHING,1,2012,11,"2012/03/14 00:00:00",QLD1,157194.1678119,129733.01441308,0.8253
D,CO2EII,PUBLISHING,1,2012,11,"2012/03/14 00:00:00",SA1,45559.866519,20871.2400984,0.4581
D,CO2EII,PUBLISHING,1,2012,11,"2012/03/14 00:00:00",TAS1,25433.344919,3741.20283182,0.1471
D,CO2EII,PUBLISHING,1,2012,11,"2012/03/14 00:00:00",VIC1,149903.561495,178486.1221402,1.1907
D,CO2EII,PUBLISHING,1,2012,11,"2012/03/15 00:00:00",NEM,541142.68169966,485263.29111244,0.8967
D,CO2EII,PUBLISHING,1,2012,11,"2012/03/15 00:00:00",NSW1,171977.33662,162590.68346818,0.9454
D,CO2EII,PUBLISHING,1,2012,11,"2012/03/15 00:00:00",QLD1,162191.79692666,134081.44948024,0.8267
D,CO2EII,PUBLISHING,1,2012,11,"2012/03/15 00:00:00",SA1,32449.459475,15508.31793801,0.4779
D,CO2EII,PUBLISHING,1,2012,11,"2012/03/15 00:00:00",TAS1,27160.857038,3503.53748783,0.129
D,CO2EII,PUBLISHING,1,2012,11,"2012/03/15 00:00:00",VIC1,147363.23164,169579.30273818,1.1508
D,CO2EII,PUBLISHING,1,2012,11,"2012/03/16 00:00:00",NEM,537142.08036517,475286.55415967,0.8848
D,CO2EII,PUBLISHING,1,2012,11,"2012/03/16 00:00:00",NSW1,184964.522895,168400.43311786,0.9104
D,CO2EII,PUBLISHING,1,2012,11,"2012/03/16 00:00:00",QLD1,164012.72371468,134658.46849705,0.821
D,CO2EII,PUBLISHING,1,2012,11,"2012/03/16 00:00:00",SA1,29293.10841601,16045.15205564,0.5477
D,CO2EII,PUBLISHING,1,2012,11,"2012/03/16 00:00:00",TAS1,30712.7511635,3536.54365213,0.1151
D,CO2EII,PUBLISHING,1,2012,11,"2012/03/16 00:00:00",VIC1,128158.97417598,152645.95683699,1.1911
D,CO2EII,PUBLISHING,1,2012,11,"2012/03/17 00:00:00",NEM,477607.28144634,435937.24286382,0.9128
D,CO2EII,PUBLISHING,1,2012,11,"2012/03/17 00:00:00",NSW1,156971.59865899,146131.16199147,0.9309
D,CO2EII,PUBLISHING,1,2012,11,"2012/03/17 00:00:00",QLD1,151464.68302634,125718.30405995,0.83
D,CO2EII,PUBLISHING,1,2012,11,"2012/03/17 00:00:00",SA1,26578.187877,12802.04066424,0.4817
D,CO2EII,PUBLISHING,1,2012,11,"2012/03/17 00:00:00",TAS1,30655.855283,3376.02239346,0.1101
D,CO2EII,PUBLISHING,1,2012,11,"2012/03/17 00:00:00",VIC1,111936.95660101,147909.7137547,1.3214
D,CO2EII,PUBLISHING,1,2012,12,"2012/03/18 00:00:00",NEM,457646.28307975,421288.80893689,0.9206
D,CO2EII,PUBLISHING,1,2012,12,"2012/03/18 00:00:00",NSW1,132901.78475599,120984.21460943,0.9103
D,CO2EII,PUBLISHING,1,2012,12,"2012/03/18 00:00:00",QLD1,145563.81858077,119955.80269558,0.8241
D,CO2EII,PUBLISHING,1,2012,12,"2012/03/18 00:00:00",SA1,30605.77555,10833.17702785,0.354
D,CO2EII,PUBLISHING,1,2012,12,"2012/03/18 00:00:00",TAS1,22599.510305,2840.10629112,0.1257
D,CO2EII,PUBLISHING,1,2012,12,"2012/03/18 00:00:00",VIC1,125975.39388799,166675.50831291,1.3231
D,CO2EII,PUBLISHING,1,2012,12,"2012/03/19 00:00:00",NEM,519105.27167879,467093.93819675,0.8998
D,CO2EII,PUBLISHING,1,2012,12,"2012/03/19 00:00:00",NSW1,157962.496567,142621.68775211,0.9029
D,CO2EII,PUBLISHING,1,2012,12,"2012/03/19 00:00:00",QLD1,156869.49923378,128274.09868024,0.8177
D,CO2EII,PUBLISHING,1,2012,12,"2012/03/19 00:00:00",SA1,35515.780083,14636.82524046,0.4121
D,CO2EII,PUBLISHING,1,2012,12,"2012/03/19 00:00:00",TAS1,29944.669273,3032.87709898,0.1013
D,CO2EII,PUBLISHING,1,2012,12,"2012/03/19 00:00:00",VIC1,138812.82652201,178528.44942496,1.2861
D,CO2EII,PUBLISHING,1,2012,12,"2012/03/20 00:00:00",NEM,530134.88103416,473466.54279395,0.8931
D,CO2EII,PUBLISHING,1,2012,12,"2012/03/20 00:00:00",NSW1,158918.26978201,146856.85944808,0.9241
D,CO2EII,PUBLISHING,1,2012,12,"2012/03/20 00:00:00",QLD1,159338.19893866,130415.72485315,0.8185
D,CO2EII,PUBLISHING,1,2012,12,"2012/03/20 00:00:00",SA1,42289.948456,15905.3961067,0.3761
D,CO2EII,PUBLISHING,1,2012,12,"2012/03/20 00:00:00",TAS1,28910.0799915,3125.34441422,0.1081
D,CO2EII,PUBLISHING,1,2012,12,"2012/03/20 00:00:00",VIC1,140678.38386599,177163.2179718,1.2593
D,CO2EII,PUBLISHING,1,2012,12,"2012/03/21 00:00:00",NEM,521368.35073687,466369.86618022,0.8945
D,CO2EII,PUBLISHING,1,2012,12,"2012/03/21 00:00:00",NSW1,160250.65898702,147617.64672467,0.9212
D,CO2EII,PUBLISHING,1,2012,12,"2012/03/21 00:00:00",QLD1,161722.83204534,132141.69992433,0.8171
D,CO2EII,PUBLISHING,1,2012,12,"2012/03/21 00:00:00",SA1,36039.407162,14563.59836711,0.4041
D,CO2EII,PUBLISHING,1,2012,12,"2012/03/21 00:00:00",TAS1,30078.7146035,3055.0592348,0.1016
D,CO2EII,PUBLISHING,1,2012,12,"2012/03/21 00:00:00",VIC1,133276.73793901,168991.86192931,1.268
D,CO2EII,PUBLISHING,1,2012,12,"2012/03/22 00:00:00",NEM,513929.43352732,462669.89900493,0.9003
D,CO2EII,PUBLISHING,1,2012,12,"2012/03/22 00:00:00",NSW1,157438.89465701,143801.33062639,0.9134
D,CO2EII,PUBLISHING,1,2012,12,"2012/03/22 00:00:00",QLD1,162140.14738331,133101.24801583,0.8209
D,CO2EII,PUBLISHING,1,2012,12,"2012/03/22 00:00:00",SA1,30798.576595,15038.79624567,0.4883
D,CO2EII,PUBLISHING,1,2012,12,"2012/03/22 00:00:00",TAS1,30587.492629,2959.96899973,0.0968
D,CO2EII,PUBLISHING,1,2012,12,"2012/03/22 00:00:00",VIC1,132964.322263,167768.55511731,1.2618
D,CO2EII,PUBLISHING,1,2012,12,"2012/03/23 00:00:00",NEM,512780.13363419,451590.86155531,0.8807
D,CO2EII,PUBLISHING,1,2012,12,"2012/03/23 00:00:00",NSW1,156770.06206298,140361.65805592,0.8953
D,CO2EII,PUBLISHING,1,2012,12,"2012/03/23 00:00:00",QLD1,157859.07153721,130752.42564149,0.8283
D,CO2EII,PUBLISHING,1,2012,12,"2012/03/23 00:00:00",SA1,37333.270778,12811.1697633,0.3432
D,CO2EII,PUBLISHING,1,2012,12,"2012/03/23 00:00:00",TAS1,30574.833226,3000.22204414,0.0981
D,CO2EII,PUBLISHING,1,2012,12,"2012/03/23 00:00:00",VIC1,130242.89603,164665.38605046,1.2643
D,CO2EII,PUBLISHING,1,2012,12,"2012/03/24 00:00:00",NEM,468016.7768498,434952.48802349,0.9294
D,CO2EII,PUBLISHING,1,2012,12,"2012/03/24 00:00:00",NSW1,140944.59725799,129481.57707204,0.9187
D,CO2EII,PUBLISHING,1,2012,12,"2012/03/24 00:00:00",QLD1,147770.3794333,122796.16977313,0.831
D,CO2EII,PUBLISHING,1,2012,12,"2012/03/24 00:00:00",SA1,22679.415554,12414.26932214,0.5474
D,CO2EII,PUBLISHING,1,2012,12,"2012/03/24 00:00:00",TAS1,28616.4617775,3016.55794434,0.1054
D,CO2EII,PUBLISHING,1,2012,12,"2012/03/24 00:00:00",VIC1,128005.92282701,167243.91391184,1.3065
D,CO2EII,PUBLISHING,1,2012,13,"2012/03/25 00:00:00",NEM,455811.52354212,438438.24520625,0.9619
D,CO2EII,PUBLISHING,1,2012,13,"2012/03/25 00:00:00",NSW1,134640.52763801,126445.54739511,0.9391
D,CO2EII,PUBLISHING,1,2012,13,"2012/03/25 00:00:00",QLD1,143796.4370491,119961.72081852,0.8342
D,CO2EII,PUBLISHING,1,2012,13,"2012/03/25 00:00:00",SA1,20400.355199,12770.66040133,0.626
D,CO2EII,PUBLISHING,1,2012,13,"2012/03/25 00:00:00",TAS1,23805.084184,3079.8690117,0.1294
D,CO2EII,PUBLISHING,1,2012,13,"2012/03/25 00:00:00",VIC1,133169.11947201,176180.44757959,1.323
D,CO2EII,PUBLISHING,1,2012,13,"2012/03/26 00:00:00",NEM,509706.95358686,466075.2181531,0.9144
D,CO2EII,PUBLISHING,1,2012,13,"2012/03/26 00:00:00",NSW1,161509.02843501,149021.6533871,0.9227
D,CO2EII,PUBLISHING,1,2012,13,"2012/03/26 00:00:00",QLD1,157775.43127134,130234.06964348,0.8254
D,CO2EII,PUBLISHING,1,2012,13,"2012/03/26 00:00:00",SA1,28239.672045,16947.32723704,0.6001
D,CO2EII,PUBLISHING,1,2012,13,"2012/03/26 00:00:00",TAS1,32572.70911851,3199.47679815,0.0982
D,CO2EII,PUBLISHING,1,2012,13,"2012/03/26 00:00:00",VIC1,129610.112717,166672.69108733,1.286
D,CO2EII,PUBLISHING,1,2012,13,"2012/03/27 00:00:00",NEM,513035.95753149,465799.81130416,0.9079
D,CO2EII,PUBLISHING,1,2012,13,"2012/03/27 00:00:00",NSW1,166624.76293198,154368.34490873,0.9264
D,CO2EII,PUBLISHING,1,2012,13,"2012/03/27 00:00:00",QLD1,158476.285041,129924.40877182,0.8198
D,CO2EII,PUBLISHING,1,2012,13,"2012/03/27 00:00:00",SA1,29241.13432,18380.9614464,0.6286
D,CO2EII,PUBLISHING,1,2012,13,"2012/03/27 00:00:00",TAS1,30984.25616551,3090.80905438,0.0998
D,CO2EII,PUBLISHING,1,2012,13,"2012/03/27 00:00:00",VIC1,127709.519073,160035.28712283,1.2531
D,CO2EII,PUBLISHING,1,2012,13,"2012/03/28 00:00:00",NEM,511935.10796117,471419.97840185,0.9209
D,CO2EII,PUBLISHING,1,2012,13,"2012/03/28 00:00:00",NSW1,166569.48972899,156263.77386918,0.9381
D,CO2EII,PUBLISHING,1,2012,13,"2012/03/28 00:00:00",QLD1,154499.86358367,126975.41692146,0.8218
D,CO2EII,PUBLISHING,1,2012,13,"2012/03/28 00:00:00",SA1,28975.24631,18401.62142164,0.6351
D,CO2EII,PUBLISHING,1,2012,13,"2012/03/28 00:00:00",TAS1,30783.7850825,3393.24137234,0.1102
D,CO2EII,PUBLISHING,1,2012,13,"2012/03/28 00:00:00",VIC1,131106.72325601,166385.92481723,1.2691
D,CO2EII,PUBLISHING,1,2012,13,"2012/03/29 00:00:00",NEM,514972.87506566,470152.27229073,0.913
D,CO2EII,PUBLISHING,1,2012,13,"2012/03/29 00:00:00",NSW1,165444.57494201,153322.73387636,0.9267
D,CO2EII,PUBLISHING,1,2012,13,"2012/03/29 00:00:00",QLD1,155251.15977064,127240.63497944,0.8196
D,CO2EII,PUBLISHING,1,2012,13,"2012/03/29 00:00:00",SA1,32238.38241899,18800.08167668,0.5832
D,CO2EII,PUBLISHING,1,2012,13,"2012/03/29 00:00:00",TAS1,30392.869683,4097.28156942,0.1348
D,CO2EII,PUBLISHING,1,2012,13,"2012/03/29 00:00:00",VIC1,131645.88825102,166691.54018883,1.2662
D,CO2EII,PUBLISHING,1,2012,13,"2012/03/30 00:00:00",NEM,513199.47989906,465432.42940414,0.9069
D,CO2EII,PUBLISHING,1,2012,13,"2012/03/30 00:00:00",NSW1,156751.92206902,143158.41880822,0.9133
D,CO2EII,PUBLISHING,1,2012,13,"2012/03/30 00:00:00",QLD1,156122.28041902,128330.01256108,0.822
D,CO2EII,PUBLISHING,1,2012,13,"2012/03/30 00:00:00",SA1,32618.822156,17238.50134529,0.5285
D,CO2EII,PUBLISHING,1,2012,13,"2012/03/30 00:00:00",TAS1,31481.165707,4062.86644368,0.1291
D,CO2EII,PUBLISHING,1,2012,13,"2012/03/30 00:00:00",VIC1,136225.28954802,172642.63024587,1.2673
D,CO2EII,PUBLISHING,1,2012,13,"2012/03/31 00:00:00",NEM,466906.63582283,429157.57604361,0.9192
D,CO2EII,PUBLISHING,1,2012,13,"2012/03/31 00:00:00",NSW1,135057.58203,126969.33781882,0.9401
D,CO2EII,PUBLISHING,1,2012,13,"2012/03/31 00:00:00",QLD1,144281.58288934,119571.27590916,0.8287
D,CO2EII,PUBLISHING,1,2012,13,"2012/03/31 00:00:00",SA1,29556.52868899,14479.47496628,0.4899
D,CO2EII,PUBLISHING,1,2012,13,"2012/03/31 00:00:00",TAS1,28630.2840125,2966.8009803,0.1036
D,CO2EII,PUBLISHING,1,2012,13,"2012/03/31 00:00:00",VIC1,129380.658202,165170.68636905,1.2766
D,CO2EII,PUBLISHING,1,2012,14,"2012/04/01 00:00:00",NEM,453066.34195334,423510.09295385,0.9348
D,CO2EII,PUBLISHING,1,2012,14,"2012/04/01 00:00:00",NSW1,131965.239195,124423.6358007,0.9429
D,CO2EII,PUBLISHING,1,2012,14,"2012/04/01 00:00:00",QLD1,145829.74560934,121193.90918389,0.8311
D,CO2EII,PUBLISHING,1,2012,14,"2012/04/01 00:00:00",SA1,27827.21616599,18408.6245673,0.6615
D,CO2EII,PUBLISHING,1,2012,14,"2012/04/01 00:00:00",TAS1,28764.677225,3351.61371712,0.1165
D,CO2EII,PUBLISHING,1,2012,14,"2012/04/01 00:00:00",VIC1,118679.46375801,156132.30968484,1.3156
D,CO2EII,PUBLISHING,1,2012,14,"2012/04/02 00:00:00",NEM,516513.46571063,460119.41250676,0.8908
D,CO2EII,PUBLISHING,1,2012,14,"2012/04/02 00:00:00",NSW1,161656.49586778,147508.95113623,0.9125
D,CO2EII,PUBLISHING,1,2012,14,"2012/04/02 00:00:00",QLD1,158138.76628935,130224.69646373,0.8235
D,CO2EII,PUBLISHING,1,2012,14,"2012/04/02 00:00:00",SA1,38365.127368,21290.27855898,0.5549
D,CO2EII,PUBLISHING,1,2012,14,"2012/04/02 00:00:00",TAS1,34357.3787485,4359.79088776,0.1269
D,CO2EII,PUBLISHING,1,2012,14,"2012/04/02 00:00:00",VIC1,123995.697437,156735.69546006,1.264
D,CO2EII,PUBLISHING,1,2012,14,"2012/04/03 00:00:00",NEM,526281.49304331,470433.979587,0.8939
D,CO2EII,PUBLISHING,1,2012,14,"2012/04/03 00:00:00",NSW1,173098.82496798,159815.31709486,0.9233
D,CO2EII,PUBLISHING,1,2012,14,"2012/04/03 00:00:00",QLD1,155727.77865883,125918.12416588,0.8086
D,CO2EII,PUBLISHING,1,2012,14,"2012/04/03 00:00:00",SA1,34426.32415101,22363.80057112,0.6496
D,CO2EII,PUBLISHING,1,2012,14,"2012/04/03 00:00:00",TAS1,35641.3138575,4100.57757927,0.1151
D,CO2EII,PUBLISHING,1,2012,14,"2012/04/03 00:00:00",VIC1,127387.25140799,158236.16017587,1.2422
D,CO2EII,PUBLISHING,1,2012,14,"2012/04/04 00:00:00",NEM,528125.71579749,471130.04966257,0.8921
D,CO2EII,PUBLISHING,1,2012,14,"2012/04/04 00:00:00",NSW1,173252.686959,154714.6154292,0.893
D,CO2EII,PUBLISHING,1,2012,14,"2012/04/04 00:00:00",QLD1,156194.22898098,126734.51217304,0.8114
D,CO2EII,PUBLISHING,1,2012,14,"2012/04/04 00:00:00",SA1,35281.63072601,24091.22469663,0.6828
D,CO2EII,PUBLISHING,1,2012,14,"2012/04/04 00:00:00",TAS1,38455.43554849,4173.72603729,0.1085
D,CO2EII,PUBLISHING,1,2012,14,"2012/04/04 00:00:00",VIC1,124941.73358301,161415.97132641,1.2919
D,CO2EII,PUBLISHING,1,2012,14,"2012/04/05 00:00:00",NEM,525248.53140066,473867.02999347,0.9022
D,CO2EII,PUBLISHING,1,2012,14,"2012/04/05 00:00:00",NSW1,165065.94047499,149111.96315967,0.9033
D,CO2EII,PUBLISHING,1,2012,14,"2012/04/05 00:00:00",QLD1,160096.50879868,131738.60410843,0.8229
D,CO2EII,PUBLISHING,1,2012,14,"2012/04/05 00:00:00",SA1,34675.019972,22797.78057995,0.6575
D,CO2EII,PUBLISHING,1,2012,14,"2012/04/05 00:00:00",TAS1,35602.09250999,4100.53432762,0.1152
D,CO2EII,PUBLISHING,1,2012,14,"2012/04/05 00:00:00",VIC1,129808.969645,166118.1478178,1.2797
D,CO2EII,PUBLISHING,1,2012,14,"2012/04/06 00:00:00",NEM,448660.81942985,407243.83476287,0.9077
D,CO2EII,PUBLISHING,1,2012,14,"2012/04/06 00:00:00",NSW1,118030.94748301,109980.99770472,0.9318
D,CO2EII,PUBLISHING,1,2012,14,"2012/04/06 00:00:00",QLD1,144275.07298383,119824.27319245,0.8305
D,CO2EII,PUBLISHING,1,2012,14,"2012/04/06 00:00:00",SA1,39152.87089801,15305.83257414,0.3909
D,CO2EII,PUBLISHING,1,2012,14,"2012/04/06 00:00:00",TAS1,21921.182252,3276.42678606,0.1495
D,CO2EII,PUBLISHING,1,2012,14,"2012/04/06 00:00:00",VIC1,125280.745813,158856.3045055,1.268
D,CO2EII,PUBLISHING,1,2012,14,"2012/04/07 00:00:00",NEM,447790.4909531,418520.11150781,0.9346
D,CO2EII,PUBLISHING,1,2012,14,"2012/04/07 00:00:00",NSW1,124470.451407,115877.02420758,0.931
D,CO2EII,PUBLISHING,1,2012,14,"2012/04/07 00:00:00",QLD1,147893.47883561,123051.84375716,0.832
D,CO2EII,PUBLISHING,1,2012,14,"2012/04/07 00:00:00",SA1,26222.361874,14289.17582908,0.5449
D,CO2EII,PUBLISHING,1,2012,14,"2012/04/07 00:00:00",TAS1,25181.4835455,3339.34005114,0.1326
D,CO2EII,PUBLISHING,1,2012,14,"2012/04/07 00:00:00",VIC1,124022.71529099,161962.72766285,1.3059
D,CO2EII,PUBLISHING,1,2012,15,"2012/04/08 00:00:00",NEM,437006.00573962,409783.55217488,0.9377
D,CO2EII,PUBLISHING,1,2012,15,"2012/04/08 00:00:00",NSW1,119269.38498499,111855.6708402,0.9378
D,CO2EII,PUBLISHING,1,2012,15,"2012/04/08 00:00:00",QLD1,139557.30893963,115702.6489372,0.8291
D,CO2EII,PUBLISHING,1,2012,15,"2012/04/08 00:00:00",SA1,28436.230647,14465.33373346,0.5087
D,CO2EII,PUBLISHING,1,2012,15,"2012/04/08 00:00:00",TAS1,23695.358402,2867.25833351,0.121
D,CO2EII,PUBLISHING,1,2012,15,"2012/04/08 00:00:00",VIC1,126047.722766,164892.64033051,1.3082
D,CO2EII,PUBLISHING,1,2012,15,"2012/04/09 00:00:00",NEM,451553.2432622,410150.3942473,0.9083
D,CO2EII,PUBLISHING,1,2012,15,"2012/04/09 00:00:00",NSW1,125182.88121001,118053.19383045,0.943
D,CO2EII,PUBLISHING,1,2012,15,"2012/04/09 00:00:00",QLD1,139820.62625168,114712.07172931,0.8204
D,CO2EII,PUBLISHING,1,2012,15,"2012/04/09 00:00:00",SA1,30113.37704601,11996.1085077,0.3984
D,CO2EII,PUBLISHING,1,2012,15,"2012/04/09 00:00:00",TAS1,28510.7166295,3016.67301754,0.1058
D,CO2EII,PUBLISHING,1,2012,15,"2012/04/09 00:00:00",VIC1,127925.642125,162372.3471623,1.2693
D,CO2EII,PUBLISHING,1,2012,15,"2012/04/10 00:00:00",NEM,507430.8858953,455289.86269433,0.8972
D,CO2EII,PUBLISHING,1,2012,15,"2012/04/10 00:00:00",NSW1,151096.80760001,140455.08850845,0.9296
D,CO2EII,PUBLISHING,1,2012,15,"2012/04/10 00:00:00",QLD1,156148.50206231,127270.18882345,0.8151
D,CO2EII,PUBLISHING,1,2012,15,"2012/04/10 00:00:00",SA1,34215.452521,15587.08260827,0.4556
D,CO2EII,PUBLISHING,1,2012,15,"2012/04/10 00:00:00",TAS1,35437.109861,3905.67173205,0.1102
D,CO2EII,PUBLISHING,1,2012,15,"2012/04/10 00:00:00",VIC1,130533.01385098,168071.83102211,1.2876
D,CO2EII,PUBLISHING,1,2012,15,"2012/04/11 00:00:00",NEM,507822.12708958,457913.43810232,0.9017
D,CO2EII,PUBLISHING,1,2012,15,"2012/04/11 00:00:00",NSW1,151343.027875,139587.94373369,0.9223
D,CO2EII,PUBLISHING,1,2012,15,"2012/04/11 00:00:00",QLD1,156921.95024312,128116.92128672,0.8164
D,CO2EII,PUBLISHING,1,2012,15,"2012/04/11 00:00:00",SA1,33946.85038199,17162.72845496,0.5056
D,CO2EII,PUBLISHING,1,2012,15,"2012/04/11 00:00:00",TAS1,35057.47399849,3890.14341658,0.111
D,CO2EII,PUBLISHING,1,2012,15,"2012/04/11 00:00:00",VIC1,130552.82459098,169155.70121037,1.2957
D,CO2EII,PUBLISHING,1,2012,15,"2012/04/12 00:00:00",NEM,508756.00643518,465170.81838813,0.9143
D,CO2EII,PUBLISHING,1,2012,15,"2012/04/12 00:00:00",NSW1,155913.027442,146460.48566528,0.9394
D,CO2EII,PUBLISHING,1,2012,15,"2012/04/12 00:00:00",QLD1,155036.43024818,126878.93984534,0.8184
D,CO2EII,PUBLISHING,1,2012,15,"2012/04/12 00:00:00",SA1,32017.00487199,18620.97427544,0.5816
D,CO2EII,PUBLISHING,1,2012,15,"2012/04/12 00:00:00",TAS1,35715.124705,4106.22240975,0.115
D,CO2EII,PUBLISHING,1,2012,15,"2012/04/12 00:00:00",VIC1,130074.41916801,169104.19619232,1.3001
D,CO2EII,PUBLISHING,1,2012,15,"2012/04/13 00:00:00",NEM,504026.720771,456047.74305908,0.9048
D,CO2EII,PUBLISHING,1,2012,15,"2012/04/13 00:00:00",NSW1,153716.16279799,142958.54037685,0.93
D,CO2EII,PUBLISHING,1,2012,15,"2012/04/13 00:00:00",QLD1,154106.00414352,126063.4750665,0.818
D,CO2EII,PUBLISHING,1,2012,15,"2012/04/13 00:00:00",SA1,31117.898137,20665.63540752,0.6641
D,CO2EII,PUBLISHING,1,2012,15,"2012/04/13 00:00:00",TAS1,37138.48327949,4355.17556,0.1173
D,CO2EII,PUBLISHING,1,2012,15,"2012/04/13 00:00:00",VIC1,127948.172413,162004.91664821,1.2662
D,CO2EII,PUBLISHING,1,2012,15,"2012/04/14 00:00:00",NEM,466872.72936824,433949.25513994,0.9295
D,CO2EII,PUBLISHING,1,2012,15,"2012/04/14 00:00:00",NSW1,138529.14930499,132384.41717741,0.9556
D,CO2EII,PUBLISHING,1,2012,15,"2012/04/14 00:00:00",QLD1,145131.04592724,121404.43376588,0.8365
D,CO2EII,PUBLISHING,1,2012,15,"2012/04/14 00:00:00",SA1,29274.21315401,19240.19733445,0.6572
D,CO2EII,PUBLISHING,1,2012,15,"2012/04/14 00:00:00",TAS1,32610.07276601,4106.58306706,0.1259
D,CO2EII,PUBLISHING,1,2012,15,"2012/04/14 00:00:00",VIC1,121328.24821599,156813.62379514,1.2925
D,CO2EII,PUBLISHING,1,2012,16,"2012/04/15 00:00:00",NEM,457634.83037683,432665.82363628,0.9454
D,CO2EII,PUBLISHING,1,2012,16,"2012/04/15 00:00:00",NSW1,138224.58733101,132897.15763838,0.9615
D,CO2EII,PUBLISHING,1,2012,16,"2012/04/15 00:00:00",QLD1,142489.20855933,119550.03811681,0.839
D,CO2EII,PUBLISHING,1,2012,16,"2012/04/15 00:00:00",SA1,25739.58594799,19839.04778071,0.7708
D,CO2EII,PUBLISHING,1,2012,16,"2012/04/15 00:00:00",TAS1,31712.3356755,4378.02815651,0.1381
D,CO2EII,PUBLISHING,1,2012,16,"2012/04/15 00:00:00",VIC1,119469.112863,156001.55194387,1.3058
D,CO2EII,PUBLISHING,1,2012,16,"2012/04/16 00:00:00",NEM,514107.6954684,465788.37729634,0.906
D,CO2EII,PUBLISHING,1,2012,16,"2012/04/16 00:00:00",NSW1,154802.64198499,144073.2113606,0.9307
D,CO2EII,PUBLISHING,1,2012,16,"2012/04/16 00:00:00",QLD1,160392.6895339,132490.47752382,0.826
D,CO2EII,PUBLISHING,1,2012,16,"2012/04/16 00:00:00",SA1,32551.549018,23811.95389,0.7315
D,CO2EII,PUBLISHING,1,2012,16,"2012/04/16 00:00:00",TAS1,35382.90400449,4467.45727223,0.1263
D,CO2EII,PUBLISHING,1,2012,16,"2012/04/16 00:00:00",VIC1,130977.91092702,160945.27724969,1.2288
D,CO2EII,PUBLISHING,1,2012,16,"2012/04/17 00:00:00",NEM,520135.64945872,470217.17430408,0.904
D,CO2EII,PUBLISHING,1,2012,16,"2012/04/17 00:00:00",NSW1,158932.98131531,146244.63784397,0.9202
D,CO2EII,PUBLISHING,1,2012,16,"2012/04/17 00:00:00",QLD1,159697.1838974,132796.25979322,0.8316
D,CO2EII,PUBLISHING,1,2012,16,"2012/04/17 00:00:00",SA1,35533.187536,23563.90629298,0.6632
D,CO2EII,PUBLISHING,1,2012,16,"2012/04/17 00:00:00",TAS1,32034.388701,4238.33009068,0.1323
D,CO2EII,PUBLISHING,1,2012,16,"2012/04/17 00:00:00",VIC1,133937.90800901,163374.04028323,1.2198
D,CO2EII,PUBLISHING,1,2012,16,"2012/04/18 00:00:00",NEM,520939.10645664,470824.77383306,0.9038
D,CO2EII,PUBLISHING,1,2012,16,"2012/04/18 00:00:00",NSW1,159493.51521401,141784.23406688,0.889
D,CO2EII,PUBLISHING,1,2012,16,"2012/04/18 00:00:00",QLD1,156341.64750213,130458.20296224,0.8344
D,CO2EII,PUBLISHING,1,2012,16,"2012/04/18 00:00:00",SA1,36734.28956299,25121.70255847,0.6839
D,CO2EII,PUBLISHING,1,2012,16,"2012/04/18 00:00:00",TAS1,30373.86510951,4410.02650512,0.1452
D,CO2EII,PUBLISHING,1,2012,16,"2012/04/18 00:00:00",VIC1,137995.789068,169050.60774035,1.225
D,CO2EII,PUBLISHING,1,2012,16,"2012/04/19 00:00:00",NEM,523462.65972867,473246.58922387,0.9041
D,CO2EII,PUBLISHING,1,2012,16,"2012/04/19 00:00:00",NSW1,160054.707361,141699.49844629,0.8853
D,CO2EII,PUBLISHING,1,2012,16,"2012/04/19 00:00:00",QLD1,156283.49306716,130543.58079685,0.8353
D,CO2EII,PUBLISHING,1,2012,16,"2012/04/19 00:00:00",SA1,39048.67105501,26381.19503565,0.6756
D,CO2EII,PUBLISHING,1,2012,16,"2012/04/19 00:00:00",TAS1,28423.8645435,4237.0682835,0.1491
D,CO2EII,PUBLISHING,1,2012,16,"2012/04/19 00:00:00",VIC1,139651.923702,170385.24666158,1.2201
D,CO2EII,PUBLISHING,1,2012,16,"2012/04/20 00:00:00",NEM,520282.54109979,469986.19119321,0.9033
D,CO2EII,PUBLISHING,1,2012,16,"2012/04/20 00:00:00",NSW1,157393.69601926,141876.20257715,0.9014
D,CO2EII,PUBLISHING,1,2012,16,"2012/04/20 00:00:00",QLD1,156885.42447652,131220.82023457,0.8364
D,CO2EII,PUBLISHING,1,2012,16,"2012/04/20 00:00:00",SA1,38997.451018,28077.86176984,0.72
D,CO2EII,PUBLISHING,1,2012,16,"2012/04/20 00:00:00",TAS1,34398.2533,4251.99061574,0.1236
D,CO2EII,PUBLISHING,1,2012,16,"2012/04/20 00:00:00",VIC1,132607.71628601,164559.31599591,1.2409
D,CO2EII,PUBLISHING,1,2012,16,"2012/04/21 00:00:00",NEM,478556.90105044,434504.4531497,0.9079
D,CO2EII,PUBLISHING,1,2012,16,"2012/04/21 00:00:00",NSW1,146418.53681101,139509.71896177,0.9528
D,CO2EII,PUBLISHING,1,2012,16,"2012/04/21 00:00:00",QLD1,152616.72537093,129306.03879995,0.8473
D,CO2EII,PUBLISHING,1,2012,16,"2012/04/21 00:00:00",SA1,40523.93889,22331.22277673,0.5511
D,CO2EII,PUBLISHING,1,2012,16,"2012/04/21 00:00:00",TAS1,32520.2622985,4357.00793403,0.134
D,CO2EII,PUBLISHING,1,2012,16,"2012/04/21 00:00:00",VIC1,106477.43768,139000.46467722,1.3054
D,CO2EII,PUBLISHING,1,2012,17,"2012/04/22 00:00:00",NEM,460529.6254381,418235.7308775,0.9082
D,CO2EII,PUBLISHING,1,2012,17,"2012/04/22 00:00:00",NSW1,133493.298129,127084.26386443,0.952
D,CO2EII,PUBLISHING,1,2012,17,"2012/04/22 00:00:00",QLD1,148097.23941761,124448.19513403,0.8403
D,CO2EII,PUBLISHING,1,2012,17,"2012/04/22 00:00:00",SA1,38689.67445899,17812.10037959,0.4604
D,CO2EII,PUBLISHING,1,2012,17,"2012/04/22 00:00:00",TAS1,26878.5047255,3788.53174168,0.141
D,CO2EII,PUBLISHING,1,2012,17,"2012/04/22 00:00:00",VIC1,113370.908707,145102.63975777,1.2799
D,CO2EII,PUBLISHING,1,2012,17,"2012/04/23 00:00:00",NEM,522298.69210577,449457.44536579,0.8605
D,CO2EII,PUBLISHING,1,2012,17,"2012/04/23 00:00:00",NSW1,161078.80064549,145343.10452187,0.9023
D,CO2EII,PUBLISHING,1,2012,17,"2012/04/23 00:00:00",QLD1,159648.48166077,131043.46055925,0.8208
D,CO2EII,PUBLISHING,1,2012,17,"2012/04/23 00:00:00",SA1,42647.87949101,20354.03626014,0.4773
D,CO2EII,PUBLISHING,1,2012,17,"2012/04/23 00:00:00",TAS1,34641.8844855,4148.85539336,0.1198
D,CO2EII,PUBLISHING,1,2012,17,"2012/04/23 00:00:00",VIC1,124281.645823,148567.98863117,1.1954
D,CO2EII,PUBLISHING,1,2012,17,"2012/04/24 00:00:00",NEM,530070.61689692,444543.17615474,0.8386
D,CO2EII,PUBLISHING,1,2012,17,"2012/04/24 00:00:00",NSW1,169681.213441,149305.44897331,0.8799
D,CO2EII,PUBLISHING,1,2012,17,"2012/04/24 00:00:00",QLD1,156759.07661689,127017.51340276,0.8103
D,CO2EII,PUBLISHING,1,2012,17,"2012/04/24 00:00:00",SA1,40785.53230601,20315.44373018,0.4981
D,CO2EII,PUBLISHING,1,2012,17,"2012/04/24 00:00:00",TAS1,34730.093733,2034.14211152,0.0586
D,CO2EII,PUBLISHING,1,2012,17,"2012/04/24 00:00:00",VIC1,128114.70080002,145870.62793697,1.1386
D,CO2EII,PUBLISHING,1,2012,17,"2012/04/25 00:00:00",NEM,472366.20776268,434996.69965171,0.9209
D,CO2EII,PUBLISHING,1,2012,17,"2012/04/25 00:00:00",NSW1,146861.498836,136885.92099227,0.9321
D,CO2EII,PUBLISHING,1,2012,17,"2012/04/25 00:00:00",QLD1,143357.26292068,118771.53166379,0.8285
D,CO2EII,PUBLISHING,1,2012,17,"2012/04/25 00:00:00",SA1,28995.18680201,17446.63199488,0.6017
D,CO2EII,PUBLISHING,1,2012,17,"2012/04/25 00:00:00",TAS1,26921.96378299,1940.41624201,0.0721
D,CO2EII,PUBLISHING,1,2012,17,"2012/04/25 00:00:00",VIC1,126230.295421,159952.19875876,1.2671
D,CO2EII,PUBLISHING,1,2012,17,"2012/04/26 00:00:00",NEM,516743.14994517,474050.42512329,0.9174
D,CO2EII,PUBLISHING,1,2012,17,"2012/04/26 00:00:00",NSW1,162797.023704,150325.62928584,0.9234
D,CO2EII,PUBLISHING,1,2012,17,"2012/04/26 00:00:00",QLD1,156034.02902516,128341.94443099,0.8225
D,CO2EII,PUBLISHING,1,2012,17,"2012/04/26 00:00:00",SA1,29776.926076,20956.51066925,0.7038
D,CO2EII,PUBLISHING,1,2012,17,"2012/04/26 00:00:00",TAS1,32408.42015,1945.60892612,0.06
D,CO2EII,PUBLISHING,1,2012,17,"2012/04/26 00:00:00",VIC1,135726.75099001,172480.73181109,1.2708
D,CO2EII,PUBLISHING,1,2012,17,"2012/04/27 00:00:00",NEM,515375.51702369,471604.29829137,0.9151
D,CO2EII,PUBLISHING,1,2012,17,"2012/04/27 00:00:00",NSW1,160919.36909759,147452.24750827,0.9163
D,CO2EII,PUBLISHING,1,2012,17,"2012/04/27 00:00:00",QLD1,159478.00457411,131673.54246845,0.8257
D,CO2EII,PUBLISHING,1,2012,17,"2012/04/27 00:00:00",SA1,29106.158141,20557.05155805,0.7063
D,CO2EII,PUBLISHING,1,2012,17,"2012/04/27 00:00:00",TAS1,32066.050597,1950.9087283,0.0608
D,CO2EII,PUBLISHING,1,2012,17,"2012/04/27 00:00:00",VIC1,133805.93461399,169970.5480283,1.2703
D,CO2EII,PUBLISHING,1,2012,17,"2012/04/28 00:00:00",NEM,475615.65446132,447550.94325765,0.941
D,CO2EII,PUBLISHING,1,2012,17,"2012/04/28 00:00:00",NSW1,146854.122543,137881.91071918,0.9389
D,CO2EII,PUBLISHING,1,2012,17,"2012/04/28 00:00:00",QLD1,152388.34828634,128321.83014104,0.8421
D,CO2EII,PUBLISHING,1,2012,17,"2012/04/28 00:00:00",SA1,28087.73149201,18676.56190722,0.6649
D,CO2EII,PUBLISHING,1,2012,17,"2012/04/28 00:00:00",TAS1,24224.120676,1971.5992851,0.0814
D,CO2EII,PUBLISHING,1,2012,17,"2012/04/28 00:00:00",VIC1,124061.33146397,160699.04120511,1.2953
D,CO2EII,PUBLISHING,1,2012,18,"2012/04/29 00:00:00",NEM,469496.7860319,443739.11586815,0.9451
D,CO2EII,PUBLISHING,1,2012,18,"2012/04/29 00:00:00",NSW1,142773.11667054,134404.66196694,0.9414
D,CO2EII,PUBLISHING,1,2012,18,"2012/04/29 00:00:00",QLD1,147644.33556636,124869.48145209,0.8457
D,CO2EII,PUBLISHING,1,2012,18,"2012/04/29 00:00:00",SA1,29982.014062,20073.48580922,0.6695
D,CO2EII,PUBLISHING,1,2012,18,"2012/04/29 00:00:00",TAS1,25151.108565,1922.13696705,0.0764
D,CO2EII,PUBLISHING,1,2012,18,"2012/04/29 00:00:00",VIC1,123946.211168,162469.34967285,1.3108
D,CO2EII,PUBLISHING,1,2012,18,"2012/04/30 00:00:00",NEM,525573.63108534,473642.69790511,0.9012
D,CO2EII,PUBLISHING,1,2012,18,"2012/04/30 00:00:00",NSW1,165413.22544899,153558.9738601,0.9283
D,CO2EII,PUBLISHING,1,2012,18,"2012/04/30 00:00:00",QLD1,157341.86727435,130627.62474241,0.8302
D,CO2EII,PUBLISHING,1,2012,18,"2012/04/30 00:00:00",SA1,38588.27427801,22871.7026297,0.5927
D,CO2EII,PUBLISHING,1,2012,18,"2012/04/30 00:00:00",TAS1,27465.95116201,732.72010572,0.0267
D,CO2EII,PUBLISHING,1,2012,18,"2012/04/30 00:00:00",VIC1,136764.31292198,165851.67656718,1.2127
D,CO2EII,PUBLISHING,1,2012,18,"2012/05/01 00:00:00",NEM,521273.55581996,462648.96640928,0.8875
D,CO2EII,PUBLISHING,1,2012,18,"2012/05/01 00:00:00",NSW1,169844.94172798,159034.43885699,0.9364
D,CO2EII,PUBLISHING,1,2012,18,"2012/05/01 00:00:00",QLD1,150235.77293519,124273.53454513,0.8272
D,CO2EII,PUBLISHING,1,2012,18,"2012/05/01 00:00:00",SA1,42299.41903078,21710.00880063,0.5132
D,CO2EII,PUBLISHING,1,2012,18,"2012/05/01 00:00:00",TAS1,27927.68078201,199.47808413,0.0071
D,CO2EII,PUBLISHING,1,2012,18,"2012/05/01 00:00:00",VIC1,130965.741344,157431.5061224,1.2021
D,CO2EII,PUBLISHING,1,2012,18,"2012/05/02 00:00:00",NEM,527015.68072696,462098.19699781,0.8768
D,CO2EII,PUBLISHING,1,2012,18,"2012/05/02 00:00:00",NSW1,168406.473527,157279.3421134,0.9339
D,CO2EII,PUBLISHING,1,2012,18,"2012/05/02 00:00:00",QLD1,155197.83021899,128843.12563802,0.8302
D,CO2EII,PUBLISHING,1,2012,18,"2012/05/02 00:00:00",SA1,41155.130956,21700.45493811,0.5273
D,CO2EII,PUBLISHING,1,2012,18,"2012/05/02 00:00:00",TAS1,27012.507073,2.3758581,0.0001
D,CO2EII,PUBLISHING,1,2012,18,"2012/05/02 00:00:00",VIC1,135243.73895197,154272.89845018,1.1407
D,CO2EII,PUBLISHING,1,2012,18,"2012/05/03 00:00:00",NEM,533674.01843299,476326.08956092,0.8925
D,CO2EII,PUBLISHING,1,2012,18,"2012/05/03 00:00:00",NSW1,170068.708929,157582.14374771,0.9266
D,CO2EII,PUBLISHING,1,2012,18,"2012/05/03 00:00:00",QLD1,155378.66675798,129041.31877632,0.8305
D,CO2EII,PUBLISHING,1,2012,18,"2012/05/03 00:00:00",SA1,38882.347675,25545.63507926,0.657
D,CO2EII,PUBLISHING,1,2012,18,"2012/05/03 00:00:00",TAS1,28148.068392,2.45694528,0.0001
D,CO2EII,PUBLISHING,1,2012,18,"2012/05/03 00:00:00",VIC1,141196.22667901,164154.53501235,1.1626
D,CO2EII,PUBLISHING,1,2012,18,"2012/05/04 00:00:00",NEM,526114.54598321,478475.94372884,0.9095
D,CO2EII,PUBLISHING,1,2012,18,"2012/05/04 00:00:00",NSW1,171791.57993955,159954.49976958,0.9311
D,CO2EII,PUBLISHING,1,2012,18,"2012/05/04 00:00:00",QLD1,153842.23244068,127611.30757203,0.8295
D,CO2EII,PUBLISHING,1,2012,18,"2012/05/04 00:00:00",SA1,33146.842145,23831.17392758,0.719
D,CO2EII,PUBLISHING,1,2012,18,"2012/05/04 00:00:00",TAS1,25523.562724,2.4612135,0.0001
D,CO2EII,PUBLISHING,1,2012,18,"2012/05/04 00:00:00",VIC1,141810.32873398,167076.50124615,1.1782
D,CO2EII,PUBLISHING,1,2012,18,"2012/05/05 00:00:00",NEM,484590.402234,464556.65000155,0.9587
D,CO2EII,PUBLISHING,1,2012,18,"2012/05/05 00:00:00",NSW1,151422.986948,142964.33539545,0.9441
D,CO2EII,PUBLISHING,1,2012,18,"2012/05/05 00:00:00",QLD1,147363.97645099,124347.42646274,0.8438
D,CO2EII,PUBLISHING,1,2012,18,"2012/05/05 00:00:00",SA1,28950.670107,21176.59733717,0.7315
D,CO2EII,PUBLISHING,1,2012,18,"2012/05/05 00:00:00",TAS1,19987.124794,2.42066502,0.0001
D,CO2EII,PUBLISHING,1,2012,18,"2012/05/05 00:00:00",VIC1,136865.64393401,176065.87014117,1.2864
D,CO2EII,PUBLISHING,1,2012,19,"2012/05/06 00:00:00",NEM,472884.60411101,448089.23983373,0.9476
D,CO2EII,PUBLISHING,1,2012,19,"2012/05/06 00:00:00",NSW1,151686.32727801,141828.70525393,0.935
D,CO2EII,PUBLISHING,1,2012,19,"2012/05/06 00:00:00",QLD1,142018.04489799,119804.77685967,0.8436
D,CO2EII,PUBLISHING,1,2012,19,"2012/05/06 00:00:00",SA1,31388.446349,18549.50846785,0.591
D,CO2EII,PUBLISHING,1,2012,19,"2012/05/06 00:00:00",TAS1,19574.80624801,2.3988486,0.0001
D,CO2EII,PUBLISHING,1,2012,19,"2012/05/06 00:00:00",VIC1,128216.979338,167903.85040368,1.3095
D,CO2EII,PUBLISHING,1,2012,19,"2012/05/07 00:00:00",NEM,516111.5061463,464119.56259492,0.8993
D,CO2EII,PUBLISHING,1,2012,19,"2012/05/07 00:00:00",NSW1,171413.48466898,158825.03154399,0.9266
D,CO2EII,PUBLISHING,1,2012,19,"2012/05/07 00:00:00",QLD1,141615.97939532,117660.58679727,0.8308
D,CO2EII,PUBLISHING,1,2012,19,"2012/05/07 00:00:00",SA1,39087.408997,18929.64519877,0.4843
D,CO2EII,PUBLISHING,1,2012,19,"2012/05/07 00:00:00",TAS1,25586.895797,2.44267878,0.0001
D,CO2EII,PUBLISHING,1,2012,19,"2012/05/07 00:00:00",VIC1,138407.737288,168701.85637611,1.2189
D,CO2EII,PUBLISHING,1,2012,19,"2012/05/08 00:00:00",NEM,519956.81431165,468878.06446444,0.9018
D,CO2EII,PUBLISHING,1,2012,19,"2012/05/08 00:00:00",NSW1,174593.152529,164122.53850249,0.94
D,CO2EII,PUBLISHING,1,2012,19,"2012/05/08 00:00:00",QLD1,147637.72499365,120887.49572187,0.8188
D,CO2EII,PUBLISHING,1,2012,19,"2012/05/08 00:00:00",SA1,39175.947885,17655.59498526,0.4507
D,CO2EII,PUBLISHING,1,2012,19,"2012/05/08 00:00:00",TAS1,26241.20226701,2.26989864,0.0001
D,CO2EII,PUBLISHING,1,2012,19,"2012/05/08 00:00:00",VIC1,132308.78663699,166210.16535618,1.2562
D,CO2EII,PUBLISHING,1,2012,19,"2012/05/09 00:00:00",NEM,516920.62685399,471702.99935477,0.9125
D,CO2EII,PUBLISHING,1,2012,19,"2012/05/09 00:00:00",NSW1,174164.40545901,162589.59447398,0.9335
D,CO2EII,PUBLISHING,1,2012,19,"2012/05/09 00:00:00",QLD1,151146.768148,123795.79842232,0.819
D,CO2EII,PUBLISHING,1,2012,19,"2012/05/09 00:00:00",SA1,32165.79314199,18690.83275838,0.5811
D,CO2EII,PUBLISHING,1,2012,19,"2012/05/09 00:00:00",TAS1,26551.070341,2.4431034,0.0001
D,CO2EII,PUBLISHING,1,2012,19,"2012/05/09 00:00:00",VIC1,132892.58976399,166624.33059669,1.2538
D,CO2EII,PUBLISHING,1,2012,19,"2012/05/10 00:00:00",NEM,518283.56498233,480528.75475199,0.9272
D,CO2EII,PUBLISHING,1,2012,19,"2012/05/10 00:00:00",NSW1,176210.93874,166642.63826714,0.9457
D,CO2EII,PUBLISHING,1,2012,19,"2012/05/10 00:00:00",QLD1,151301.82782034,124180.46115578,0.8207
D,CO2EII,PUBLISHING,1,2012,19,"2012/05/10 00:00:00",SA1,28615.293619,19389.37366114,0.6776
D,CO2EII,PUBLISHING,1,2012,19,"2012/05/10 00:00:00",TAS1,26986.656957,2.3524647,0.0001
D,CO2EII,PUBLISHING,1,2012,19,"2012/05/10 00:00:00",VIC1,135168.84784599,170313.92920323,1.26
D,CO2EII,PUBLISHING,1,2012,19,"2012/05/11 00:00:00",NEM,517479.25355835,473607.16991412,0.9152
D,CO2EII,PUBLISHING,1,2012,19,"2012/05/11 00:00:00",NSW1,174555.239033,162182.10137025,0.9291
D,CO2EII,PUBLISHING,1,2012,19,"2012/05/11 00:00:00",QLD1,147426.62067935,121914.24068419,0.8269
D,CO2EII,PUBLISHING,1,2012,19,"2012/05/11 00:00:00",SA1,33592.986638,18478.34022015,0.5501
D,CO2EII,PUBLISHING,1,2012,19,"2012/05/11 00:00:00",TAS1,27301.43163299,2.44324782,0.0001
D,CO2EII,PUBLISHING,1,2012,19,"2012/05/11 00:00:00",VIC1,134602.97557501,171030.04439171,1.2706
D,CO2EII,PUBLISHING,1,2012,19,"2012/05/12 00:00:00",NEM,484449.02540501,465166.42116891,0.9602
D,CO2EII,PUBLISHING,1,2012,19,"2012/05/12 00:00:00",NSW1,155288.916569,148013.80251997,0.9532
D,CO2EII,PUBLISHING,1,2012,19,"2012/05/12 00:00:00",QLD1,137620.72174001,115866.96597994,0.8419
D,CO2EII,PUBLISHING,1,2012,19,"2012/05/12 00:00:00",SA1,27732.34911,17200.6171634,0.6202
D,CO2EII,PUBLISHING,1,2012,19,"2012/05/12 00:00:00",TAS1,20569.80023901,2.39423226,0.0001
D,CO2EII,PUBLISHING,1,2012,19,"2012/05/12 00:00:00",VIC1,143237.23774699,184082.64127334,1.2852
D,CO2EII,PUBLISHING,1,2012,20,"2012/05/13 00:00:00",NEM,481903.262639,457796.11440737,0.95
D,CO2EII,PUBLISHING,1,2012,20,"2012/05/13 00:00:00",NSW1,152147.55492399,144639.99754779,0.9507
D,CO2EII,PUBLISHING,1,2012,20,"2012/05/13 00:00:00",QLD1,137350.91974302,115155.73807724,0.8384
D,CO2EII,PUBLISHING,1,2012,20,"2012/05/13 00:00:00",SA1,29555.305927,16810.07425693,0.5688
D,CO2EII,PUBLISHING,1,2012,20,"2012/05/13 00:00:00",TAS1,20652.732071,2.43718944,0.0001
D,CO2EII,PUBLISHING,1,2012,20,"2012/05/13 00:00:00",VIC1,142196.74997399,181187.86733597,1.2742
D,CO2EII,PUBLISHING,1,2012,20,"2012/05/14 00:00:00",NEM,544203.00611815,504393.77616755,0.9268
D,CO2EII,PUBLISHING,1,2012,20,"2012/05/14 00:00:00",NSW1,176722.556877,164799.79665695,0.9325
D,CO2EII,PUBLISHING,1,2012,20,"2012/05/14 00:00:00",QLD1,151682.69081501,123881.50195589,0.8167
D,CO2EII,PUBLISHING,1,2012,20,"2012/05/14 00:00:00",SA1,32956.32753614,20809.95984519,0.6314
D,CO2EII,PUBLISHING,1,2012,20,"2012/05/14 00:00:00",TAS1,27278.92435701,2.4302706,0.0001
D,CO2EII,PUBLISHING,1,2012,20,"2012/05/14 00:00:00",VIC1,155562.50653299,194900.08743892,1.2529
D,CO2EII,PUBLISHING,1,2012,20,"2012/05/15 00:00:00",NEM,545395.07372302,516807.31299692,0.9476
D,CO2EII,PUBLISHING,1,2012,20,"2012/05/15 00:00:00",NSW1,183585.714297,174659.67304046,0.9514
D,CO2EII,PUBLISHING,1,2012,20,"2012/05/15 00:00:00",QLD1,152022.293575,124261.72250551,0.8174
D,CO2EII,PUBLISHING,1,2012,20,"2012/05/15 00:00:00",SA1,31919.46615,21652.29506796,0.6783
D,CO2EII,PUBLISHING,1,2012,20,"2012/05/15 00:00:00",TAS1,25569.574411,2.41498662,0.0001
D,CO2EII,PUBLISHING,1,2012,20,"2012/05/15 00:00:00",VIC1,152298.02529002,196231.20739637,1.2885
D,CO2EII,PUBLISHING,1,2012,20,"2012/05/16 00:00:00",NEM,539733.95076796,506548.00809053,0.9385
D,CO2EII,PUBLISHING,1,2012,20,"2012/05/16 00:00:00",NSW1,185037.61165301,178304.165019,0.9636
D,CO2EII,PUBLISHING,1,2012,20,"2012/05/16 00:00:00",QLD1,148794.92657297,122752.1556704,0.825
D,CO2EII,PUBLISHING,1,2012,20,"2012/05/16 00:00:00",SA1,34429.05498899,24185.38378176,0.7025
D,CO2EII,PUBLISHING,1,2012,20,"2012/05/16 00:00:00",TAS1,28571.283869,2.4224487,0.0001
D,CO2EII,PUBLISHING,1,2012,20,"2012/05/16 00:00:00",VIC1,142901.07368399,181303.88117067,1.2687
D,CO2EII,PUBLISHING,1,2012,20,"2012/05/17 00:00:00",NEM,537757.50740871,512255.88283483,0.9526
D,CO2EII,PUBLISHING,1,2012,20,"2012/05/17 00:00:00",NSW1,179854.258089,171947.21824449,0.956
D,CO2EII,PUBLISHING,1,2012,20,"2012/05/17 00:00:00",QLD1,148630.51643667,123110.54145697,0.8283
D,CO2EII,PUBLISHING,1,2012,20,"2012/05/17 00:00:00",SA1,35350.915593,20199.15020865,0.5714
D,CO2EII,PUBLISHING,1,2012,20,"2012/05/17 00:00:00",TAS1,24348.60038301,2.15662992,0.0001
D,CO2EII,PUBLISHING,1,2012,20,"2012/05/17 00:00:00",VIC1,149573.21690703,196996.8162948,1.3171
D,CO2EII,PUBLISHING,1,2012,20,"2012/05/18 00:00:00",NEM,533724.78185933,504054.19960147,0.9444
D,CO2EII,PUBLISHING,1,2012,20,"2012/05/18 00:00:00",NSW1,175674.721351,166699.33716512,0.9489
D,CO2EII,PUBLISHING,1,2012,20,"2012/05/18 00:00:00",QLD1,150861.60972433,124857.19783446,0.8276
D,CO2EII,PUBLISHING,1,2012,20,"2012/05/18 00:00:00",SA1,30899.78500801,19541.05088749,0.6324
D,CO2EII,PUBLISHING,1,2012,20,"2012/05/18 00:00:00",TAS1,28222.046442,2.45464962,0.0001
D,CO2EII,PUBLISHING,1,2012,20,"2012/05/18 00:00:00",VIC1,148066.61933399,192954.15906478,1.3032
D,CO2EII,PUBLISHING,1,2012,20,"2012/05/19 00:00:00",NEM,497071.42146601,480111.99345669,0.9659
D,CO2EII,PUBLISHING,1,2012,20,"2012/05/19 00:00:00",NSW1,158875.95841501,152507.4455145,0.9599
D,CO2EII,PUBLISHING,1,2012,20,"2012/05/19 00:00:00",QLD1,142081.288395,119306.00098246,0.8397
D,CO2EII,PUBLISHING,1,2012,20,"2012/05/19 00:00:00",SA1,26387.162316,18899.74292548,0.7162
D,CO2EII,PUBLISHING,1,2012,20,"2012/05/19 00:00:00",TAS1,27413.44890599,2.3733882,0.0001
D,CO2EII,PUBLISHING,1,2012,20,"2012/05/19 00:00:00",VIC1,142313.56343401,189396.43064605,1.3308
D,CO2EII,PUBLISHING,1,2012,21,"2012/05/20 00:00:00",NEM,490024.65520667,472225.6237391,0.9637
D,CO2EII,PUBLISHING,1,2012,21,"2012/05/20 00:00:00",NSW1,154500.486396,148537.76287755,0.9614
D,CO2EII,PUBLISHING,1,2012,21,"2012/05/20 00:00:00",QLD1,142658.01879267,119704.3640245,0.8391
D,CO2EII,PUBLISHING,1,2012,21,"2012/05/20 00:00:00",SA1,26442.26361999,19483.97300534,0.7368
D,CO2EII,PUBLISHING,1,2012,21,"2012/05/20 00:00:00",TAS1,28861.324912,2.3712495,0.0001
D,CO2EII,PUBLISHING,1,2012,21,"2012/05/20 00:00:00",VIC1,137562.56148601,184497.15258221,1.3412
D,CO2EII,PUBLISHING,1,2012,21,"2012/05/21 00:00:00",NEM,542762.07475798,501404.72297408,0.9238
D,CO2EII,PUBLISHING,1,2012,21,"2012/05/21 00:00:00",NSW1,177597.741944,167796.2507217,0.9448
D,CO2EII,PUBLISHING,1,2012,21,"2012/05/21 00:00:00",QLD1,154022.88604099,126791.99981305,0.8232
D,CO2EII,PUBLISHING,1,2012,21,"2012/05/21 00:00:00",SA1,32976.899697,19942.89012865,0.6048
D,CO2EII,PUBLISHING,1,2012,21,"2012/05/21 00:00:00",TAS1,32462.887152,484.46341793,0.0149
D,CO2EII,PUBLISHING,1,2012,21,"2012/05/21 00:00:00",VIC1,145701.65992399,186389.11889275,1.2793
D,CO2EII,PUBLISHING,1,2012,21,"2012/05/22 00:00:00",NEM,545337.80998301,498974.88631745,0.915
D,CO2EII,PUBLISHING,1,2012,21,"2012/05/22 00:00:00",NSW1,176740.309827,166693.7879362,0.9432
D,CO2EII,PUBLISHING,1,2012,21,"2012/05/22 00:00:00",QLD1,152136.48720102,123968.65299469,0.8149
D,CO2EII,PUBLISHING,1,2012,21,"2012/05/22 00:00:00",SA1,35956.740891,17488.71703159,0.4864
D,CO2EII,PUBLISHING,1,2012,21,"2012/05/22 00:00:00",TAS1,32333.881557,941.84835525,0.0291
D,CO2EII,PUBLISHING,1,2012,21,"2012/05/22 00:00:00",VIC1,148170.39050699,189881.87999972,1.2815
D,CO2EII,PUBLISHING,1,2012,21,"2012/05/23 00:00:00",NEM,538002.68979335,483201.47834755,0.8981
D,CO2EII,PUBLISHING,1,2012,21,"2012/05/23 00:00:00",NSW1,181015.608503,168072.62008846,0.9285
D,CO2EII,PUBLISHING,1,2012,21,"2012/05/23 00:00:00",QLD1,143007.37386335,115361.18541624,0.8067
D,CO2EII,PUBLISHING,1,2012,21,"2012/05/23 00:00:00",SA1,39968.379205,16683.76331999,0.4174
D,CO2EII,PUBLISHING,1,2012,21,"2012/05/23 00:00:00",TAS1,31003.3224,1478.140861,0.0477
D,CO2EII,PUBLISHING,1,2012,21,"2012/05/23 00:00:00",VIC1,143008.005822,181605.76866186,1.2699
D,CO2EII,PUBLISHING,1,2012,21,"2012/05/24 00:00:00",NEM,555052.41569629,504968.39973855,0.9098
D,CO2EII,PUBLISHING,1,2012,21,"2012/05/24 00:00:00",NSW1,185099.01560363,170922.72666683,0.9234
D,CO2EII,PUBLISHING,1,2012,21,"2012/05/24 00:00:00",QLD1,148417.16845665,119921.66892042,0.808
D,CO2EII,PUBLISHING,1,2012,21,"2012/05/24 00:00:00",SA1,38002.996739,20031.61284828,0.5271
D,CO2EII,PUBLISHING,1,2012,21,"2012/05/24 00:00:00",TAS1,32897.912011,1624.98192606,0.0494
D,CO2EII,PUBLISHING,1,2012,21,"2012/05/24 00:00:00",VIC1,150635.32288601,192467.40937696,1.2777
D,CO2EII,PUBLISHING,1,2012,21,"2012/05/25 00:00:00",NEM,556819.35503635,498441.62377999,0.8952
D,CO2EII,PUBLISHING,1,2012,21,"2012/05/25 00:00:00",NSW1,179683.296174,169315.43207252,0.9423
D,CO2EII,PUBLISHING,1,2012,21,"2012/05/25 00:00:00",QLD1,152587.93674634,125822.07018799,0.8246
D,CO2EII,PUBLISHING,1,2012,21,"2012/05/25 00:00:00",SA1,39110.616522,20268.76032501,0.5182
D,CO2EII,PUBLISHING,1,2012,21,"2012/05/25 00:00:00",TAS1,34617.317378,1957.73845488,0.0566
D,CO2EII,PUBLISHING,1,2012,21,"2012/05/25 00:00:00",VIC1,150820.18821601,181077.62273959,1.2006
D,CO2EII,PUBLISHING,1,2012,21,"2012/05/26 00:00:00",NEM,509160.39910725,457767.39322643,0.8991
D,CO2EII,PUBLISHING,1,2012,21,"2012/05/26 00:00:00",NSW1,177644.329574,167078.61445605,0.9405
D,CO2EII,PUBLISHING,1,2012,21,"2012/05/26 00:00:00",QLD1,142766.02422426,119294.12963543,0.8356
D,CO2EII,PUBLISHING,1,2012,21,"2012/05/26 00:00:00",SA1,35788.169131,22736.10122601,0.6353
D,CO2EII,PUBLISHING,1,2012,21,"2012/05/26 00:00:00",TAS1,36401.20982,1894.05965874,0.052
D,CO2EII,PUBLISHING,1,2012,21,"2012/05/26 00:00:00",VIC1,116560.66635799,146764.4882502,1.2591
D,CO2EII,PUBLISHING,1,2012,22,"2012/05/27 00:00:00",NEM,495757.403558,464946.33298587,0.9379
D,CO2EII,PUBLISHING,1,2012,22,"2012/05/27 00:00:00",NSW1,161799.13802699,156981.72672967,0.9702
D,CO2EII,PUBLISHING,1,2012,22,"2012/05/27 00:00:00",QLD1,141492.81316801,116814.23394812,0.8256
D,CO2EII,PUBLISHING,1,2012,22,"2012/05/27 00:00:00",SA1,32852.007892,18834.7733867,0.5733
D,CO2EII,PUBLISHING,1,2012,22,"2012/05/27 00:00:00",TAS1,27908.119,1563.57218448,0.056
D,CO2EII,PUBLISHING,1,2012,22,"2012/05/27 00:00:00",VIC1,131705.325471,170752.0267369,1.2965
D,CO2EII,PUBLISHING,1,2012,22,"2012/05/28 00:00:00",NEM,550968.8941853,505491.37967185,0.9175
D,CO2EII,PUBLISHING,1,2012,22,"2012/05/28 00:00:00",NSW1,180467.537054,168402.72283511,0.9331
D,CO2EII,PUBLISHING,1,2012,22,"2012/05/28 00:00:00",QLD1,153515.83852133,125679.61561146,0.8187
D,CO2EII,PUBLISHING,1,2012,22,"2012/05/28 00:00:00",SA1,35824.895893,23197.48116101,0.6475
D,CO2EII,PUBLISHING,1,2012,22,"2012/05/28 00:00:00",TAS1,29604.124505,1822.2414683,0.0616
D,CO2EII,PUBLISHING,1,2012,22,"2012/05/28 00:00:00",VIC1,151556.49821197,186389.31859597,1.2298
D,CO2EII,PUBLISHING,1,2012,22,"2012/05/29 00:00:00",NEM,554956.700198,513340.48763492,0.925
D,CO2EII,PUBLISHING,1,2012,22,"2012/05/29 00:00:00",NSW1,183262.93262499,170886.90284628,0.9325
D,CO2EII,PUBLISHING,1,2012,22,"2012/05/29 00:00:00",QLD1,154979.391866,125979.48920347,0.8129
D,CO2EII,PUBLISHING,1,2012,22,"2012/05/29 00:00:00",SA1,38663.77227701,22601.67207936,0.5846
D,CO2EII,PUBLISHING,1,2012,22,"2012/05/29 00:00:00",TAS1,29801.223482,1868.43616418,0.0627
D,CO2EII,PUBLISHING,1,2012,22,"2012/05/29 00:00:00",VIC1,148249.379948,192003.98734163,1.2951
D,CO2EII,PUBLISHING,1,2012,22,"2012/05/30 00:00:00",NEM,551364.4712345,510350.8492431,0.9256
D,CO2EII,PUBLISHING,1,2012,22,"2012/05/30 00:00:00",NSW1,180557.571479,167920.76334584,0.93
D,CO2EII,PUBLISHING,1,2012,22,"2012/05/30 00:00:00",QLD1,151112.41779351,123908.32794099,0.82
D,CO2EII,PUBLISHING,1,2012,22,"2012/05/30 00:00:00",SA1,38237.50657099,21291.1518087,0.5568
D,CO2EII,PUBLISHING,1,2012,22,"2012/05/30 00:00:00",TAS1,30407.923077,1861.36569706,0.0612
D,CO2EII,PUBLISHING,1,2012,22,"2012/05/30 00:00:00",VIC1,151049.052314,195369.24045051,1.2934
D,CO2EII,PUBLISHING,1,2012,22,"2012/05/31 00:00:00",NEM,548456.46548876,516586.17348246,0.9419
D,CO2EII,PUBLISHING,1,2012,22,"2012/05/31 00:00:00",NSW1,185927.11410201,174214.86822037,0.937
D,CO2EII,PUBLISHING,1,2012,22,"2012/05/31 00:00:00",QLD1,147545.60884475,121378.91591491,0.8227
D,CO2EII,PUBLISHING,1,2012,22,"2012/05/31 00:00:00",SA1,33838.034176,21020.67185868,0.6212
D,CO2EII,PUBLISHING,1,2012,22,"2012/05/31 00:00:00",TAS1,28633.125903,1883.96411548,0.0658
D,CO2EII,PUBLISHING,1,2012,22,"2012/05/31 00:00:00",VIC1,152512.582463,198087.75337302,1.2988
D,CO2EII,PUBLISHING,1,2012,22,"2012/06/01 00:00:00",NEM,545468.12298365,518247.41370083,0.9501
D,CO2EII,PUBLISHING,1,2012,22,"2012/06/01 00:00:00",NSW1,188573.033214,179491.54944766,0.9518
D,CO2EII,PUBLISHING,1,2012,22,"2012/06/01 00:00:00",QLD1,143636.03032466,117751.62831399,0.8198
D,CO2EII,PUBLISHING,1,2012,22,"2012/06/01 00:00:00",SA1,31836.000117,20459.88600483,0.6427
D,CO2EII,PUBLISHING,1,2012,22,"2012/06/01 00:00:00",TAS1,28616.562482,1807.04523176,0.0631
D,CO2EII,PUBLISHING,1,2012,22,"2012/06/01 00:00:00",VIC1,152806.49684599,198737.30470259,1.3006
D,CO2EII,PUBLISHING,1,2012,22,"2012/06/02 00:00:00",NEM,509538.92904599,484741.37652055,0.9513
D,CO2EII,PUBLISHING,1,2012,22,"2012/06/02 00:00:00",NSW1,167993.950867,159982.30134559,0.9523
D,CO2EII,PUBLISHING,1,2012,22,"2012/06/02 00:00:00",QLD1,135511.57189,111657.04435916,0.824
D,CO2EII,PUBLISHING,1,2012,22,"2012/06/02 00:00:00",SA1,30840.05376999,17395.181402,0.564
D,CO2EII,PUBLISHING,1,2012,22,"2012/06/02 00:00:00",TAS1,26516.26537,1656.4011478,0.0625
D,CO2EII,PUBLISHING,1,2012,22,"2012/06/02 00:00:00",VIC1,148677.087149,194050.448266,1.3052
D,CO2EII,PUBLISHING,1,2012,23,"2012/06/03 00:00:00",NEM,499766.443084,477476.522934,0.9554
D,CO2EII,PUBLISHING,1,2012,23,"2012/06/03 00:00:00",NSW1,163577.272359,156266.33944811,0.9553
D,CO2EII,PUBLISHING,1,2012,23,"2012/06/03 00:00:00",QLD1,133820.94976399,109977.47618734,0.8218
D,CO2EII,PUBLISHING,1,2012,23,"2012/06/03 00:00:00",SA1,31809.856457,18234.82022063,0.5732
D,CO2EII,PUBLISHING,1,2012,23,"2012/06/03 00:00:00",TAS1,25170.272666,1721.60489371,0.0684
D,CO2EII,PUBLISHING,1,2012,23,"2012/06/03 00:00:00",VIC1,145388.09183801,191276.28218421,1.3156
D,CO2EII,PUBLISHING,1,2012,23,"2012/06/04 00:00:00",NEM,550487.92133771,502250.89753945,0.9124
D,CO2EII,PUBLISHING,1,2012,23,"2012/06/04 00:00:00",NSW1,180544.85935101,169612.50047616,0.9394
D,CO2EII,PUBLISHING,1,2012,23,"2012/06/04 00:00:00",QLD1,146475.04860567,119793.65425161,0.8178
D,CO2EII,PUBLISHING,1,2012,23,"2012/06/04 00:00:00",SA1,40039.91710501,18077.50041102,0.4515
D,CO2EII,PUBLISHING,1,2012,23,"2012/06/04 00:00:00",TAS1,27464.63208801,1799.9903171,0.0655
D,CO2EII,PUBLISHING,1,2012,23,"2012/06/04 00:00:00",VIC1,155963.46418801,192967.25208356,1.2373
D,CO2EII,PUBLISHING,1,2012,23,"2012/06/05 00:00:00",NEM,571211.47059131,507515.15786076,0.8885
D,CO2EII,PUBLISHING,1,2012,23,"2012/06/05 00:00:00",NSW1,191198.296215,179727.53564741,0.94
D,CO2EII,PUBLISHING,1,2012,23,"2012/06/05 00:00:00",QLD1,153425.93001834,125110.62783447,0.8154
D,CO2EII,PUBLISHING,1,2012,23,"2012/06/05 00:00:00",SA1,44011.10047199,19456.51891264,0.4421
D,CO2EII,PUBLISHING,1,2012,23,"2012/06/05 00:00:00",TAS1,27457.79187899,1867.14471976,0.068
D,CO2EII,PUBLISHING,1,2012,23,"2012/06/05 00:00:00",VIC1,155118.35200699,181353.33074648,1.1691
D,CO2EII,PUBLISHING,1,2012,23,"2012/06/06 00:00:00",NEM,564768.84897348,487199.26201172,0.8627
D,CO2EII,PUBLISHING,1,2012,23,"2012/06/06 00:00:00",NSW1,199571.44987055,186406.68353145,0.934
D,CO2EII,PUBLISHING,1,2012,23,"2012/06/06 00:00:00",QLD1,153826.34267892,125428.77728995,0.8154
D,CO2EII,PUBLISHING,1,2012,23,"2012/06/06 00:00:00",SA1,43901.69715001,25163.5037882,0.5732
D,CO2EII,PUBLISHING,1,2012,23,"2012/06/06 00:00:00",TAS1,34656.485374,2178.54705221,0.0629
D,CO2EII,PUBLISHING,1,2012,23,"2012/06/06 00:00:00",VIC1,132812.8739,148021.75034991,1.1145
D,CO2EII,PUBLISHING,1,2012,23,"2012/06/07 00:00:00",NEM,565222.4520362,476001.99996576,0.8421
D,CO2EII,PUBLISHING,1,2012,23,"2012/06/07 00:00:00",NSW1,199701.45041603,189178.75263532,0.9473
D,CO2EII,PUBLISHING,1,2012,23,"2012/06/07 00:00:00",QLD1,155120.06603498,127092.29904522,0.8193
D,CO2EII,PUBLISHING,1,2012,23,"2012/06/07 00:00:00",SA1,44254.9099112,27465.67507268,0.6206
D,CO2EII,PUBLISHING,1,2012,23,"2012/06/07 00:00:00",TAS1,39954.409601,1936.11684434,0.0485
D,CO2EII,PUBLISHING,1,2012,23,"2012/06/07 00:00:00",VIC1,126191.61607299,130329.1563682,1.0328
D,CO2EII,PUBLISHING,1,2012,23,"2012/06/08 00:00:00",NEM,563724.81483369,495785.07634667,0.8795
D,CO2EII,PUBLISHING,1,2012,23,"2012/06/08 00:00:00",NSW1,194722.83125601,181786.18389265,0.9336
D,CO2EII,PUBLISHING,1,2012,23,"2012/06/08 00:00:00",QLD1,152631.07535666,124268.10008333,0.8142
D,CO2EII,PUBLISHING,1,2012,23,"2012/06/08 00:00:00",SA1,41367.489093,25132.71091786,0.6075
D,CO2EII,PUBLISHING,1,2012,23,"2012/06/08 00:00:00",TAS1,35372.548271,1967.3700404,0.0556
D,CO2EII,PUBLISHING,1,2012,23,"2012/06/08 00:00:00",VIC1,139630.87085702,162630.71141243,1.1647
D,CO2EII,PUBLISHING,1,2012,23,"2012/06/09 00:00:00",NEM,521163.73182832,472246.68800415,0.9061
D,CO2EII,PUBLISHING,1,2012,23,"2012/06/09 00:00:00",NSW1,182193.32949501,174080.66317104,0.9555
D,CO2EII,PUBLISHING,1,2012,23,"2012/06/09 00:00:00",QLD1,145639.99044532,120543.49439481,0.8277
D,CO2EII,PUBLISHING,1,2012,23,"2012/06/09 00:00:00",SA1,38279.671676,24468.32095474,0.6392
D,CO2EII,PUBLISHING,1,2012,23,"2012/06/09 00:00:00",TAS1,32957.70365,2070.67543966,0.0628
D,CO2EII,PUBLISHING,1,2012,23,"2012/06/09 00:00:00",VIC1,122093.03656199,151083.5340439,1.2374
D,CO2EII,PUBLISHING,1,2012,24,"2012/06/10 00:00:00",NEM,510738.50706402,460398.83971374,0.9014
D,CO2EII,PUBLISHING,1,2012,24,"2012/06/10 00:00:00",NSW1,184234.954701,174856.54709814,0.9491
D,CO2EII,PUBLISHING,1,2012,24,"2012/06/10 00:00:00",QLD1,145319.46403502,120834.05125444,0.8315
D,CO2EII,PUBLISHING,1,2012,24,"2012/06/10 00:00:00",SA1,35395.785033,23261.95699229,0.6572
D,CO2EII,PUBLISHING,1,2012,24,"2012/06/10 00:00:00",TAS1,31725.893223,2083.18801171,0.0657
D,CO2EII,PUBLISHING,1,2012,24,"2012/06/10 00:00:00",VIC1,114062.410072,139363.09635716,1.2218
D,CO2EII,PUBLISHING,1,2012,24,"2012/06/11 00:00:00",NEM,528450.13557727,465426.61506262,0.8807
D,CO2EII,PUBLISHING,1,2012,24,"2012/06/11 00:00:00",NSW1,192126.46672904,176604.66955197,0.9192
D,CO2EII,PUBLISHING,1,2012,24,"2012/06/11 00:00:00",QLD1,143963.56665923,118294.14675186,0.8217
D,CO2EII,PUBLISHING,1,2012,24,"2012/06/11 00:00:00",SA1,40431.880913,24348.43294493,0.6022
D,CO2EII,PUBLISHING,1,2012,24,"2012/06/11 00:00:00",TAS1,33364.20752501,2166.19096044,0.0649
D,CO2EII,PUBLISHING,1,2012,24,"2012/06/11 00:00:00",VIC1,118564.01375099,144013.17485342,1.2146
D,CO2EII,PUBLISHING,1,2012,24,"2012/06/12 00:00:00",NEM,563949.82714666,470467.15716068,0.8342
D,CO2EII,PUBLISHING,1,2012,24,"2012/06/12 00:00:00",NSW1,198217.82413299,179196.27705539,0.904
D,CO2EII,PUBLISHING,1,2012,24,"2012/06/12 00:00:00",QLD1,152756.81227766,125293.53655493,0.8202
D,CO2EII,PUBLISHING,1,2012,24,"2012/06/12 00:00:00",SA1,44458.473963,21189.92660289,0.4766
D,CO2EII,PUBLISHING,1,2012,24,"2012/06/12 00:00:00",TAS1,36417.528289,2078.7083442,0.0571
D,CO2EII,PUBLISHING,1,2012,24,"2012/06/12 00:00:00",VIC1,132099.18848401,142708.70860327,1.0803
D,CO2EII,PUBLISHING,1,2012,24,"2012/06/13 00:00:00",NEM,559219.67299801,472819.24037985,0.8455
D,CO2EII,PUBLISHING,1,2012,24,"2012/06/13 00:00:00",NSW1,199758.45045901,183273.89896888,0.9175
D,CO2EII,PUBLISHING,1,2012,24,"2012/06/13 00:00:00",QLD1,147767.93548101,120595.18093241,0.8161
D,CO2EII,PUBLISHING,1,2012,24,"2012/06/13 00:00:00",SA1,45597.153312,20017.23814195,0.439
D,CO2EII,PUBLISHING,1,2012,24,"2012/06/13 00:00:00",TAS1,30506.739189,2043.2053091,0.067
D,CO2EII,PUBLISHING,1,2012,24,"2012/06/13 00:00:00",VIC1,135589.39455699,146889.71702751,1.0833
D,CO2EII,PUBLISHING,1,2012,24,"2012/06/14 00:00:00",NEM,551777.50502267,463562.70329478,0.8401
D,CO2EII,PUBLISHING,1,2012,24,"2012/06/14 00:00:00",NSW1,197706.08922902,179762.29851974,0.9092
D,CO2EII,PUBLISHING,1,2012,24,"2012/06/14 00:00:00",QLD1,144360.66249566,118157.44059188,0.8185
D,CO2EII,PUBLISHING,1,2012,24,"2012/06/14 00:00:00",SA1,43641.312134,19647.48602313,0.4502
D,CO2EII,PUBLISHING,1,2012,24,"2012/06/14 00:00:00",TAS1,31913.311995,2018.017547,0.0632
D,CO2EII,PUBLISHING,1,2012,24,"2012/06/14 00:00:00",VIC1,134156.12916899,143977.46061303,1.0732
D,CO2EII,PUBLISHING,1,2012,24,"2012/06/15 00:00:00",NEM,543375.608686,471607.81691733,0.8679
D,CO2EII,PUBLISHING,1,2012,24,"2012/06/15 00:00:00",NSW1,195190.408391,179345.96359493,0.9188
D,CO2EII,PUBLISHING,1,2012,24,"2012/06/15 00:00:00",QLD1,143978.544581,117897.42448285,0.8189
D,CO2EII,PUBLISHING,1,2012,24,"2012/06/15 00:00:00",SA1,40172.750508,21160.24095557,0.5267
D,CO2EII,PUBLISHING,1,2012,24,"2012/06/15 00:00:00",TAS1,32073.472438,1779.55754561,0.0555
D,CO2EII,PUBLISHING,1,2012,24,"2012/06/15 00:00:00",VIC1,131960.432768,151424.63033837,1.1475
D,CO2EII,PUBLISHING,1,2012,24,"2012/06/16 00:00:00",NEM,515879.12012904,460004.30818686,0.8917
D,CO2EII,PUBLISHING,1,2012,24,"2012/06/16 00:00:00",NSW1,188864.722405,175245.63448594,0.9279
D,CO2EII,PUBLISHING,1,2012,24,"2012/06/16 00:00:00",QLD1,134901.88554803,112689.22886354,0.8353
D,CO2EII,PUBLISHING,1,2012,24,"2012/06/16 00:00:00",SA1,37345.65137699,18132.92349837,0.4855
D,CO2EII,PUBLISHING,1,2012,24,"2012/06/16 00:00:00",TAS1,31495.002425,1791.31410226,0.0569
D,CO2EII,PUBLISHING,1,2012,24,"2012/06/16 00:00:00",VIC1,123271.85837402,152145.20723675,1.2342
D,CO2EII,PUBLISHING,1,2012,25,"2012/06/17 00:00:00",NEM,498203.39586504,448160.791222,0.8996
D,CO2EII,PUBLISHING,1,2012,25,"2012/06/17 00:00:00",NSW1,179032.835857,166565.14132798,0.9304
D,CO2EII,PUBLISHING,1,2012,25,"2012/06/17 00:00:00",QLD1,132613.51940801,110733.31809388,0.835
D,CO2EII,PUBLISHING,1,2012,25,"2012/06/17 00:00:00",SA1,34504.28972501,19546.03372573,0.5665
D,CO2EII,PUBLISHING,1,2012,25,"2012/06/17 00:00:00",TAS1,29851.059632,1766.47677205,0.0592
D,CO2EII,PUBLISHING,1,2012,25,"2012/06/17 00:00:00",VIC1,122201.69124302,149549.82130236,1.2238
D,CO2EII,PUBLISHING,1,2012,25,"2012/06/18 00:00:00",NEM,554138.76496002,485585.6266267,0.8763
D,CO2EII,PUBLISHING,1,2012,25,"2012/06/18 00:00:00",NSW1,197604.11801401,181157.2660912,0.9168
D,CO2EII,PUBLISHING,1,2012,25,"2012/06/18 00:00:00",QLD1,143940.13271599,118182.9662949,0.8211
D,CO2EII,PUBLISHING,1,2012,25,"2012/06/18 00:00:00",SA1,37326.52516899,22840.68768398,0.6119
D,CO2EII,PUBLISHING,1,2012,25,"2012/06/18 00:00:00",TAS1,35435.40214701,1738.15372671,0.0491
D,CO2EII,PUBLISHING,1,2012,25,"2012/06/18 00:00:00",VIC1,139832.58691402,161666.55282991,1.1561
D,CO2EII,PUBLISHING,1,2012,25,"2012/06/19 00:00:00",NEM,562882.63219098,483339.33510835,0.8587
D,CO2EII,PUBLISHING,1,2012,25,"2012/06/19 00:00:00",NSW1,198707.682707,180587.65193777,0.9088
D,CO2EII,PUBLISHING,1,2012,25,"2012/06/19 00:00:00",QLD1,145942.24512498,118989.45238984,0.8153
D,CO2EII,PUBLISHING,1,2012,25,"2012/06/19 00:00:00",SA1,39271.0087,24976.70569064,0.636
D,CO2EII,PUBLISHING,1,2012,25,"2012/06/19 00:00:00",TAS1,36577.940321,1866.49348247,0.051
D,CO2EII,PUBLISHING,1,2012,25,"2012/06/19 00:00:00",VIC1,142383.755338,156919.03160763,1.1021
D,CO2EII,PUBLISHING,1,2012,25,"2012/06/20 00:00:00",NEM,572419.88838102,479351.51763963,0.8374
D,CO2EII,PUBLISHING,1,2012,25,"2012/06/20 00:00:00",NSW1,204019.285726,186989.79464786,0.9165
D,CO2EII,PUBLISHING,1,2012,25,"2012/06/20 00:00:00",QLD1,148194.51269201,120472.86298756,0.8129
D,CO2EII,PUBLISHING,1,2012,25,"2012/06/20 00:00:00",SA1,48113.915828,21296.21506011,0.4426
D,CO2EII,PUBLISHING,1,2012,25,"2012/06/20 00:00:00",TAS1,40801.676484,1837.98235451,0.045
D,CO2EII,PUBLISHING,1,2012,25,"2012/06/20 00:00:00",VIC1,131290.49765101,148754.66258959,1.133
D,CO2EII,PUBLISHING,1,2012,25,"2012/06/21 00:00:00",NEM,580141.84195498,495970.09344824,0.8549
D,CO2EII,PUBLISHING,1,2012,25,"2012/06/21 00:00:00",NSW1,206435.58028801,186268.63118651,0.9023
D,CO2EII,PUBLISHING,1,2012,25,"2012/06/21 00:00:00",QLD1,144829.60730198,120997.74128184,0.8354
D,CO2EII,PUBLISHING,1,2012,25,"2012/06/21 00:00:00",SA1,45754.748238,24098.30755917,0.5267
D,CO2EII,PUBLISHING,1,2012,25,"2012/06/21 00:00:00",TAS1,40678.683683,1843.58291794,0.0453
D,CO2EII,PUBLISHING,1,2012,25,"2012/06/21 00:00:00",VIC1,142443.22244399,162761.83050278,1.1426
D,CO2EII,PUBLISHING,1,2012,25,"2012/06/22 00:00:00",NEM,569087.14821802,476737.17354496,0.8377
D,CO2EII,PUBLISHING,1,2012,25,"2012/06/22 00:00:00",NSW1,202908.27798,184727.73108729,0.9104
D,CO2EII,PUBLISHING,1,2012,25,"2012/06/22 00:00:00",QLD1,143573.92155702,119370.98255004,0.8314
D,CO2EII,PUBLISHING,1,2012,25,"2012/06/22 00:00:00",SA1,45079.142741,24751.13122535,0.5491
D,CO2EII,PUBLISHING,1,2012,25,"2012/06/22 00:00:00",TAS1,41773.859301,1833.68283749,0.0439
D,CO2EII,PUBLISHING,1,2012,25,"2012/06/22 00:00:00",VIC1,135751.946639,146053.64584479,1.0759
D,CO2EII,PUBLISHING,1,2012,25,"2012/06/23 00:00:00",NEM,530159.34546099,463584.39453821,0.8744
D,CO2EII,PUBLISHING,1,2012,25,"2012/06/23 00:00:00",NSW1,194710.161694,182310.75733799,0.9363
D,CO2EII,PUBLISHING,1,2012,25,"2012/06/23 00:00:00",QLD1,136421.836873,115219.58106721,0.8446
D,CO2EII,PUBLISHING,1,2012,25,"2012/06/23 00:00:00",SA1,38509.47739501,22879.02961543,0.5941
D,CO2EII,PUBLISHING,1,2012,25,"2012/06/23 00:00:00",TAS1,39486.86518399,1819.70746379,0.0461
D,CO2EII,PUBLISHING,1,2012,25,"2012/06/23 00:00:00",VIC1,121031.00431499,141355.31905379,1.1679
D,CO2EII,PUBLISHING,1,2012,26,"2012/06/24 00:00:00",NEM,513794.85678901,451519.43171166,0.8788
D,CO2EII,PUBLISHING,1,2012,26,"2012/06/24 00:00:00",NSW1,193721.82553201,179195.95100578,0.925
D,CO2EII,PUBLISHING,1,2012,26,"2012/06/24 00:00:00",QLD1,129168.638567,109262.97731701,0.8459
D,CO2EII,PUBLISHING,1,2012,26,"2012/06/24 00:00:00",SA1,37703.192432,22674.865569,0.6014
D,CO2EII,PUBLISHING,1,2012,26,"2012/06/24 00:00:00",TAS1,39230.684578,1915.38532271,0.0488
D,CO2EII,PUBLISHING,1,2012,26,"2012/06/24 00:00:00",VIC1,113970.51568,138470.25249716,1.215
D,CO2EII,PUBLISHING,1,2012,26,"2012/06/25 00:00:00",NEM,567988.30845799,486401.0490983,0.8564
D,CO2EII,PUBLISHING,1,2012,26,"2012/06/25 00:00:00",NSW1,208412.27854299,189059.89637439,0.9071
D,CO2EII,PUBLISHING,1,2012,26,"2012/06/25 00:00:00",QLD1,142806.02278498,118854.92964023,0.8323
D,CO2EII,PUBLISHING,1,2012,26,"2012/06/25 00:00:00",SA1,36101.398802,24875.10843607,0.689
D,CO2EII,PUBLISHING,1,2012,26,"2012/06/25 00:00:00",TAS1,41704.15072201,1917.21456878,0.046
D,CO2EII,PUBLISHING,1,2012,26,"2012/06/25 00:00:00",VIC1,138964.45760601,151693.90007883,1.0916
D,CO2EII,PUBLISHING,1,2012,26,"2012/06/26 00:00:00",NEM,585244.92945602,507295.38891226,0.8668
D,CO2EII,PUBLISHING,1,2012,26,"2012/06/26 00:00:00",NSW1,214030.83347202,193480.63400077,0.904
D,CO2EII,PUBLISHING,1,2012,26,"2012/06/26 00:00:00",QLD1,149485.057567,125463.29170391,0.8393
D,CO2EII,PUBLISHING,1,2012,26,"2012/06/26 00:00:00",SA1,38007.488903,27974.62083385,0.736
D,CO2EII,PUBLISHING,1,2012,26,"2012/06/26 00:00:00",TAS1,44921.789917,2129.47020939,0.0474
D,CO2EII,PUBLISHING,1,2012,26,"2012/06/26 00:00:00",VIC1,138799.759597,158247.37216434,1.1401
D,CO2EII,PUBLISHING,1,2012,26,"2012/06/27 00:00:00",NEM,585968.155347,505628.83893561,0.8629
D,CO2EII,PUBLISHING,1,2012,26,"2012/06/27 00:00:00",NSW1,208617.020752,192487.16114713,0.9227
D,CO2EII,PUBLISHING,1,2012,26,"2012/06/27 00:00:00",QLD1,150793.431849,123522.29105326,0.8191
D,CO2EII,PUBLISHING,1,2012,26,"2012/06/27 00:00:00",SA1,38005.13542,24276.4570001,0.6388
D,CO2EII,PUBLISHING,1,2012,26,"2012/06/27 00:00:00",TAS1,44074.911568,1768.21325064,0.0401
D,CO2EII,PUBLISHING,1,2012,26,"2012/06/27 00:00:00",VIC1,144477.655758,163574.71648448,1.1322
D,CO2EII,PUBLISHING,1,2012,26,"2012/06/28 00:00:00",NEM,568728.674567,477199.3941828,0.8391
D,CO2EII,PUBLISHING,1,2012,26,"2012/06/28 00:00:00",NSW1,205276.23614901,184398.99834121,0.8983
D,CO2EII,PUBLISHING,1,2012,26,"2012/06/28 00:00:00",QLD1,144083.82567001,119082.81607677,0.8265
D,CO2EII,PUBLISHING,1,2012,26,"2012/06/28 00:00:00",SA1,44456.06144399,20252.42592961,0.4556
D,CO2EII,PUBLISHING,1,2012,26,"2012/06/28 00:00:00",TAS1,42480.523718,1861.90937164,0.0438
D,CO2EII,PUBLISHING,1,2012,26,"2012/06/28 00:00:00",VIC1,132432.02758599,151603.24446357,1.1448
D,CO2EII,PUBLISHING,1,2012,26,"2012/06/29 00:00:00",NEM,547707.36849703,462005.36422799,0.8435
D,CO2EII,PUBLISHING,1,2012,26,"2012/06/29 00:00:00",NSW1,198679.01582802,178292.25130501,0.8974
D,CO2EII,PUBLISHING,1,2012,26,"2012/06/29 00:00:00",QLD1,137323.34763403,113818.30054564,0.8288
D,CO2EII,PUBLISHING,1,2012,26,"2012/06/29 00:00:00",SA1,43536.977069,19109.62924425,0.4389
D,CO2EII,PUBLISHING,1,2012,26,"2012/06/29 00:00:00",TAS1,39713.310169,1865.83147489,0.047
D,CO2EII,PUBLISHING,1,2012,26,"2012/06/29 00:00:00",VIC1,128454.71779698,148919.3516582,1.1593
D,CO2EII,PUBLISHING,1,2012,26,"2012/06/30 00:00:00",NEM,512329.244279,436807.3710299,0.8526
D,CO2EII,PUBLISHING,1,2012,26,"2012/06/30 00:00:00",NSW1,180871.058413,167833.71572253,0.9279
D,CO2EII,PUBLISHING,1,2012,26,"2012/06/30 00:00:00",QLD1,138865.292269,116325.8313105,0.8377
D,CO2EII,PUBLISHING,1,2012,26,"2012/06/30 00:00:00",SA1,40945.673786,22108.48097458,0.5399
D,CO2EII,PUBLISHING,1,2012,26,"2012/06/30 00:00:00",TAS1,41308.335136,1842.7370246,0.0446
D,CO2EII,PUBLISHING,1,2012,26,"2012/06/30 00:00:00",VIC1,110338.884675,128696.60599769,1.1664
D,CO2EII,PUBLISHING,1,2012,27,"2012/07/01 00:00:00",NEM,509691.80219993,432842.02542062,0.8492
D,CO2EII,PUBLISHING,1,2012,27,"2012/07/01 00:00:00",NSW1,179081.4217259,166593.29367636,0.9303
D,CO2EII,PUBLISHING,1,2012,27,"2012/07/01 00:00:00",QLD1,140337.10847402,115954.49538776,0.8263
D,CO2EII,PUBLISHING,1,2012,27,"2012/07/01 00:00:00",SA1,38181.237571,18445.00003801,0.4831
D,CO2EII,PUBLISHING,1,2012,27,"2012/07/01 00:00:00",TAS1,42699.301812,2063.69940655,0.0483
D,CO2EII,PUBLISHING,1,2012,27,"2012/07/01 00:00:00",VIC1,109392.73261701,129785.53691194,1.1864
D,CO2EII,PUBLISHING,1,2012,27,"2012/07/02 00:00:00",NEM,568767.6142296,469004.39129374,0.8246
D,CO2EII,PUBLISHING,1,2012,27,"2012/07/02 00:00:00",NSW1,194379.01781525,177518.09156699,0.9133
D,CO2EII,PUBLISHING,1,2012,27,"2012/07/02 00:00:00",QLD1,158423.41540834,128186.10021736,0.8091
D,CO2EII,PUBLISHING,1,2012,27,"2012/07/02 00:00:00",SA1,39480.19575999,26377.90084883,0.6681
D,CO2EII,PUBLISHING,1,2012,27,"2012/07/02 00:00:00",TAS1,40923.74519501,2336.24237303,0.0571
D,CO2EII,PUBLISHING,1,2012,27,"2012/07/02 00:00:00",VIC1,135561.24005101,134586.05628753,0.9928
D,CO2EII,PUBLISHING,1,2012,27,"2012/07/03 00:00:00",NEM,572862.969769,487248.69801535,0.8506
D,CO2EII,PUBLISHING,1,2012,27,"2012/07/03 00:00:00",NSW1,205631.28096999,188897.33122479,0.9186
D,CO2EII,PUBLISHING,1,2012,27,"2012/07/03 00:00:00",QLD1,158760.17182801,128987.54249796,0.8125
D,CO2EII,PUBLISHING,1,2012,27,"2012/07/03 00:00:00",SA1,34854.69289299,24799.46888172,0.7115
D,CO2EII,PUBLISHING,1,2012,27,"2012/07/03 00:00:00",TAS1,40862.112622,2125.29457515,0.052
D,CO2EII,PUBLISHING,1,2012,27,"2012/07/03 00:00:00",VIC1,132754.71145601,142439.06083573,1.0729
D,CO2EII,PUBLISHING,1,2012,27,"2012/07/04 00:00:00",NEM,574572.04481002,495436.78592014,0.8623
D,CO2EII,PUBLISHING,1,2012,27,"2012/07/04 00:00:00",NSW1,213015.99228699,193899.2715961,0.9103
D,CO2EII,PUBLISHING,1,2012,27,"2012/07/04 00:00:00",QLD1,151552.60823901,123668.27866027,0.816
D,CO2EII,PUBLISHING,1,2012,27,"2012/07/04 00:00:00",SA1,32382.051465,22645.37618678,0.6993
D,CO2EII,PUBLISHING,1,2012,27,"2012/07/04 00:00:00",TAS1,42005.651073,2136.53446957,0.0509
D,CO2EII,PUBLISHING,1,2012,27,"2012/07/04 00:00:00",VIC1,135615.74174602,153087.32500742,1.1288
D,CO2EII,PUBLISHING,1,2012,27,"2012/07/05 00:00:00",NEM,574339.60779102,487370.82507887,0.8486
D,CO2EII,PUBLISHING,1,2012,27,"2012/07/05 00:00:00",NSW1,212853.912448,189180.0064481,0.8888
D,CO2EII,PUBLISHING,1,2012,27,"2012/07/05 00:00:00",QLD1,151312.728892,123589.21900354,0.8168
D,CO2EII,PUBLISHING,1,2012,27,"2012/07/05 00:00:00",SA1,32749.037453,22315.69657166,0.6814
D,CO2EII,PUBLISHING,1,2012,27,"2012/07/05 00:00:00",TAS1,40114.486291,1787.12931826,0.0446
D,CO2EII,PUBLISHING,1,2012,27,"2012/07/05 00:00:00",VIC1,137309.44270702,150498.77373731,1.0961
D,CO2EII,PUBLISHING,1,2012,27,"2012/07/06 00:00:00",NEM,570484.37832034,488411.4320564,0.8561
D,CO2EII,PUBLISHING,1,2012,27,"2012/07/06 00:00:00",NSW1,207923.845529,190368.66403121,0.9156
D,CO2EII,PUBLISHING,1,2012,27,"2012/07/06 00:00:00",QLD1,150248.25564634,122659.92160158,0.8164
D,CO2EII,PUBLISHING,1,2012,27,"2012/07/06 00:00:00",SA1,36185.920688,21082.32478284,0.5826
D,CO2EII,PUBLISHING,1,2012,27,"2012/07/06 00:00:00",TAS1,41296.001435,2018.22894449,0.0489
D,CO2EII,PUBLISHING,1,2012,27,"2012/07/06 00:00:00",VIC1,134830.355022,152282.29269628,1.1294
D,CO2EII,PUBLISHING,1,2012,27,"2012/07/07 00:00:00",NEM,526709.17339199,458508.5475655,0.8705
D,CO2EII,PUBLISHING,1,2012,27,"2012/07/07 00:00:00",NSW1,188638.304046,176100.01808553,0.9335
D,CO2EII,PUBLISHING,1,2012,27,"2012/07/07 00:00:00",QLD1,142082.935881,117195.83567287,0.8248
D,CO2EII,PUBLISHING,1,2012,27,"2012/07/07 00:00:00",SA1,34150.663602,18012.2238924,0.5274
D,CO2EII,PUBLISHING,1,2012,27,"2012/07/07 00:00:00",TAS1,40602.011853,1955.01786378,0.0482
D,CO2EII,PUBLISHING,1,2012,27,"2012/07/07 00:00:00",VIC1,121235.25800999,145245.45205092,1.198
D,CO2EII,PUBLISHING,1,2012,28,"2012/07/08 00:00:00",NEM,510346.77225499,438527.24794081,0.8593
D,CO2EII,PUBLISHING,1,2012,28,"2012/07/08 00:00:00",NSW1,176906.366753,162765.94757766,0.9201
D,CO2EII,PUBLISHING,1,2012,28,"2012/07/08 00:00:00",QLD1,137516.24354001,113263.70497152,0.8236
D,CO2EII,PUBLISHING,1,2012,28,"2012/07/08 00:00:00",SA1,34301.173029,17612.94286719,0.5135
D,CO2EII,PUBLISHING,1,2012,28,"2012/07/08 00:00:00",TAS1,41686.490245,2090.54381304,0.0501
D,CO2EII,PUBLISHING,1,2012,28,"2012/07/08 00:00:00",VIC1,119936.49868798,142794.1087114,1.1906
D,CO2EII,PUBLISHING,1,2012,28,"2012/07/09 00:00:00",NEM,561352.05313599,471118.61588027,0.8393
D,CO2EII,PUBLISHING,1,2012,28,"2012/07/09 00:00:00",NSW1,194612.49876,174784.05327885,0.8981
D,CO2EII,PUBLISHING,1,2012,28,"2012/07/09 00:00:00",QLD1,152971.12974299,125317.44738753,0.8192
D,CO2EII,PUBLISHING,1,2012,28,"2012/07/09 00:00:00",SA1,35338.147319,21419.20919517,0.6061
D,CO2EII,PUBLISHING,1,2012,28,"2012/07/09 00:00:00",TAS1,43160.182257,2089.60783656,0.0484
D,CO2EII,PUBLISHING,1,2012,28,"2012/07/09 00:00:00",VIC1,135270.095057,147508.29818216,1.0905
D,CO2EII,PUBLISHING,1,2012,28,"2012/07/10 00:00:00",NEM,570726.13153689,466518.77868267,0.8174
D,CO2EII,PUBLISHING,1,2012,28,"2012/07/10 00:00:00",NSW1,206251.56329101,181316.10113793,0.8791
D,CO2EII,PUBLISHING,1,2012,28,"2012/07/10 00:00:00",QLD1,154771.83893288,126116.35448906,0.8149
D,CO2EII,PUBLISHING,1,2012,28,"2012/07/10 00:00:00",SA1,38207.13220501,23371.20463384,0.6117
D,CO2EII,PUBLISHING,1,2012,28,"2012/07/10 00:00:00",TAS1,43157.39717099,2086.21023896,0.0483
D,CO2EII,PUBLISHING,1,2012,28,"2012/07/10 00:00:00",VIC1,128338.199937,133628.90818288,1.0412
D,CO2EII,PUBLISHING,1,2012,28,"2012/07/11 00:00:00",NEM,550522.37560709,458368.89891927,0.8326
D,CO2EII,PUBLISHING,1,2012,28,"2012/07/11 00:00:00",NSW1,190503.715598,166436.45232496,0.8737
D,CO2EII,PUBLISHING,1,2012,28,"2012/07/11 00:00:00",QLD1,148421.3920941,120384.99186102,0.8111
D,CO2EII,PUBLISHING,1,2012,28,"2012/07/11 00:00:00",SA1,34098.71930699,17267.42869603,0.5064
D,CO2EII,PUBLISHING,1,2012,28,"2012/07/11 00:00:00",TAS1,41359.736327,2089.62757029,0.0505
D,CO2EII,PUBLISHING,1,2012,28,"2012/07/11 00:00:00",VIC1,136138.812281,152190.39846697,1.1179
D,CO2EII,PUBLISHING,1,2012,28,"2012/07/12 00:00:00",NEM,558154.17447049,464983.75094121,0.8331
D,CO2EII,PUBLISHING,1,2012,28,"2012/07/12 00:00:00",NSW1,195346.530012,175641.35615816,0.8991
D,CO2EII,PUBLISHING,1,2012,28,"2012/07/12 00:00:00",QLD1,151928.3701845,124010.44390144,0.8162
D,CO2EII,PUBLISHING,1,2012,28,"2012/07/12 00:00:00",SA1,35585.066815,17342.33221619,0.4873
D,CO2EII,PUBLISHING,1,2012,28,"2012/07/12 00:00:00",TAS1,41900.28117799,2056.35798398,0.0491
D,CO2EII,PUBLISHING,1,2012,28,"2012/07/12 00:00:00",VIC1,133393.926281,145933.26068144,1.094
D,CO2EII,PUBLISHING,1,2012,28,"2012/07/13 00:00:00",NEM,544426.42834267,456042.96160698,0.8377
D,CO2EII,PUBLISHING,1,2012,28,"2012/07/13 00:00:00",NSW1,194180.978953,172686.60746488,0.8893
D,CO2EII,PUBLISHING,1,2012,28,"2012/07/13 00:00:00",QLD1,144828.22777167,118240.60802931,0.8164
D,CO2EII,PUBLISHING,1,2012,28,"2012/07/13 00:00:00",SA1,35601.89027899,15871.49277308,0.4458
D,CO2EII,PUBLISHING,1,2012,28,"2012/07/13 00:00:00",TAS1,41370.075883,2083.15553712,0.0504
D,CO2EII,PUBLISHING,1,2012,28,"2012/07/13 00:00:00",VIC1,128445.25545601,147161.09780259,1.1457
D,CO2EII,PUBLISHING,1,2012,28,"2012/07/14 00:00:00",NEM,507214.54002768,426363.50997732,0.8406
D,CO2EII,PUBLISHING,1,2012,28,"2012/07/14 00:00:00",NSW1,171080.326083,149662.32607553,0.8748
D,CO2EII,PUBLISHING,1,2012,28,"2012/07/14 00:00:00",QLD1,136741.10061266,112830.12658934,0.8251
D,CO2EII,PUBLISHING,1,2012,28,"2012/07/14 00:00:00",SA1,36337.864606,11757.53791651,0.3236
D,CO2EII,PUBLISHING,1,2012,28,"2012/07/14 00:00:00",TAS1,40587.56626901,2087.91501753,0.0514
D,CO2EII,PUBLISHING,1,2012,28,"2012/07/14 00:00:00",VIC1,122467.68245701,150025.60437841,1.225
D,CO2EII,PUBLISHING,1,2012,29,"2012/07/15 00:00:00",NEM,499912.34266765,416100.73928063,0.8323
D,CO2EII,PUBLISHING,1,2012,29,"2012/07/15 00:00:00",NSW1,164845.639636,143909.64834642,0.873
D,CO2EII,PUBLISHING,1,2012,29,"2012/07/15 00:00:00",QLD1,137688.24257466,113760.70464807,0.8262
D,CO2EII,PUBLISHING,1,2012,29,"2012/07/15 00:00:00",SA1,36919.35589,11588.65489523,0.3139
D,CO2EII,PUBLISHING,1,2012,29,"2012/07/15 00:00:00",TAS1,40887.805633,2051.26780296,0.0502
D,CO2EII,PUBLISHING,1,2012,29,"2012/07/15 00:00:00",VIC1,119571.29893399,144790.46358795,1.2109
D,CO2EII,PUBLISHING,1,2012,29,"2012/07/16 00:00:00",NEM,550001.74912942,458148.85638706,0.833
D,CO2EII,PUBLISHING,1,2012,29,"2012/07/16 00:00:00",NSW1,191732.82369,166038.63142168,0.866
D,CO2EII,PUBLISHING,1,2012,29,"2012/07/16 00:00:00",QLD1,146477.20654139,119985.46319341,0.8191
D,CO2EII,PUBLISHING,1,2012,29,"2012/07/16 00:00:00",SA1,34318.84390801,14721.92606337,0.429
D,CO2EII,PUBLISHING,1,2012,29,"2012/07/16 00:00:00",TAS1,40701.401666,2085.51604943,0.0512
D,CO2EII,PUBLISHING,1,2012,29,"2012/07/16 00:00:00",VIC1,136771.47332402,155317.31965917,1.1356
D,CO2EII,PUBLISHING,1,2012,29,"2012/07/17 00:00:00",NEM,549190.15361782,451415.67340255,0.822
D,CO2EII,PUBLISHING,1,2012,29,"2012/07/17 00:00:00",NSW1,189614.006647,161841.33410546,0.8535
D,CO2EII,PUBLISHING,1,2012,29,"2012/07/17 00:00:00",QLD1,146248.99033081,119043.37128689,0.814
D,CO2EII,PUBLISHING,1,2012,29,"2012/07/17 00:00:00",SA1,38616.414366,13737.54106673,0.3557
D,CO2EII,PUBLISHING,1,2012,29,"2012/07/17 00:00:00",TAS1,40439.237955,2057.30581269,0.0509
D,CO2EII,PUBLISHING,1,2012,29,"2012/07/17 00:00:00",VIC1,134271.50431901,154736.12113078,1.1524
D,CO2EII,PUBLISHING,1,2012,29,"2012/07/18 00:00:00",NEM,551896.04317322,462282.08664207,0.8376
D,CO2EII,PUBLISHING,1,2012,29,"2012/07/18 00:00:00",NSW1,194372.974086,166234.55559872,0.8552
D,CO2EII,PUBLISHING,1,2012,29,"2012/07/18 00:00:00",QLD1,142352.78226324,116535.91827261,0.8186
D,CO2EII,PUBLISHING,1,2012,29,"2012/07/18 00:00:00",SA1,32485.56508,15985.13090878,0.4921
D,CO2EII,PUBLISHING,1,2012,29,"2012/07/18 00:00:00",TAS1,40426.157194,2088.55717737,0.0517
D,CO2EII,PUBLISHING,1,2012,29,"2012/07/18 00:00:00",VIC1,142258.56454998,161437.92468459,1.1348
D,CO2EII,PUBLISHING,1,2012,29,"2012/07/19 00:00:00",NEM,561471.54311944,472142.99928257,0.8409
D,CO2EII,PUBLISHING,1,2012,29,"2012/07/19 00:00:00",NSW1,201109.370389,175118.55277739,0.8708
D,CO2EII,PUBLISHING,1,2012,29,"2012/07/19 00:00:00",QLD1,146641.36099545,119942.5691884,0.8179
D,CO2EII,PUBLISHING,1,2012,29,"2012/07/19 00:00:00",SA1,32778.56272399,17801.16029759,0.5431
D,CO2EII,PUBLISHING,1,2012,29,"2012/07/19 00:00:00",TAS1,40829.551794,2090.66117925,0.0512
D,CO2EII,PUBLISHING,1,2012,29,"2012/07/19 00:00:00",VIC1,140112.697217,157190.05583994,1.1219
D,CO2EII,PUBLISHING,1,2012,29,"2012/07/20 00:00:00",NEM,555748.94535998,476106.29347683,0.8567
D,CO2EII,PUBLISHING,1,2012,29,"2012/07/20 00:00:00",NSW1,201408.57906296,176383.86135287,0.8758
D,CO2EII,PUBLISHING,1,2012,29,"2012/07/20 00:00:00",QLD1,143561.150302,117336.68698991,0.8173
D,CO2EII,PUBLISHING,1,2012,29,"2012/07/20 00:00:00",SA1,30891.18419001,19481.17707217,0.6306
D,CO2EII,PUBLISHING,1,2012,29,"2012/07/20 00:00:00",TAS1,40296.944601,2088.94575309,0.0518
D,CO2EII,PUBLISHING,1,2012,29,"2012/07/20 00:00:00",VIC1,139591.08720401,160815.62230879,1.152
D,CO2EII,PUBLISHING,1,2012,29,"2012/07/21 00:00:00",NEM,512165.66852753,448694.62557686,0.8761
D,CO2EII,PUBLISHING,1,2012,29,"2012/07/21 00:00:00",NSW1,191367.61129354,166399.52898691,0.8695
D,CO2EII,PUBLISHING,1,2012,29,"2012/07/21 00:00:00",QLD1,130022.77451299,106936.42768223,0.8224
D,CO2EII,PUBLISHING,1,2012,29,"2012/07/21 00:00:00",SA1,25289.518237,16102.41389579,0.6367
D,CO2EII,PUBLISHING,1,2012,29,"2012/07/21 00:00:00",TAS1,38499.902273,2088.63321581,0.0543
D,CO2EII,PUBLISHING,1,2012,29,"2012/07/21 00:00:00",VIC1,126985.862211,157167.62179612,1.2377
D,CO2EII,PUBLISHING,1,2012,30,"2012/07/22 00:00:00",NEM,500395.64788,434731.48413985,0.8688
D,CO2EII,PUBLISHING,1,2012,30,"2012/07/22 00:00:00",NSW1,191345.385153,163370.01911277,0.8538
D,CO2EII,PUBLISHING,1,2012,30,"2012/07/22 00:00:00",QLD1,121354.03481699,102208.30745232,0.8422
D,CO2EII,PUBLISHING,1,2012,30,"2012/07/22 00:00:00",SA1,27156.53293801,15807.36395241,0.5821
D,CO2EII,PUBLISHING,1,2012,30,"2012/07/22 00:00:00",TAS1,39107.330926,2088.89980445,0.0534
D,CO2EII,PUBLISHING,1,2012,30,"2012/07/22 00:00:00",VIC1,121432.364046,151256.8938179,1.2456
D,CO2EII,PUBLISHING,1,2012,30,"2012/07/23 00:00:00",NEM,555452.48247151,468927.71499865,0.8442
D,CO2EII,PUBLISHING,1,2012,30,"2012/07/23 00:00:00",NSW1,203835.991707,173821.34786993,0.8528
D,CO2EII,PUBLISHING,1,2012,30,"2012/07/23 00:00:00",QLD1,138309.9593375,113317.59492055,0.8193
D,CO2EII,PUBLISHING,1,2012,30,"2012/07/23 00:00:00",SA1,33019.55131701,19001.38202002,0.5755
D,CO2EII,PUBLISHING,1,2012,30,"2012/07/23 00:00:00",TAS1,41788.61886601,2286.63568307,0.0547
D,CO2EII,PUBLISHING,1,2012,30,"2012/07/23 00:00:00",VIC1,138498.36124399,160500.75450508,1.1589
D,CO2EII,PUBLISHING,1,2012,30,"2012/07/24 00:00:00",NEM,559620.66513311,466641.36964242,0.8339
D,CO2EII,PUBLISHING,1,2012,30,"2012/07/24 00:00:00",NSW1,200889.42094702,171977.29478905,0.8561
D,CO2EII,PUBLISHING,1,2012,30,"2012/07/24 00:00:00",QLD1,138556.22351509,113602.47227738,0.8199
D,CO2EII,PUBLISHING,1,2012,30,"2012/07/24 00:00:00",SA1,36822.99890801,17258.99543271,0.4687
D,CO2EII,PUBLISHING,1,2012,30,"2012/07/24 00:00:00",TAS1,40475.400476,2213.07882162,0.0547
D,CO2EII,PUBLISHING,1,2012,30,"2012/07/24 00:00:00",VIC1,142876.62128699,161589.52832166,1.131
D,CO2EII,PUBLISHING,1,2012,30,"2012/07/25 00:00:00",NEM,553778.90739901,465734.11423746,0.841
D,CO2EII,PUBLISHING,1,2012,30,"2012/07/25 00:00:00",NSW1,194377.388839,168582.60537642,0.8673
D,CO2EII,PUBLISHING,1,2012,30,"2012/07/25 00:00:00",QLD1,135408.46485099,111576.84489508,0.824
D,CO2EII,PUBLISHING,1,2012,30,"2012/07/25 00:00:00",SA1,40568.00633901,13119.70819148,0.3234
D,CO2EII,PUBLISHING,1,2012,30,"2012/07/25 00:00:00",TAS1,35848.281364,2088.11202546,0.0582
D,CO2EII,PUBLISHING,1,2012,30,"2012/07/25 00:00:00",VIC1,147576.76600601,170366.84374902,1.1544
D,CO2EII,PUBLISHING,1,2012,30,"2012/07/26 00:00:00",NEM,554150.31633303,466111.48963854,0.8411
D,CO2EII,PUBLISHING,1,2012,30,"2012/07/26 00:00:00",NSW1,188220.722989,163928.55226137,0.8709
D,CO2EII,PUBLISHING,1,2012,30,"2012/07/26 00:00:00",QLD1,144548.27748302,118585.13663226,0.8204
D,CO2EII,PUBLISHING,1,2012,30,"2012/07/26 00:00:00",SA1,37579.727147,13914.63959191,0.3703
D,CO2EII,PUBLISHING,1,2012,30,"2012/07/26 00:00:00",TAS1,36567.154507,2087.99767039,0.0571
D,CO2EII,PUBLISHING,1,2012,30,"2012/07/26 00:00:00",VIC1,147234.43420701,167595.16348261,1.1383
D,CO2EII,PUBLISHING,1,2012,30,"2012/07/27 00:00:00",NEM,553639.12988,462034.64317715,0.8345
D,CO2EII,PUBLISHING,1,2012,30,"2012/07/27 00:00:00",NSW1,186776.43880499,165366.5501002,0.8854
D,CO2EII,PUBLISHING,1,2012,30,"2012/07/27 00:00:00",QLD1,144568.529109,117613.64942689,0.8135
D,CO2EII,PUBLISHING,1,2012,30,"2012/07/27 00:00:00",SA1,36996.65569,15139.06801331,0.4092
D,CO2EII,PUBLISHING,1,2012,30,"2012/07/27 00:00:00",TAS1,38109.81293501,2076.11970408,0.0545
D,CO2EII,PUBLISHING,1,2012,30,"2012/07/27 00:00:00",VIC1,147187.693341,161839.25593267,1.0995
D,CO2EII,PUBLISHING,1,2012,30,"2012/07/28 00:00:00",NEM,517286.05073202,448414.54503473,0.8669
D,CO2EII,PUBLISHING,1,2012,30,"2012/07/28 00:00:00",NSW1,176912.928736,160823.42667401,0.9091
D,CO2EII,PUBLISHING,1,2012,30,"2012/07/28 00:00:00",QLD1,140792.12127901,116843.56064926,0.8299
D,CO2EII,PUBLISHING,1,2012,30,"2012/07/28 00:00:00",SA1,28616.091353,13561.41357016,0.4739
D,CO2EII,PUBLISHING,1,2012,30,"2012/07/28 00:00:00",TAS1,37289.559154,2080.46215306,0.0558
D,CO2EII,PUBLISHING,1,2012,30,"2012/07/28 00:00:00",VIC1,133675.35021001,155105.68198824,1.1603
D,CO2EII,PUBLISHING,1,2012,31,"2012/07/29 00:00:00",NEM,512870.31315701,442897.15559597,0.8636
D,CO2EII,PUBLISHING,1,2012,31,"2012/07/29 00:00:00",NSW1,183660.192359,167796.52460904,0.9136
D,CO2EII,PUBLISHING,1,2012,31,"2012/07/29 00:00:00",QLD1,138122.996913,114554.5353306,0.8294
D,CO2EII,PUBLISHING,1,2012,31,"2012/07/29 00:00:00",SA1,27029.047461,15819.18614995,0.5853
D,CO2EII,PUBLISHING,1,2012,31,"2012/07/29 00:00:00",TAS1,38246.625156,2194.95389694,0.0574
D,CO2EII,PUBLISHING,1,2012,31,"2012/07/29 00:00:00",VIC1,125811.45126801,142531.95560944,1.1329
D,CO2EII,PUBLISHING,1,2012,31,"2012/07/30 00:00:00",NEM,570913.81771999,483046.91189962,0.8461
D,CO2EII,PUBLISHING,1,2012,31,"2012/07/30 00:00:00",NSW1,203270.547632,183994.9719983,0.9052
D,CO2EII,PUBLISHING,1,2012,31,"2012/07/30 00:00:00",QLD1,148325.508719,121835.62012849,0.8214
D,CO2EII,PUBLISHING,1,2012,31,"2012/07/30 00:00:00",SA1,30903.145694,17431.35257432,0.5641
D,CO2EII,PUBLISHING,1,2012,31,"2012/07/30 00:00:00",TAS1,41161.521197,2063.55824032,0.0501
D,CO2EII,PUBLISHING,1,2012,31,"2012/07/30 00:00:00",VIC1,147253.09447799,157721.40895819,1.0711
D,CO2EII,PUBLISHING,1,2012,31,"2012/07/31 00:00:00",NEM,574074.81159901,491689.63461263,0.8565
D,CO2EII,PUBLISHING,1,2012,31,"2012/07/31 00:00:00",NSW1,208018.44481901,185474.66913576,0.8916
D,CO2EII,PUBLISHING,1,2012,31,"2012/07/31 00:00:00",QLD1,149004.88888501,121978.58045986,0.8186
D,CO2EII,PUBLISHING,1,2012,31,"2012/07/31 00:00:00",SA1,29179.035001,18226.24906595,0.6246
D,CO2EII,PUBLISHING,1,2012,31,"2012/07/31 00:00:00",TAS1,40607.61587299,2161.06750887,0.0532
D,CO2EII,PUBLISHING,1,2012,31,"2012/07/31 00:00:00",VIC1,147264.827021,163849.06844219,1.1126
D,CO2EII,PUBLISHING,1,2012,31,"2012/08/01 00:00:00",NEM,573276.06897401,486736.47517233,0.849
D,CO2EII,PUBLISHING,1,2012,31,"2012/08/01 00:00:00",NSW1,206077.71647401,182158.48397674,0.8839
D,CO2EII,PUBLISHING,1,2012,31,"2012/08/01 00:00:00",QLD1,149891.49591,122595.64483728,0.8179
D,CO2EII,PUBLISHING,1,2012,31,"2012/08/01 00:00:00",SA1,31023.33803001,19280.74138766,0.6215
D,CO2EII,PUBLISHING,1,2012,31,"2012/08/01 00:00:00",TAS1,40479.58310299,2250.12071054,0.0556
D,CO2EII,PUBLISHING,1,2012,31,"2012/08/01 00:00:00",VIC1,145803.935457,160451.48426011,1.1005
D,CO2EII,PUBLISHING,1,2012,31,"2012/08/02 00:00:00",NEM,575444.31520604,477193.66648219,0.8293
D,CO2EII,PUBLISHING,1,2012,31,"2012/08/02 00:00:00",NSW1,201024.253725,177384.5662753,0.8824
D,CO2EII,PUBLISHING,1,2012,31,"2012/08/02 00:00:00",QLD1,148752.57138702,121361.66605948,0.8159
D,CO2EII,PUBLISHING,1,2012,31,"2012/08/02 00:00:00",SA1,38082.88903501,15269.27860872,0.4009
D,CO2EII,PUBLISHING,1,2012,31,"2012/08/02 00:00:00",TAS1,41968.16294501,2051.13056648,0.0489
D,CO2EII,PUBLISHING,1,2012,31,"2012/08/02 00:00:00",VIC1,145616.438114,161127.02497221,1.1065
D,CO2EII,PUBLISHING,1,2012,31,"2012/08/03 00:00:00",NEM,560331.94360899,473578.62855397,0.8452
D,CO2EII,PUBLISHING,1,2012,31,"2012/08/03 00:00:00",NSW1,198763.283293,175817.09053943,0.8846
D,CO2EII,PUBLISHING,1,2012,31,"2012/08/03 00:00:00",QLD1,145979.51748799,119375.9330974,0.8178
D,CO2EII,PUBLISHING,1,2012,31,"2012/08/03 00:00:00",SA1,33062.738655,15579.67593756,0.4712
D,CO2EII,PUBLISHING,1,2012,31,"2012/08/03 00:00:00",TAS1,41558.71874701,2067.85309416,0.0498
D,CO2EII,PUBLISHING,1,2012,31,"2012/08/03 00:00:00",VIC1,140967.68542599,160738.07588542,1.1402
D,CO2EII,PUBLISHING,1,2012,31,"2012/08/04 00:00:00",NEM,510397.12844402,435472.83159489,0.8532
D,CO2EII,PUBLISHING,1,2012,31,"2012/08/04 00:00:00",NSW1,171727.54056701,152652.35838756,0.8889
D,CO2EII,PUBLISHING,1,2012,31,"2012/08/04 00:00:00",QLD1,138617.332576,115910.43714532,0.8362
D,CO2EII,PUBLISHING,1,2012,31,"2012/08/04 00:00:00",SA1,33148.42173099,12855.85464424,0.3878
D,CO2EII,PUBLISHING,1,2012,31,"2012/08/04 00:00:00",TAS1,41144.458883,2089.77515798,0.0508
D,CO2EII,PUBLISHING,1,2012,31,"2012/08/04 00:00:00",VIC1,125759.37468702,151964.40625979,1.2084
D,CO2EII,PUBLISHING,1,2012,32,"2012/08/05 00:00:00",NEM,495803.03661599,413194.95825198,0.8334
D,CO2EII,PUBLISHING,1,2012,32,"2012/08/05 00:00:00",NSW1,160856.06311799,142158.75131464,0.8838
D,CO2EII,PUBLISHING,1,2012,32,"2012/08/05 00:00:00",QLD1,135236.324256,112289.41802329,0.8303
D,CO2EII,PUBLISHING,1,2012,32,"2012/08/05 00:00:00",SA1,36646.074378,9818.49642084,0.2679
D,CO2EII,PUBLISHING,1,2012,32,"2012/08/05 00:00:00",TAS1,40603.350858,2089.47410718,0.0515
D,CO2EII,PUBLISHING,1,2012,32,"2012/08/05 00:00:00",VIC1,122461.224006,146838.81838603,1.1991
D,CO2EII,PUBLISHING,1,2012,32,"2012/08/06 00:00:00",NEM,555278.50054901,468839.72793113,0.8443
D,CO2EII,PUBLISHING,1,2012,32,"2012/08/06 00:00:00",NSW1,187935.574145,169278.21157336,0.9007
D,CO2EII,PUBLISHING,1,2012,32,"2012/08/06 00:00:00",QLD1,146792.09272299,120839.64533826,0.8232
D,CO2EII,PUBLISHING,1,2012,32,"2012/08/06 00:00:00",SA1,31302.470156,17575.18786143,0.5615
D,CO2EII,PUBLISHING,1,2012,32,"2012/08/06 00:00:00",TAS1,44516.587751,2089.36729374,0.0469
D,CO2EII,PUBLISHING,1,2012,32,"2012/08/06 00:00:00",VIC1,144731.77577402,159057.31586434,1.099
D,CO2EII,PUBLISHING,1,2012,32,"2012/08/07 00:00:00",NEM,556923.07025376,461780.61685418,0.8292
D,CO2EII,PUBLISHING,1,2012,32,"2012/08/07 00:00:00",NSW1,191180.549499,171947.05737922,0.8994
D,CO2EII,PUBLISHING,1,2012,32,"2012/08/07 00:00:00",QLD1,148151.75496913,120965.9668526,0.8165
D,CO2EII,PUBLISHING,1,2012,32,"2012/08/07 00:00:00",SA1,37164.77808363,13758.05593095,0.3702
D,CO2EII,PUBLISHING,1,2012,32,"2012/08/07 00:00:00",TAS1,42777.48047399,2073.89100619,0.0485
D,CO2EII,PUBLISHING,1,2012,32,"2012/08/07 00:00:00",VIC1,137648.50722801,153035.64568522,1.1118
D,CO2EII,PUBLISHING,1,2012,32,"2012/08/08 00:00:00",NEM,559719.9412018,464336.52485992,0.8296
D,CO2EII,PUBLISHING,1,2012,32,"2012/08/08 00:00:00",NSW1,193201.582925,174061.94929642,0.9009
D,CO2EII,PUBLISHING,1,2012,32,"2012/08/08 00:00:00",QLD1,147080.80103783,120618.4174365,0.8201
D,CO2EII,PUBLISHING,1,2012,32,"2012/08/08 00:00:00",SA1,37899.41671699,13749.71543802,0.3628
D,CO2EII,PUBLISHING,1,2012,32,"2012/08/08 00:00:00",TAS1,41493.694571,2090.07056773,0.0504
D,CO2EII,PUBLISHING,1,2012,32,"2012/08/08 00:00:00",VIC1,140044.44595098,153816.37212125,1.0983
D,CO2EII,PUBLISHING,1,2012,32,"2012/08/09 00:00:00",NEM,560592.77396413,466987.59291402,0.833
D,CO2EII,PUBLISHING,1,2012,32,"2012/08/09 00:00:00",NSW1,194219.95005901,174206.29659391,0.897
D,CO2EII,PUBLISHING,1,2012,32,"2012/08/09 00:00:00",QLD1,146827.33699212,120243.32118079,0.8189
D,CO2EII,PUBLISHING,1,2012,32,"2012/08/09 00:00:00",SA1,36463.838482,15843.37910908,0.4345
D,CO2EII,PUBLISHING,1,2012,32,"2012/08/09 00:00:00",TAS1,40526.8116,2089.46941435,0.0516
D,CO2EII,PUBLISHING,1,2012,32,"2012/08/09 00:00:00",VIC1,142554.836831,154605.12661589,1.0845
D,CO2EII,PUBLISHING,1,2012,32,"2012/08/10 00:00:00",NEM,565366.26017488,478723.75511034,0.8467
D,CO2EII,PUBLISHING,1,2012,32,"2012/08/10 00:00:00",NSW1,203252.344672,185283.31620851,0.9116
D,CO2EII,PUBLISHING,1,2012,32,"2012/08/10 00:00:00",QLD1,149187.87463186,122394.41269438,0.8204
D,CO2EII,PUBLISHING,1,2012,32,"2012/08/10 00:00:00",SA1,32919.281001,19344.41781755,0.5876
D,CO2EII,PUBLISHING,1,2012,32,"2012/08/10 00:00:00",TAS1,40185.57906501,2113.27843746,0.0526
D,CO2EII,PUBLISHING,1,2012,32,"2012/08/10 00:00:00",VIC1,139821.18080501,149588.32995244,1.0699
D,CO2EII,PUBLISHING,1,2012,32,"2012/08/11 00:00:00",NEM,518640.81721701,448305.72995559,0.8644
D,CO2EII,PUBLISHING,1,2012,32,"2012/08/11 00:00:00",NSW1,187170.674527,168556.75138356,0.9006
D,CO2EII,PUBLISHING,1,2012,32,"2012/08/11 00:00:00",QLD1,140646.759506,117521.08204328,0.8356
D,CO2EII,PUBLISHING,1,2012,32,"2012/08/11 00:00:00",SA1,29236.80954701,16411.25086325,0.5613
D,CO2EII,PUBLISHING,1,2012,32,"2012/08/11 00:00:00",TAS1,38107.103881,2127.96776211,0.0558
D,CO2EII,PUBLISHING,1,2012,32,"2012/08/11 00:00:00",VIC1,123479.469756,143688.67790339,1.1637
D,CO2EII,PUBLISHING,1,2012,33,"2012/08/12 00:00:00",NEM,503252.84123802,444239.1081884,0.8827
D,CO2EII,PUBLISHING,1,2012,33,"2012/08/12 00:00:00",NSW1,176194.114921,158487.31130248,0.8995
D,CO2EII,PUBLISHING,1,2012,33,"2012/08/12 00:00:00",QLD1,137788.7116,114934.91570538,0.8341
D,CO2EII,PUBLISHING,1,2012,33,"2012/08/12 00:00:00",SA1,25881.78618001,14044.79681024,0.5427
D,CO2EII,PUBLISHING,1,2012,33,"2012/08/12 00:00:00",TAS1,37903.215657,2089.56096183,0.0551
D,CO2EII,PUBLISHING,1,2012,33,"2012/08/12 00:00:00",VIC1,125485.01288001,154682.52340847,1.2327
D,CO2EII,PUBLISHING,1,2012,33,"2012/08/13 00:00:00",NEM,548771.26352799,461640.35484297,0.8412
D,CO2EII,PUBLISHING,1,2012,33,"2012/08/13 00:00:00",NSW1,189651.09513,170628.46029556,0.8997
D,CO2EII,PUBLISHING,1,2012,33,"2012/08/13 00:00:00",QLD1,144764.964728,118976.60231174,0.8219
D,CO2EII,PUBLISHING,1,2012,33,"2012/08/13 00:00:00",SA1,38281.96012901,14121.89634361,0.3689
D,CO2EII,PUBLISHING,1,2012,33,"2012/08/13 00:00:00",TAS1,39393.55845199,2089.07619035,0.053
D,CO2EII,PUBLISHING,1,2012,33,"2012/08/13 00:00:00",VIC1,136679.68508899,155824.31970171,1.1401
D,CO2EII,PUBLISHING,1,2012,33,"2012/08/14 00:00:00",NEM,556734.98907101,475151.89686801,0.8535
D,CO2EII,PUBLISHING,1,2012,33,"2012/08/14 00:00:00",NSW1,192129.384211,172125.78478474,0.8959
D,CO2EII,PUBLISHING,1,2012,33,"2012/08/14 00:00:00",QLD1,146487.31495101,119606.16217664,0.8165
D,CO2EII,PUBLISHING,1,2012,33,"2012/08/14 00:00:00",SA1,36200.625197,19654.62441502,0.5429
D,CO2EII,PUBLISHING,1,2012,33,"2012/08/14 00:00:00",TAS1,40000.616742,2089.11555271,0.0522
D,CO2EII,PUBLISHING,1,2012,33,"2012/08/14 00:00:00",VIC1,141917.04797,161676.2099389,1.1392
D,CO2EII,PUBLISHING,1,2012,33,"2012/08/15 00:00:00",NEM,545661.14872301,464124.42380957,0.8506
D,CO2EII,PUBLISHING,1,2012,33,"2012/08/15 00:00:00",NSW1,188037.37372701,166722.52944962,0.8866
D,CO2EII,PUBLISHING,1,2012,33,"2012/08/15 00:00:00",QLD1,141356.631543,115933.95974132,0.8202
D,CO2EII,PUBLISHING,1,2012,33,"2012/08/15 00:00:00",SA1,35496.777541,18067.58571993,0.509
D,CO2EII,PUBLISHING,1,2012,33,"2012/08/15 00:00:00",TAS1,40098.606917,2081.77460762,0.0519
D,CO2EII,PUBLISHING,1,2012,33,"2012/08/15 00:00:00",VIC1,140671.758995,161318.57429108,1.1468
D,CO2EII,PUBLISHING,1,2012,33,"2012/08/16 00:00:00",NEM,544748.82738099,458312.67566299,0.8413
D,CO2EII,PUBLISHING,1,2012,33,"2012/08/16 00:00:00",NSW1,183893.01583401,164497.01313338,0.8945
D,CO2EII,PUBLISHING,1,2012,33,"2012/08/16 00:00:00",QLD1,143471.55173199,118140.77215313,0.8234
D,CO2EII,PUBLISHING,1,2012,33,"2012/08/16 00:00:00",SA1,38077.717445,13955.2708465,0.3665
D,CO2EII,PUBLISHING,1,2012,33,"2012/08/16 00:00:00",TAS1,38293.15787201,2089.16827786,0.0546
D,CO2EII,PUBLISHING,1,2012,33,"2012/08/16 00:00:00",VIC1,141013.38449798,159630.45125212,1.132
D,CO2EII,PUBLISHING,1,2012,33,"2012/08/17 00:00:00",NEM,551200.49156601,454804.06189971,0.8251
D,CO2EII,PUBLISHING,1,2012,33,"2012/08/17 00:00:00",NSW1,190363.669324,164492.62816427,0.8641
D,CO2EII,PUBLISHING,1,2012,33,"2012/08/17 00:00:00",QLD1,141184.04330999,117119.76495345,0.8296
D,CO2EII,PUBLISHING,1,2012,33,"2012/08/17 00:00:00",SA1,41613.820967,12625.27600568,0.3034
D,CO2EII,PUBLISHING,1,2012,33,"2012/08/17 00:00:00",TAS1,37885.97177701,2085.40309439,0.055
D,CO2EII,PUBLISHING,1,2012,33,"2012/08/17 00:00:00",VIC1,140152.98618801,158480.98968192,1.1308
D,CO2EII,PUBLISHING,1,2012,33,"2012/08/18 00:00:00",NEM,507350.88290101,441601.45856534,0.8704
D,CO2EII,PUBLISHING,1,2012,33,"2012/08/18 00:00:00",NSW1,169493.233093,145486.36076231,0.8584
D,CO2EII,PUBLISHING,1,2012,33,"2012/08/18 00:00:00",QLD1,137117.73141,116127.54140315,0.8469
D,CO2EII,PUBLISHING,1,2012,33,"2012/08/18 00:00:00",SA1,31424.6524,16023.86349439,0.5099
D,CO2EII,PUBLISHING,1,2012,33,"2012/08/18 00:00:00",TAS1,37580.395356,2089.59060914,0.0556
D,CO2EII,PUBLISHING,1,2012,33,"2012/08/18 00:00:00",VIC1,131734.87064201,161874.10229635,1.2288
D,CO2EII,PUBLISHING,1,2012,34,"2012/08/19 00:00:00",NEM,494252.86362237,442574.7219717,0.8954
D,CO2EII,PUBLISHING,1,2012,34,"2012/08/19 00:00:00",NSW1,168451.55793535,151164.4749325,0.8974
D,CO2EII,PUBLISHING,1,2012,34,"2012/08/19 00:00:00",QLD1,138585.32296801,116519.00202284,0.8408
D,CO2EII,PUBLISHING,1,2012,34,"2012/08/19 00:00:00",SA1,27437.93737901,18702.32747818,0.6816
D,CO2EII,PUBLISHING,1,2012,34,"2012/08/19 00:00:00",TAS1,34401.816096,2730.05485257,0.0794
D,CO2EII,PUBLISHING,1,2012,34,"2012/08/19 00:00:00",VIC1,125376.229244,153458.86268561,1.224
D,CO2EII,PUBLISHING,1,2012,34,"2012/08/20 00:00:00",NEM,547016.82372003,469254.94670222,0.8578
D,CO2EII,PUBLISHING,1,2012,34,"2012/08/20 00:00:00",NSW1,182818.69709601,163534.43776886,0.8945
D,CO2EII,PUBLISHING,1,2012,34,"2012/08/20 00:00:00",QLD1,145464.15432601,122001.08069541,0.8387
D,CO2EII,PUBLISHING,1,2012,34,"2012/08/20 00:00:00",SA1,37170.413697,15864.03520609,0.4268
D,CO2EII,PUBLISHING,1,2012,34,"2012/08/20 00:00:00",TAS1,40218.15095201,2089.6268483,0.052
D,CO2EII,PUBLISHING,1,2012,34,"2012/08/20 00:00:00",VIC1,141345.407649,165765.76618356,1.1728
D,CO2EII,PUBLISHING,1,2012,34,"2012/08/21 00:00:00",NEM,541594.79362495,460074.92070936,0.8495
D,CO2EII,PUBLISHING,1,2012,34,"2012/08/21 00:00:00",NSW1,176593.50717599,156910.14117886,0.8885
D,CO2EII,PUBLISHING,1,2012,34,"2012/08/21 00:00:00",QLD1,145910.67170599,122135.32346113,0.8371
D,CO2EII,PUBLISHING,1,2012,34,"2012/08/21 00:00:00",SA1,37876.25995799,16329.36326146,0.4311
D,CO2EII,PUBLISHING,1,2012,34,"2012/08/21 00:00:00",TAS1,39746.609086,2087.77950428,0.0525
D,CO2EII,PUBLISHING,1,2012,34,"2012/08/21 00:00:00",VIC1,141467.74569898,162612.31330363,1.1495
D,CO2EII,PUBLISHING,1,2012,34,"2012/08/22 00:00:00",NEM,527505.02129301,450609.43528941,0.8542
D,CO2EII,PUBLISHING,1,2012,34,"2012/08/22 00:00:00",NSW1,172721.36446,152926.60045933,0.8854
D,CO2EII,PUBLISHING,1,2012,34,"2012/08/22 00:00:00",QLD1,141440.453115,118119.33865559,0.8351
D,CO2EII,PUBLISHING,1,2012,34,"2012/08/22 00:00:00",SA1,34178.294761,14423.10599454,0.422
D,CO2EII,PUBLISHING,1,2012,34,"2012/08/22 00:00:00",TAS1,40037.964511,2088.89777551,0.0522
D,CO2EII,PUBLISHING,1,2012,34,"2012/08/22 00:00:00",VIC1,139126.94444601,163051.49240444,1.172
D,CO2EII,PUBLISHING,1,2012,34,"2012/08/23 00:00:00",NEM,525250.78194298,437423.79084573,0.8328
D,CO2EII,PUBLISHING,1,2012,34,"2012/08/23 00:00:00",NSW1,171150.734028,151958.33628771,0.8879
D,CO2EII,PUBLISHING,1,2012,34,"2012/08/23 00:00:00",QLD1,139197.14824697,116529.05851654,0.8372
D,CO2EII,PUBLISHING,1,2012,34,"2012/08/23 00:00:00",SA1,38976.215595,12062.83150331,0.3095
D,CO2EII,PUBLISHING,1,2012,34,"2012/08/23 00:00:00",TAS1,39823.973344,1935.17055234,0.0486
D,CO2EII,PUBLISHING,1,2012,34,"2012/08/23 00:00:00",VIC1,136102.71072901,154938.39398583,1.1384
D,CO2EII,PUBLISHING,1,2012,34,"2012/08/24 00:00:00",NEM,534125.14219698,444037.44737202,0.8313
D,CO2EII,PUBLISHING,1,2012,34,"2012/08/24 00:00:00",NSW1,171853.287022,151667.81589109,0.8825
D,CO2EII,PUBLISHING,1,2012,34,"2012/08/24 00:00:00",QLD1,141276.792474,118506.23902344,0.8388
D,CO2EII,PUBLISHING,1,2012,34,"2012/08/24 00:00:00",SA1,37709.30571699,11954.78181898,0.317
D,CO2EII,PUBLISHING,1,2012,34,"2012/08/24 00:00:00",TAS1,39606.793927,2088.44825462,0.0527
D,CO2EII,PUBLISHING,1,2012,34,"2012/08/24 00:00:00",VIC1,143678.96305699,159820.16238389,1.1123
D,CO2EII,PUBLISHING,1,2012,34,"2012/08/25 00:00:00",NEM,490581.15510301,421358.16360044,0.8589
D,CO2EII,PUBLISHING,1,2012,34,"2012/08/25 00:00:00",NSW1,151870.55574701,133777.94254661,0.8809
D,CO2EII,PUBLISHING,1,2012,34,"2012/08/25 00:00:00",QLD1,135948.32547401,114799.3212148,0.8444
D,CO2EII,PUBLISHING,1,2012,34,"2012/08/25 00:00:00",SA1,30995.607098,12783.46486421,0.4124
D,CO2EII,PUBLISHING,1,2012,34,"2012/08/25 00:00:00",TAS1,40337.834615,2019.92446727,0.0501
D,CO2EII,PUBLISHING,1,2012,34,"2012/08/25 00:00:00",VIC1,131428.83216899,157977.51050755,1.202
D,CO2EII,PUBLISHING,1,2012,35,"2012/08/26 00:00:00",NEM,481743.32671796,422041.18014225,0.8761
D,CO2EII,PUBLISHING,1,2012,35,"2012/08/26 00:00:00",NSW1,146918.597336,131611.90509962,0.8958
D,CO2EII,PUBLISHING,1,2012,35,"2012/08/26 00:00:00",QLD1,135669.73867699,114302.15612077,0.8425
D,CO2EII,PUBLISHING,1,2012,35,"2012/08/26 00:00:00",SA1,23943.33807399,13663.1478344,0.5706
D,CO2EII,PUBLISHING,1,2012,35,"2012/08/26 00:00:00",TAS1,42056.596556,1916.5840983,0.0456
D,CO2EII,PUBLISHING,1,2012,35,"2012/08/26 00:00:00",VIC1,133155.05607498,160547.38698916,1.2057
D,CO2EII,PUBLISHING,1,2012,35,"2012/08/27 00:00:00",NEM,534788.20883331,458547.05397423,0.8574
D,CO2EII,PUBLISHING,1,2012,35,"2012/08/27 00:00:00",NSW1,175152.74132,157929.88373856,0.9017
D,CO2EII,PUBLISHING,1,2012,35,"2012/08/27 00:00:00",QLD1,142380.12786431,119201.54014719,0.8372
D,CO2EII,PUBLISHING,1,2012,35,"2012/08/27 00:00:00",SA1,33134.64671801,14942.04097012,0.4509
D,CO2EII,PUBLISHING,1,2012,35,"2012/08/27 00:00:00",TAS1,44066.436071,1772.40386647,0.0402
D,CO2EII,PUBLISHING,1,2012,35,"2012/08/27 00:00:00",VIC1,140054.25685999,164701.18525189,1.176
D,CO2EII,PUBLISHING,1,2012,35,"2012/08/28 00:00:00",NEM,532628.3261383,451355.75400082,0.8474
D,CO2EII,PUBLISHING,1,2012,35,"2012/08/28 00:00:00",NSW1,169921.84269799,153939.12952303,0.9059
D,CO2EII,PUBLISHING,1,2012,35,"2012/08/28 00:00:00",QLD1,143487.43648033,118672.36572015,0.8271
D,CO2EII,PUBLISHING,1,2012,35,"2012/08/28 00:00:00",SA1,35728.195392,11544.64445306,0.3231
D,CO2EII,PUBLISHING,1,2012,35,"2012/08/28 00:00:00",TAS1,41725.42502299,1731.32366437,0.0415
D,CO2EII,PUBLISHING,1,2012,35,"2012/08/28 00:00:00",VIC1,141765.42654499,165468.29064021,1.1672
D,CO2EII,PUBLISHING,1,2012,35,"2012/08/29 00:00:00",NEM,526595.93964102,446642.75778674,0.8482
D,CO2EII,PUBLISHING,1,2012,35,"2012/08/29 00:00:00",NSW1,168420.099477,150334.20184131,0.8926
D,CO2EII,PUBLISHING,1,2012,35,"2012/08/29 00:00:00",QLD1,143016.89399901,118002.88819517,0.8251
D,CO2EII,PUBLISHING,1,2012,35,"2012/08/29 00:00:00",SA1,35234.764615,11193.80920553,0.3177
D,CO2EII,PUBLISHING,1,2012,35,"2012/08/29 00:00:00",TAS1,41535.48778,1756.78304061,0.0423
D,CO2EII,PUBLISHING,1,2012,35,"2012/08/29 00:00:00",VIC1,138388.69377001,165355.07550412,1.1949
D,CO2EII,PUBLISHING,1,2012,35,"2012/08/30 00:00:00",NEM,532651.65566431,447365.41140865,0.8399
D,CO2EII,PUBLISHING,1,2012,35,"2012/08/30 00:00:00",NSW1,170817.993068,151381.82025871,0.8862
D,CO2EII,PUBLISHING,1,2012,35,"2012/08/30 00:00:00",QLD1,141003.43016433,116976.66447393,0.8296
D,CO2EII,PUBLISHING,1,2012,35,"2012/08/30 00:00:00",SA1,35339.542894,12188.89590419,0.3449
D,CO2EII,PUBLISHING,1,2012,35,"2012/08/30 00:00:00",TAS1,42178.840077,1793.12036346,0.0425
D,CO2EII,PUBLISHING,1,2012,35,"2012/08/30 00:00:00",VIC1,143311.84946098,165024.91040836,1.1515
D,CO2EII,PUBLISHING,1,2012,35,"2012/08/31 00:00:00",NEM,538993.35362563,459820.08457435,0.8531
D,CO2EII,PUBLISHING,1,2012,35,"2012/08/31 00:00:00",NSW1,178730.147348,162405.5863342,0.9087
D,CO2EII,PUBLISHING,1,2012,35,"2012/08/31 00:00:00",QLD1,148414.86081264,124413.37785712,0.8383
D,CO2EII,PUBLISHING,1,2012,35,"2012/08/31 00:00:00",SA1,31168.763939,16776.59278836,0.5383
D,CO2EII,PUBLISHING,1,2012,35,"2012/08/31 00:00:00",TAS1,42681.073575,2075.85905774,0.0486
D,CO2EII,PUBLISHING,1,2012,35,"2012/08/31 00:00:00",VIC1,137998.50795099,154148.66853693,1.117
D,CO2EII,PUBLISHING,1,2012,35,"2012/09/01 00:00:00",NEM,497382.60494469,443970.52606436,0.8926
D,CO2EII,PUBLISHING,1,2012,35,"2012/09/01 00:00:00",NSW1,164723.63853601,151236.88189474,0.9181
D,CO2EII,PUBLISHING,1,2012,35,"2012/09/01 00:00:00",QLD1,140470.16331367,119544.64932436,0.851
D,CO2EII,PUBLISHING,1,2012,35,"2012/09/01 00:00:00",SA1,27783.18266,16265.4721188,0.5854
D,CO2EII,PUBLISHING,1,2012,35,"2012/09/01 00:00:00",TAS1,40530.07098201,2089.0676938,0.0515
D,CO2EII,PUBLISHING,1,2012,35,"2012/09/01 00:00:00",VIC1,123875.549453,154834.45503266,1.2499
D,CO2EII,PUBLISHING,1,2012,36,"2012/09/02 00:00:00",NEM,472469.38428032,408468.78019556,0.8645
D,CO2EII,PUBLISHING,1,2012,36,"2012/09/02 00:00:00",NSW1,155027.21565901,141072.21874583,0.91
D,CO2EII,PUBLISHING,1,2012,36,"2012/09/02 00:00:00",QLD1,134795.38762232,114808.31032284,0.8517
D,CO2EII,PUBLISHING,1,2012,36,"2012/09/02 00:00:00",SA1,29679.505072,12976.86994402,0.4372
D,CO2EII,PUBLISHING,1,2012,36,"2012/09/02 00:00:00",TAS1,38547.74537799,2089.59115963,0.0542
D,CO2EII,PUBLISHING,1,2012,36,"2012/09/02 00:00:00",VIC1,114419.530549,137521.79002324,1.2019
D,CO2EII,PUBLISHING,1,2012,36,"2012/09/03 00:00:00",NEM,521033.25398902,447748.08708361,0.8593
D,CO2EII,PUBLISHING,1,2012,36,"2012/09/03 00:00:00",NSW1,173789.04848301,156695.92266289,0.9016
D,CO2EII,PUBLISHING,1,2012,36,"2012/09/03 00:00:00",QLD1,146080.371896,122005.35868728,0.8352
D,CO2EII,PUBLISHING,1,2012,36,"2012/09/03 00:00:00",SA1,33887.813569,17368.52209794,0.5125
D,CO2EII,PUBLISHING,1,2012,36,"2012/09/03 00:00:00",TAS1,41042.209145,2089.86362382,0.0509
D,CO2EII,PUBLISHING,1,2012,36,"2012/09/03 00:00:00",VIC1,126233.81089601,149588.42001168,1.185
D,CO2EII,PUBLISHING,1,2012,36,"2012/09/04 00:00:00",NEM,514850.24473731,428395.17513081,0.8321
D,CO2EII,PUBLISHING,1,2012,36,"2012/09/04 00:00:00",NSW1,162183.960945,142488.5199553,0.8786
D,CO2EII,PUBLISHING,1,2012,36,"2012/09/04 00:00:00",QLD1,149590.27287732,125201.83491529,0.837
D,CO2EII,PUBLISHING,1,2012,36,"2012/09/04 00:00:00",SA1,38359.53322499,11474.58908878,0.2991
D,CO2EII,PUBLISHING,1,2012,36,"2012/09/04 00:00:00",TAS1,39255.152925,2198.84678216,0.056
D,CO2EII,PUBLISHING,1,2012,36,"2012/09/04 00:00:00",VIC1,125461.324765,147031.38438928,1.1719
D,CO2EII,PUBLISHING,1,2012,36,"2012/09/05 00:00:00",NEM,508357.3576317,415170.53672881,0.8167
D,CO2EII,PUBLISHING,1,2012,36,"2012/09/05 00:00:00",NSW1,161139.416652,138804.39594559,0.8614
D,CO2EII,PUBLISHING,1,2012,36,"2012/09/05 00:00:00",QLD1,147125.6876977,123472.84132566,0.8392
D,CO2EII,PUBLISHING,1,2012,36,"2012/09/05 00:00:00",SA1,36241.682367,10971.14887817,0.3027
D,CO2EII,PUBLISHING,1,2012,36,"2012/09/05 00:00:00",TAS1,40761.226339,2079.77733067,0.051
D,CO2EII,PUBLISHING,1,2012,36,"2012/09/05 00:00:00",VIC1,123089.344576,139842.37324872,1.1361
D,CO2EII,PUBLISHING,1,2012,36,"2012/09/06 00:00:00",NEM,509355.37526698,413256.24229088,0.8113
D,CO2EII,PUBLISHING,1,2012,36,"2012/09/06 00:00:00",NSW1,162570.81771799,136030.83790675,0.8367
D,CO2EII,PUBLISHING,1,2012,36,"2012/09/06 00:00:00",QLD1,144881.42167099,122288.41608595,0.8441
D,CO2EII,PUBLISHING,1,2012,36,"2012/09/06 00:00:00",SA1,37949.464158,9731.49098976,0.2564
D,CO2EII,PUBLISHING,1,2012,36,"2012/09/06 00:00:00",TAS1,39455.858933,2197.88462969,0.0557
D,CO2EII,PUBLISHING,1,2012,36,"2012/09/06 00:00:00",VIC1,124497.812787,143007.61267873,1.1487
D,CO2EII,PUBLISHING,1,2012,36,"2012/09/07 00:00:00",NEM,518213.77152001,424363.48645459,0.8189
D,CO2EII,PUBLISHING,1,2012,36,"2012/09/07 00:00:00",NSW1,168838.68784001,145918.63412629,0.8642
D,CO2EII,PUBLISHING,1,2012,36,"2012/09/07 00:00:00",QLD1,143834.375663,123368.45727009,0.8577
D,CO2EII,PUBLISHING,1,2012,36,"2012/09/07 00:00:00",SA1,39155.86187701,10550.91000743,0.2695
D,CO2EII,PUBLISHING,1,2012,36,"2012/09/07 00:00:00",TAS1,42084.159515,1894.65995837,0.045
D,CO2EII,PUBLISHING,1,2012,36,"2012/09/07 00:00:00",VIC1,124300.68662499,142630.82509241,1.1475
D,CO2EII,PUBLISHING,1,2012,36,"2012/09/08 00:00:00",NEM,473181.3283347,402046.57911784,0.8497
D,CO2EII,PUBLISHING,1,2012,36,"2012/09/08 00:00:00",NSW1,157970.03665099,141903.98380011,0.8983
D,CO2EII,PUBLISHING,1,2012,36,"2012/09/08 00:00:00",QLD1,128241.8328267,110008.43585799,0.8578
D,CO2EII,PUBLISHING,1,2012,36,"2012/09/08 00:00:00",SA1,33801.11243301,10786.53462528,0.3191
D,CO2EII,PUBLISHING,1,2012,36,"2012/09/08 00:00:00",TAS1,39572.449927,1689.52589066,0.0427
D,CO2EII,PUBLISHING,1,2012,36,"2012/09/08 00:00:00",VIC1,113595.896497,137658.0989438,1.2118
D,CO2EII,PUBLISHING,1,2012,37,"2012/09/09 00:00:00",NEM,455777.06748698,406168.42923546,0.8912
D,CO2EII,PUBLISHING,1,2012,37,"2012/09/09 00:00:00",NSW1,150344.051248,137459.00728972,0.9143
D,CO2EII,PUBLISHING,1,2012,37,"2012/09/09 00:00:00",QLD1,127470.71625799,108491.72632538,0.8511
D,CO2EII,PUBLISHING,1,2012,37,"2012/09/09 00:00:00",SA1,23138.73126499,13507.22362954,0.5837
D,CO2EII,PUBLISHING,1,2012,37,"2012/09/09 00:00:00",TAS1,38131.82155699,1884.02179992,0.0494
D,CO2EII,PUBLISHING,1,2012,37,"2012/09/09 00:00:00",VIC1,116691.74715901,144826.4501909,1.2411
D,CO2EII,PUBLISHING,1,2012,37,"2012/09/10 00:00:00",NEM,511890.24114398,445274.34686424,0.8699
D,CO2EII,PUBLISHING,1,2012,37,"2012/09/10 00:00:00",NSW1,183200.679585,163698.28507672,0.8935
D,CO2EII,PUBLISHING,1,2012,37,"2012/09/10 00:00:00",QLD1,132910.31336699,112967.68355528,0.85
D,CO2EII,PUBLISHING,1,2012,37,"2012/09/10 00:00:00",SA1,29229.39551699,18124.17602499,0.6201
D,CO2EII,PUBLISHING,1,2012,37,"2012/09/10 00:00:00",TAS1,41502.006099,2034.2000075,0.049
D,CO2EII,PUBLISHING,1,2012,37,"2012/09/10 00:00:00",VIC1,125047.846576,148450.00219975,1.1871
D,CO2EII,PUBLISHING,1,2012,37,"2012/09/11 00:00:00",NEM,508806.31780467,434625.9651007,0.8542
D,CO2EII,PUBLISHING,1,2012,37,"2012/09/11 00:00:00",NSW1,179034.51772901,160154.35417475,0.8945
D,CO2EII,PUBLISHING,1,2012,37,"2012/09/11 00:00:00",QLD1,132425.47868267,112231.26179493,0.8475
D,CO2EII,PUBLISHING,1,2012,37,"2012/09/11 00:00:00",SA1,30460.48986201,18505.84799506,0.6075
D,CO2EII,PUBLISHING,1,2012,37,"2012/09/11 00:00:00",TAS1,40022.470794,1772.96741149,0.0443
D,CO2EII,PUBLISHING,1,2012,37,"2012/09/11 00:00:00",VIC1,126863.36073698,141961.53372447,1.119
D,CO2EII,PUBLISHING,1,2012,37,"2012/09/12 00:00:00",NEM,506993.30974802,422110.29585305,0.8326
D,CO2EII,PUBLISHING,1,2012,37,"2012/09/12 00:00:00",NSW1,174074.290508,153439.06109177,0.8815
D,CO2EII,PUBLISHING,1,2012,37,"2012/09/12 00:00:00",QLD1,131643.03708202,111588.53475017,0.8477
D,CO2EII,PUBLISHING,1,2012,37,"2012/09/12 00:00:00",SA1,36280.86366799,11097.16441035,0.3059
D,CO2EII,PUBLISHING,1,2012,37,"2012/09/12 00:00:00",TAS1,39002.85026901,1848.2405005,0.0474
D,CO2EII,PUBLISHING,1,2012,37,"2012/09/12 00:00:00",VIC1,125992.268221,144137.29510026,1.144
D,CO2EII,PUBLISHING,1,2012,37,"2012/09/13 00:00:00",NEM,519649.48006835,435632.773914,0.8383
D,CO2EII,PUBLISHING,1,2012,37,"2012/09/13 00:00:00",NSW1,180631.55631801,162650.51692551,0.9005
D,CO2EII,PUBLISHING,1,2012,37,"2012/09/13 00:00:00",QLD1,137212.82319434,117089.11915215,0.8533
D,CO2EII,PUBLISHING,1,2012,37,"2012/09/13 00:00:00",SA1,34377.52326401,13242.59842428,0.3852
D,CO2EII,PUBLISHING,1,2012,37,"2012/09/13 00:00:00",TAS1,41503.11189301,1854.68157578,0.0447
D,CO2EII,PUBLISHING,1,2012,37,"2012/09/13 00:00:00",VIC1,125924.46539898,140795.85783628,1.1181
D,CO2EII,PUBLISHING,1,2012,37,"2012/09/14 00:00:00",NEM,520040.87172026,450552.63177075,0.8664
D,CO2EII,PUBLISHING,1,2012,37,"2012/09/14 00:00:00",NSW1,182463.06913101,162572.47420298,0.891
D,CO2EII,PUBLISHING,1,2012,37,"2012/09/14 00:00:00",QLD1,138078.40354424,119406.26256663,0.8648
D,CO2EII,PUBLISHING,1,2012,37,"2012/09/14 00:00:00",SA1,30693.927571,16598.46740924,0.5408
D,CO2EII,PUBLISHING,1,2012,37,"2012/09/14 00:00:00",TAS1,41832.67026301,1779.83774405,0.0425
D,CO2EII,PUBLISHING,1,2012,37,"2012/09/14 00:00:00",VIC1,126972.801211,150195.58984785,1.1829
D,CO2EII,PUBLISHING,1,2012,37,"2012/09/15 00:00:00",NEM,474739.45186984,422537.58203869,0.89
D,CO2EII,PUBLISHING,1,2012,37,"2012/09/15 00:00:00",NSW1,165705.963875,146874.26527932,0.8864
D,CO2EII,PUBLISHING,1,2012,37,"2012/09/15 00:00:00",QLD1,126504.13078187,109923.99923241,0.8689
D,CO2EII,PUBLISHING,1,2012,37,"2012/09/15 00:00:00",SA1,24468.30353999,15154.24089152,0.6193
D,CO2EII,PUBLISHING,1,2012,37,"2012/09/15 00:00:00",TAS1,40852.304522,1928.16620364,0.0472
D,CO2EII,PUBLISHING,1,2012,37,"2012/09/15 00:00:00",VIC1,117208.74915098,148656.9104318,1.2683
D,CO2EII,PUBLISHING,1,2012,38,"2012/09/16 00:00:00",NEM,462514.82735547,416269.59346071,0.9
D,CO2EII,PUBLISHING,1,2012,38,"2012/09/16 00:00:00",NSW1,152172.53126199,138197.42996374,0.9082
D,CO2EII,PUBLISHING,1,2012,38,"2012/09/16 00:00:00",QLD1,126760.13366148,110872.07572958,0.8747
D,CO2EII,PUBLISHING,1,2012,38,"2012/09/16 00:00:00",SA1,23396.190115,13265.72238515,0.567
D,CO2EII,PUBLISHING,1,2012,38,"2012/09/16 00:00:00",TAS1,40668.207933,1839.75055608,0.0452
D,CO2EII,PUBLISHING,1,2012,38,"2012/09/16 00:00:00",VIC1,119517.764384,152094.61482616,1.2726
D,CO2EII,PUBLISHING,1,2012,38,"2012/09/17 00:00:00",NEM,514348.26780833,451951.95339108,0.8787
D,CO2EII,PUBLISHING,1,2012,38,"2012/09/17 00:00:00",NSW1,176018.405552,155007.34712789,0.8806
D,CO2EII,PUBLISHING,1,2012,38,"2012/09/17 00:00:00",QLD1,137370.11291534,118713.68259557,0.8642
D,CO2EII,PUBLISHING,1,2012,38,"2012/09/17 00:00:00",SA1,27503.989891,17267.65118782,0.6278
D,CO2EII,PUBLISHING,1,2012,38,"2012/09/17 00:00:00",TAS1,43045.431599,2003.80267599,0.0466
D,CO2EII,PUBLISHING,1,2012,38,"2012/09/17 00:00:00",VIC1,130410.32785099,158959.46980381,1.2189
D,CO2EII,PUBLISHING,1,2012,38,"2012/09/18 00:00:00",NEM,518840.06819762,454779.12404793,0.8765
D,CO2EII,PUBLISHING,1,2012,38,"2012/09/18 00:00:00",NSW1,174429.42902299,152987.78675559,0.8771
D,CO2EII,PUBLISHING,1,2012,38,"2012/09/18 00:00:00",QLD1,141737.47073464,123724.10193413,0.8729
D,CO2EII,PUBLISHING,1,2012,38,"2012/09/18 00:00:00",SA1,28584.58285,16842.48033374,0.5892
D,CO2EII,PUBLISHING,1,2012,38,"2012/09/18 00:00:00",TAS1,41678.060437,2041.15337657,0.049
D,CO2EII,PUBLISHING,1,2012,38,"2012/09/18 00:00:00",VIC1,132410.52515299,159183.6016479,1.2022
D,CO2EII,PUBLISHING,1,2012,38,"2012/09/19 00:00:00",NEM,512464.89421072,441550.55119097,0.8616
D,CO2EII,PUBLISHING,1,2012,38,"2012/09/19 00:00:00",NSW1,160581.54183,139878.31489385,0.8711
D,CO2EII,PUBLISHING,1,2012,38,"2012/09/19 00:00:00",QLD1,147805.13410071,127822.49316925,0.8648
D,CO2EII,PUBLISHING,1,2012,38,"2012/09/19 00:00:00",SA1,34707.297211,14745.46254994,0.4249
D,CO2EII,PUBLISHING,1,2012,38,"2012/09/19 00:00:00",TAS1,40666.817299,2032.31336657,0.05
D,CO2EII,PUBLISHING,1,2012,38,"2012/09/19 00:00:00",VIC1,128704.10377001,157071.96721136,1.2204
D,CO2EII,PUBLISHING,1,2012,38,"2012/09/20 00:00:00",NEM,507524.94736686,437257.36255709,0.8615
D,CO2EII,PUBLISHING,1,2012,38,"2012/09/20 00:00:00",NSW1,156921.42526901,137945.77568329,0.8791
D,CO2EII,PUBLISHING,1,2012,38,"2012/09/20 00:00:00",QLD1,145881.95360085,127158.97967789,0.8717
D,CO2EII,PUBLISHING,1,2012,38,"2012/09/20 00:00:00",SA1,36028.374759,14728.37729289,0.4088
D,CO2EII,PUBLISHING,1,2012,38,"2012/09/20 00:00:00",TAS1,40566.59090099,1749.55478022,0.0431
D,CO2EII,PUBLISHING,1,2012,38,"2012/09/20 00:00:00",VIC1,128126.60283701,155674.6751228,1.215
D,CO2EII,PUBLISHING,1,2012,38,"2012/09/21 00:00:00",NEM,504649.86230062,438545.47967305,0.869
D,CO2EII,PUBLISHING,1,2012,38,"2012/09/21 00:00:00",NSW1,146672.278067,130715.63554911,0.8912
D,CO2EII,PUBLISHING,1,2012,38,"2012/09/21 00:00:00",QLD1,146164.52699561,127040.3457253,0.8692
D,CO2EII,PUBLISHING,1,2012,38,"2012/09/21 00:00:00",SA1,28261.142883,15858.48038988,0.5611
D,CO2EII,PUBLISHING,1,2012,38,"2012/09/21 00:00:00",TAS1,41212.222879,1781.79948396,0.0432
D,CO2EII,PUBLISHING,1,2012,38,"2012/09/21 00:00:00",VIC1,142339.69147601,163149.2185248,1.1462
D,CO2EII,PUBLISHING,1,2012,38,"2012/09/22 00:00:00",NEM,459707.27806385,403408.51239195,0.8775
D,CO2EII,PUBLISHING,1,2012,38,"2012/09/22 00:00:00",NSW1,131043.013193,118759.17004523,0.9063
D,CO2EII,PUBLISHING,1,2012,38,"2012/09/22 00:00:00",QLD1,135521.52583786,118666.17898676,0.8756
D,CO2EII,PUBLISHING,1,2012,38,"2012/09/22 00:00:00",SA1,32825.049407,11661.27356001,0.3553
D,CO2EII,PUBLISHING,1,2012,38,"2012/09/22 00:00:00",TAS1,38235.295691,1897.63577963,0.0496
D,CO2EII,PUBLISHING,1,2012,38,"2012/09/22 00:00:00",VIC1,122082.39393499,152424.25402032,1.2485
D,CO2EII,PUBLISHING,1,2012,39,"2012/09/23 00:00:00",NEM,450317.35632517,381737.21837728,0.8477
D,CO2EII,PUBLISHING,1,2012,39,"2012/09/23 00:00:00",NSW1,127206.957821,112179.26891483,0.8819
D,CO2EII,PUBLISHING,1,2012,39,"2012/09/23 00:00:00",QLD1,134917.23387816,117073.25980342,0.8677
D,CO2EII,PUBLISHING,1,2012,39,"2012/09/23 00:00:00",SA1,36052.06450901,10937.6633168,0.3034
D,CO2EII,PUBLISHING,1,2012,39,"2012/09/23 00:00:00",TAS1,37453.390194,1824.21407616,0.0487
D,CO2EII,PUBLISHING,1,2012,39,"2012/09/23 00:00:00",VIC1,114687.709923,139722.81226607,1.2183
D,CO2EII,PUBLISHING,1,2012,39,"2012/09/24 00:00:00",NEM,509748.25098326,432086.30156711,0.8476
D,CO2EII,PUBLISHING,1,2012,39,"2012/09/24 00:00:00",NSW1,151565.437186,134867.36652983,0.8898
D,CO2EII,PUBLISHING,1,2012,39,"2012/09/24 00:00:00",QLD1,147568.98335326,127346.9177536,0.863
D,CO2EII,PUBLISHING,1,2012,39,"2012/09/24 00:00:00",SA1,31535.08274799,17253.95198587,0.5471
D,CO2EII,PUBLISHING,1,2012,39,"2012/09/24 00:00:00",TAS1,43007.792209,1917.35514854,0.0446
D,CO2EII,PUBLISHING,1,2012,39,"2012/09/24 00:00:00",VIC1,136070.95548701,150700.71014927,1.1075
D,CO2EII,PUBLISHING,1,2012,39,"2012/09/25 00:00:00",NEM,511331.70865796,434268.0301964,0.8493
D,CO2EII,PUBLISHING,1,2012,39,"2012/09/25 00:00:00",NSW1,151234.089739,134586.26304763,0.8899
D,CO2EII,PUBLISHING,1,2012,39,"2012/09/25 00:00:00",QLD1,152920.79732896,130607.5949215,0.8541
D,CO2EII,PUBLISHING,1,2012,39,"2012/09/25 00:00:00",SA1,33886.78074301,16384.73897761,0.4835
D,CO2EII,PUBLISHING,1,2012,39,"2012/09/25 00:00:00",TAS1,42254.89986899,2022.39081648,0.0479
D,CO2EII,PUBLISHING,1,2012,39,"2012/09/25 00:00:00",VIC1,131035.140978,150667.04243318,1.1498
D,CO2EII,PUBLISHING,1,2012,39,"2012/09/26 00:00:00",NEM,499412.16561338,416083.67401283,0.8331
D,CO2EII,PUBLISHING,1,2012,39,"2012/09/26 00:00:00",NSW1,146994.20783801,128093.57138151,0.8714
D,CO2EII,PUBLISHING,1,2012,39,"2012/09/26 00:00:00",QLD1,145586.68379738,124584.90081393,0.8557
D,CO2EII,PUBLISHING,1,2012,39,"2012/09/26 00:00:00",SA1,38513.04716801,13090.35172214,0.3399
D,CO2EII,PUBLISHING,1,2012,39,"2012/09/26 00:00:00",TAS1,39991.153631,1716.48463241,0.0429
D,CO2EII,PUBLISHING,1,2012,39,"2012/09/26 00:00:00",VIC1,128327.07317898,148598.36546284,1.158
D,CO2EII,PUBLISHING,1,2012,39,"2012/09/27 00:00:00",NEM,497244.24810519,427284.34726173,0.8593
D,CO2EII,PUBLISHING,1,2012,39,"2012/09/27 00:00:00",NSW1,145150.297679,128005.30374861,0.8819
D,CO2EII,PUBLISHING,1,2012,39,"2012/09/27 00:00:00",QLD1,149292.0014352,129399.87214752,0.8668
D,CO2EII,PUBLISHING,1,2012,39,"2012/09/27 00:00:00",SA1,30423.89851299,14865.10708762,0.4886
D,CO2EII,PUBLISHING,1,2012,39,"2012/09/27 00:00:00",TAS1,38442.185541,1778.62916933,0.0463
D,CO2EII,PUBLISHING,1,2012,39,"2012/09/27 00:00:00",VIC1,133935.864937,153235.43510865,1.1441
D,CO2EII,PUBLISHING,1,2012,39,"2012/09/28 00:00:00",NEM,502281.19412872,419297.3362903,0.8348
D,CO2EII,PUBLISHING,1,2012,39,"2012/09/28 00:00:00",NSW1,148813.2648,133243.03724273,0.8954
D,CO2EII,PUBLISHING,1,2012,39,"2012/09/28 00:00:00",QLD1,142934.94332071,122735.68847264,0.8587
D,CO2EII,PUBLISHING,1,2012,39,"2012/09/28 00:00:00",SA1,37213.988456,12130.12542839,0.326
D,CO2EII,PUBLISHING,1,2012,39,"2012/09/28 00:00:00",TAS1,38928.926369,1899.46691594,0.0488
D,CO2EII,PUBLISHING,1,2012,39,"2012/09/28 00:00:00",VIC1,134390.07118301,149289.0182306,1.1109
D,CO2EII,PUBLISHING,1,2012,39,"2012/09/29 00:00:00",NEM,466307.87971716,391303.99043266,0.8392
D,CO2EII,PUBLISHING,1,2012,39,"2012/09/29 00:00:00",NSW1,127308.471858,114035.70472387,0.8957
D,CO2EII,PUBLISHING,1,2012,39,"2012/09/29 00:00:00",QLD1,135646.33506017,115255.11691188,0.8497
D,CO2EII,PUBLISHING,1,2012,39,"2012/09/29 00:00:00",SA1,33620.558037,13634.42775085,0.4055
D,CO2EII,PUBLISHING,1,2012,39,"2012/09/29 00:00:00",TAS1,38837.969135,1961.52907794,0.0505
D,CO2EII,PUBLISHING,1,2012,39,"2012/09/29 00:00:00",VIC1,130894.54562699,146417.21196812,1.1186
D,CO2EII,PUBLISHING,1,2012,40,"2012/09/30 00:00:00",NEM,453763.45801195,391540.99991407,0.8629
D,CO2EII,PUBLISHING,1,2012,40,"2012/09/30 00:00:00",NSW1,127228.947397,112514.40002037,0.8843
D,CO2EII,PUBLISHING,1,2012,40,"2012/09/30 00:00:00",QLD1,139526.84594496,118131.00796218,0.8467
D,CO2EII,PUBLISHING,1,2012,40,"2012/09/30 00:00:00",SA1,29326.085727,17694.67341688,0.6034
D,CO2EII,PUBLISHING,1,2012,40,"2012/09/30 00:00:00",TAS1,38667.809554,1915.01255962,0.0495
D,CO2EII,PUBLISHING,1,2012,40,"2012/09/30 00:00:00",VIC1,119013.76938899,141285.90595502,1.1871
D,CO2EII,PUBLISHING,1,2012,40,"2012/10/01 00:00:00",NEM,470981.09610675,407774.66611545,0.8658
D,CO2EII,PUBLISHING,1,2012,40,"2012/10/01 00:00:00",NSW1,130624.366911,115964.80291922,0.8878
D,CO2EII,PUBLISHING,1,2012,40,"2012/10/01 00:00:00",QLD1,140166.86420674,117218.5301012,0.8363
D,CO2EII,PUBLISHING,1,2012,40,"2012/10/01 00:00:00",SA1,30760.712812,18223.24105837,0.5924
D,CO2EII,PUBLISHING,1,2012,40,"2012/10/01 00:00:00",TAS1,40139.379388,1485.47592636,0.037
D,CO2EII,PUBLISHING,1,2012,40,"2012/10/01 00:00:00",VIC1,129289.77278901,154882.6161103,1.1979
D,CO2EII,PUBLISHING,1,2012,40,"2012/10/02 00:00:00",NEM,495199.28193492,430796.06043305,0.8699
D,CO2EII,PUBLISHING,1,2012,40,"2012/10/02 00:00:00",NSW1,146127.60857,132016.7734047,0.9034
D,CO2EII,PUBLISHING,1,2012,40,"2012/10/02 00:00:00",QLD1,150329.6895159,125024.29589233,0.8317
D,CO2EII,PUBLISHING,1,2012,40,"2012/10/02 00:00:00",SA1,30271.233452,18255.29203954,0.6031
D,CO2EII,PUBLISHING,1,2012,40,"2012/10/02 00:00:00",TAS1,39163.28631701,1984.83657904,0.0507
D,CO2EII,PUBLISHING,1,2012,40,"2012/10/02 00:00:00",VIC1,129307.46408001,153514.86251744,1.1872
D,CO2EII,PUBLISHING,1,2012,40,"2012/10/03 00:00:00",NEM,494355.54979082,421113.74242251,0.8518
D,CO2EII,PUBLISHING,1,2012,40,"2012/10/03 00:00:00",NSW1,146242.461314,128334.86836435,0.8775
D,CO2EII,PUBLISHING,1,2012,40,"2012/10/03 00:00:00",QLD1,148870.65164282,123249.49217624,0.8279
D,CO2EII,PUBLISHING,1,2012,40,"2012/10/03 00:00:00",SA1,33812.202345,16796.57838274,0.4968
D,CO2EII,PUBLISHING,1,2012,40,"2012/10/03 00:00:00",TAS1,38808.409083,1974.69501345,0.0509
D,CO2EII,PUBLISHING,1,2012,40,"2012/10/03 00:00:00",VIC1,126621.825406,150758.10848573,1.1906
D,CO2EII,PUBLISHING,1,2012,40,"2012/10/04 00:00:00",NEM,498679.24869004,419002.85834902,0.8402
D,CO2EII,PUBLISHING,1,2012,40,"2012/10/04 00:00:00",NSW1,150827.556717,129427.57088684,0.8581
D,CO2EII,PUBLISHING,1,2012,40,"2012/10/04 00:00:00",QLD1,145745.90256102,124567.8866698,0.8547
D,CO2EII,PUBLISHING,1,2012,40,"2012/10/04 00:00:00",SA1,37560.8571,15390.40802842,0.4097
D,CO2EII,PUBLISHING,1,2012,40,"2012/10/04 00:00:00",TAS1,36844.593027,1790.15556934,0.0486
D,CO2EII,PUBLISHING,1,2012,40,"2012/10/04 00:00:00",VIC1,127700.33928502,147826.83719462,1.1576
D,CO2EII,PUBLISHING,1,2012,40,"2012/10/05 00:00:00",NEM,496587.24881607,427095.07262599,0.8601
D,CO2EII,PUBLISHING,1,2012,40,"2012/10/05 00:00:00",NSW1,147563.387994,125668.09097374,0.8516
D,CO2EII,PUBLISHING,1,2012,40,"2012/10/05 00:00:00",QLD1,147250.26875705,126442.50455033,0.8587
D,CO2EII,PUBLISHING,1,2012,40,"2012/10/05 00:00:00",SA1,30369.693617,18405.9489583,0.6061
D,CO2EII,PUBLISHING,1,2012,40,"2012/10/05 00:00:00",TAS1,36371.966625,1881.69279821,0.0517
D,CO2EII,PUBLISHING,1,2012,40,"2012/10/05 00:00:00",VIC1,135031.93182302,154696.83534541,1.1456
D,CO2EII,PUBLISHING,1,2012,40,"2012/10/06 00:00:00",NEM,469559.26593616,410152.80184417,0.8735
D,CO2EII,PUBLISHING,1,2012,40,"2012/10/06 00:00:00",NSW1,128280.942333,114171.57165606,0.89
D,CO2EII,PUBLISHING,1,2012,40,"2012/10/06 00:00:00",QLD1,137765.47555916,118117.2713457,0.8574
D,CO2EII,PUBLISHING,1,2012,40,"2012/10/06 00:00:00",SA1,34065.725752,16329.00886411,0.4793
D,CO2EII,PUBLISHING,1,2012,40,"2012/10/06 00:00:00",TAS1,35562.799709,1882.47409152,0.0529
D,CO2EII,PUBLISHING,1,2012,40,"2012/10/06 00:00:00",VIC1,133884.322583,159652.47588678,1.1925
D,CO2EII,PUBLISHING,1,2012,41,"2012/10/07 00:00:00",NEM,451791.86241457,402304.94428712,0.8905
D,CO2EII,PUBLISHING,1,2012,41,"2012/10/07 00:00:00",NSW1,123990.1941,111677.25658345,0.9007
D,CO2EII,PUBLISHING,1,2012,41,"2012/10/07 00:00:00",QLD1,130762.19021356,111650.12586063,0.8538
D,CO2EII,PUBLISHING,1,2012,41,"2012/10/07 00:00:00",SA1,28763.750964,16404.95014654,0.5703
D,CO2EII,PUBLISHING,1,2012,41,"2012/10/07 00:00:00",TAS1,34711.730091,1911.32918475,0.0551
D,CO2EII,PUBLISHING,1,2012,41,"2012/10/07 00:00:00",VIC1,133563.99704601,160661.28251175,1.2029
D,CO2EII,PUBLISHING,1,2012,41,"2012/10/08 00:00:00",NEM,502803.29670818,440234.60999412,0.8756
D,CO2EII,PUBLISHING,1,2012,41,"2012/10/08 00:00:00",NSW1,146403.219376,127628.97175402,0.8718
D,CO2EII,PUBLISHING,1,2012,41,"2012/10/08 00:00:00",QLD1,145244.82343716,123848.72921679,0.8527
D,CO2EII,PUBLISHING,1,2012,41,"2012/10/08 00:00:00",SA1,32812.23479801,19913.78315894,0.6069
D,CO2EII,PUBLISHING,1,2012,41,"2012/10/08 00:00:00",TAS1,37267.86418399,2038.91215153,0.0547
D,CO2EII,PUBLISHING,1,2012,41,"2012/10/08 00:00:00",VIC1,141075.15491302,166804.21371284,1.1824
D,CO2EII,PUBLISHING,1,2012,41,"2012/10/09 00:00:00",NEM,507399.54173103,444549.11765784,0.8761
D,CO2EII,PUBLISHING,1,2012,41,"2012/10/09 00:00:00",NSW1,142275.910751,120733.26485367,0.8486
D,CO2EII,PUBLISHING,1,2012,41,"2012/10/09 00:00:00",QLD1,149668.36479602,129129.60589668,0.8628
D,CO2EII,PUBLISHING,1,2012,41,"2012/10/09 00:00:00",SA1,34790.478276,20223.50755433,0.5813
D,CO2EII,PUBLISHING,1,2012,41,"2012/10/09 00:00:00",TAS1,38210.21541501,2051.37531724,0.0537
D,CO2EII,PUBLISHING,1,2012,41,"2012/10/09 00:00:00",VIC1,142454.572493,172411.36403592,1.2103
D,CO2EII,PUBLISHING,1,2012,41,"2012/10/10 00:00:00",NEM,513006.89874278,445632.12825003,0.8687
D,CO2EII,PUBLISHING,1,2012,41,"2012/10/10 00:00:00",NSW1,149930.383959,128526.96103376,0.8572
D,CO2EII,PUBLISHING,1,2012,41,"2012/10/10 00:00:00",QLD1,148864.86921276,125983.0237355,0.8463
D,CO2EII,PUBLISHING,1,2012,41,"2012/10/10 00:00:00",SA1,39021.02802,19909.86013448,0.5102
D,CO2EII,PUBLISHING,1,2012,41,"2012/10/10 00:00:00",TAS1,36429.699704,2151.15697284,0.059
D,CO2EII,PUBLISHING,1,2012,41,"2012/10/10 00:00:00",VIC1,138760.91784702,169061.12637345,1.2184
D,CO2EII,PUBLISHING,1,2012,41,"2012/10/11 00:00:00",NEM,522640.90396716,442593.67067748,0.8468
D,CO2EII,PUBLISHING,1,2012,41,"2012/10/11 00:00:00",NSW1,156537.126933,134528.82439885,0.8594
D,CO2EII,PUBLISHING,1,2012,41,"2012/10/11 00:00:00",QLD1,145690.04437617,124929.91969744,0.8575
D,CO2EII,PUBLISHING,1,2012,41,"2012/10/11 00:00:00",SA1,45809.101709,20593.89638046,0.4496
D,CO2EII,PUBLISHING,1,2012,41,"2012/10/11 00:00:00",TAS1,37296.009901,2135.56129527,0.0573
D,CO2EII,PUBLISHING,1,2012,41,"2012/10/11 00:00:00",VIC1,137308.62104799,160405.46890546,1.1682
D,CO2EII,PUBLISHING,1,2012,41,"2012/10/12 00:00:00",NEM,515385.75306686,442216.08813897,0.858
D,CO2EII,PUBLISHING,1,2012,41,"2012/10/12 00:00:00",NSW1,166332.926674,141872.20126351,0.8529
D,CO2EII,PUBLISHING,1,2012,41,"2012/10/12 00:00:00",QLD1,142392.92860186,121882.87883433,0.856
D,CO2EII,PUBLISHING,1,2012,41,"2012/10/12 00:00:00",SA1,37460.28817299,23348.19930441,0.6233
D,CO2EII,PUBLISHING,1,2012,41,"2012/10/12 00:00:00",TAS1,38443.593225,2126.4514549,0.0553
D,CO2EII,PUBLISHING,1,2012,41,"2012/10/12 00:00:00",VIC1,130756.01639301,152986.35728182,1.17
D,CO2EII,PUBLISHING,1,2012,41,"2012/10/13 00:00:00",NEM,463150.449988,420607.84325624,0.9081
D,CO2EII,PUBLISHING,1,2012,41,"2012/10/13 00:00:00",NSW1,142466.205668,126080.22405842,0.885
D,CO2EII,PUBLISHING,1,2012,41,"2012/10/13 00:00:00",QLD1,136637.80713799,116468.90526858,0.8524
D,CO2EII,PUBLISHING,1,2012,41,"2012/10/13 00:00:00",SA1,30289.338457,20568.37554869,0.6791
D,CO2EII,PUBLISHING,1,2012,41,"2012/10/13 00:00:00",TAS1,29677.580159,2057.14192836,0.0693
D,CO2EII,PUBLISHING,1,2012,41,"2012/10/13 00:00:00",VIC1,124079.51856601,155433.19645219,1.2527
D,CO2EII,PUBLISHING,1,2012,42,"2012/10/14 00:00:00",NEM,443711.69563352,395099.3464961,0.8904
D,CO2EII,PUBLISHING,1,2012,42,"2012/10/14 00:00:00",NSW1,133434.66013699,117171.38780881,0.8781
D,CO2EII,PUBLISHING,1,2012,42,"2012/10/14 00:00:00",QLD1,131434.86072753,112403.93139846,0.8552
D,CO2EII,PUBLISHING,1,2012,42,"2012/10/14 00:00:00",SA1,33258.29602,14461.87897142,0.4348
D,CO2EII,PUBLISHING,1,2012,42,"2012/10/14 00:00:00",TAS1,26561.760542,1753.4534736,0.066
D,CO2EII,PUBLISHING,1,2012,42,"2012/10/14 00:00:00",VIC1,119022.118207,149308.69484381,1.2545
D,CO2EII,PUBLISHING,1,2012,42,"2012/10/15 00:00:00",NEM,493910.21160631,416916.04971175,0.8441
D,CO2EII,PUBLISHING,1,2012,42,"2012/10/15 00:00:00",NSW1,150600.339333,127062.90572561,0.8437
D,CO2EII,PUBLISHING,1,2012,42,"2012/10/15 00:00:00",QLD1,147124.81786832,123652.26000597,0.8405
D,CO2EII,PUBLISHING,1,2012,42,"2012/10/15 00:00:00",SA1,36971.71241899,15784.27623491,0.4269
D,CO2EII,PUBLISHING,1,2012,42,"2012/10/15 00:00:00",TAS1,30706.023697,1929.04490983,0.0628
D,CO2EII,PUBLISHING,1,2012,42,"2012/10/15 00:00:00",VIC1,128507.318289,148487.56283543,1.1555
D,CO2EII,PUBLISHING,1,2012,42,"2012/10/16 00:00:00",NEM,502597.79824559,425028.17522385,0.8457
D,CO2EII,PUBLISHING,1,2012,42,"2012/10/16 00:00:00",NSW1,154036.028788,123852.2929457,0.804
D,CO2EII,PUBLISHING,1,2012,42,"2012/10/16 00:00:00",QLD1,153188.01139059,128947.28397646,0.8418
D,CO2EII,PUBLISHING,1,2012,42,"2012/10/16 00:00:00",SA1,33842.88892,15843.10599571,0.4681
D,CO2EII,PUBLISHING,1,2012,42,"2012/10/16 00:00:00",TAS1,29356.04421,2060.66990862,0.0702
D,CO2EII,PUBLISHING,1,2012,42,"2012/10/16 00:00:00",VIC1,132174.824937,154324.82239736,1.1676
D,CO2EII,PUBLISHING,1,2012,42,"2012/10/17 00:00:00",NEM,501858.89429145,430393.70298375,0.8576
D,CO2EII,PUBLISHING,1,2012,42,"2012/10/17 00:00:00",NSW1,147399.33523245,126745.40659804,0.8599
D,CO2EII,PUBLISHING,1,2012,42,"2012/10/17 00:00:00",QLD1,152686.83831,127504.99545063,0.8351
D,CO2EII,PUBLISHING,1,2012,42,"2012/10/17 00:00:00",SA1,30959.605289,16481.58534614,0.5324
D,CO2EII,PUBLISHING,1,2012,42,"2012/10/17 00:00:00",TAS1,33658.28655399,2075.60215263,0.0617
D,CO2EII,PUBLISHING,1,2012,42,"2012/10/17 00:00:00",VIC1,137154.82890601,157586.11343631,1.149
D,CO2EII,PUBLISHING,1,2012,42,"2012/10/18 00:00:00",NEM,505065.65249201,438964.98995276,0.8691
D,CO2EII,PUBLISHING,1,2012,42,"2012/10/18 00:00:00",NSW1,144792.773979,128239.69805902,0.8857
D,CO2EII,PUBLISHING,1,2012,42,"2012/10/18 00:00:00",QLD1,152597.552845,129485.2705665,0.8485
D,CO2EII,PUBLISHING,1,2012,42,"2012/10/18 00:00:00",SA1,34399.059525,18470.5855955,0.537
D,CO2EII,PUBLISHING,1,2012,42,"2012/10/18 00:00:00",TAS1,36111.555439,2036.67205255,0.0564
D,CO2EII,PUBLISHING,1,2012,42,"2012/10/18 00:00:00",VIC1,137164.71070401,160732.76367919,1.1718
D,CO2EII,PUBLISHING,1,2012,42,"2012/10/19 00:00:00",NEM,505635.89178174,437989.01830603,0.8662
D,CO2EII,PUBLISHING,1,2012,42,"2012/10/19 00:00:00",NSW1,148673.030629,125035.65479124,0.841
D,CO2EII,PUBLISHING,1,2012,42,"2012/10/19 00:00:00",QLD1,151507.10226474,129555.32125869,0.8551
D,CO2EII,PUBLISHING,1,2012,42,"2012/10/19 00:00:00",SA1,34493.375756,20792.89285654,0.6028
D,CO2EII,PUBLISHING,1,2012,42,"2012/10/19 00:00:00",TAS1,36600.140376,2066.77875841,0.0565
D,CO2EII,PUBLISHING,1,2012,42,"2012/10/19 00:00:00",VIC1,134362.242756,160538.37064115,1.1948
D,CO2EII,PUBLISHING,1,2012,42,"2012/10/20 00:00:00",NEM,466073.41919517,414910.57377708,0.8902
D,CO2EII,PUBLISHING,1,2012,42,"2012/10/20 00:00:00",NSW1,128872.107155,111680.58468552,0.8666
D,CO2EII,PUBLISHING,1,2012,42,"2012/10/20 00:00:00",QLD1,147503.29326917,123923.69045672,0.8401
D,CO2EII,PUBLISHING,1,2012,42,"2012/10/20 00:00:00",SA1,29535.188624,18671.6802744,0.6322
D,CO2EII,PUBLISHING,1,2012,42,"2012/10/20 00:00:00",TAS1,30597.28817,1921.14210488,0.0628
D,CO2EII,PUBLISHING,1,2012,42,"2012/10/20 00:00:00",VIC1,129565.541977,158713.47625556,1.225
D,CO2EII,PUBLISHING,1,2012,43,"2012/10/21 00:00:00",NEM,452504.57561001,396154.53766442,0.8755
D,CO2EII,PUBLISHING,1,2012,43,"2012/10/21 00:00:00",NSW1,121725.609844,104288.54566249,0.8568
D,CO2EII,PUBLISHING,1,2012,43,"2012/10/21 00:00:00",QLD1,142548.52592802,119759.46808245,0.8401
D,CO2EII,PUBLISHING,1,2012,43,"2012/10/21 00:00:00",SA1,29346.761316,15252.89680599,0.5197
D,CO2EII,PUBLISHING,1,2012,43,"2012/10/21 00:00:00",TAS1,28639.130669,1852.29663505,0.0647
D,CO2EII,PUBLISHING,1,2012,43,"2012/10/21 00:00:00",VIC1,130244.54785299,155001.33047844,1.1901
D,CO2EII,PUBLISHING,1,2012,43,"2012/10/22 00:00:00",NEM,508659.18288403,441466.33865887,0.8679
D,CO2EII,PUBLISHING,1,2012,43,"2012/10/22 00:00:00",NSW1,147619.032537,126703.88112494,0.8583
D,CO2EII,PUBLISHING,1,2012,43,"2012/10/22 00:00:00",QLD1,155452.78094601,130191.5579336,0.8375
D,CO2EII,PUBLISHING,1,2012,43,"2012/10/22 00:00:00",SA1,35256.617788,18614.79503214,0.528
D,CO2EII,PUBLISHING,1,2012,43,"2012/10/22 00:00:00",TAS1,37493.457773,1993.71422446,0.0532
D,CO2EII,PUBLISHING,1,2012,43,"2012/10/22 00:00:00",VIC1,132837.29384002,163962.39034373,1.2343
D,CO2EII,PUBLISHING,1,2012,43,"2012/10/23 00:00:00",NEM,498010.30483681,416515.05234075,0.8364
D,CO2EII,PUBLISHING,1,2012,43,"2012/10/23 00:00:00",NSW1,144138.36213381,127879.60186166,0.8872
D,CO2EII,PUBLISHING,1,2012,43,"2012/10/23 00:00:00",QLD1,152233.98131701,125220.72714831,0.8226
D,CO2EII,PUBLISHING,1,2012,43,"2012/10/23 00:00:00",SA1,38665.868018,15392.53551005,0.3981
D,CO2EII,PUBLISHING,1,2012,43,"2012/10/23 00:00:00",TAS1,38519.43208,1904.08781436,0.0494
D,CO2EII,PUBLISHING,1,2012,43,"2012/10/23 00:00:00",VIC1,124452.66128799,146118.10000637,1.1741
D,CO2EII,PUBLISHING,1,2012,43,"2012/10/24 00:00:00",NEM,501182.85529401,422875.39280509,0.8438
D,CO2EII,PUBLISHING,1,2012,43,"2012/10/24 00:00:00",NSW1,148243.487567,136307.13340904,0.9195
D,CO2EII,PUBLISHING,1,2012,43,"2012/10/24 00:00:00",QLD1,151827.46081601,125759.09792782,0.8283
D,CO2EII,PUBLISHING,1,2012,43,"2012/10/24 00:00:00",SA1,36263.525957,17131.94768339,0.4724
D,CO2EII,PUBLISHING,1,2012,43,"2012/10/24 00:00:00",TAS1,38292.06584099,1489.82695455,0.0389
D,CO2EII,PUBLISHING,1,2012,43,"2012/10/24 00:00:00",VIC1,126556.31511301,142187.38683029,1.1235
D,CO2EII,PUBLISHING,1,2012,43,"2012/10/25 00:00:00",NEM,505085.53640668,420872.51289928,0.8333
D,CO2EII,PUBLISHING,1,2012,43,"2012/10/25 00:00:00",NSW1,151830.002753,130364.06723335,0.8586
D,CO2EII,PUBLISHING,1,2012,43,"2012/10/25 00:00:00",QLD1,152371.14275167,127320.07688095,0.8356
D,CO2EII,PUBLISHING,1,2012,43,"2012/10/25 00:00:00",SA1,38519.29653,17953.5722058,0.4661
D,CO2EII,PUBLISHING,1,2012,43,"2012/10/25 00:00:00",TAS1,39213.86412101,1998.02458402,0.051
D,CO2EII,PUBLISHING,1,2012,43,"2012/10/25 00:00:00",VIC1,123151.230251,143236.77199516,1.1631
D,CO2EII,PUBLISHING,1,2012,43,"2012/10/26 00:00:00",NEM,502432.42309434,425733.95129339,0.8473
D,CO2EII,PUBLISHING,1,2012,43,"2012/10/26 00:00:00",NSW1,152217.304817,133424.00318762,0.8765
D,CO2EII,PUBLISHING,1,2012,43,"2012/10/26 00:00:00",QLD1,151387.47667734,127443.87268792,0.8418
D,CO2EII,PUBLISHING,1,2012,43,"2012/10/26 00:00:00",SA1,37982.865777,19019.15497089,0.5007
D,CO2EII,PUBLISHING,1,2012,43,"2012/10/26 00:00:00",TAS1,39561.635359,1881.37715132,0.0476
D,CO2EII,PUBLISHING,1,2012,43,"2012/10/26 00:00:00",VIC1,121283.140464,143965.54329564,1.187
D,CO2EII,PUBLISHING,1,2012,43,"2012/10/27 00:00:00",NEM,460519.06731774,398619.6302288,0.8656
D,CO2EII,PUBLISHING,1,2012,43,"2012/10/27 00:00:00",NSW1,131665.77956906,117480.73222839,0.8923
D,CO2EII,PUBLISHING,1,2012,43,"2012/10/27 00:00:00",QLD1,145017.30015268,121129.63283879,0.8353
D,CO2EII,PUBLISHING,1,2012,43,"2012/10/27 00:00:00",SA1,32209.670028,19389.47924864,0.602
D,CO2EII,PUBLISHING,1,2012,43,"2012/10/27 00:00:00",TAS1,39221.633586,2080.46296244,0.053
D,CO2EII,PUBLISHING,1,2012,43,"2012/10/27 00:00:00",VIC1,112404.683982,138539.32295054,1.2325
D,CO2EII,PUBLISHING,1,2012,44,"2012/10/28 00:00:00",NEM,443689.31397998,388421.87815279,0.8754
D,CO2EII,PUBLISHING,1,2012,44,"2012/10/28 00:00:00",NSW1,126235.002896,113671.08291317,0.9005
D,CO2EII,PUBLISHING,1,2012,44,"2012/10/28 00:00:00",QLD1,141656.43759599,118539.92868084,0.8368
D,CO2EII,PUBLISHING,1,2012,44,"2012/10/28 00:00:00",SA1,28992.15903099,17833.18760596,0.6151
D,CO2EII,PUBLISHING,1,2012,44,"2012/10/28 00:00:00",TAS1,37814.233579,2089.49980498,0.0553
D,CO2EII,PUBLISHING,1,2012,44,"2012/10/28 00:00:00",VIC1,108991.480878,136288.17914784,1.2504
D,CO2EII,PUBLISHING,1,2012,44,"2012/10/29 00:00:00",NEM,496538.69117633,430604.48109506,0.8672
D,CO2EII,PUBLISHING,1,2012,44,"2012/10/29 00:00:00",NSW1,152124.979251,137931.30984525,0.9067
D,CO2EII,PUBLISHING,1,2012,44,"2012/10/29 00:00:00",QLD1,152417.11574234,126919.67358684,0.8327
D,CO2EII,PUBLISHING,1,2012,44,"2012/10/29 00:00:00",SA1,34632.80226699,22483.2843065,0.6492
D,CO2EII,PUBLISHING,1,2012,44,"2012/10/29 00:00:00",TAS1,40203.816268,2089.54039535,0.052
D,CO2EII,PUBLISHING,1,2012,44,"2012/10/29 00:00:00",VIC1,117159.977648,141180.67296112,1.205
D,CO2EII,PUBLISHING,1,2012,44,"2012/10/30 00:00:00",NEM,507482.82629562,439155.63389427,0.8654
D,CO2EII,PUBLISHING,1,2012,44,"2012/10/30 00:00:00",NSW1,160491.698606,142953.61055322,0.8907
D,CO2EII,PUBLISHING,1,2012,44,"2012/10/30 00:00:00",QLD1,146894.67596361,121861.28079284,0.8296
D,CO2EII,PUBLISHING,1,2012,44,"2012/10/30 00:00:00",SA1,38435.243436,22864.74873585,0.5949
D,CO2EII,PUBLISHING,1,2012,44,"2012/10/30 00:00:00",TAS1,37027.56106201,2087.86691604,0.0564
D,CO2EII,PUBLISHING,1,2012,44,"2012/10/30 00:00:00",VIC1,124633.647228,149388.12689632,1.1986
D,CO2EII,PUBLISHING,1,2012,44,"2012/10/31 00:00:00",NEM,515827.69031529,446283.00634814,0.8652
D,CO2EII,PUBLISHING,1,2012,44,"2012/10/31 00:00:00",NSW1,164958.504062,144549.0989661,0.8763
D,CO2EII,PUBLISHING,1,2012,44,"2012/10/31 00:00:00",QLD1,151079.59742631,125132.6094872,0.8283
D,CO2EII,PUBLISHING,1,2012,44,"2012/10/31 00:00:00",SA1,37005.55294,20476.42333988,0.5533
D,CO2EII,PUBLISHING,1,2012,44,"2012/10/31 00:00:00",TAS1,34317.93498699,2085.01981688,0.0608
D,CO2EII,PUBLISHING,1,2012,44,"2012/10/31 00:00:00",VIC1,128466.10089999,154039.85473808,1.1991
D,CO2EII,PUBLISHING,1,2012,44,"2012/11/01 00:00:00",NEM,514549.50133468,433910.97477664,0.8433
D,CO2EII,PUBLISHING,1,2012,44,"2012/11/01 00:00:00",NSW1,165454.194416,141759.54221531,0.8568
D,CO2EII,PUBLISHING,1,2012,44,"2012/11/01 00:00:00",QLD1,152844.68641969,126503.03801601,0.8277
D,CO2EII,PUBLISHING,1,2012,44,"2012/11/01 00:00:00",SA1,37316.670357,16828.28235174,0.451
D,CO2EII,PUBLISHING,1,2012,44,"2012/11/01 00:00:00",TAS1,33548.51992399,2087.74206138,0.0622
D,CO2EII,PUBLISHING,1,2012,44,"2012/11/01 00:00:00",VIC1,125385.430218,146732.3701322,1.1703
D,CO2EII,PUBLISHING,1,2012,44,"2012/11/02 00:00:00",NEM,500537.08630586,430611.04762872,0.8603
D,CO2EII,PUBLISHING,1,2012,44,"2012/11/02 00:00:00",NSW1,156518.242154,135127.00483239,0.8633
D,CO2EII,PUBLISHING,1,2012,44,"2012/11/02 00:00:00",QLD1,154050.70241002,127789.32766441,0.8295
D,CO2EII,PUBLISHING,1,2012,44,"2012/11/02 00:00:00",SA1,32651.56613984,19100.30394719,0.585
D,CO2EII,PUBLISHING,1,2012,44,"2012/11/02 00:00:00",TAS1,36670.90770899,2105.69976217,0.0574
D,CO2EII,PUBLISHING,1,2012,44,"2012/11/02 00:00:00",VIC1,120645.66789301,146488.71142256,1.2142
D,CO2EII,PUBLISHING,1,2012,44,"2012/11/03 00:00:00",NEM,458957.83808568,415229.59214475,0.9047
D,CO2EII,PUBLISHING,1,2012,44,"2012/11/03 00:00:00",NSW1,141555.440632,125252.38198708,0.8848
D,CO2EII,PUBLISHING,1,2012,44,"2012/11/03 00:00:00",QLD1,144329.94632268,120290.67168348,0.8334
D,CO2EII,PUBLISHING,1,2012,44,"2012/11/03 00:00:00",SA1,29336.306336,18681.91811441,0.6368
D,CO2EII,PUBLISHING,1,2012,44,"2012/11/03 00:00:00",TAS1,25276.425219,2078.35884078,0.0822
D,CO2EII,PUBLISHING,1,2012,44,"2012/11/03 00:00:00",VIC1,118459.719576,148926.261519,1.2572
D,CO2EII,PUBLISHING,1,2012,45,"2012/11/04 00:00:00",NEM,453501.86883302,404551.08701219,0.8921
D,CO2EII,PUBLISHING,1,2012,45,"2012/11/04 00:00:00",NSW1,136530.409287,123372.40414768,0.9036
D,CO2EII,PUBLISHING,1,2012,45,"2012/11/04 00:00:00",QLD1,138833.24165201,117696.92887054,0.8478
D,CO2EII,PUBLISHING,1,2012,45,"2012/11/04 00:00:00",SA1,34282.39926,16679.77825024,0.4865
D,CO2EII,PUBLISHING,1,2012,45,"2012/11/04 00:00:00",TAS1,25979.683579,2078.05184005,0.08
D,CO2EII,PUBLISHING,1,2012,45,"2012/11/04 00:00:00",VIC1,117876.13505501,144723.92390368,1.2278
D,CO2EII,PUBLISHING,1,2012,45,"2012/11/05 00:00:00",NEM,509694.76598133,447470.81407695,0.8779
D,CO2EII,PUBLISHING,1,2012,45,"2012/11/05 00:00:00",NSW1,163561.457317,147008.68352173,0.8988
D,CO2EII,PUBLISHING,1,2012,45,"2012/11/05 00:00:00",QLD1,144193.58053934,121997.11173856,0.8461
D,CO2EII,PUBLISHING,1,2012,45,"2012/11/05 00:00:00",SA1,38412.327447,18807.3152086,0.4896
D,CO2EII,PUBLISHING,1,2012,45,"2012/11/05 00:00:00",TAS1,29295.691,2074.52924826,0.0708
D,CO2EII,PUBLISHING,1,2012,45,"2012/11/05 00:00:00",VIC1,134231.70967799,157583.1743598,1.174
D,CO2EII,PUBLISHING,1,2012,45,"2012/11/06 00:00:00",NEM,493712.10938434,449376.32554107,0.9102
D,CO2EII,PUBLISHING,1,2012,45,"2012/11/06 00:00:00",NSW1,167891.567349,149886.83394946,0.8928
D,CO2EII,PUBLISHING,1,2012,45,"2012/11/06 00:00:00",QLD1,144650.05011733,121567.82103513,0.8404
D,CO2EII,PUBLISHING,1,2012,45,"2012/11/06 00:00:00",SA1,29624.266555,18351.76837448,0.6195
D,CO2EII,PUBLISHING,1,2012,45,"2012/11/06 00:00:00",TAS1,24584.358827,2079.75978226,0.0846
D,CO2EII,PUBLISHING,1,2012,45,"2012/11/06 00:00:00",VIC1,126961.86653601,157490.14239974,1.2405
D,CO2EII,PUBLISHING,1,2012,45,"2012/11/07 00:00:00",NEM,505571.74137165,453733.83404171,0.8975
D,CO2EII,PUBLISHING,1,2012,45,"2012/11/07 00:00:00",NSW1,166237.730769,149331.14095673,0.8983
D,CO2EII,PUBLISHING,1,2012,45,"2012/11/07 00:00:00",QLD1,144982.63387565,121396.61923675,0.8373
D,CO2EII,PUBLISHING,1,2012,45,"2012/11/07 00:00:00",SA1,32732.233989,20003.99504775,0.6111
D,CO2EII,PUBLISHING,1,2012,45,"2012/11/07 00:00:00",TAS1,28095.102082,2129.5374974,0.0758
D,CO2EII,PUBLISHING,1,2012,45,"2012/11/07 00:00:00",VIC1,133524.040656,160872.54130308,1.2048
D,CO2EII,PUBLISHING,1,2012,45,"2012/11/08 00:00:00",NEM,507643.51621066,451685.01892658,0.8898
D,CO2EII,PUBLISHING,1,2012,45,"2012/11/08 00:00:00",NSW1,165430.323464,149061.8065072,0.9011
D,CO2EII,PUBLISHING,1,2012,45,"2012/11/08 00:00:00",QLD1,152669.67099766,128680.39699522,0.8429
D,CO2EII,PUBLISHING,1,2012,45,"2012/11/08 00:00:00",SA1,37244.607248,20885.76345113,0.5608
D,CO2EII,PUBLISHING,1,2012,45,"2012/11/08 00:00:00",TAS1,27784.75295299,2080.34839101,0.0749
D,CO2EII,PUBLISHING,1,2012,45,"2012/11/08 00:00:00",VIC1,124514.16154801,150976.70358202,1.2125
D,CO2EII,PUBLISHING,1,2012,45,"2012/11/09 00:00:00",NEM,504873.39477635,440702.66195258,0.8729
D,CO2EII,PUBLISHING,1,2012,45,"2012/11/09 00:00:00",NSW1,162705.122384,143362.80324422,0.8811
D,CO2EII,PUBLISHING,1,2012,45,"2012/11/09 00:00:00",QLD1,154253.74106634,130585.16930113,0.8466
D,CO2EII,PUBLISHING,1,2012,45,"2012/11/09 00:00:00",SA1,37034.142692,20280.82577673,0.5476
D,CO2EII,PUBLISHING,1,2012,45,"2012/11/09 00:00:00",TAS1,26929.11529701,2109.12737286,0.0783
D,CO2EII,PUBLISHING,1,2012,45,"2012/11/09 00:00:00",VIC1,123951.273337,144364.73625764,1.1647
D,CO2EII,PUBLISHING,1,2012,45,"2012/11/10 00:00:00",NEM,453718.15277534,402402.64977779,0.8869
D,CO2EII,PUBLISHING,1,2012,45,"2012/11/10 00:00:00",NSW1,137789.512111,121765.56504934,0.8837
D,CO2EII,PUBLISHING,1,2012,45,"2012/11/10 00:00:00",QLD1,146191.45671234,123381.76636694,0.844
D,CO2EII,PUBLISHING,1,2012,45,"2012/11/10 00:00:00",SA1,34539.386492,20586.72806313,0.596
D,CO2EII,PUBLISHING,1,2012,45,"2012/11/10 00:00:00",TAS1,24876.659377,2082.08099328,0.0837
D,CO2EII,PUBLISHING,1,2012,45,"2012/11/10 00:00:00",VIC1,110321.138083,134586.5093051,1.22
D,CO2EII,PUBLISHING,1,2012,46,"2012/11/11 00:00:00",NEM,437965.00940934,377891.56040628,0.8628
D,CO2EII,PUBLISHING,1,2012,46,"2012/11/11 00:00:00",NSW1,122512.765953,109137.15515983,0.8908
D,CO2EII,PUBLISHING,1,2012,46,"2012/11/11 00:00:00",QLD1,138658.26998133,117348.44553351,0.8463
D,CO2EII,PUBLISHING,1,2012,46,"2012/11/11 00:00:00",SA1,38518.64268,15817.5012199,0.4106
D,CO2EII,PUBLISHING,1,2012,46,"2012/11/11 00:00:00",TAS1,22494.354547,2076.66352852,0.0923
D,CO2EII,PUBLISHING,1,2012,46,"2012/11/11 00:00:00",VIC1,115780.97624801,133511.79496452,1.1531
D,CO2EII,PUBLISHING,1,2012,46,"2012/11/12 00:00:00",NEM,494180.61536436,424272.57817021,0.8585
D,CO2EII,PUBLISHING,1,2012,46,"2012/11/12 00:00:00",NSW1,151836.132287,135514.19715933,0.8925
D,CO2EII,PUBLISHING,1,2012,46,"2012/11/12 00:00:00",QLD1,149193.57918036,125946.15121463,0.8442
D,CO2EII,PUBLISHING,1,2012,46,"2012/11/12 00:00:00",SA1,37608.270231,18602.02907725,0.4946
D,CO2EII,PUBLISHING,1,2012,46,"2012/11/12 00:00:00",TAS1,30712.95797699,2014.83100154,0.0656
D,CO2EII,PUBLISHING,1,2012,46,"2012/11/12 00:00:00",VIC1,124829.67568901,142195.36971746,1.1391
D,CO2EII,PUBLISHING,1,2012,46,"2012/11/13 00:00:00",NEM,496097.97677436,435006.19535105,0.8769
D,CO2EII,PUBLISHING,1,2012,46,"2012/11/13 00:00:00",NSW1,159298.927535,140725.17473523,0.8834
D,CO2EII,PUBLISHING,1,2012,46,"2012/11/13 00:00:00",QLD1,147753.06552134,123751.47411806,0.8376
D,CO2EII,PUBLISHING,1,2012,46,"2012/11/13 00:00:00",SA1,33881.633239,19042.48403843,0.562
D,CO2EII,PUBLISHING,1,2012,46,"2012/11/13 00:00:00",TAS1,31086.52405701,2085.24860092,0.0671
D,CO2EII,PUBLISHING,1,2012,46,"2012/11/13 00:00:00",VIC1,124077.82642201,149401.81385841,1.2041
D,CO2EII,PUBLISHING,1,2012,46,"2012/11/14 00:00:00",NEM,502109.97593434,434184.77223521,0.8647
D,CO2EII,PUBLISHING,1,2012,46,"2012/11/14 00:00:00",NSW1,167215.695582,146639.01113979,0.8769
D,CO2EII,PUBLISHING,1,2012,46,"2012/11/14 00:00:00",QLD1,151173.70789633,126993.82112318,0.8401
D,CO2EII,PUBLISHING,1,2012,46,"2012/11/14 00:00:00",SA1,35055.513154,22228.5494876,0.6341
D,CO2EII,PUBLISHING,1,2012,46,"2012/11/14 00:00:00",TAS1,34112.688433,2079.43530089,0.061
D,CO2EII,PUBLISHING,1,2012,46,"2012/11/14 00:00:00",VIC1,114552.37086901,136243.95518375,1.1894
D,CO2EII,PUBLISHING,1,2012,46,"2012/11/15 00:00:00",NEM,511010.04555166,446316.17252006,0.8734
D,CO2EII,PUBLISHING,1,2012,46,"2012/11/15 00:00:00",NSW1,166762.88488201,143145.17809978,0.8584
D,CO2EII,PUBLISHING,1,2012,46,"2012/11/15 00:00:00",QLD1,152775.25909868,129012.54374081,0.8445
D,CO2EII,PUBLISHING,1,2012,46,"2012/11/15 00:00:00",SA1,34585.169424,21265.82414674,0.6149
D,CO2EII,PUBLISHING,1,2012,46,"2012/11/15 00:00:00",TAS1,34176.19761,2074.85008214,0.0607
D,CO2EII,PUBLISHING,1,2012,46,"2012/11/15 00:00:00",VIC1,122710.53453697,150817.77645059,1.2291
D,CO2EII,PUBLISHING,1,2012,46,"2012/11/16 00:00:00",NEM,506058.22613915,441477.98883477,0.8724
D,CO2EII,PUBLISHING,1,2012,46,"2012/11/16 00:00:00",NSW1,154689.64841101,132426.32151022,0.8561
D,CO2EII,PUBLISHING,1,2012,46,"2012/11/16 00:00:00",QLD1,153980.44349534,128740.11089909,0.8361
D,CO2EII,PUBLISHING,1,2012,46,"2012/11/16 00:00:00",SA1,35153.01814479,16271.85986961,0.4629
D,CO2EII,PUBLISHING,1,2012,46,"2012/11/16 00:00:00",TAS1,28562.355208,2067.69514086,0.0724
D,CO2EII,PUBLISHING,1,2012,46,"2012/11/16 00:00:00",VIC1,133672.76088001,161972.00141499,1.2117
D,CO2EII,PUBLISHING,1,2012,46,"2012/11/17 00:00:00",NEM,459145.49136467,417386.29393615,0.9091
D,CO2EII,PUBLISHING,1,2012,46,"2012/11/17 00:00:00",NSW1,139389.93608201,124048.55064144,0.8899
D,CO2EII,PUBLISHING,1,2012,46,"2012/11/17 00:00:00",QLD1,142999.21536964,121592.99086701,0.8503
D,CO2EII,PUBLISHING,1,2012,46,"2012/11/17 00:00:00",SA1,28070.193659,13849.04513983,0.4934
D,CO2EII,PUBLISHING,1,2012,46,"2012/11/17 00:00:00",TAS1,22404.72546701,2088.18584296,0.0932
D,CO2EII,PUBLISHING,1,2012,46,"2012/11/17 00:00:00",VIC1,126281.42078701,155807.52144491,1.2338
D,CO2EII,PUBLISHING,1,2012,47,"2012/11/18 00:00:00",NEM,443973.8359902,402348.9808944,0.9062
D,CO2EII,PUBLISHING,1,2012,47,"2012/11/18 00:00:00",NSW1,127506.370521,111528.00528378,0.8747
D,CO2EII,PUBLISHING,1,2012,47,"2012/11/18 00:00:00",QLD1,140956.59285919,120523.7880047,0.855
D,CO2EII,PUBLISHING,1,2012,47,"2012/11/18 00:00:00",SA1,28833.251171,15626.39887649,0.542
D,CO2EII,PUBLISHING,1,2012,47,"2012/11/18 00:00:00",TAS1,20001.8525,2089.08689798,0.1044
D,CO2EII,PUBLISHING,1,2012,47,"2012/11/18 00:00:00",VIC1,126675.76893901,152581.70183145,1.2045
D,CO2EII,PUBLISHING,1,2012,47,"2012/11/19 00:00:00",NEM,504163.8588704,446868.4543712,0.8864
D,CO2EII,PUBLISHING,1,2012,47,"2012/11/19 00:00:00",NSW1,160772.085102,137335.44864783,0.8542
D,CO2EII,PUBLISHING,1,2012,47,"2012/11/19 00:00:00",QLD1,151290.44535838,129302.22494953,0.8547
D,CO2EII,PUBLISHING,1,2012,47,"2012/11/19 00:00:00",SA1,35969.92498,20390.68222406,0.5669
D,CO2EII,PUBLISHING,1,2012,47,"2012/11/19 00:00:00",TAS1,28664.934797,2088.51243212,0.0729
D,CO2EII,PUBLISHING,1,2012,47,"2012/11/19 00:00:00",VIC1,127466.46863302,157751.58611766,1.2376
D,CO2EII,PUBLISHING,1,2012,47,"2012/11/20 00:00:00",NEM,506075.18681534,440483.83692407,0.8704
D,CO2EII,PUBLISHING,1,2012,47,"2012/11/20 00:00:00",NSW1,158894.08048001,140069.11745754,0.8815
D,CO2EII,PUBLISHING,1,2012,47,"2012/11/20 00:00:00",QLD1,147116.19680232,126116.52984478,0.8573
D,CO2EII,PUBLISHING,1,2012,47,"2012/11/20 00:00:00",SA1,41112.349252,18710.74925099,0.4551
D,CO2EII,PUBLISHING,1,2012,47,"2012/11/20 00:00:00",TAS1,27858.673498,2087.9097035,0.0749
D,CO2EII,PUBLISHING,1,2012,47,"2012/11/20 00:00:00",VIC1,131093.88678301,153499.53066726,1.1709
D,CO2EII,PUBLISHING,1,2012,47,"2012/11/21 00:00:00",NEM,504365.83709665,446529.52511424,0.8853
D,CO2EII,PUBLISHING,1,2012,47,"2012/11/21 00:00:00",NSW1,157308.03645601,136525.30261736,0.8679
D,CO2EII,PUBLISHING,1,2012,47,"2012/11/21 00:00:00",QLD1,151252.78453665,129281.0858433,0.8547
D,CO2EII,PUBLISHING,1,2012,47,"2012/11/21 00:00:00",SA1,36153.396941,18273.11930225,0.5054
D,CO2EII,PUBLISHING,1,2012,47,"2012/11/21 00:00:00",TAS1,25804.816867,2056.42613945,0.0797
D,CO2EII,PUBLISHING,1,2012,47,"2012/11/21 00:00:00",VIC1,133846.80229599,160393.59121188,1.1983
D,CO2EII,PUBLISHING,1,2012,47,"2012/11/22 00:00:00",NEM,508721.07520555,459278.92836428,0.9028
D,CO2EII,PUBLISHING,1,2012,47,"2012/11/22 00:00:00",NSW1,163826.171003,141687.98360418,0.8649
D,CO2EII,PUBLISHING,1,2012,47,"2012/11/22 00:00:00",QLD1,152026.08524355,129920.18102675,0.8546
D,CO2EII,PUBLISHING,1,2012,47,"2012/11/22 00:00:00",SA1,32348.727782,18946.76511879,0.5857
D,CO2EII,PUBLISHING,1,2012,47,"2012/11/22 00:00:00",TAS1,26619.505156,2103.44118019,0.079
D,CO2EII,PUBLISHING,1,2012,47,"2012/11/22 00:00:00",VIC1,133900.586021,166620.55743437,1.2444
D,CO2EII,PUBLISHING,1,2012,47,"2012/11/23 00:00:00",NEM,510371.09631969,466307.53041155,0.9137
D,CO2EII,PUBLISHING,1,2012,47,"2012/11/23 00:00:00",NSW1,167855.77482203,145975.83638978,0.8697
D,CO2EII,PUBLISHING,1,2012,47,"2012/11/23 00:00:00",QLD1,150769.05226667,128987.50736166,0.8555
D,CO2EII,PUBLISHING,1,2012,47,"2012/11/23 00:00:00",SA1,33840.374337,21147.89608405,0.6249
D,CO2EII,PUBLISHING,1,2012,47,"2012/11/23 00:00:00",TAS1,25998.55062,2087.7616004,0.0803
D,CO2EII,PUBLISHING,1,2012,47,"2012/11/23 00:00:00",VIC1,131907.34427399,168108.52897566,1.2744
D,CO2EII,PUBLISHING,1,2012,47,"2012/11/24 00:00:00",NEM,478023.56088864,437723.69828129,0.9157
D,CO2EII,PUBLISHING,1,2012,47,"2012/11/24 00:00:00",NSW1,151981.58677099,138075.29548339,0.9085
D,CO2EII,PUBLISHING,1,2012,47,"2012/11/24 00:00:00",QLD1,143798.04452167,124498.16035066,0.8658
D,CO2EII,PUBLISHING,1,2012,47,"2012/11/24 00:00:00",SA1,35433.27240099,20319.88007942,0.5735
D,CO2EII,PUBLISHING,1,2012,47,"2012/11/24 00:00:00",TAS1,21680.787851,2090.2572868,0.0964
D,CO2EII,PUBLISHING,1,2012,47,"2012/11/24 00:00:00",VIC1,125129.86934399,152740.10508102,1.2207
D,CO2EII,PUBLISHING,1,2012,48,"2012/11/25 00:00:00",NEM,472500.15748964,438667.33739878,0.9284
D,CO2EII,PUBLISHING,1,2012,48,"2012/11/25 00:00:00",NSW1,158126.168519,144210.13646652,0.912
D,CO2EII,PUBLISHING,1,2012,48,"2012/11/25 00:00:00",QLD1,142297.11244564,123353.48671992,0.8669
D,CO2EII,PUBLISHING,1,2012,48,"2012/11/25 00:00:00",SA1,33292.831939,20344.82599642,0.6111
D,CO2EII,PUBLISHING,1,2012,48,"2012/11/25 00:00:00",TAS1,19503.218659,1966.46336206,0.1008
D,CO2EII,PUBLISHING,1,2012,48,"2012/11/25 00:00:00",VIC1,119280.825927,148792.42485386,1.2474
D,CO2EII,PUBLISHING,1,2012,48,"2012/11/26 00:00:00",NEM,530408.87372243,471397.18432728,0.8887
D,CO2EII,PUBLISHING,1,2012,48,"2012/11/26 00:00:00",NSW1,191014.50964901,168810.15074042,0.8838
D,CO2EII,PUBLISHING,1,2012,48,"2012/11/26 00:00:00",QLD1,150340.5784344,128420.30415757,0.8542
D,CO2EII,PUBLISHING,1,2012,48,"2012/11/26 00:00:00",SA1,38379.54343001,18932.74801042,0.4933
D,CO2EII,PUBLISHING,1,2012,48,"2012/11/26 00:00:00",TAS1,28796.681395,1437.26302229,0.0499
D,CO2EII,PUBLISHING,1,2012,48,"2012/11/26 00:00:00",VIC1,121877.56081401,153796.71839658,1.2619
D,CO2EII,PUBLISHING,1,2012,48,"2012/11/27 00:00:00",NEM,531792.92111069,477073.04446166,0.8971
D,CO2EII,PUBLISHING,1,2012,48,"2012/11/27 00:00:00",NSW1,188749.299192,166381.50228948,0.8815
D,CO2EII,PUBLISHING,1,2012,48,"2012/11/27 00:00:00",QLD1,151805.76791067,130554.05220465,0.86
D,CO2EII,PUBLISHING,1,2012,48,"2012/11/27 00:00:00",SA1,35065.935524,18877.63052436,0.5383
D,CO2EII,PUBLISHING,1,2012,48,"2012/11/27 00:00:00",TAS1,29850.358828,1882.19249193,0.0631
D,CO2EII,PUBLISHING,1,2012,48,"2012/11/27 00:00:00",VIC1,126321.55965602,159377.66695124,1.2617
D,CO2EII,PUBLISHING,1,2012,48,"2012/11/28 00:00:00",NEM,541445.82029769,489222.26273122,0.9035
D,CO2EII,PUBLISHING,1,2012,48,"2012/11/28 00:00:00",NSW1,185773.816055,166332.95431971,0.8954
D,CO2EII,PUBLISHING,1,2012,48,"2012/11/28 00:00:00",QLD1,155969.41572168,133774.7075242,0.8577
D,CO2EII,PUBLISHING,1,2012,48,"2012/11/28 00:00:00",SA1,36586.14554301,23646.4643452,0.6463
D,CO2EII,PUBLISHING,1,2012,48,"2012/11/28 00:00:00",TAS1,32071.787357,2086.14089729,0.065
D,CO2EII,PUBLISHING,1,2012,48,"2012/11/28 00:00:00",VIC1,131044.655621,163381.99564482,1.2468
D,CO2EII,PUBLISHING,1,2012,48,"2012/11/29 00:00:00",NEM,582673.95278108,497243.52560434,0.8534
D,CO2EII,PUBLISHING,1,2012,48,"2012/11/29 00:00:00",NSW1,186022.22148378,165358.55126387,0.8889
D,CO2EII,PUBLISHING,1,2012,48,"2012/11/29 00:00:00",QLD1,165403.35786031,139805.74079668,0.8452
D,CO2EII,PUBLISHING,1,2012,48,"2012/11/29 00:00:00",SA1,46298.40971999,26157.64524636,0.565
D,CO2EII,PUBLISHING,1,2012,48,"2012/11/29 00:00:00",TAS1,34654.56619501,2065.33226853,0.0596
D,CO2EII,PUBLISHING,1,2012,48,"2012/11/29 00:00:00",VIC1,150295.39752199,163856.2560289,1.0902
D,CO2EII,PUBLISHING,1,2012,48,"2012/11/30 00:00:00",NEM,584270.6134206,505718.63125876,0.8656
D,CO2EII,PUBLISHING,1,2012,48,"2012/11/30 00:00:00",NSW1,203124.506709,174281.55068267,0.858
D,CO2EII,PUBLISHING,1,2012,48,"2012/11/30 00:00:00",QLD1,169966.34347299,144337.37183325,0.8492
D,CO2EII,PUBLISHING,1,2012,48,"2012/11/30 00:00:00",SA1,38272.05945361,24225.99341565,0.633
D,CO2EII,PUBLISHING,1,2012,48,"2012/11/30 00:00:00",TAS1,35810.846618,2588.87527254,0.0723
D,CO2EII,PUBLISHING,1,2012,48,"2012/11/30 00:00:00",VIC1,137096.857167,160284.84005465,1.1691
D,CO2EII,PUBLISHING,1,2012,48,"2012/12/01 00:00:00",NEM,511776.74018769,456197.3456262,0.8914
D,CO2EII,PUBLISHING,1,2012,48,"2012/12/01 00:00:00",NSW1,182803.84101601,156939.06564709,0.8585
D,CO2EII,PUBLISHING,1,2012,48,"2012/12/01 00:00:00",QLD1,156877.84423566,133719.04467943,0.8524
D,CO2EII,PUBLISHING,1,2012,48,"2012/12/01 00:00:00",SA1,31157.291653,18023.04707363,0.5785
D,CO2EII,PUBLISHING,1,2012,48,"2012/12/01 00:00:00",TAS1,26279.56429201,2072.03155126,0.0788
D,CO2EII,PUBLISHING,1,2012,48,"2012/12/01 00:00:00",VIC1,114658.19899101,145444.15667479,1.2685
D,CO2EII,PUBLISHING,1,2012,49,"2012/12/02 00:00:00",NEM,469690.9420396,437036.96487201,0.9305
D,CO2EII,PUBLISHING,1,2012,49,"2012/12/02 00:00:00",NSW1,150482.560886,132875.62844769,0.883
D,CO2EII,PUBLISHING,1,2012,49,"2012/12/02 00:00:00",QLD1,152084.3689036,130382.79894873,0.8573
D,CO2EII,PUBLISHING,1,2012,49,"2012/12/02 00:00:00",SA1,27351.164857,17701.75669998,0.6472
D,CO2EII,PUBLISHING,1,2012,49,"2012/12/02 00:00:00",TAS1,20984.519074,2081.55111306,0.0992
D,CO2EII,PUBLISHING,1,2012,49,"2012/12/02 00:00:00",VIC1,118788.328319,153995.22966255,1.2964
D,CO2EII,PUBLISHING,1,2012,49,"2012/12/03 00:00:00",NEM,519911.31547626,466863.36902455,0.898
D,CO2EII,PUBLISHING,1,2012,49,"2012/12/03 00:00:00",NSW1,173057.127402,152358.45099444,0.8804
D,CO2EII,PUBLISHING,1,2012,49,"2012/12/03 00:00:00",QLD1,163881.62876124,139205.42169065,0.8494
D,CO2EII,PUBLISHING,1,2012,49,"2012/12/03 00:00:00",SA1,34096.34705701,17262.68299241,0.5063
D,CO2EII,PUBLISHING,1,2012,49,"2012/12/03 00:00:00",TAS1,25593.073238,2089.08398568,0.0816
D,CO2EII,PUBLISHING,1,2012,49,"2012/12/03 00:00:00",VIC1,123283.13901801,155947.72936137,1.265
D,CO2EII,PUBLISHING,1,2012,49,"2012/12/04 00:00:00",NEM,527678.76655098,456707.81002693,0.8655
D,CO2EII,PUBLISHING,1,2012,49,"2012/12/04 00:00:00",NSW1,173954.51495699,150180.30427198,0.8633
D,CO2EII,PUBLISHING,1,2012,49,"2012/12/04 00:00:00",QLD1,169765.596024,142833.9395749,0.8414
D,CO2EII,PUBLISHING,1,2012,49,"2012/12/04 00:00:00",SA1,37410.69279,14783.27869526,0.3952
D,CO2EII,PUBLISHING,1,2012,49,"2012/12/04 00:00:00",TAS1,22884.822009,2225.28459676,0.0972
D,CO2EII,PUBLISHING,1,2012,49,"2012/12/04 00:00:00",VIC1,123663.14077099,146685.00288803,1.1862
D,CO2EII,PUBLISHING,1,2012,49,"2012/12/05 00:00:00",NEM,513331.82933369,452232.70690899,0.881
D,CO2EII,PUBLISHING,1,2012,49,"2012/12/05 00:00:00",NSW1,164421.79114201,141178.09099632,0.8586
D,CO2EII,PUBLISHING,1,2012,49,"2012/12/05 00:00:00",QLD1,164101.74672059,140076.93613752,0.8536
D,CO2EII,PUBLISHING,1,2012,49,"2012/12/05 00:00:00",SA1,33068.64432113,17774.29433426,0.5375
D,CO2EII,PUBLISHING,1,2012,49,"2012/12/05 00:00:00",TAS1,26115.46104699,2271.88531668,0.087
D,CO2EII,PUBLISHING,1,2012,49,"2012/12/05 00:00:00",VIC1,125624.18610297,150931.50012421,1.2015
D,CO2EII,PUBLISHING,1,2012,49,"2012/12/06 00:00:00",NEM,516047.26572782,472278.95878595,0.9152
D,CO2EII,PUBLISHING,1,2012,49,"2012/12/06 00:00:00",NSW1,167516.18037301,146980.42049839,0.8774
D,CO2EII,PUBLISHING,1,2012,49,"2012/12/06 00:00:00",QLD1,162036.87505183,140627.94023829,0.8679
D,CO2EII,PUBLISHING,1,2012,49,"2012/12/06 00:00:00",SA1,31338.885457,21028.62901202,0.671
D,CO2EII,PUBLISHING,1,2012,49,"2012/12/06 00:00:00",TAS1,28819.76121,2096.42677992,0.0727
D,CO2EII,PUBLISHING,1,2012,49,"2012/12/06 00:00:00",VIC1,126335.56363598,161545.54225733,1.2787
D,CO2EII,PUBLISHING,1,2012,49,"2012/12/07 00:00:00",NEM,529077.25151634,476524.31802187,0.9007
D,CO2EII,PUBLISHING,1,2012,49,"2012/12/07 00:00:00",NSW1,170574.379251,150013.12444115,0.8795
D,CO2EII,PUBLISHING,1,2012,49,"2012/12/07 00:00:00",QLD1,158399.48466033,137276.23105105,0.8666
D,CO2EII,PUBLISHING,1,2012,49,"2012/12/07 00:00:00",SA1,39373.282523,22018.50727295,0.5592
D,CO2EII,PUBLISHING,1,2012,49,"2012/12/07 00:00:00",TAS1,28517.72469601,2125.20109783,0.0745
D,CO2EII,PUBLISHING,1,2012,49,"2012/12/07 00:00:00",VIC1,132212.380386,165091.25415889,1.2487
D,CO2EII,PUBLISHING,1,2012,49,"2012/12/08 00:00:00",NEM,497057.66656764,440177.22790058,0.8856
D,CO2EII,PUBLISHING,1,2012,49,"2012/12/08 00:00:00",NSW1,149982.39263299,135322.59428651,0.9023
D,CO2EII,PUBLISHING,1,2012,49,"2012/12/08 00:00:00",QLD1,149898.26325466,128608.52439055,0.858
D,CO2EII,PUBLISHING,1,2012,49,"2012/12/08 00:00:00",SA1,40022.768625,16427.14735206,0.4104
D,CO2EII,PUBLISHING,1,2012,49,"2012/12/08 00:00:00",TAS1,23638.039025,2061.82670174,0.0872
D,CO2EII,PUBLISHING,1,2012,49,"2012/12/08 00:00:00",VIC1,133516.20302999,157757.13516972,1.1816
D,CO2EII,PUBLISHING,1,2012,50,"2012/12/09 00:00:00",NEM,461898.07052069,416313.04425574,0.9013
D,CO2EII,PUBLISHING,1,2012,50,"2012/12/09 00:00:00",NSW1,137868.85213801,124821.01243872,0.9054
D,CO2EII,PUBLISHING,1,2012,50,"2012/12/09 00:00:00",QLD1,146922.99257067,124438.08912869,0.847
D,CO2EII,PUBLISHING,1,2012,50,"2012/12/09 00:00:00",SA1,33797.555585,14671.14606318,0.4341
D,CO2EII,PUBLISHING,1,2012,50,"2012/12/09 00:00:00",TAS1,19960.652267,2083.51193833,0.1044
D,CO2EII,PUBLISHING,1,2012,50,"2012/12/09 00:00:00",VIC1,123348.01796001,150299.28468682,1.2185
D,CO2EII,PUBLISHING,1,2012,50,"2012/12/10 00:00:00",NEM,512923.339141,453915.59295875,0.885
D,CO2EII,PUBLISHING,1,2012,50,"2012/12/10 00:00:00",NSW1,169726.4554,146787.18412519,0.8648
D,CO2EII,PUBLISHING,1,2012,50,"2012/12/10 00:00:00",QLD1,155094.86035698,131322.62745773,0.8467
D,CO2EII,PUBLISHING,1,2012,50,"2012/12/10 00:00:00",SA1,39145.954099,17610.18345928,0.4499
D,CO2EII,PUBLISHING,1,2012,50,"2012/12/10 00:00:00",TAS1,21130.27155501,2085.58644948,0.0987
D,CO2EII,PUBLISHING,1,2012,50,"2012/12/10 00:00:00",VIC1,127825.79773001,156110.01146707,1.2213
D,CO2EII,PUBLISHING,1,2012,50,"2012/12/11 00:00:00",NEM,522789.74486498,462164.66788586,0.884
D,CO2EII,PUBLISHING,1,2012,50,"2012/12/11 00:00:00",NSW1,173319.22088601,151717.12165681,0.8754
D,CO2EII,PUBLISHING,1,2012,50,"2012/12/11 00:00:00",QLD1,154040.075394,129598.3930523,0.8413
D,CO2EII,PUBLISHING,1,2012,50,"2012/12/11 00:00:00",SA1,40808.216065,21153.04895139,0.5184
D,CO2EII,PUBLISHING,1,2012,50,"2012/12/11 00:00:00",TAS1,27676.03159399,2073.81345206,0.0749
D,CO2EII,PUBLISHING,1,2012,50,"2012/12/11 00:00:00",VIC1,126946.20092598,157622.2907733,1.2416
D,CO2EII,PUBLISHING,1,2012,50,"2012/12/12 00:00:00",NEM,547741.0154897,480433.47116815,0.8771
D,CO2EII,PUBLISHING,1,2012,50,"2012/12/12 00:00:00",NSW1,180902.680939,161860.30317328,0.8947
D,CO2EII,PUBLISHING,1,2012,50,"2012/12/12 00:00:00",QLD1,154343.28412566,130969.40995174,0.8486
D,CO2EII,PUBLISHING,1,2012,50,"2012/12/12 00:00:00",SA1,48030.46080701,27795.84255717,0.5787
D,CO2EII,PUBLISHING,1,2012,50,"2012/12/12 00:00:00",TAS1,31580.797716,2088.0097167,0.0661
D,CO2EII,PUBLISHING,1,2012,50,"2012/12/12 00:00:00",VIC1,132883.79190203,157719.90576926,1.1869
D,CO2EII,PUBLISHING,1,2012,50,"2012/12/13 00:00:00",NEM,555473.65111402,483566.57992198,0.8705
D,CO2EII,PUBLISHING,1,2012,50,"2012/12/13 00:00:00",NSW1,181070.68568,161807.6177269,0.8936
D,CO2EII,PUBLISHING,1,2012,50,"2012/12/13 00:00:00",QLD1,154605.82160301,130511.33280722,0.8442
D,CO2EII,PUBLISHING,1,2012,50,"2012/12/13 00:00:00",SA1,49484.381698,28970.50758112,0.5854
D,CO2EII,PUBLISHING,1,2012,50,"2012/12/13 00:00:00",TAS1,31708.518263,2143.5251859,0.0676
D,CO2EII,PUBLISHING,1,2012,50,"2012/12/13 00:00:00",VIC1,138604.24387001,160133.59662084,1.1553
D,CO2EII,PUBLISHING,1,2012,50,"2012/12/14 00:00:00",NEM,532944.8046677,477362.70496303,0.8957
D,CO2EII,PUBLISHING,1,2012,50,"2012/12/14 00:00:00",NSW1,185463.93352401,168200.73176638,0.9069
D,CO2EII,PUBLISHING,1,2012,50,"2012/12/14 00:00:00",QLD1,152239.91353267,129410.79253921,0.85
D,CO2EII,PUBLISHING,1,2012,50,"2012/12/14 00:00:00",SA1,39928.736464,23326.3205047,0.5842
D,CO2EII,PUBLISHING,1,2012,50,"2012/12/14 00:00:00",TAS1,29056.499753,2075.5075489,0.0714
D,CO2EII,PUBLISHING,1,2012,50,"2012/12/14 00:00:00",VIC1,126255.72139402,154349.35260384,1.2225
D,CO2EII,PUBLISHING,1,2012,50,"2012/12/15 00:00:00",NEM,480688.47328796,437718.12066708,0.9106
D,CO2EII,PUBLISHING,1,2012,50,"2012/12/15 00:00:00",NSW1,153767.15892199,141764.46553027,0.9219
D,CO2EII,PUBLISHING,1,2012,50,"2012/12/15 00:00:00",QLD1,146436.83633899,122978.74359593,0.8398
D,CO2EII,PUBLISHING,1,2012,50,"2012/12/15 00:00:00",SA1,34306.759399,17613.23025745,0.5134
D,CO2EII,PUBLISHING,1,2012,50,"2012/12/15 00:00:00",TAS1,19888.14954099,2049.08383816,0.103
D,CO2EII,PUBLISHING,1,2012,50,"2012/12/15 00:00:00",VIC1,126289.56908699,153312.59744527,1.214
D,CO2EII,PUBLISHING,1,2012,51,"2012/12/16 00:00:00",NEM,478918.42663331,425485.0783921,0.8884
D,CO2EII,PUBLISHING,1,2012,51,"2012/12/16 00:00:00",NSW1,160500.828254,138992.68239704,0.866
D,CO2EII,PUBLISHING,1,2012,51,"2012/12/16 00:00:00",QLD1,143145.90453232,120925.22847849,0.8448
D,CO2EII,PUBLISHING,1,2012,51,"2012/12/16 00:00:00",SA1,27964.003978,11020.46171415,0.3941
D,CO2EII,PUBLISHING,1,2012,51,"2012/12/16 00:00:00",TAS1,21412.000115,2071.26474666,0.0967
D,CO2EII,PUBLISHING,1,2012,51,"2012/12/16 00:00:00",VIC1,125895.68975399,152475.44105576,1.2111
D,CO2EII,PUBLISHING,1,2012,51,"2012/12/17 00:00:00",NEM,528636.83378843,478895.34689414,0.9059
D,CO2EII,PUBLISHING,1,2012,51,"2012/12/17 00:00:00",NSW1,178804.35481,155528.1823383,0.8698
D,CO2EII,PUBLISHING,1,2012,51,"2012/12/17 00:00:00",QLD1,159478.71180043,133328.43878791,0.836
D,CO2EII,PUBLISHING,1,2012,51,"2012/12/17 00:00:00",SA1,26887.818839,17459.16376215,0.6493
D,CO2EII,PUBLISHING,1,2012,51,"2012/12/17 00:00:00",TAS1,28267.88321199,2085.53428377,0.0738
D,CO2EII,PUBLISHING,1,2012,51,"2012/12/17 00:00:00",VIC1,135198.06512701,170494.02772201,1.2611
D,CO2EII,PUBLISHING,1,2012,51,"2012/12/18 00:00:00",NEM,548141.05150096,496414.34247532,0.9056
D,CO2EII,PUBLISHING,1,2012,51,"2012/12/18 00:00:00",NSW1,186287.410574,164997.63361292,0.8857
D,CO2EII,PUBLISHING,1,2012,51,"2012/12/18 00:00:00",QLD1,161600.05145196,135725.25493873,0.8399
D,CO2EII,PUBLISHING,1,2012,51,"2012/12/18 00:00:00",SA1,31912.853622,21550.10919618,0.6753
D,CO2EII,PUBLISHING,1,2012,51,"2012/12/18 00:00:00",TAS1,32620.74867099,2069.17696352,0.0634
D,CO2EII,PUBLISHING,1,2012,51,"2012/12/18 00:00:00",VIC1,135719.98718201,172072.16776397,1.2678
D,CO2EII,PUBLISHING,1,2012,51,"2012/12/19 00:00:00",NEM,554413.14666071,484167.56633988,0.8733
D,CO2EII,PUBLISHING,1,2012,51,"2012/12/19 00:00:00",NSW1,188667.714417,167731.09019681,0.889
D,CO2EII,PUBLISHING,1,2012,51,"2012/12/19 00:00:00",QLD1,158675.02210871,134390.30710677,0.847
D,CO2EII,PUBLISHING,1,2012,51,"2012/12/19 00:00:00",SA1,41244.534662,18576.29044958,0.4504
D,CO2EII,PUBLISHING,1,2012,51,"2012/12/19 00:00:00",TAS1,29282.569707,2050.26787261,0.07
D,CO2EII,PUBLISHING,1,2012,51,"2012/12/19 00:00:00",VIC1,136543.305766,161419.61071411,1.1822
D,CO2EII,PUBLISHING,1,2012,51,"2012/12/20 00:00:00",NEM,539752.55941,470401.67992674,0.8715
D,CO2EII,PUBLISHING,1,2012,51,"2012/12/20 00:00:00",NSW1,186667.44046401,159587.54099009,0.8549
D,CO2EII,PUBLISHING,1,2012,51,"2012/12/20 00:00:00",QLD1,158123.657412,133368.51975399,0.8434
D,CO2EII,PUBLISHING,1,2012,51,"2012/12/20 00:00:00",SA1,32699.522826,19278.126659,0.5896
D,CO2EII,PUBLISHING,1,2012,51,"2012/12/20 00:00:00",TAS1,33436.423106,2011.31797478,0.0602
D,CO2EII,PUBLISHING,1,2012,51,"2012/12/20 00:00:00",VIC1,128825.51560199,156156.17454888,1.2122
D,CO2EII,PUBLISHING,1,2012,51,"2012/12/21 00:00:00",NEM,509383.92429168,447863.42649621,0.8792
D,CO2EII,PUBLISHING,1,2012,51,"2012/12/21 00:00:00",NSW1,165420.73398101,143854.31240306,0.8696
D,CO2EII,PUBLISHING,1,2012,51,"2012/12/21 00:00:00",QLD1,153810.42694167,128779.63988289,0.8373
D,CO2EII,PUBLISHING,1,2012,51,"2012/12/21 00:00:00",SA1,30923.687441,19454.42713835,0.6291
D,CO2EII,PUBLISHING,1,2012,51,"2012/12/21 00:00:00",TAS1,33567.691014,2055.33213142,0.0612
D,CO2EII,PUBLISHING,1,2012,51,"2012/12/21 00:00:00",VIC1,125661.384914,153719.71494049,1.2233
D,CO2EII,PUBLISHING,1,2012,51,"2012/12/22 00:00:00",NEM,485633.13679866,435103.05081877,0.896
D,CO2EII,PUBLISHING,1,2012,51,"2012/12/22 00:00:00",NSW1,158533.758981,139151.32607258,0.8777
D,CO2EII,PUBLISHING,1,2012,51,"2012/12/22 00:00:00",QLD1,141588.81214566,119229.26485637,0.8421
D,CO2EII,PUBLISHING,1,2012,51,"2012/12/22 00:00:00",SA1,33123.299953,20297.51030517,0.6128
D,CO2EII,PUBLISHING,1,2012,51,"2012/12/22 00:00:00",TAS1,28039.390729,2085.75852339,0.0744
D,CO2EII,PUBLISHING,1,2012,51,"2012/12/22 00:00:00",VIC1,124347.87499,154339.19106126,1.2412
D,CO2EII,PUBLISHING,1,2012,52,"2012/12/23 00:00:00",NEM,515155.61170205,447086.81039658,0.8679
D,CO2EII,PUBLISHING,1,2012,52,"2012/12/23 00:00:00",NSW1,170886.454096,148924.05052889,0.8715
D,CO2EII,PUBLISHING,1,2012,52,"2012/12/23 00:00:00",QLD1,144152.20808305,120130.04862175,0.8334
D,CO2EII,PUBLISHING,1,2012,52,"2012/12/23 00:00:00",SA1,40999.91701099,21619.2619057,0.5273
D,CO2EII,PUBLISHING,1,2012,52,"2012/12/23 00:00:00",TAS1,30713.327421,2063.19466607,0.0672
D,CO2EII,PUBLISHING,1,2012,52,"2012/12/23 00:00:00",VIC1,128403.70509101,154350.25467417,1.2021
D,CO2EII,PUBLISHING,1,2012,52,"2012/12/24 00:00:00",NEM,500867.33777611,432416.02192323,0.8633
D,CO2EII,PUBLISHING,1,2012,52,"2012/12/24 00:00:00",NSW1,166789.22549,144841.9996876,0.8684
D,CO2EII,PUBLISHING,1,2012,52,"2012/12/24 00:00:00",QLD1,143946.7369961,120221.1422776,0.8352
D,CO2EII,PUBLISHING,1,2012,52,"2012/12/24 00:00:00",SA1,36335.150027,17596.81766564,0.4843
D,CO2EII,PUBLISHING,1,2012,52,"2012/12/24 00:00:00",TAS1,28843.34054,2037.27558929,0.0706
D,CO2EII,PUBLISHING,1,2012,52,"2012/12/24 00:00:00",VIC1,124952.88472301,147718.7867031,1.1822
D,CO2EII,PUBLISHING,1,2012,52,"2012/12/25 00:00:00",NEM,406127.05643067,351410.47369389,0.8653
D,CO2EII,PUBLISHING,1,2012,52,"2012/12/25 00:00:00",NSW1,118150.131557,99670.9122567,0.8436
D,CO2EII,PUBLISHING,1,2012,52,"2012/12/25 00:00:00",QLD1,129091.38764468,106855.84691945,0.8278
D,CO2EII,PUBLISHING,1,2012,52,"2012/12/25 00:00:00",SA1,29760.298868,13223.69551257,0.4443
D,CO2EII,PUBLISHING,1,2012,52,"2012/12/25 00:00:00",TAS1,21747.810763,1794.54892699,0.0825
D,CO2EII,PUBLISHING,1,2012,52,"2012/12/25 00:00:00",VIC1,107377.42759799,129865.47007818,1.2094
D,CO2EII,PUBLISHING,1,2012,52,"2012/12/26 00:00:00",NEM,411765.5359583,366997.77259381,0.8913
D,CO2EII,PUBLISHING,1,2012,52,"2012/12/26 00:00:00",NSW1,122264.137776,101583.9940975,0.8309
D,CO2EII,PUBLISHING,1,2012,52,"2012/12/26 00:00:00",QLD1,130065.78183133,108245.46969687,0.8322
D,CO2EII,PUBLISHING,1,2012,52,"2012/12/26 00:00:00",SA1,25532.832059,14308.35813986,0.5604
D,CO2EII,PUBLISHING,1,2012,52,"2012/12/26 00:00:00",TAS1,21822.29605099,1980.6777459,0.0908
D,CO2EII,PUBLISHING,1,2012,52,"2012/12/26 00:00:00",VIC1,112080.48824098,140879.27291368,1.2569
D,CO2EII,PUBLISHING,1,2012,52,"2012/12/27 00:00:00",NEM,457223.57419569,398656.79939712,0.8719
D,CO2EII,PUBLISHING,1,2012,52,"2012/12/27 00:00:00",NSW1,139040.86514501,118214.46184137,0.8502
D,CO2EII,PUBLISHING,1,2012,52,"2012/12/27 00:00:00",QLD1,142009.27164467,117927.99752644,0.8304
D,CO2EII,PUBLISHING,1,2012,52,"2012/12/27 00:00:00",SA1,30180.883403,16104.72513946,0.5336
D,CO2EII,PUBLISHING,1,2012,52,"2012/12/27 00:00:00",TAS1,26728.912479,2062.65761391,0.0772
D,CO2EII,PUBLISHING,1,2012,52,"2012/12/27 00:00:00",VIC1,119263.64152401,144346.95727594,1.2103
D,CO2EII,PUBLISHING,1,2012,52,"2012/12/28 00:00:00",NEM,463187.81356366,402194.43109245,0.8683
D,CO2EII,PUBLISHING,1,2012,52,"2012/12/28 00:00:00",NSW1,145904.985657,121608.71249773,0.8335
D,CO2EII,PUBLISHING,1,2012,52,"2012/12/28 00:00:00",QLD1,141874.88720566,118903.24513321,0.8381
D,CO2EII,PUBLISHING,1,2012,52,"2012/12/28 00:00:00",SA1,29369.775604,15211.54441496,0.5179
D,CO2EII,PUBLISHING,1,2012,52,"2012/12/28 00:00:00",TAS1,25190.20492201,1941.68757439,0.0771
D,CO2EII,PUBLISHING,1,2012,52,"2012/12/28 00:00:00",VIC1,120847.96017499,144529.24147216,1.196
D,CO2EII,PUBLISHING,1,2012,52,"2012/12/29 00:00:00",NEM,445646.65593002,389950.6333164,0.875
D,CO2EII,PUBLISHING,1,2012,52,"2012/12/29 00:00:00",NSW1,139759.05170001,119641.87059508,0.8561
D,CO2EII,PUBLISHING,1,2012,52,"2012/12/29 00:00:00",QLD1,140242.446107,117603.75590616,0.8386
D,CO2EII,PUBLISHING,1,2012,52,"2012/12/29 00:00:00",SA1,27415.784282,15625.04277035,0.5699
D,CO2EII,PUBLISHING,1,2012,52,"2012/12/29 00:00:00",TAS1,26537.178518,2071.15221637,0.078
D,CO2EII,PUBLISHING,1,2012,52,"2012/12/29 00:00:00",VIC1,111692.19532301,135008.81182844,1.2088
C,"END OF REPORT",2187
