C,SETP.WORLD,CO2EII_RESULTS_SUMMARY_YEAR_2014_PT2,AEMO,PUBLIC,2015/01/05,12:04:43,0000000257828797,,0000000257828790
I,CO2EII,PUBLISHING,1,CONTRACTYEAR,WEEKNO,SETTLEMENTDATE,REGIONID,TOTAL_SENT_OUT_ENERGY,TOTAL_EMISSIONS,CO2E_INTENSITY_INDEX
D,CO2EII,PUBLISHING,1,2014,23,"2014/06/01 00:00:00",NEM,476128.58744751,415204.68285609,0.8720
D,CO2EII,PUBLISHING,1,2014,23,"2014/06/01 00:00:00",NSW1,144180.946490,134749.87853561,0.9346
D,CO2EII,PUBLISHING,1,2014,23,"2014/06/01 00:00:00",QLD1,139777.642658,113171.50402467,0.8097
D,CO2EII,PUBLISHING,1,2014,23,"2014/06/01 00:00:00",SA1,25597.219349,14482.80706144,0.5658
D,CO2EII,PUBLISHING,1,2014,23,"2014/06/01 00:00:00",TAS1,43226.67991950,2163.75464476,0.0501
D,CO2EII,PUBLISHING,1,2014,23,"2014/06/01 00:00:00",VIC1,123346.09903101,150636.73858961,1.2213
D,CO2EII,PUBLISHING,1,2014,23,"2014/06/02 00:00:00",NEM,528151.12276899,453314.49135784,0.8583
D,CO2EII,PUBLISHING,1,2014,23,"2014/06/02 00:00:00",NSW1,173978.01121099,161508.76478385,0.9283
D,CO2EII,PUBLISHING,1,2014,23,"2014/06/02 00:00:00",QLD1,149687.588433,120468.33634530,0.8048
D,CO2EII,PUBLISHING,1,2014,23,"2014/06/02 00:00:00",SA1,27189.185344,18185.00471444,0.6688
D,CO2EII,PUBLISHING,1,2014,23,"2014/06/02 00:00:00",TAS1,45148.865742,1866.36305893,0.0413
D,CO2EII,PUBLISHING,1,2014,23,"2014/06/02 00:00:00",VIC1,132147.472039,151286.02245532,1.1448
D,CO2EII,PUBLISHING,1,2014,23,"2014/06/03 00:00:00",NEM,533195.434699,450227.64397180,0.8444
D,CO2EII,PUBLISHING,1,2014,23,"2014/06/03 00:00:00",NSW1,181362.435529,165157.80646352,0.9107
D,CO2EII,PUBLISHING,1,2014,23,"2014/06/03 00:00:00",QLD1,149693.339650,120336.35491697,0.8039
D,CO2EII,PUBLISHING,1,2014,23,"2014/06/03 00:00:00",SA1,27482.03030199,18767.96628305,0.6829
D,CO2EII,PUBLISHING,1,2014,23,"2014/06/03 00:00:00",TAS1,45693.690552,2246.54577675,0.0492
D,CO2EII,PUBLISHING,1,2014,23,"2014/06/03 00:00:00",VIC1,128963.93866601,143718.97053151,1.1144
D,CO2EII,PUBLISHING,1,2014,23,"2014/06/04 00:00:00",NEM,532822.07333818,442816.68981929,0.8311
D,CO2EII,PUBLISHING,1,2014,23,"2014/06/04 00:00:00",NSW1,186040.47589901,176744.44541462,0.95
D,CO2EII,PUBLISHING,1,2014,23,"2014/06/04 00:00:00",QLD1,151123.54025968,121215.82856958,0.8021
D,CO2EII,PUBLISHING,1,2014,23,"2014/06/04 00:00:00",SA1,29321.509640,20665.27350658,0.7048
D,CO2EII,PUBLISHING,1,2014,23,"2014/06/04 00:00:00",TAS1,44091.36061250,133.38877626,0.0030
D,CO2EII,PUBLISHING,1,2014,23,"2014/06/04 00:00:00",VIC1,122245.18692699,124057.75355225,1.0148
D,CO2EII,PUBLISHING,1,2014,23,"2014/06/05 00:00:00",NEM,530701.21810502,444868.69291790,0.8383
D,CO2EII,PUBLISHING,1,2014,23,"2014/06/05 00:00:00",NSW1,184554.54388501,175553.64622051,0.9512
D,CO2EII,PUBLISHING,1,2014,23,"2014/06/05 00:00:00",QLD1,150386.78323001,121092.50406010,0.8052
D,CO2EII,PUBLISHING,1,2014,23,"2014/06/05 00:00:00",SA1,30104.69354201,20947.13090295,0.6958
D,CO2EII,PUBLISHING,1,2014,23,"2014/06/05 00:00:00",TAS1,44048.568309,2.67037390,0.0001
D,CO2EII,PUBLISHING,1,2014,23,"2014/06/05 00:00:00",VIC1,121606.62913899,127272.74136044,1.0466
D,CO2EII,PUBLISHING,1,2014,23,"2014/06/06 00:00:00",NEM,524305.49545403,448229.96094552,0.8549
D,CO2EII,PUBLISHING,1,2014,23,"2014/06/06 00:00:00",NSW1,181092.824976,167415.22568773,0.9245
D,CO2EII,PUBLISHING,1,2014,23,"2014/06/06 00:00:00",QLD1,138934.34215001,113238.64003348,0.8151
D,CO2EII,PUBLISHING,1,2014,23,"2014/06/06 00:00:00",SA1,28866.58168401,17427.33445546,0.6037
D,CO2EII,PUBLISHING,1,2014,23,"2014/06/06 00:00:00",TAS1,42513.522529,20.73485875,0.0005
D,CO2EII,PUBLISHING,1,2014,23,"2014/06/06 00:00:00",VIC1,132898.22411501,150128.02591010,1.1296
D,CO2EII,PUBLISHING,1,2014,23,"2014/06/07 00:00:00",NEM,477962.87633433,403299.80336375,0.8438
D,CO2EII,PUBLISHING,1,2014,23,"2014/06/07 00:00:00",NSW1,159016.918029,148380.95520985,0.9331
D,CO2EII,PUBLISHING,1,2014,23,"2014/06/07 00:00:00",QLD1,132346.96505534,107402.75447354,0.8115
D,CO2EII,PUBLISHING,1,2014,23,"2014/06/07 00:00:00",SA1,30220.710677,15073.84001766,0.4988
D,CO2EII,PUBLISHING,1,2014,23,"2014/06/07 00:00:00",TAS1,41416.431096,2.65952367,0.0001
D,CO2EII,PUBLISHING,1,2014,23,"2014/06/07 00:00:00",VIC1,114961.85147699,132439.59413903,1.1520
D,CO2EII,PUBLISHING,1,2014,24,"2014/06/08 00:00:00",NEM,471720.50597904,403508.43248632,0.8554
D,CO2EII,PUBLISHING,1,2014,24,"2014/06/08 00:00:00",NSW1,150673.619838,138138.02328047,0.9168
D,CO2EII,PUBLISHING,1,2014,24,"2014/06/08 00:00:00",QLD1,136805.20275702,110297.42889314,0.8062
D,CO2EII,PUBLISHING,1,2014,24,"2014/06/08 00:00:00",SA1,31112.73122301,14569.12450585,0.4683
D,CO2EII,PUBLISHING,1,2014,24,"2014/06/08 00:00:00",TAS1,39671.627989,2.62328141,0.0001
D,CO2EII,PUBLISHING,1,2014,24,"2014/06/08 00:00:00",VIC1,113457.32417201,140501.23252545,1.2384
D,CO2EII,PUBLISHING,1,2014,24,"2014/06/09 00:00:00",NEM,491211.25301567,427026.07359815,0.8693
D,CO2EII,PUBLISHING,1,2014,24,"2014/06/09 00:00:00",NSW1,154479.170203,142173.99287899,0.9203
D,CO2EII,PUBLISHING,1,2014,24,"2014/06/09 00:00:00",QLD1,142441.00379966,114747.64812148,0.8056
D,CO2EII,PUBLISHING,1,2014,24,"2014/06/09 00:00:00",SA1,31136.77511201,14222.90880260,0.4568
D,CO2EII,PUBLISHING,1,2014,24,"2014/06/09 00:00:00",TAS1,38751.093502,2.63632476,0.0001
D,CO2EII,PUBLISHING,1,2014,24,"2014/06/09 00:00:00",VIC1,124403.210399,155878.88747032,1.2530
D,CO2EII,PUBLISHING,1,2014,24,"2014/06/10 00:00:00",NEM,536679.28919833,458119.52933053,0.8536
D,CO2EII,PUBLISHING,1,2014,24,"2014/06/10 00:00:00",NSW1,182110.234561,167867.39764815,0.9218
D,CO2EII,PUBLISHING,1,2014,24,"2014/06/10 00:00:00",QLD1,144012.20700433,116088.35321475,0.8061
D,CO2EII,PUBLISHING,1,2014,24,"2014/06/10 00:00:00",SA1,35354.491307,14383.43762527,0.4068
D,CO2EII,PUBLISHING,1,2014,24,"2014/06/10 00:00:00",TAS1,41577.333255,2.66055857,0.0001
D,CO2EII,PUBLISHING,1,2014,24,"2014/06/10 00:00:00",VIC1,133625.023071,159777.68028379,1.1957
D,CO2EII,PUBLISHING,1,2014,24,"2014/06/11 00:00:00",NEM,536417.11223467,452713.93951166,0.8440
D,CO2EII,PUBLISHING,1,2014,24,"2014/06/11 00:00:00",NSW1,183049.557734,172053.01673966,0.9399
D,CO2EII,PUBLISHING,1,2014,24,"2014/06/11 00:00:00",QLD1,141006.37685367,114291.20461458,0.8105
D,CO2EII,PUBLISHING,1,2014,24,"2014/06/11 00:00:00",SA1,34752.101559,15844.68146326,0.4559
D,CO2EII,PUBLISHING,1,2014,24,"2014/06/11 00:00:00",TAS1,41491.866816,3.63354705,0.0001
D,CO2EII,PUBLISHING,1,2014,24,"2014/06/11 00:00:00",VIC1,136117.209272,150521.40314711,1.1058
D,CO2EII,PUBLISHING,1,2014,24,"2014/06/12 00:00:00",NEM,539177.68976901,457366.14977428,0.8483
D,CO2EII,PUBLISHING,1,2014,24,"2014/06/12 00:00:00",NSW1,186534.677802,173646.66016475,0.9309
D,CO2EII,PUBLISHING,1,2014,24,"2014/06/12 00:00:00",QLD1,143273.988050,114375.19528020,0.7983
D,CO2EII,PUBLISHING,1,2014,24,"2014/06/12 00:00:00",SA1,33703.081595,15424.94384138,0.4577
D,CO2EII,PUBLISHING,1,2014,24,"2014/06/12 00:00:00",TAS1,40177.386695,44.349283,0.0011
D,CO2EII,PUBLISHING,1,2014,24,"2014/06/12 00:00:00",VIC1,135488.55562701,153875.00120495,1.1357
D,CO2EII,PUBLISHING,1,2014,24,"2014/06/13 00:00:00",NEM,539010.26453068,462420.70044755,0.8579
D,CO2EII,PUBLISHING,1,2014,24,"2014/06/13 00:00:00",NSW1,182325.858163,168017.65744332,0.9215
D,CO2EII,PUBLISHING,1,2014,24,"2014/06/13 00:00:00",QLD1,142656.71649069,113734.45347535,0.7973
D,CO2EII,PUBLISHING,1,2014,24,"2014/06/13 00:00:00",SA1,40721.57575299,14542.82671014,0.3571
D,CO2EII,PUBLISHING,1,2014,24,"2014/06/13 00:00:00",TAS1,37929.123041,2.54176744,0.0001
D,CO2EII,PUBLISHING,1,2014,24,"2014/06/13 00:00:00",VIC1,135376.991083,166123.22105130,1.2271
D,CO2EII,PUBLISHING,1,2014,24,"2014/06/14 00:00:00",NEM,496989.13153133,436831.11195917,0.8790
D,CO2EII,PUBLISHING,1,2014,24,"2014/06/14 00:00:00",NSW1,159501.306653,147355.23058790,0.9238
D,CO2EII,PUBLISHING,1,2014,24,"2014/06/14 00:00:00",QLD1,140195.04271034,112237.14969299,0.8006
D,CO2EII,PUBLISHING,1,2014,24,"2014/06/14 00:00:00",SA1,32445.313829,12819.03961779,0.3951
D,CO2EII,PUBLISHING,1,2014,24,"2014/06/14 00:00:00",TAS1,31299.227055,2.65872073,0.0001
D,CO2EII,PUBLISHING,1,2014,24,"2014/06/14 00:00:00",VIC1,133548.24128399,164417.03333976,1.2311
D,CO2EII,PUBLISHING,1,2014,25,"2014/06/15 00:00:00",NEM,489677.28754868,435114.12857766,0.8886
D,CO2EII,PUBLISHING,1,2014,25,"2014/06/15 00:00:00",NSW1,156103.521985,142759.20117980,0.9145
D,CO2EII,PUBLISHING,1,2014,25,"2014/06/15 00:00:00",QLD1,141068.87270367,113780.83586065,0.8066
D,CO2EII,PUBLISHING,1,2014,25,"2014/06/15 00:00:00",SA1,26747.99841901,14240.80834163,0.5324
D,CO2EII,PUBLISHING,1,2014,25,"2014/06/15 00:00:00",TAS1,33172.547043,2.65908390,0.0001
D,CO2EII,PUBLISHING,1,2014,25,"2014/06/15 00:00:00",VIC1,132584.347398,164330.62411168,1.2394
D,CO2EII,PUBLISHING,1,2014,25,"2014/06/16 00:00:00",NEM,548896.85787734,459110.05282864,0.8364
D,CO2EII,PUBLISHING,1,2014,25,"2014/06/16 00:00:00",NSW1,180336.613041,160167.64578635,0.8882
D,CO2EII,PUBLISHING,1,2014,25,"2014/06/16 00:00:00",QLD1,151553.12046933,121704.02610471,0.8030
D,CO2EII,PUBLISHING,1,2014,25,"2014/06/16 00:00:00",SA1,36268.23545599,14900.96587153,0.4109
D,CO2EII,PUBLISHING,1,2014,25,"2014/06/16 00:00:00",TAS1,36812.075003,2.64192589,0.0001
D,CO2EII,PUBLISHING,1,2014,25,"2014/06/16 00:00:00",VIC1,143926.81390802,162334.77314016,1.1279
D,CO2EII,PUBLISHING,1,2014,25,"2014/06/17 00:00:00",NEM,549569.676026,476584.33705730,0.8672
D,CO2EII,PUBLISHING,1,2014,25,"2014/06/17 00:00:00",NSW1,181876.653067,162793.87845494,0.8951
D,CO2EII,PUBLISHING,1,2014,25,"2014/06/17 00:00:00",QLD1,153062.277650,124105.63096974,0.8108
D,CO2EII,PUBLISHING,1,2014,25,"2014/06/17 00:00:00",SA1,27942.229057,18867.35843237,0.6752
D,CO2EII,PUBLISHING,1,2014,25,"2014/06/17 00:00:00",TAS1,39259.934212,6.16603915,0.0002
D,CO2EII,PUBLISHING,1,2014,25,"2014/06/17 00:00:00",VIC1,147428.582040,170811.30316110,1.1586
D,CO2EII,PUBLISHING,1,2014,25,"2014/06/18 00:00:00",NEM,543264.03201370,472218.84193720,0.8692
D,CO2EII,PUBLISHING,1,2014,25,"2014/06/18 00:00:00",NSW1,181657.782573,164133.32967749,0.9035
D,CO2EII,PUBLISHING,1,2014,25,"2014/06/18 00:00:00",QLD1,149250.74922370,121004.91079259,0.8107
D,CO2EII,PUBLISHING,1,2014,25,"2014/06/18 00:00:00",SA1,32311.122532,15296.32971811,0.4734
D,CO2EII,PUBLISHING,1,2014,25,"2014/06/18 00:00:00",TAS1,39021.825798,79.27815515,0.0020
D,CO2EII,PUBLISHING,1,2014,25,"2014/06/18 00:00:00",VIC1,141022.551887,171704.99359386,1.2176
D,CO2EII,PUBLISHING,1,2014,25,"2014/06/19 00:00:00",NEM,548212.57110396,465641.64745839,0.8494
D,CO2EII,PUBLISHING,1,2014,25,"2014/06/19 00:00:00",NSW1,176628.30042598,158457.98298158,0.8971
D,CO2EII,PUBLISHING,1,2014,25,"2014/06/19 00:00:00",QLD1,143753.97989099,116124.38111736,0.8078
D,CO2EII,PUBLISHING,1,2014,25,"2014/06/19 00:00:00",SA1,39844.826579,12574.61146337,0.3156
D,CO2EII,PUBLISHING,1,2014,25,"2014/06/19 00:00:00",TAS1,34623.003250,2.62021213,0.0001
D,CO2EII,PUBLISHING,1,2014,25,"2014/06/19 00:00:00",VIC1,153362.46095799,178482.05168395,1.1638
D,CO2EII,PUBLISHING,1,2014,25,"2014/06/20 00:00:00",NEM,538316.74669369,450248.49268665,0.8364
D,CO2EII,PUBLISHING,1,2014,25,"2014/06/20 00:00:00",NSW1,174475.279906,157754.81658276,0.9042
D,CO2EII,PUBLISHING,1,2014,25,"2014/06/20 00:00:00",QLD1,140634.19625568,113932.02256511,0.8101
D,CO2EII,PUBLISHING,1,2014,25,"2014/06/20 00:00:00",SA1,37838.498448,11139.21592474,0.2944
D,CO2EII,PUBLISHING,1,2014,25,"2014/06/20 00:00:00",TAS1,37923.988386,2.39055264,0.0001
D,CO2EII,PUBLISHING,1,2014,25,"2014/06/20 00:00:00",VIC1,147444.78369801,167420.04706140,1.1355
D,CO2EII,PUBLISHING,1,2014,25,"2014/06/21 00:00:00",NEM,491832.31479531,438877.39525417,0.8923
D,CO2EII,PUBLISHING,1,2014,25,"2014/06/21 00:00:00",NSW1,156473.358806,143744.16981519,0.9186
D,CO2EII,PUBLISHING,1,2014,25,"2014/06/21 00:00:00",QLD1,131871.57953634,105768.40602856,0.8021
D,CO2EII,PUBLISHING,1,2014,25,"2014/06/21 00:00:00",SA1,26869.409170,13755.83769543,0.5120
D,CO2EII,PUBLISHING,1,2014,25,"2014/06/21 00:00:00",TAS1,39624.981056,2.53350703,0.0001
D,CO2EII,PUBLISHING,1,2014,25,"2014/06/21 00:00:00",VIC1,136992.98622697,175606.44820796,1.2819
D,CO2EII,PUBLISHING,1,2014,26,"2014/06/22 00:00:00",NEM,483741.34943434,414951.67143338,0.8578
D,CO2EII,PUBLISHING,1,2014,26,"2014/06/22 00:00:00",NSW1,143979.383733,131155.70014820,0.9109
D,CO2EII,PUBLISHING,1,2014,26,"2014/06/22 00:00:00",QLD1,136639.36590834,110385.06008262,0.8079
D,CO2EII,PUBLISHING,1,2014,26,"2014/06/22 00:00:00",SA1,32487.998612,10142.51952512,0.3122
D,CO2EII,PUBLISHING,1,2014,26,"2014/06/22 00:00:00",TAS1,39090.358557,2.57423466,0.0001
D,CO2EII,PUBLISHING,1,2014,26,"2014/06/22 00:00:00",VIC1,131544.242624,163265.81744278,1.2411
D,CO2EII,PUBLISHING,1,2014,26,"2014/06/23 00:00:00",NEM,551527.21455568,441277.93934110,0.8001
D,CO2EII,PUBLISHING,1,2014,26,"2014/06/23 00:00:00",NSW1,173443.499829,149316.35322658,0.8609
D,CO2EII,PUBLISHING,1,2014,26,"2014/06/23 00:00:00",QLD1,146064.83004367,118151.95690324,0.8089
D,CO2EII,PUBLISHING,1,2014,26,"2014/06/23 00:00:00",SA1,41697.312078,10256.98844798,0.2460
D,CO2EII,PUBLISHING,1,2014,26,"2014/06/23 00:00:00",TAS1,43787.438115,2.70920719,0.0001
D,CO2EII,PUBLISHING,1,2014,26,"2014/06/23 00:00:00",VIC1,146534.13449001,163549.93155611,1.1161
D,CO2EII,PUBLISHING,1,2014,26,"2014/06/24 00:00:00",NEM,566109.11871201,451913.47886912,0.7983
D,CO2EII,PUBLISHING,1,2014,26,"2014/06/24 00:00:00",NSW1,181548.682615,157379.58024503,0.8669
D,CO2EII,PUBLISHING,1,2014,26,"2014/06/24 00:00:00",QLD1,147947.406354,119093.54434947,0.8050
D,CO2EII,PUBLISHING,1,2014,26,"2014/06/24 00:00:00",SA1,41692.824698,9600.96881582,0.2303
D,CO2EII,PUBLISHING,1,2014,26,"2014/06/24 00:00:00",TAS1,46343.979827,2.60204083,0.0001
D,CO2EII,PUBLISHING,1,2014,26,"2014/06/24 00:00:00",VIC1,148576.22521801,165836.78341797,1.1162
D,CO2EII,PUBLISHING,1,2014,26,"2014/06/25 00:00:00",NEM,548009.49306532,432406.28588761,0.7890
D,CO2EII,PUBLISHING,1,2014,26,"2014/06/25 00:00:00",NSW1,175276.395029,151760.30226540,0.8658
D,CO2EII,PUBLISHING,1,2014,26,"2014/06/25 00:00:00",QLD1,145034.45870633,117836.74135234,0.8125
D,CO2EII,PUBLISHING,1,2014,26,"2014/06/25 00:00:00",SA1,41120.194348,9683.61905861,0.2355
D,CO2EII,PUBLISHING,1,2014,26,"2014/06/25 00:00:00",TAS1,46267.364845,2.65046319,0.0001
D,CO2EII,PUBLISHING,1,2014,26,"2014/06/25 00:00:00",VIC1,140311.08013699,153122.97274807,1.0913
D,CO2EII,PUBLISHING,1,2014,26,"2014/06/26 00:00:00",NEM,543192.96835898,435429.28084187,0.8016
D,CO2EII,PUBLISHING,1,2014,26,"2014/06/26 00:00:00",NSW1,171700.996780,150951.58104738,0.8792
D,CO2EII,PUBLISHING,1,2014,26,"2014/06/26 00:00:00",QLD1,147118.36724198,120277.86939588,0.8176
D,CO2EII,PUBLISHING,1,2014,26,"2014/06/26 00:00:00",SA1,37905.747126,10205.54638034,0.2692
D,CO2EII,PUBLISHING,1,2014,26,"2014/06/26 00:00:00",TAS1,45817.152244,2.31273988,0.0001
D,CO2EII,PUBLISHING,1,2014,26,"2014/06/26 00:00:00",VIC1,140650.704967,153991.97127839,1.0949
D,CO2EII,PUBLISHING,1,2014,26,"2014/06/27 00:00:00",NEM,541161.37110734,425851.54859530,0.7869
D,CO2EII,PUBLISHING,1,2014,26,"2014/06/27 00:00:00",NSW1,166041.86017401,148907.83794811,0.8968
D,CO2EII,PUBLISHING,1,2014,26,"2014/06/27 00:00:00",QLD1,147424.90664333,119427.02566678,0.8101
D,CO2EII,PUBLISHING,1,2014,26,"2014/06/27 00:00:00",SA1,41652.357891,9029.72099534,0.2168
D,CO2EII,PUBLISHING,1,2014,26,"2014/06/27 00:00:00",TAS1,45689.208486,2.58992536,0.0001
D,CO2EII,PUBLISHING,1,2014,26,"2014/06/27 00:00:00",VIC1,140353.037913,148484.37405971,1.0579
D,CO2EII,PUBLISHING,1,2014,26,"2014/06/28 00:00:00",NEM,508928.94721032,404223.40913983,0.7943
D,CO2EII,PUBLISHING,1,2014,26,"2014/06/28 00:00:00",NSW1,148703.359910,129527.63748991,0.8710
D,CO2EII,PUBLISHING,1,2014,26,"2014/06/28 00:00:00",QLD1,142947.54072934,115172.43231094,0.8057
D,CO2EII,PUBLISHING,1,2014,26,"2014/06/28 00:00:00",SA1,40219.962672,8787.25343401,0.2185
D,CO2EII,PUBLISHING,1,2014,26,"2014/06/28 00:00:00",TAS1,44744.836707,2.61198593,0.0001
D,CO2EII,PUBLISHING,1,2014,26,"2014/06/28 00:00:00",VIC1,132313.24719198,150733.47391904,1.1392
D,CO2EII,PUBLISHING,1,2014,27,"2014/06/29 00:00:00",NEM,504905.00452534,413285.33655590,0.8185
D,CO2EII,PUBLISHING,1,2014,27,"2014/06/29 00:00:00",NSW1,150282.894973,134555.07392116,0.8953
D,CO2EII,PUBLISHING,1,2014,27,"2014/06/29 00:00:00",QLD1,143222.64890335,113932.25076275,0.7955
D,CO2EII,PUBLISHING,1,2014,27,"2014/06/29 00:00:00",SA1,33953.008111,10925.38511885,0.3218
D,CO2EII,PUBLISHING,1,2014,27,"2014/06/29 00:00:00",TAS1,46286.243204,2.52392797,0.0001
D,CO2EII,PUBLISHING,1,2014,27,"2014/06/29 00:00:00",VIC1,131160.20933399,153870.10282517,1.1731
D,CO2EII,PUBLISHING,1,2014,27,"2014/06/30 00:00:00",NEM,565961.43164999,469161.78443874,0.8290
D,CO2EII,PUBLISHING,1,2014,27,"2014/06/30 00:00:00",NSW1,183882.24459699,169885.30931775,0.9239
D,CO2EII,PUBLISHING,1,2014,27,"2014/06/30 00:00:00",QLD1,155117.847390,124427.65386864,0.8021
D,CO2EII,PUBLISHING,1,2014,27,"2014/06/30 00:00:00",SA1,30784.982940,15361.85592602,0.4990
D,CO2EII,PUBLISHING,1,2014,27,"2014/06/30 00:00:00",TAS1,48703.952791,2.50437266,0.0001
D,CO2EII,PUBLISHING,1,2014,27,"2014/06/30 00:00:00",VIC1,147472.403932,159484.46095367,1.0815
D,CO2EII,PUBLISHING,1,2014,27,"2014/07/01 00:00:00",NEM,572518.992397,498751.63750331,0.8712
D,CO2EII,PUBLISHING,1,2014,27,"2014/07/01 00:00:00",NSW1,187388.587931,177518.91355901,0.9473
D,CO2EII,PUBLISHING,1,2014,27,"2014/07/01 00:00:00",QLD1,158175.438262,128971.39847234,0.8154
D,CO2EII,PUBLISHING,1,2014,27,"2014/07/01 00:00:00",SA1,27204.052175,19608.68239413,0.7208
D,CO2EII,PUBLISHING,1,2014,27,"2014/07/01 00:00:00",TAS1,46535.194581,16.88294704,0.0004
D,CO2EII,PUBLISHING,1,2014,27,"2014/07/01 00:00:00",VIC1,153215.719448,172635.76013079,1.1267
D,CO2EII,PUBLISHING,1,2014,27,"2014/07/02 00:00:00",NEM,554320.81813999,484189.63649794,0.8735
D,CO2EII,PUBLISHING,1,2014,27,"2014/07/02 00:00:00",NSW1,183106.676438,176156.35275001,0.9620
D,CO2EII,PUBLISHING,1,2014,27,"2014/07/02 00:00:00",QLD1,146999.54828999,119080.20445064,0.8101
D,CO2EII,PUBLISHING,1,2014,27,"2014/07/02 00:00:00",SA1,26939.445009,17379.35454412,0.6451
D,CO2EII,PUBLISHING,1,2014,27,"2014/07/02 00:00:00",TAS1,46508.819220,2.47943261,0.0001
D,CO2EII,PUBLISHING,1,2014,27,"2014/07/02 00:00:00",VIC1,150766.329183,171571.24532056,1.1380
D,CO2EII,PUBLISHING,1,2014,27,"2014/07/03 00:00:00",NEM,557351.25264266,459575.87275174,0.8246
D,CO2EII,PUBLISHING,1,2014,27,"2014/07/03 00:00:00",NSW1,182019.452515,172557.66302868,0.9480
D,CO2EII,PUBLISHING,1,2014,27,"2014/07/03 00:00:00",QLD1,149315.56100667,120764.65646372,0.8088
D,CO2EII,PUBLISHING,1,2014,27,"2014/07/03 00:00:00",SA1,40926.04458799,12270.17009749,0.2998
D,CO2EII,PUBLISHING,1,2014,27,"2014/07/03 00:00:00",TAS1,43119.901581,2.39046780,0.0001
D,CO2EII,PUBLISHING,1,2014,27,"2014/07/03 00:00:00",VIC1,141970.292952,153980.99269405,1.0846
D,CO2EII,PUBLISHING,1,2014,27,"2014/07/04 00:00:00",NEM,555891.48686902,453202.06213401,0.8153
D,CO2EII,PUBLISHING,1,2014,27,"2014/07/04 00:00:00",NSW1,176632.311181,161573.27440193,0.9147
D,CO2EII,PUBLISHING,1,2014,27,"2014/07/04 00:00:00",QLD1,147945.905741,119861.05477305,0.8102
D,CO2EII,PUBLISHING,1,2014,27,"2014/07/04 00:00:00",SA1,41191.652904,10901.95408308,0.2647
D,CO2EII,PUBLISHING,1,2014,27,"2014/07/04 00:00:00",TAS1,44015.071158,2.55901265,0.0001
D,CO2EII,PUBLISHING,1,2014,27,"2014/07/04 00:00:00",VIC1,146106.54588502,160863.21986330,1.1010
D,CO2EII,PUBLISHING,1,2014,27,"2014/07/05 00:00:00",NEM,508978.80905067,427140.23928659,0.8392
D,CO2EII,PUBLISHING,1,2014,27,"2014/07/05 00:00:00",NSW1,160474.844086,146717.76824421,0.9143
D,CO2EII,PUBLISHING,1,2014,27,"2014/07/05 00:00:00",QLD1,135627.54435967,110206.49577869,0.8126
D,CO2EII,PUBLISHING,1,2014,27,"2014/07/05 00:00:00",SA1,34618.626239,10993.58536787,0.3176
D,CO2EII,PUBLISHING,1,2014,27,"2014/07/05 00:00:00",TAS1,38834.104155,2.54716001,0.0001
D,CO2EII,PUBLISHING,1,2014,27,"2014/07/05 00:00:00",VIC1,139423.690211,159219.84273581,1.1420
D,CO2EII,PUBLISHING,1,2014,28,"2014/07/06 00:00:00",NEM,500094.51044966,434270.01214902,0.8684
D,CO2EII,PUBLISHING,1,2014,28,"2014/07/06 00:00:00",NSW1,160669.141169,146555.44607768,0.9122
D,CO2EII,PUBLISHING,1,2014,28,"2014/07/06 00:00:00",QLD1,136349.29264566,109867.59569258,0.8058
D,CO2EII,PUBLISHING,1,2014,28,"2014/07/06 00:00:00",SA1,27694.241535,13117.48297439,0.4737
D,CO2EII,PUBLISHING,1,2014,28,"2014/07/06 00:00:00",TAS1,39829.186181,2.52955740,0.0001
D,CO2EII,PUBLISHING,1,2014,28,"2014/07/06 00:00:00",VIC1,135552.648919,164726.95784697,1.2152
D,CO2EII,PUBLISHING,1,2014,28,"2014/07/07 00:00:00",NEM,558432.79164632,470209.87311810,0.8420
D,CO2EII,PUBLISHING,1,2014,28,"2014/07/07 00:00:00",NSW1,174213.221183,161052.66880067,0.9245
D,CO2EII,PUBLISHING,1,2014,28,"2014/07/07 00:00:00",QLD1,160526.29483631,129844.86378219,0.8089
D,CO2EII,PUBLISHING,1,2014,28,"2014/07/07 00:00:00",SA1,40653.39144501,11297.77229257,0.2779
D,CO2EII,PUBLISHING,1,2014,28,"2014/07/07 00:00:00",TAS1,39653.912048,2.55588676,0.0001
D,CO2EII,PUBLISHING,1,2014,28,"2014/07/07 00:00:00",VIC1,143385.972134,168012.01235591,1.1717
D,CO2EII,PUBLISHING,1,2014,28,"2014/07/08 00:00:00",NEM,563502.83811466,461061.17206605,0.8182
D,CO2EII,PUBLISHING,1,2014,28,"2014/07/08 00:00:00",NSW1,170239.255971,160216.49136397,0.9411
D,CO2EII,PUBLISHING,1,2014,28,"2014/07/08 00:00:00",QLD1,164603.84028966,133188.27191722,0.8091
D,CO2EII,PUBLISHING,1,2014,28,"2014/07/08 00:00:00",SA1,43818.800886,10329.37212841,0.2357
D,CO2EII,PUBLISHING,1,2014,28,"2014/07/08 00:00:00",TAS1,37969.544026,2.54760209,0.0001
D,CO2EII,PUBLISHING,1,2014,28,"2014/07/08 00:00:00",VIC1,146871.396942,157324.48905436,1.0712
D,CO2EII,PUBLISHING,1,2014,28,"2014/07/09 00:00:00",NEM,569240.20565037,480382.77919568,0.8439
D,CO2EII,PUBLISHING,1,2014,28,"2014/07/09 00:00:00",NSW1,177814.32461801,166320.74499918,0.9354
D,CO2EII,PUBLISHING,1,2014,28,"2014/07/09 00:00:00",QLD1,163405.18523933,131365.49773378,0.8039
D,CO2EII,PUBLISHING,1,2014,28,"2014/07/09 00:00:00",SA1,38860.535750,11500.46283074,0.2959
D,CO2EII,PUBLISHING,1,2014,28,"2014/07/09 00:00:00",TAS1,40817.410275,2.40880395,0.0001
D,CO2EII,PUBLISHING,1,2014,28,"2014/07/09 00:00:00",VIC1,148342.74976803,171193.66482803,1.1540
D,CO2EII,PUBLISHING,1,2014,28,"2014/07/10 00:00:00",NEM,566673.20198466,474739.51966015,0.8378
D,CO2EII,PUBLISHING,1,2014,28,"2014/07/10 00:00:00",NSW1,173438.69995699,161104.66544539,0.9289
D,CO2EII,PUBLISHING,1,2014,28,"2014/07/10 00:00:00",QLD1,164270.19676966,133104.33217704,0.8103
D,CO2EII,PUBLISHING,1,2014,28,"2014/07/10 00:00:00",SA1,35485.246465,13258.86459592,0.3736
D,CO2EII,PUBLISHING,1,2014,28,"2014/07/10 00:00:00",TAS1,42086.418002,2.45066492,0.0001
D,CO2EII,PUBLISHING,1,2014,28,"2014/07/10 00:00:00",VIC1,151392.64079101,167269.20677688,1.1049
D,CO2EII,PUBLISHING,1,2014,28,"2014/07/11 00:00:00",NEM,558218.85767632,472795.92871769,0.8470
D,CO2EII,PUBLISHING,1,2014,28,"2014/07/11 00:00:00",NSW1,167721.992639,154463.70786834,0.9210
D,CO2EII,PUBLISHING,1,2014,28,"2014/07/11 00:00:00",QLD1,163704.09808133,131701.43400723,0.8045
D,CO2EII,PUBLISHING,1,2014,28,"2014/07/11 00:00:00",SA1,34606.283991,9843.42526774,0.2844
D,CO2EII,PUBLISHING,1,2014,28,"2014/07/11 00:00:00",TAS1,40712.512612,2.57576285,0.0001
D,CO2EII,PUBLISHING,1,2014,28,"2014/07/11 00:00:00",VIC1,151473.97035299,176784.78581153,1.1671
D,CO2EII,PUBLISHING,1,2014,28,"2014/07/12 00:00:00",NEM,525730.606834,467835.15497380,0.8899
D,CO2EII,PUBLISHING,1,2014,28,"2014/07/12 00:00:00",NSW1,152687.079425,143634.33710064,0.9407
D,CO2EII,PUBLISHING,1,2014,28,"2014/07/12 00:00:00",QLD1,159384.38941899,128312.83456745,0.8051
D,CO2EII,PUBLISHING,1,2014,28,"2014/07/12 00:00:00",SA1,28850.179774,14931.24109268,0.5175
D,CO2EII,PUBLISHING,1,2014,28,"2014/07/12 00:00:00",TAS1,36301.790737,2.44795173,0.0001
D,CO2EII,PUBLISHING,1,2014,28,"2014/07/12 00:00:00",VIC1,148507.16747901,180954.29426130,1.2185
D,CO2EII,PUBLISHING,1,2014,29,"2014/07/13 00:00:00",NEM,516966.880144,467939.18581181,0.9052
D,CO2EII,PUBLISHING,1,2014,29,"2014/07/13 00:00:00",NSW1,154224.141492,146131.50583537,0.9475
D,CO2EII,PUBLISHING,1,2014,29,"2014/07/13 00:00:00",QLD1,154033.028648,124598.21195426,0.8089
D,CO2EII,PUBLISHING,1,2014,29,"2014/07/13 00:00:00",SA1,27886.953697,14562.28245373,0.5222
D,CO2EII,PUBLISHING,1,2014,29,"2014/07/13 00:00:00",TAS1,37648.326543,2.43572003,0.0001
D,CO2EII,PUBLISHING,1,2014,29,"2014/07/13 00:00:00",VIC1,143174.429764,182644.74984842,1.2757
D,CO2EII,PUBLISHING,1,2014,29,"2014/07/14 00:00:00",NEM,576032.39469832,511430.50707857,0.8879
D,CO2EII,PUBLISHING,1,2014,29,"2014/07/14 00:00:00",NSW1,177698.398404,169347.70363025,0.9530
D,CO2EII,PUBLISHING,1,2014,29,"2014/07/14 00:00:00",QLD1,166259.04596232,132855.20761029,0.7991
D,CO2EII,PUBLISHING,1,2014,29,"2014/07/14 00:00:00",SA1,36153.480908,18864.40827576,0.5218
D,CO2EII,PUBLISHING,1,2014,29,"2014/07/14 00:00:00",TAS1,41654.164508,68.52110570,0.0016
D,CO2EII,PUBLISHING,1,2014,29,"2014/07/14 00:00:00",VIC1,154267.304916,190294.66645657,1.2335
D,CO2EII,PUBLISHING,1,2014,29,"2014/07/15 00:00:00",NEM,579348.96705770,491494.43067078,0.8484
D,CO2EII,PUBLISHING,1,2014,29,"2014/07/15 00:00:00",NSW1,176951.318383,168689.39872426,0.9533
D,CO2EII,PUBLISHING,1,2014,29,"2014/07/15 00:00:00",QLD1,167020.22557367,133076.09076374,0.7968
D,CO2EII,PUBLISHING,1,2014,29,"2014/07/15 00:00:00",SA1,41668.965468,15307.32537421,0.3674
D,CO2EII,PUBLISHING,1,2014,29,"2014/07/15 00:00:00",TAS1,40099.304056,116.78262262,0.0029
D,CO2EII,PUBLISHING,1,2014,29,"2014/07/15 00:00:00",VIC1,153609.15357703,174304.83318595,1.1347
D,CO2EII,PUBLISHING,1,2014,29,"2014/07/16 00:00:00",NEM,564541.56086130,479757.77318216,0.8498
D,CO2EII,PUBLISHING,1,2014,29,"2014/07/16 00:00:00",NSW1,168133.800745,158091.94296863,0.9403
D,CO2EII,PUBLISHING,1,2014,29,"2014/07/16 00:00:00",QLD1,163152.57111132,130265.79440506,0.7984
D,CO2EII,PUBLISHING,1,2014,29,"2014/07/16 00:00:00",SA1,41462.725069,12980.95047210,0.3131
D,CO2EII,PUBLISHING,1,2014,29,"2014/07/16 00:00:00",TAS1,39228.279032,2.41807824,0.0001
D,CO2EII,PUBLISHING,1,2014,29,"2014/07/16 00:00:00",VIC1,152564.18490398,178416.66725813,1.1695
D,CO2EII,PUBLISHING,1,2014,29,"2014/07/17 00:00:00",NEM,569189.51443968,476861.90708104,0.8378
D,CO2EII,PUBLISHING,1,2014,29,"2014/07/17 00:00:00",NSW1,177526.547253,163243.55680577,0.9195
D,CO2EII,PUBLISHING,1,2014,29,"2014/07/17 00:00:00",QLD1,156657.21918167,126639.35575075,0.8084
D,CO2EII,PUBLISHING,1,2014,29,"2014/07/17 00:00:00",SA1,44299.792739,12998.17937061,0.2934
D,CO2EII,PUBLISHING,1,2014,29,"2014/07/17 00:00:00",TAS1,41075.162109,2.37184070,0.0001
D,CO2EII,PUBLISHING,1,2014,29,"2014/07/17 00:00:00",VIC1,149630.79315701,173978.44331321,1.1627
D,CO2EII,PUBLISHING,1,2014,29,"2014/07/18 00:00:00",NEM,575747.57677068,496806.86324930,0.8629
D,CO2EII,PUBLISHING,1,2014,29,"2014/07/18 00:00:00",NSW1,191545.12075899,177580.79229661,0.9271
D,CO2EII,PUBLISHING,1,2014,29,"2014/07/18 00:00:00",QLD1,164288.01536768,132763.77627356,0.8081
D,CO2EII,PUBLISHING,1,2014,29,"2014/07/18 00:00:00",SA1,34629.533114,21821.80082864,0.6302
D,CO2EII,PUBLISHING,1,2014,29,"2014/07/18 00:00:00",TAS1,41473.689459,116.27799461,0.0028
D,CO2EII,PUBLISHING,1,2014,29,"2014/07/18 00:00:00",VIC1,143811.21807101,164524.21585588,1.1440
D,CO2EII,PUBLISHING,1,2014,29,"2014/07/19 00:00:00",NEM,531450.48331836,483598.80044590,0.91
D,CO2EII,PUBLISHING,1,2014,29,"2014/07/19 00:00:00",NSW1,176418.935930,166277.31355183,0.9425
D,CO2EII,PUBLISHING,1,2014,29,"2014/07/19 00:00:00",QLD1,158868.55965033,131475.71148260,0.8276
D,CO2EII,PUBLISHING,1,2014,29,"2014/07/19 00:00:00",SA1,30746.37417002,17902.83163587,0.5823
D,CO2EII,PUBLISHING,1,2014,29,"2014/07/19 00:00:00",TAS1,35891.195986,2.60515872,0.0001
D,CO2EII,PUBLISHING,1,2014,29,"2014/07/19 00:00:00",VIC1,129525.41758201,167940.33861688,1.2966
D,CO2EII,PUBLISHING,1,2014,30,"2014/07/20 00:00:00",NEM,514706.92208935,476470.28840459,0.9257
D,CO2EII,PUBLISHING,1,2014,30,"2014/07/20 00:00:00",NSW1,167576.383435,161454.64838428,0.9635
D,CO2EII,PUBLISHING,1,2014,30,"2014/07/20 00:00:00",QLD1,156495.10561534,130724.95022421,0.8353
D,CO2EII,PUBLISHING,1,2014,30,"2014/07/20 00:00:00",SA1,28275.073578,14744.81662793,0.5215
D,CO2EII,PUBLISHING,1,2014,30,"2014/07/20 00:00:00",TAS1,34383.323379,2.57924114,0.0001
D,CO2EII,PUBLISHING,1,2014,30,"2014/07/20 00:00:00",VIC1,127977.03608201,169543.29392703,1.3248
D,CO2EII,PUBLISHING,1,2014,30,"2014/07/21 00:00:00",NEM,568988.73828264,501994.25127446,0.8823
D,CO2EII,PUBLISHING,1,2014,30,"2014/07/21 00:00:00",NSW1,189225.530893,182716.27911227,0.9656
D,CO2EII,PUBLISHING,1,2014,30,"2014/07/21 00:00:00",QLD1,168216.37805066,139775.91217071,0.8309
D,CO2EII,PUBLISHING,1,2014,30,"2014/07/21 00:00:00",SA1,33033.749449,20242.09809485,0.6128
D,CO2EII,PUBLISHING,1,2014,30,"2014/07/21 00:00:00",TAS1,42362.486187,410.49306197,0.0097
D,CO2EII,PUBLISHING,1,2014,30,"2014/07/21 00:00:00",VIC1,136150.59370298,158849.46883466,1.1667
D,CO2EII,PUBLISHING,1,2014,30,"2014/07/22 00:00:00",NEM,568560.46789668,500510.52236433,0.8803
D,CO2EII,PUBLISHING,1,2014,30,"2014/07/22 00:00:00",NSW1,188746.593398,183740.44640142,0.9735
D,CO2EII,PUBLISHING,1,2014,30,"2014/07/22 00:00:00",QLD1,166708.70761967,139912.53459502,0.8393
D,CO2EII,PUBLISHING,1,2014,30,"2014/07/22 00:00:00",SA1,30895.237567,20209.75628735,0.6541
D,CO2EII,PUBLISHING,1,2014,30,"2014/07/22 00:00:00",TAS1,45541.619521,366.74753333,0.0081
D,CO2EII,PUBLISHING,1,2014,30,"2014/07/22 00:00:00",VIC1,136668.30979101,156281.03754721,1.1435
D,CO2EII,PUBLISHING,1,2014,30,"2014/07/23 00:00:00",NEM,566965.53619967,504939.52428110,0.8906
D,CO2EII,PUBLISHING,1,2014,30,"2014/07/23 00:00:00",NSW1,187386.467114,182331.75023397,0.9730
D,CO2EII,PUBLISHING,1,2014,30,"2014/07/23 00:00:00",QLD1,166453.19066667,137910.47218678,0.8285
D,CO2EII,PUBLISHING,1,2014,30,"2014/07/23 00:00:00",SA1,41507.314728,15507.61820083,0.3736
D,CO2EII,PUBLISHING,1,2014,30,"2014/07/23 00:00:00",TAS1,35871.482445,89.23059749,0.0025
D,CO2EII,PUBLISHING,1,2014,30,"2014/07/23 00:00:00",VIC1,135747.081246,169100.45306203,1.2457
D,CO2EII,PUBLISHING,1,2014,30,"2014/07/24 00:00:00",NEM,567639.22056797,504647.42685672,0.8890
D,CO2EII,PUBLISHING,1,2014,30,"2014/07/24 00:00:00",NSW1,179825.780863,175905.15006174,0.9782
D,CO2EII,PUBLISHING,1,2014,30,"2014/07/24 00:00:00",QLD1,162832.59878799,135241.21562948,0.8306
D,CO2EII,PUBLISHING,1,2014,30,"2014/07/24 00:00:00",SA1,41179.056017,13507.82180222,0.3280
D,CO2EII,PUBLISHING,1,2014,30,"2014/07/24 00:00:00",TAS1,34791.523036,2.64074688,0.0001
D,CO2EII,PUBLISHING,1,2014,30,"2014/07/24 00:00:00",VIC1,149010.26186398,179990.59861640,1.2079
D,CO2EII,PUBLISHING,1,2014,30,"2014/07/25 00:00:00",NEM,551762.71600099,508566.42333508,0.9217
D,CO2EII,PUBLISHING,1,2014,30,"2014/07/25 00:00:00",NSW1,176639.815469,170255.43117431,0.9639
D,CO2EII,PUBLISHING,1,2014,30,"2014/07/25 00:00:00",QLD1,161575.31410598,133557.77208332,0.8266
D,CO2EII,PUBLISHING,1,2014,30,"2014/07/25 00:00:00",SA1,29941.164154,14943.59917426,0.4991
D,CO2EII,PUBLISHING,1,2014,30,"2014/07/25 00:00:00",TAS1,31872.515895,2.59137642,0.0001
D,CO2EII,PUBLISHING,1,2014,30,"2014/07/25 00:00:00",VIC1,151733.90637701,189807.02952677,1.2509
D,CO2EII,PUBLISHING,1,2014,30,"2014/07/26 00:00:00",NEM,507581.54181734,483755.20336990,0.9531
D,CO2EII,PUBLISHING,1,2014,30,"2014/07/26 00:00:00",NSW1,156479.674315,152592.03058405,0.9752
D,CO2EII,PUBLISHING,1,2014,30,"2014/07/26 00:00:00",QLD1,158954.61762534,130645.90797162,0.8219
D,CO2EII,PUBLISHING,1,2014,30,"2014/07/26 00:00:00",SA1,24261.890213,15476.28555313,0.6379
D,CO2EII,PUBLISHING,1,2014,30,"2014/07/26 00:00:00",TAS1,27009.538999,2.55630234,0.0001
D,CO2EII,PUBLISHING,1,2014,30,"2014/07/26 00:00:00",VIC1,140875.820665,185038.42295876,1.3135
D,CO2EII,PUBLISHING,1,2014,31,"2014/07/27 00:00:00",NEM,487141.71588434,430734.52659369,0.8842
D,CO2EII,PUBLISHING,1,2014,31,"2014/07/27 00:00:00",NSW1,143958.616728,139117.49138669,0.9664
D,CO2EII,PUBLISHING,1,2014,31,"2014/07/27 00:00:00",QLD1,153758.91704831,126514.26341795,0.8228
D,CO2EII,PUBLISHING,1,2014,31,"2014/07/27 00:00:00",SA1,37501.393907,10538.59594594,0.2810
D,CO2EII,PUBLISHING,1,2014,31,"2014/07/27 00:00:00",TAS1,25180.1921,2.57556234,0.0001
D,CO2EII,PUBLISHING,1,2014,31,"2014/07/27 00:00:00",VIC1,126742.59610103,154561.60028077,1.2195
D,CO2EII,PUBLISHING,1,2014,31,"2014/07/28 00:00:00",NEM,543072.56733599,463261.95800137,0.8530
D,CO2EII,PUBLISHING,1,2014,31,"2014/07/28 00:00:00",NSW1,166224.414395,158971.40052806,0.9564
D,CO2EII,PUBLISHING,1,2014,31,"2014/07/28 00:00:00",QLD1,161160.173228,132210.48689548,0.8204
D,CO2EII,PUBLISHING,1,2014,31,"2014/07/28 00:00:00",SA1,40286.024019,13732.13453247,0.3409
D,CO2EII,PUBLISHING,1,2014,31,"2014/07/28 00:00:00",TAS1,32162.875293,2.61262765,0.0001
D,CO2EII,PUBLISHING,1,2014,31,"2014/07/28 00:00:00",VIC1,143239.08040099,158345.32341771,1.1055
D,CO2EII,PUBLISHING,1,2014,31,"2014/07/29 00:00:00",NEM,545191.22413564,450772.28394564,0.8268
D,CO2EII,PUBLISHING,1,2014,31,"2014/07/29 00:00:00",NSW1,162144.882731,154740.14892787,0.9543
D,CO2EII,PUBLISHING,1,2014,31,"2014/07/29 00:00:00",QLD1,162001.30960865,131275.61990417,0.8103
D,CO2EII,PUBLISHING,1,2014,31,"2014/07/29 00:00:00",SA1,45020.613094,12223.99956605,0.2715
D,CO2EII,PUBLISHING,1,2014,31,"2014/07/29 00:00:00",TAS1,32271.636323,2.32532185,0.0001
D,CO2EII,PUBLISHING,1,2014,31,"2014/07/29 00:00:00",VIC1,143752.78237899,152530.19022570,1.0611
D,CO2EII,PUBLISHING,1,2014,31,"2014/07/30 00:00:00",NEM,529480.49070467,441226.508704,0.8333
D,CO2EII,PUBLISHING,1,2014,31,"2014/07/30 00:00:00",NSW1,153659.408476,146740.69625161,0.9550
D,CO2EII,PUBLISHING,1,2014,31,"2014/07/30 00:00:00",QLD1,159563.41212867,129298.87595516,0.8103
D,CO2EII,PUBLISHING,1,2014,31,"2014/07/30 00:00:00",SA1,40729.967990,12338.160865,0.3029
D,CO2EII,PUBLISHING,1,2014,31,"2014/07/30 00:00:00",TAS1,34059.049921,1.98614413,0.0001
D,CO2EII,PUBLISHING,1,2014,31,"2014/07/30 00:00:00",VIC1,141468.652189,152846.78948810,1.0804
D,CO2EII,PUBLISHING,1,2014,31,"2014/07/31 00:00:00",NEM,534821.89810234,440502.33388014,0.8236
D,CO2EII,PUBLISHING,1,2014,31,"2014/07/31 00:00:00",NSW1,154527.240802,146401.05221655,0.9474
D,CO2EII,PUBLISHING,1,2014,31,"2014/07/31 00:00:00",QLD1,163487.78902534,131669.38699662,0.8054
D,CO2EII,PUBLISHING,1,2014,31,"2014/07/31 00:00:00",SA1,44680.358969,12960.51011828,0.2901
D,CO2EII,PUBLISHING,1,2014,31,"2014/07/31 00:00:00",TAS1,29045.817297,1.65336301,0.0001
D,CO2EII,PUBLISHING,1,2014,31,"2014/07/31 00:00:00",VIC1,143080.692009,149469.73118568,1.0447
D,CO2EII,PUBLISHING,1,2014,31,"2014/08/01 00:00:00",NEM,551068.64888201,454566.96169961,0.8249
D,CO2EII,PUBLISHING,1,2014,31,"2014/08/01 00:00:00",NSW1,168292.421031,160556.31425942,0.9540
D,CO2EII,PUBLISHING,1,2014,31,"2014/08/01 00:00:00",QLD1,161857.01658801,130414.93485061,0.8057
D,CO2EII,PUBLISHING,1,2014,31,"2014/08/01 00:00:00",SA1,43859.51337499,17076.93337701,0.3894
D,CO2EII,PUBLISHING,1,2014,31,"2014/08/01 00:00:00",TAS1,35459.780518,163.959881,0.0046
D,CO2EII,PUBLISHING,1,2014,31,"2014/08/01 00:00:00",VIC1,141599.91737001,146354.81933157,1.0336
D,CO2EII,PUBLISHING,1,2014,31,"2014/08/02 00:00:00",NEM,510717.44487999,457026.83692261,0.8949
D,CO2EII,PUBLISHING,1,2014,31,"2014/08/02 00:00:00",NSW1,163194.004108,158146.76096909,0.9691
D,CO2EII,PUBLISHING,1,2014,31,"2014/08/02 00:00:00",QLD1,156508.289380,128360.63134130,0.8202
D,CO2EII,PUBLISHING,1,2014,31,"2014/08/02 00:00:00",SA1,29163.339023,21823.14037435,0.7483
D,CO2EII,PUBLISHING,1,2014,31,"2014/08/02 00:00:00",TAS1,39548.916314,2.69592630,0.0001
D,CO2EII,PUBLISHING,1,2014,31,"2014/08/02 00:00:00",VIC1,122302.89605499,148693.60831157,1.2158
D,CO2EII,PUBLISHING,1,2014,32,"2014/08/03 00:00:00",NEM,505574.44672766,453262.16290268,0.8965
D,CO2EII,PUBLISHING,1,2014,32,"2014/08/03 00:00:00",NSW1,155274.920049,150283.34364705,0.9679
D,CO2EII,PUBLISHING,1,2014,32,"2014/08/03 00:00:00",QLD1,156892.78148168,128271.09594974,0.8176
D,CO2EII,PUBLISHING,1,2014,32,"2014/08/03 00:00:00",SA1,29400.47938699,19402.25185155,0.6599
D,CO2EII,PUBLISHING,1,2014,32,"2014/08/03 00:00:00",TAS1,38953.020775,2.60995939,0.0001
D,CO2EII,PUBLISHING,1,2014,32,"2014/08/03 00:00:00",VIC1,125053.24503499,155302.86149495,1.2419
D,CO2EII,PUBLISHING,1,2014,32,"2014/08/04 00:00:00",NEM,556476.84759168,486466.66614210,0.8742
D,CO2EII,PUBLISHING,1,2014,32,"2014/08/04 00:00:00",NSW1,175561.842940,167843.37815220,0.9560
D,CO2EII,PUBLISHING,1,2014,32,"2014/08/04 00:00:00",QLD1,163529.47712967,133802.80559070,0.8182
D,CO2EII,PUBLISHING,1,2014,32,"2014/08/04 00:00:00",SA1,33202.51310401,23786.55820457,0.7164
D,CO2EII,PUBLISHING,1,2014,32,"2014/08/04 00:00:00",TAS1,40412.490193,98.26898518,0.0024
D,CO2EII,PUBLISHING,1,2014,32,"2014/08/04 00:00:00",VIC1,143770.524225,160935.65520945,1.1194
D,CO2EII,PUBLISHING,1,2014,32,"2014/08/05 00:00:00",NEM,553508.76034866,479762.19446278,0.8668
D,CO2EII,PUBLISHING,1,2014,32,"2014/08/05 00:00:00",NSW1,178135.213538,170397.60356717,0.9566
D,CO2EII,PUBLISHING,1,2014,32,"2014/08/05 00:00:00",QLD1,166070.73045766,137893.92995471,0.8303
D,CO2EII,PUBLISHING,1,2014,32,"2014/08/05 00:00:00",SA1,34617.620078,25700.24426761,0.7424
D,CO2EII,PUBLISHING,1,2014,32,"2014/08/05 00:00:00",TAS1,44522.934548,141.20386308,0.0032
D,CO2EII,PUBLISHING,1,2014,32,"2014/08/05 00:00:00",VIC1,130162.261727,145629.21281021,1.1188
D,CO2EII,PUBLISHING,1,2014,32,"2014/08/06 00:00:00",NEM,549832.84157301,481220.67212925,0.8752
D,CO2EII,PUBLISHING,1,2014,32,"2014/08/06 00:00:00",NSW1,176950.814956,168328.92575401,0.9513
D,CO2EII,PUBLISHING,1,2014,32,"2014/08/06 00:00:00",QLD1,162650.36138501,134741.03919621,0.8284
D,CO2EII,PUBLISHING,1,2014,32,"2014/08/06 00:00:00",SA1,33781.232164,22307.04159115,0.6603
D,CO2EII,PUBLISHING,1,2014,32,"2014/08/06 00:00:00",TAS1,40951.408234,2.57572236,0.0001
D,CO2EII,PUBLISHING,1,2014,32,"2014/08/06 00:00:00",VIC1,135499.024834,155841.08986552,1.1501
D,CO2EII,PUBLISHING,1,2014,32,"2014/08/07 00:00:00",NEM,550369.45512102,498710.71693440,0.9061
D,CO2EII,PUBLISHING,1,2014,32,"2014/08/07 00:00:00",NSW1,175231.387760,169556.56466560,0.9676
D,CO2EII,PUBLISHING,1,2014,32,"2014/08/07 00:00:00",QLD1,166261.71670202,138360.23154328,0.8322
D,CO2EII,PUBLISHING,1,2014,32,"2014/08/07 00:00:00",SA1,31001.78330999,22265.53220976,0.7182
D,CO2EII,PUBLISHING,1,2014,32,"2014/08/07 00:00:00",TAS1,39646.762634,2.38635389,0.0001
D,CO2EII,PUBLISHING,1,2014,32,"2014/08/07 00:00:00",VIC1,138227.80471501,168526.00216187,1.2192
D,CO2EII,PUBLISHING,1,2014,32,"2014/08/08 00:00:00",NEM,548505.48022501,493376.41316192,0.8995
D,CO2EII,PUBLISHING,1,2014,32,"2014/08/08 00:00:00",NSW1,173851.192450,170359.61583910,0.9799
D,CO2EII,PUBLISHING,1,2014,32,"2014/08/08 00:00:00",QLD1,167101.10462802,138513.94297938,0.8289
D,CO2EII,PUBLISHING,1,2014,32,"2014/08/08 00:00:00",SA1,31637.130716,21605.74848767,0.6829
D,CO2EII,PUBLISHING,1,2014,32,"2014/08/08 00:00:00",TAS1,41646.544294,2.40215403,0.0001
D,CO2EII,PUBLISHING,1,2014,32,"2014/08/08 00:00:00",VIC1,134269.50813699,162894.70370174,1.2132
D,CO2EII,PUBLISHING,1,2014,32,"2014/08/09 00:00:00",NEM,499448.00922030,438235.27706020,0.8774
D,CO2EII,PUBLISHING,1,2014,32,"2014/08/09 00:00:00",NSW1,145452.58151299,141041.85962441,0.9697
D,CO2EII,PUBLISHING,1,2014,32,"2014/08/09 00:00:00",QLD1,157743.59713731,131600.56044246,0.8343
D,CO2EII,PUBLISHING,1,2014,32,"2014/08/09 00:00:00",SA1,33785.022960,14660.49336032,0.4339
D,CO2EII,PUBLISHING,1,2014,32,"2014/08/09 00:00:00",TAS1,36842.776149,2.40346005,0.0001
D,CO2EII,PUBLISHING,1,2014,32,"2014/08/09 00:00:00",VIC1,125624.031461,150929.96017296,1.2014
D,CO2EII,PUBLISHING,1,2014,33,"2014/08/10 00:00:00",NEM,489699.03187162,429399.51207436,0.8769
D,CO2EII,PUBLISHING,1,2014,33,"2014/08/10 00:00:00",NSW1,136558.424930,130853.75334237,0.9582
D,CO2EII,PUBLISHING,1,2014,33,"2014/08/10 00:00:00",QLD1,154707.08664165,127174.94463458,0.8220
D,CO2EII,PUBLISHING,1,2014,33,"2014/08/10 00:00:00",SA1,31414.10584299,15288.08995098,0.4867
D,CO2EII,PUBLISHING,1,2014,33,"2014/08/10 00:00:00",TAS1,40040.831822,2.16149714,0.0001
D,CO2EII,PUBLISHING,1,2014,33,"2014/08/10 00:00:00",VIC1,126978.58263498,156080.56264929,1.2292
D,CO2EII,PUBLISHING,1,2014,33,"2014/08/11 00:00:00",NEM,558585.10337531,507362.71625630,0.9083
D,CO2EII,PUBLISHING,1,2014,33,"2014/08/11 00:00:00",NSW1,172251.27603701,166812.74076640,0.9684
D,CO2EII,PUBLISHING,1,2014,33,"2014/08/11 00:00:00",QLD1,164081.50299931,135675.94931498,0.8269
D,CO2EII,PUBLISHING,1,2014,33,"2014/08/11 00:00:00",SA1,34225.417367,23378.05050360,0.6831
D,CO2EII,PUBLISHING,1,2014,33,"2014/08/11 00:00:00",TAS1,42344.800633,1.97080151,0
D,CO2EII,PUBLISHING,1,2014,33,"2014/08/11 00:00:00",VIC1,145682.10633899,181494.00486981,1.2458
D,CO2EII,PUBLISHING,1,2014,33,"2014/08/12 00:00:00",NEM,567835.54522766,506136.03778626,0.8913
D,CO2EII,PUBLISHING,1,2014,33,"2014/08/12 00:00:00",NSW1,179582.30675699,168200.43540257,0.9366
D,CO2EII,PUBLISHING,1,2014,33,"2014/08/12 00:00:00",QLD1,164694.10673767,136657.87891776,0.8298
D,CO2EII,PUBLISHING,1,2014,33,"2014/08/12 00:00:00",SA1,34711.370282,21277.44861850,0.6130
D,CO2EII,PUBLISHING,1,2014,33,"2014/08/12 00:00:00",TAS1,41093.687630,48.89212623,0.0012
D,CO2EII,PUBLISHING,1,2014,33,"2014/08/12 00:00:00",VIC1,147754.073821,179951.38272120,1.2179
D,CO2EII,PUBLISHING,1,2014,33,"2014/08/13 00:00:00",NEM,553578.18617598,488049.45332934,0.8816
D,CO2EII,PUBLISHING,1,2014,33,"2014/08/13 00:00:00",NSW1,169729.568325,162291.28431558,0.9562
D,CO2EII,PUBLISHING,1,2014,33,"2014/08/13 00:00:00",QLD1,163598.71832899,134108.21291555,0.8197
D,CO2EII,PUBLISHING,1,2014,33,"2014/08/13 00:00:00",SA1,41088.14834799,17484.95866143,0.4255
D,CO2EII,PUBLISHING,1,2014,33,"2014/08/13 00:00:00",TAS1,39005.006215,78.99402505,0.0020
D,CO2EII,PUBLISHING,1,2014,33,"2014/08/13 00:00:00",VIC1,140156.744959,174086.00341173,1.2421
D,CO2EII,PUBLISHING,1,2014,33,"2014/08/14 00:00:00",NEM,553265.00894032,491587.80887343,0.8885
D,CO2EII,PUBLISHING,1,2014,33,"2014/08/14 00:00:00",NSW1,171305.488992,165090.60149733,0.9637
D,CO2EII,PUBLISHING,1,2014,33,"2014/08/14 00:00:00",QLD1,167142.58695033,138119.02456989,0.8264
D,CO2EII,PUBLISHING,1,2014,33,"2014/08/14 00:00:00",SA1,38086.145479,15386.92452906,0.4040
D,CO2EII,PUBLISHING,1,2014,33,"2014/08/14 00:00:00",TAS1,39124.261257,2.42493155,0.0001
D,CO2EII,PUBLISHING,1,2014,33,"2014/08/14 00:00:00",VIC1,137606.52626199,172988.83334560,1.2571
D,CO2EII,PUBLISHING,1,2014,33,"2014/08/15 00:00:00",NEM,538593.99323997,489938.84223855,0.9097
D,CO2EII,PUBLISHING,1,2014,33,"2014/08/15 00:00:00",NSW1,165636.695354,162426.90273386,0.9806
D,CO2EII,PUBLISHING,1,2014,33,"2014/08/15 00:00:00",QLD1,163051.37086698,137473.56834267,0.8431
D,CO2EII,PUBLISHING,1,2014,33,"2014/08/15 00:00:00",SA1,34007.729089,14886.80243077,0.4377
D,CO2EII,PUBLISHING,1,2014,33,"2014/08/15 00:00:00",TAS1,38987.875705,2.19872742,0.0001
D,CO2EII,PUBLISHING,1,2014,33,"2014/08/15 00:00:00",VIC1,136910.32222499,175149.37000383,1.2793
D,CO2EII,PUBLISHING,1,2014,33,"2014/08/16 00:00:00",NEM,509434.75985167,468580.90715295,0.9198
D,CO2EII,PUBLISHING,1,2014,33,"2014/08/16 00:00:00",NSW1,153426.242626,149409.65486104,0.9738
D,CO2EII,PUBLISHING,1,2014,33,"2014/08/16 00:00:00",QLD1,159800.11721066,137871.39262358,0.8628
D,CO2EII,PUBLISHING,1,2014,33,"2014/08/16 00:00:00",SA1,32998.36945501,12461.71652249,0.3776
D,CO2EII,PUBLISHING,1,2014,33,"2014/08/16 00:00:00",TAS1,32707.368512,2.74643050,0.0001
D,CO2EII,PUBLISHING,1,2014,33,"2014/08/16 00:00:00",VIC1,130502.662048,168835.39671534,1.2937
D,CO2EII,PUBLISHING,1,2014,34,"2014/08/17 00:00:00",NEM,485872.92360266,452769.321305,0.9319
D,CO2EII,PUBLISHING,1,2014,34,"2014/08/17 00:00:00",NSW1,145230.173318,139070.65969515,0.9576
D,CO2EII,PUBLISHING,1,2014,34,"2014/08/17 00:00:00",QLD1,153373.84949266,132039.06868625,0.8609
D,CO2EII,PUBLISHING,1,2014,34,"2014/08/17 00:00:00",SA1,26370.902685,11932.48215022,0.4525
D,CO2EII,PUBLISHING,1,2014,34,"2014/08/17 00:00:00",TAS1,25653.779213,2.66605517,0.0001
D,CO2EII,PUBLISHING,1,2014,34,"2014/08/17 00:00:00",VIC1,135244.218894,169724.44471821,1.2549
D,CO2EII,PUBLISHING,1,2014,34,"2014/08/18 00:00:00",NEM,550211.84283869,502120.34922749,0.9126
D,CO2EII,PUBLISHING,1,2014,34,"2014/08/18 00:00:00",NSW1,174122.732445,164938.00742968,0.9473
D,CO2EII,PUBLISHING,1,2014,34,"2014/08/18 00:00:00",QLD1,164745.47094767,142094.86519295,0.8625
D,CO2EII,PUBLISHING,1,2014,34,"2014/08/18 00:00:00",SA1,30184.358869,18843.65576118,0.6243
D,CO2EII,PUBLISHING,1,2014,34,"2014/08/18 00:00:00",TAS1,33126.680415,169.06666909,0.0051
D,CO2EII,PUBLISHING,1,2014,34,"2014/08/18 00:00:00",VIC1,148032.60016202,176074.75417459,1.1894
D,CO2EII,PUBLISHING,1,2014,34,"2014/08/19 00:00:00",NEM,549356.06777698,506011.54422572,0.9211
D,CO2EII,PUBLISHING,1,2014,34,"2014/08/19 00:00:00",NSW1,180256.963044,172336.80915454,0.9561
D,CO2EII,PUBLISHING,1,2014,34,"2014/08/19 00:00:00",QLD1,164427.26358399,141310.80497021,0.8594
D,CO2EII,PUBLISHING,1,2014,34,"2014/08/19 00:00:00",SA1,30214.419772,19957.75111978,0.6605
D,CO2EII,PUBLISHING,1,2014,34,"2014/08/19 00:00:00",TAS1,32062.486516,60.73765282,0.0019
D,CO2EII,PUBLISHING,1,2014,34,"2014/08/19 00:00:00",VIC1,142394.93486099,172345.44132837,1.2103
D,CO2EII,PUBLISHING,1,2014,34,"2014/08/20 00:00:00",NEM,542467.56348233,500618.85671448,0.9229
D,CO2EII,PUBLISHING,1,2014,34,"2014/08/20 00:00:00",NSW1,177827.677677,169571.56280677,0.9536
D,CO2EII,PUBLISHING,1,2014,34,"2014/08/20 00:00:00",QLD1,163131.77329731,138291.93387208,0.8477
D,CO2EII,PUBLISHING,1,2014,34,"2014/08/20 00:00:00",SA1,33033.48411501,18214.80377643,0.5514
D,CO2EII,PUBLISHING,1,2014,34,"2014/08/20 00:00:00",TAS1,30936.960204,2.39814559,0.0001
D,CO2EII,PUBLISHING,1,2014,34,"2014/08/20 00:00:00",VIC1,137537.66818901,174538.15811361,1.2690
D,CO2EII,PUBLISHING,1,2014,34,"2014/08/21 00:00:00",NEM,538889.86589765,499484.25333242,0.9269
D,CO2EII,PUBLISHING,1,2014,34,"2014/08/21 00:00:00",NSW1,174974.366738,167233.05096262,0.9558
D,CO2EII,PUBLISHING,1,2014,34,"2014/08/21 00:00:00",QLD1,164921.50702967,139001.55168855,0.8428
D,CO2EII,PUBLISHING,1,2014,34,"2014/08/21 00:00:00",SA1,30476.194785,16392.02798318,0.5379
D,CO2EII,PUBLISHING,1,2014,34,"2014/08/21 00:00:00",TAS1,29196.219186,63.14970520,0.0022
D,CO2EII,PUBLISHING,1,2014,34,"2014/08/21 00:00:00",VIC1,139321.57815898,176794.47299287,1.2690
D,CO2EII,PUBLISHING,1,2014,34,"2014/08/22 00:00:00",NEM,527958.729859,475733.41483380,0.9011
D,CO2EII,PUBLISHING,1,2014,34,"2014/08/22 00:00:00",NSW1,162338.713441,151164.40848271,0.9312
D,CO2EII,PUBLISHING,1,2014,34,"2014/08/22 00:00:00",QLD1,168687.603516,141077.98205564,0.8363
D,CO2EII,PUBLISHING,1,2014,34,"2014/08/22 00:00:00",SA1,34421.70688199,13280.64363406,0.3858
D,CO2EII,PUBLISHING,1,2014,34,"2014/08/22 00:00:00",TAS1,25129.021739,2.50361574,0.0001
D,CO2EII,PUBLISHING,1,2014,34,"2014/08/22 00:00:00",VIC1,137381.68428101,170207.87704565,1.2389
D,CO2EII,PUBLISHING,1,2014,34,"2014/08/23 00:00:00",NEM,489570.43238735,439628.45823678,0.8980
D,CO2EII,PUBLISHING,1,2014,34,"2014/08/23 00:00:00",NSW1,137607.549318,127945.53718585,0.9298
D,CO2EII,PUBLISHING,1,2014,34,"2014/08/23 00:00:00",QLD1,160674.23086234,133649.90436880,0.8318
D,CO2EII,PUBLISHING,1,2014,34,"2014/08/23 00:00:00",SA1,34670.832106,11097.61340580,0.3201
D,CO2EII,PUBLISHING,1,2014,34,"2014/08/23 00:00:00",TAS1,20857.109813,2.53655395,0.0001
D,CO2EII,PUBLISHING,1,2014,34,"2014/08/23 00:00:00",VIC1,135760.71028801,166932.86672238,1.2296
D,CO2EII,PUBLISHING,1,2014,35,"2014/08/24 00:00:00",NEM,469281.170257,433937.09518999,0.9247
D,CO2EII,PUBLISHING,1,2014,35,"2014/08/24 00:00:00",NSW1,131955.875974,124295.57239814,0.9419
D,CO2EII,PUBLISHING,1,2014,35,"2014/08/24 00:00:00",QLD1,152680.307468,126473.10774137,0.8284
D,CO2EII,PUBLISHING,1,2014,35,"2014/08/24 00:00:00",SA1,25823.643880,13260.44711825,0.5135
D,CO2EII,PUBLISHING,1,2014,35,"2014/08/24 00:00:00",TAS1,22954.832178,2.53093663,0.0001
D,CO2EII,PUBLISHING,1,2014,35,"2014/08/24 00:00:00",VIC1,135866.510757,169905.43699560,1.2505
D,CO2EII,PUBLISHING,1,2014,35,"2014/08/25 00:00:00",NEM,521338.56846134,476544.69437521,0.9141
D,CO2EII,PUBLISHING,1,2014,35,"2014/08/25 00:00:00",NSW1,150836.569912,140319.91470491,0.9303
D,CO2EII,PUBLISHING,1,2014,35,"2014/08/25 00:00:00",QLD1,163715.02663833,136843.53309525,0.8359
D,CO2EII,PUBLISHING,1,2014,35,"2014/08/25 00:00:00",SA1,27542.857112,17589.11150287,0.6386
D,CO2EII,PUBLISHING,1,2014,35,"2014/08/25 00:00:00",TAS1,28480.320347,211.26308545,0.0074
D,CO2EII,PUBLISHING,1,2014,35,"2014/08/25 00:00:00",VIC1,150763.79445201,181580.87198673,1.2044
D,CO2EII,PUBLISHING,1,2014,35,"2014/08/26 00:00:00",NEM,529534.96741668,486119.09298410,0.9180
D,CO2EII,PUBLISHING,1,2014,35,"2014/08/26 00:00:00",NSW1,164524.187672,145361.27924534,0.8835
D,CO2EII,PUBLISHING,1,2014,35,"2014/08/26 00:00:00",QLD1,160133.70963968,134306.22574699,0.8387
D,CO2EII,PUBLISHING,1,2014,35,"2014/08/26 00:00:00",SA1,28585.751694,17856.18896699,0.6247
D,CO2EII,PUBLISHING,1,2014,35,"2014/08/26 00:00:00",TAS1,30652.722381,236.94010975,0.0077
D,CO2EII,PUBLISHING,1,2014,35,"2014/08/26 00:00:00",VIC1,145638.596030,188358.45891503,1.2933
D,CO2EII,PUBLISHING,1,2014,35,"2014/08/27 00:00:00",NEM,526547.93468432,487804.22855365,0.9264
D,CO2EII,PUBLISHING,1,2014,35,"2014/08/27 00:00:00",NSW1,162411.208678,145639.16001870,0.8967
D,CO2EII,PUBLISHING,1,2014,35,"2014/08/27 00:00:00",QLD1,163884.59043133,134962.28945911,0.8235
D,CO2EII,PUBLISHING,1,2014,35,"2014/08/27 00:00:00",SA1,28414.82188099,17379.45575880,0.6116
D,CO2EII,PUBLISHING,1,2014,35,"2014/08/27 00:00:00",TAS1,26876.715988,93.05725087,0.0035
D,CO2EII,PUBLISHING,1,2014,35,"2014/08/27 00:00:00",VIC1,144960.597706,189730.26606617,1.3088
D,CO2EII,PUBLISHING,1,2014,35,"2014/08/28 00:00:00",NEM,524300.95386501,488856.01130880,0.9324
D,CO2EII,PUBLISHING,1,2014,35,"2014/08/28 00:00:00",NSW1,160509.637980,147174.62134521,0.9169
D,CO2EII,PUBLISHING,1,2014,35,"2014/08/28 00:00:00",QLD1,164023.186023,135477.62347241,0.8260
D,CO2EII,PUBLISHING,1,2014,35,"2014/08/28 00:00:00",SA1,28646.770528,18053.05728452,0.6302
D,CO2EII,PUBLISHING,1,2014,35,"2014/08/28 00:00:00",TAS1,25661.887556,52.76231904,0.0021
D,CO2EII,PUBLISHING,1,2014,35,"2014/08/28 00:00:00",VIC1,145459.47177801,188097.94688762,1.2931
D,CO2EII,PUBLISHING,1,2014,35,"2014/08/29 00:00:00",NEM,519332.90432032,474128.11038863,0.9130
D,CO2EII,PUBLISHING,1,2014,35,"2014/08/29 00:00:00",NSW1,157478.730046,145567.92838817,0.9244
D,CO2EII,PUBLISHING,1,2014,35,"2014/08/29 00:00:00",QLD1,162349.65044334,134651.76581036,0.8294
D,CO2EII,PUBLISHING,1,2014,35,"2014/08/29 00:00:00",SA1,29196.400802,18778.47424637,0.6432
D,CO2EII,PUBLISHING,1,2014,35,"2014/08/29 00:00:00",TAS1,29706.576753,243.34158564,0.0082
D,CO2EII,PUBLISHING,1,2014,35,"2014/08/29 00:00:00",VIC1,140601.54627598,174886.60035809,1.2438
D,CO2EII,PUBLISHING,1,2014,35,"2014/08/30 00:00:00",NEM,469523.33311498,433664.39681030,0.9236
D,CO2EII,PUBLISHING,1,2014,35,"2014/08/30 00:00:00",NSW1,145228.03468399,131949.55835498,0.9086
D,CO2EII,PUBLISHING,1,2014,35,"2014/08/30 00:00:00",QLD1,151387.349210,129151.24917501,0.8531
D,CO2EII,PUBLISHING,1,2014,35,"2014/08/30 00:00:00",SA1,24597.509517,14285.47354362,0.5808
D,CO2EII,PUBLISHING,1,2014,35,"2014/08/30 00:00:00",TAS1,23706.555175,54.17807245,0.0023
D,CO2EII,PUBLISHING,1,2014,35,"2014/08/30 00:00:00",VIC1,124603.88452899,158223.93766424,1.2698
D,CO2EII,PUBLISHING,1,2014,36,"2014/08/31 00:00:00",NEM,451612.56305865,407191.46840069,0.9016
D,CO2EII,PUBLISHING,1,2014,36,"2014/08/31 00:00:00",NSW1,124033.399656,115220.53343979,0.9289
D,CO2EII,PUBLISHING,1,2014,36,"2014/08/31 00:00:00",QLD1,146525.59309965,125745.87509454,0.8582
D,CO2EII,PUBLISHING,1,2014,36,"2014/08/31 00:00:00",SA1,31583.896836,8972.34770128,0.2841
D,CO2EII,PUBLISHING,1,2014,36,"2014/08/31 00:00:00",TAS1,19853.479118,58.98844799,0.0030
D,CO2EII,PUBLISHING,1,2014,36,"2014/08/31 00:00:00",VIC1,129616.194349,157193.72371709,1.2128
D,CO2EII,PUBLISHING,1,2014,36,"2014/09/01 00:00:00",NEM,511910.89519635,455850.70799628,0.8905
D,CO2EII,PUBLISHING,1,2014,36,"2014/09/01 00:00:00",NSW1,153648.88660001,136141.22056697,0.8861
D,CO2EII,PUBLISHING,1,2014,36,"2014/09/01 00:00:00",QLD1,157813.07485535,135388.13406311,0.8579
D,CO2EII,PUBLISHING,1,2014,36,"2014/09/01 00:00:00",SA1,30195.722330,13199.02181634,0.4371
D,CO2EII,PUBLISHING,1,2014,36,"2014/09/01 00:00:00",TAS1,26894.329616,416.59573113,0.0155
D,CO2EII,PUBLISHING,1,2014,36,"2014/09/01 00:00:00",VIC1,143358.88179499,170705.73581873,1.1908
D,CO2EII,PUBLISHING,1,2014,36,"2014/09/02 00:00:00",NEM,527333.16906032,470088.56220781,0.8914
D,CO2EII,PUBLISHING,1,2014,36,"2014/09/02 00:00:00",NSW1,165187.394010,150325.91429329,0.91
D,CO2EII,PUBLISHING,1,2014,36,"2014/09/02 00:00:00",QLD1,157082.68187434,134032.098467,0.8533
D,CO2EII,PUBLISHING,1,2014,36,"2014/09/02 00:00:00",SA1,32342.06618899,15641.16883686,0.4836
D,CO2EII,PUBLISHING,1,2014,36,"2014/09/02 00:00:00",TAS1,26709.092086,560.28508253,0.0210
D,CO2EII,PUBLISHING,1,2014,36,"2014/09/02 00:00:00",VIC1,146011.93490099,169529.09552813,1.1611
D,CO2EII,PUBLISHING,1,2014,36,"2014/09/03 00:00:00",NEM,532156.30280002,471839.55189252,0.8867
D,CO2EII,PUBLISHING,1,2014,36,"2014/09/03 00:00:00",NSW1,175295.484132,157113.81583203,0.8963
D,CO2EII,PUBLISHING,1,2014,36,"2014/09/03 00:00:00",QLD1,152571.15074501,128583.66846084,0.8428
D,CO2EII,PUBLISHING,1,2014,36,"2014/09/03 00:00:00",SA1,29730.914435,18611.40843237,0.6260
D,CO2EII,PUBLISHING,1,2014,36,"2014/09/03 00:00:00",TAS1,29019.814018,816.96641485,0.0282
D,CO2EII,PUBLISHING,1,2014,36,"2014/09/03 00:00:00",VIC1,145538.93947001,166713.69275243,1.1455
D,CO2EII,PUBLISHING,1,2014,36,"2014/09/04 00:00:00",NEM,534559.47880235,488022.15431430,0.9129
D,CO2EII,PUBLISHING,1,2014,36,"2014/09/04 00:00:00",NSW1,176031.851201,161673.85420961,0.9184
D,CO2EII,PUBLISHING,1,2014,36,"2014/09/04 00:00:00",QLD1,152128.83168733,129338.23393646,0.8502
D,CO2EII,PUBLISHING,1,2014,36,"2014/09/04 00:00:00",SA1,30950.66397899,18762.01348414,0.6062
D,CO2EII,PUBLISHING,1,2014,36,"2014/09/04 00:00:00",TAS1,28178.261141,661.66393525,0.0235
D,CO2EII,PUBLISHING,1,2014,36,"2014/09/04 00:00:00",VIC1,147269.87079403,177586.38874884,1.2059
D,CO2EII,PUBLISHING,1,2014,36,"2014/09/05 00:00:00",NEM,520421.26702602,472853.32084187,0.9086
D,CO2EII,PUBLISHING,1,2014,36,"2014/09/05 00:00:00",NSW1,167775.861634,153823.67256637,0.9168
D,CO2EII,PUBLISHING,1,2014,36,"2014/09/05 00:00:00",QLD1,152904.853529,129901.66957091,0.8496
D,CO2EII,PUBLISHING,1,2014,36,"2014/09/05 00:00:00",SA1,29953.909636,16041.79969287,0.5355
D,CO2EII,PUBLISHING,1,2014,36,"2014/09/05 00:00:00",TAS1,27572.345770,697.89744851,0.0253
D,CO2EII,PUBLISHING,1,2014,36,"2014/09/05 00:00:00",VIC1,142214.29645702,172388.28156321,1.2122
D,CO2EII,PUBLISHING,1,2014,36,"2014/09/06 00:00:00",NEM,474912.36616031,440077.40534404,0.9266
D,CO2EII,PUBLISHING,1,2014,36,"2014/09/06 00:00:00",NSW1,150089.255015,138570.61899688,0.9233
D,CO2EII,PUBLISHING,1,2014,36,"2014/09/06 00:00:00",QLD1,148922.02644632,126065.03051011,0.8465
D,CO2EII,PUBLISHING,1,2014,36,"2014/09/06 00:00:00",SA1,27796.595935,12719.94268087,0.4576
D,CO2EII,PUBLISHING,1,2014,36,"2014/09/06 00:00:00",TAS1,22106.854019,135.79543673,0.0061
D,CO2EII,PUBLISHING,1,2014,36,"2014/09/06 00:00:00",VIC1,125997.63474499,162586.01771945,1.2904
D,CO2EII,PUBLISHING,1,2014,37,"2014/09/07 00:00:00",NEM,457908.92012067,413214.03393311,0.9024
D,CO2EII,PUBLISHING,1,2014,37,"2014/09/07 00:00:00",NSW1,131903.872405,122230.00061860,0.9267
D,CO2EII,PUBLISHING,1,2014,37,"2014/09/07 00:00:00",QLD1,149188.51792367,127377.75099547,0.8538
D,CO2EII,PUBLISHING,1,2014,37,"2014/09/07 00:00:00",SA1,33130.099419,8129.90631842,0.2454
D,CO2EII,PUBLISHING,1,2014,37,"2014/09/07 00:00:00",TAS1,18254.190263,2.49417965,0.0001
D,CO2EII,PUBLISHING,1,2014,37,"2014/09/07 00:00:00",VIC1,125432.240110,155473.88182097,1.2395
D,CO2EII,PUBLISHING,1,2014,37,"2014/09/08 00:00:00",NEM,505576.69401698,435592.58764428,0.8616
D,CO2EII,PUBLISHING,1,2014,37,"2014/09/08 00:00:00",NSW1,148632.865642,139124.99720436,0.9360
D,CO2EII,PUBLISHING,1,2014,37,"2014/09/08 00:00:00",QLD1,153522.00976301,131211.37403643,0.8547
D,CO2EII,PUBLISHING,1,2014,37,"2014/09/08 00:00:00",SA1,38255.470728,7709.53497761,0.2015
D,CO2EII,PUBLISHING,1,2014,37,"2014/09/08 00:00:00",TAS1,22615.025728,2.56911748,0.0001
D,CO2EII,PUBLISHING,1,2014,37,"2014/09/08 00:00:00",VIC1,142551.32215597,157544.11230840,1.1052
D,CO2EII,PUBLISHING,1,2014,37,"2014/09/09 00:00:00",NEM,501402.63317133,436184.83951672,0.8699
D,CO2EII,PUBLISHING,1,2014,37,"2014/09/09 00:00:00",NSW1,155429.129275,141228.11561796,0.9086
D,CO2EII,PUBLISHING,1,2014,37,"2014/09/09 00:00:00",QLD1,145745.46830633,123440.23822491,0.8470
D,CO2EII,PUBLISHING,1,2014,37,"2014/09/09 00:00:00",SA1,30657.698968,9023.10977632,0.2943
D,CO2EII,PUBLISHING,1,2014,37,"2014/09/09 00:00:00",TAS1,22228.113896,2.63300365,0.0001
D,CO2EII,PUBLISHING,1,2014,37,"2014/09/09 00:00:00",VIC1,147342.222726,162490.74289388,1.1028
D,CO2EII,PUBLISHING,1,2014,37,"2014/09/10 00:00:00",NEM,500907.53505098,428309.11512243,0.8551
D,CO2EII,PUBLISHING,1,2014,37,"2014/09/10 00:00:00",NSW1,155090.20180399,130915.65291815,0.8441
D,CO2EII,PUBLISHING,1,2014,37,"2014/09/10 00:00:00",QLD1,145022.840795,123368.83648820,0.8507
D,CO2EII,PUBLISHING,1,2014,37,"2014/09/10 00:00:00",SA1,36018.904390,11835.35803922,0.3286
D,CO2EII,PUBLISHING,1,2014,37,"2014/09/10 00:00:00",TAS1,24869.567589,2.38886531,0.0001
D,CO2EII,PUBLISHING,1,2014,37,"2014/09/10 00:00:00",VIC1,139906.02047299,162186.87881155,1.1593
D,CO2EII,PUBLISHING,1,2014,37,"2014/09/11 00:00:00",NEM,508149.32736967,441012.00578890,0.8679
D,CO2EII,PUBLISHING,1,2014,37,"2014/09/11 00:00:00",NSW1,153891.20621401,133945.95915535,0.8704
D,CO2EII,PUBLISHING,1,2014,37,"2014/09/11 00:00:00",QLD1,150585.76790166,127718.29213165,0.8481
D,CO2EII,PUBLISHING,1,2014,37,"2014/09/11 00:00:00",SA1,32390.04195699,15498.39046796,0.4785
D,CO2EII,PUBLISHING,1,2014,37,"2014/09/11 00:00:00",TAS1,28440.492241,356.47395759,0.0125
D,CO2EII,PUBLISHING,1,2014,37,"2014/09/11 00:00:00",VIC1,142841.81905601,163492.89007635,1.1446
D,CO2EII,PUBLISHING,1,2014,37,"2014/09/12 00:00:00",NEM,512769.46678571,458147.57180253,0.8935
D,CO2EII,PUBLISHING,1,2014,37,"2014/09/12 00:00:00",NSW1,157214.49934801,138772.89947096,0.8827
D,CO2EII,PUBLISHING,1,2014,37,"2014/09/12 00:00:00",QLD1,155598.77902869,131847.32972805,0.8474
D,CO2EII,PUBLISHING,1,2014,37,"2014/09/12 00:00:00",SA1,26810.383181,18288.37243988,0.6821
D,CO2EII,PUBLISHING,1,2014,37,"2014/09/12 00:00:00",TAS1,32563.021998,320.33324550,0.0098
D,CO2EII,PUBLISHING,1,2014,37,"2014/09/12 00:00:00",VIC1,140582.78323001,168918.63691814,1.2016
D,CO2EII,PUBLISHING,1,2014,37,"2014/09/13 00:00:00",NEM,461036.23449068,433724.00382405,0.9408
D,CO2EII,PUBLISHING,1,2014,37,"2014/09/13 00:00:00",NSW1,136605.497216,124803.60989196,0.9136
D,CO2EII,PUBLISHING,1,2014,37,"2014/09/13 00:00:00",QLD1,148546.70171768,126502.93225225,0.8516
D,CO2EII,PUBLISHING,1,2014,37,"2014/09/13 00:00:00",SA1,23599.271619,15406.54652780,0.6528
D,CO2EII,PUBLISHING,1,2014,37,"2014/09/13 00:00:00",TAS1,25396.122291,2.58748675,0.0001
D,CO2EII,PUBLISHING,1,2014,37,"2014/09/13 00:00:00",VIC1,126888.641647,167008.32766529,1.3162
D,CO2EII,PUBLISHING,1,2014,38,"2014/09/14 00:00:00",NEM,443572.52223067,413163.12960887,0.9314
D,CO2EII,PUBLISHING,1,2014,38,"2014/09/14 00:00:00",NSW1,131205.775857,119546.08781773,0.9111
D,CO2EII,PUBLISHING,1,2014,38,"2014/09/14 00:00:00",QLD1,143988.11783567,122025.38574915,0.8475
D,CO2EII,PUBLISHING,1,2014,38,"2014/09/14 00:00:00",SA1,27974.546013,12285.59767427,0.4392
D,CO2EII,PUBLISHING,1,2014,38,"2014/09/14 00:00:00",TAS1,20786.914136,2.54523756,0.0001
D,CO2EII,PUBLISHING,1,2014,38,"2014/09/14 00:00:00",VIC1,119617.168389,159303.51313016,1.3318
D,CO2EII,PUBLISHING,1,2014,38,"2014/09/15 00:00:00",NEM,501869.19632432,439541.38480963,0.8758
D,CO2EII,PUBLISHING,1,2014,38,"2014/09/15 00:00:00",NSW1,146559.947892,133558.34485892,0.9113
D,CO2EII,PUBLISHING,1,2014,38,"2014/09/15 00:00:00",QLD1,153395.58183632,132314.96836218,0.8626
D,CO2EII,PUBLISHING,1,2014,38,"2014/09/15 00:00:00",SA1,38599.744412,12277.81770296,0.3181
D,CO2EII,PUBLISHING,1,2014,38,"2014/09/15 00:00:00",TAS1,29559.194476,583.06851016,0.0197
D,CO2EII,PUBLISHING,1,2014,38,"2014/09/15 00:00:00",VIC1,133754.727708,160807.18537541,1.2023
D,CO2EII,PUBLISHING,1,2014,38,"2014/09/16 00:00:00",NEM,508235.446356,458350.14127557,0.9018
D,CO2EII,PUBLISHING,1,2014,38,"2014/09/16 00:00:00",NSW1,157995.322271,148031.37192123,0.9369
D,CO2EII,PUBLISHING,1,2014,38,"2014/09/16 00:00:00",QLD1,149495.478423,131938.83212836,0.8826
D,CO2EII,PUBLISHING,1,2014,38,"2014/09/16 00:00:00",SA1,28933.288490,13935.51887188,0.4816
D,CO2EII,PUBLISHING,1,2014,38,"2014/09/16 00:00:00",TAS1,29720.138762,214.09730165,0.0072
D,CO2EII,PUBLISHING,1,2014,38,"2014/09/16 00:00:00",VIC1,142091.218410,164230.32105245,1.1558
D,CO2EII,PUBLISHING,1,2014,38,"2014/09/17 00:00:00",NEM,506760.96555131,449150.04843002,0.8863
D,CO2EII,PUBLISHING,1,2014,38,"2014/09/17 00:00:00",NSW1,158345.972267,147744.53300469,0.9330
D,CO2EII,PUBLISHING,1,2014,38,"2014/09/17 00:00:00",QLD1,145867.33111132,127544.34060410,0.8744
D,CO2EII,PUBLISHING,1,2014,38,"2014/09/17 00:00:00",SA1,28261.740133,14177.95690535,0.5017
D,CO2EII,PUBLISHING,1,2014,38,"2014/09/17 00:00:00",TAS1,31129.684110,109.86937540,0.0035
D,CO2EII,PUBLISHING,1,2014,38,"2014/09/17 00:00:00",VIC1,143156.23792999,159573.34854048,1.1147
D,CO2EII,PUBLISHING,1,2014,38,"2014/09/18 00:00:00",NEM,515166.06004499,466627.80664433,0.9058
D,CO2EII,PUBLISHING,1,2014,38,"2014/09/18 00:00:00",NSW1,159994.326807,152229.11060198,0.9515
D,CO2EII,PUBLISHING,1,2014,38,"2014/09/18 00:00:00",QLD1,153885.80294201,133178.63002934,0.8654
D,CO2EII,PUBLISHING,1,2014,38,"2014/09/18 00:00:00",SA1,26148.74398699,16147.07869835,0.6175
D,CO2EII,PUBLISHING,1,2014,38,"2014/09/18 00:00:00",TAS1,34657.499244,117.45586826,0.0034
D,CO2EII,PUBLISHING,1,2014,38,"2014/09/18 00:00:00",VIC1,140479.68706499,164955.53144640,1.1742
D,CO2EII,PUBLISHING,1,2014,38,"2014/09/19 00:00:00",NEM,507112.39057332,455942.44846625,0.8991
D,CO2EII,PUBLISHING,1,2014,38,"2014/09/19 00:00:00",NSW1,158474.983983,151002.08325502,0.9528
D,CO2EII,PUBLISHING,1,2014,38,"2014/09/19 00:00:00",QLD1,155319.05144834,133989.54007276,0.8627
D,CO2EII,PUBLISHING,1,2014,38,"2014/09/19 00:00:00",SA1,26144.882850,14409.99362537,0.5512
D,CO2EII,PUBLISHING,1,2014,38,"2014/09/19 00:00:00",TAS1,35800.242385,174.02024516,0.0049
D,CO2EII,PUBLISHING,1,2014,38,"2014/09/19 00:00:00",VIC1,131373.22990698,156366.81126794,1.1902
D,CO2EII,PUBLISHING,1,2014,38,"2014/09/20 00:00:00",NEM,461095.189923,433115.52158566,0.9393
D,CO2EII,PUBLISHING,1,2014,38,"2014/09/20 00:00:00",NSW1,139625.293264,133595.83776003,0.9568
D,CO2EII,PUBLISHING,1,2014,38,"2014/09/20 00:00:00",QLD1,148824.649041,126079.50113455,0.8472
D,CO2EII,PUBLISHING,1,2014,38,"2014/09/20 00:00:00",SA1,28994.177088,14306.14881830,0.4934
D,CO2EII,PUBLISHING,1,2014,38,"2014/09/20 00:00:00",TAS1,19567.517726,2.45077379,0.0001
D,CO2EII,PUBLISHING,1,2014,38,"2014/09/20 00:00:00",VIC1,124083.552804,159131.58309899,1.2825
D,CO2EII,PUBLISHING,1,2014,39,"2014/09/21 00:00:00",NEM,444420.30226401,421703.93428969,0.9489
D,CO2EII,PUBLISHING,1,2014,39,"2014/09/21 00:00:00",NSW1,130200.864369,123711.11728886,0.9502
D,CO2EII,PUBLISHING,1,2014,39,"2014/09/21 00:00:00",QLD1,148461.96953501,127344.03360564,0.8578
D,CO2EII,PUBLISHING,1,2014,39,"2014/09/21 00:00:00",SA1,25435.940510,13510.14189117,0.5311
D,CO2EII,PUBLISHING,1,2014,39,"2014/09/21 00:00:00",TAS1,18930.799769,2.445109,0.0001
D,CO2EII,PUBLISHING,1,2014,39,"2014/09/21 00:00:00",VIC1,121390.728081,157136.19639502,1.2945
D,CO2EII,PUBLISHING,1,2014,39,"2014/09/22 00:00:00",NEM,489655.76887834,447140.28563218,0.9132
D,CO2EII,PUBLISHING,1,2014,39,"2014/09/22 00:00:00",NSW1,144627.238679,139210.09737703,0.9625
D,CO2EII,PUBLISHING,1,2014,39,"2014/09/22 00:00:00",QLD1,157826.82532733,134122.43677354,0.8498
D,CO2EII,PUBLISHING,1,2014,39,"2014/09/22 00:00:00",SA1,33479.890692,14223.49026893,0.4248
D,CO2EII,PUBLISHING,1,2014,39,"2014/09/22 00:00:00",TAS1,22871.675659,2.40519110,0.0001
D,CO2EII,PUBLISHING,1,2014,39,"2014/09/22 00:00:00",VIC1,130850.13852101,159581.85602158,1.2196
D,CO2EII,PUBLISHING,1,2014,39,"2014/09/23 00:00:00",NEM,491173.95275435,442609.77725050,0.9011
D,CO2EII,PUBLISHING,1,2014,39,"2014/09/23 00:00:00",NSW1,144955.820685,140574.43966901,0.9698
D,CO2EII,PUBLISHING,1,2014,39,"2014/09/23 00:00:00",QLD1,156128.48910635,132865.14133658,0.8510
D,CO2EII,PUBLISHING,1,2014,39,"2014/09/23 00:00:00",SA1,36097.910062,13523.60872764,0.3746
D,CO2EII,PUBLISHING,1,2014,39,"2014/09/23 00:00:00",TAS1,19105.584767,2.48680904,0.0001
D,CO2EII,PUBLISHING,1,2014,39,"2014/09/23 00:00:00",VIC1,134886.148134,155644.10070823,1.1539
D,CO2EII,PUBLISHING,1,2014,39,"2014/09/24 00:00:00",NEM,494754.10557333,447286.83334587,0.9041
D,CO2EII,PUBLISHING,1,2014,39,"2014/09/24 00:00:00",NSW1,154692.277356,150103.34928050,0.9703
D,CO2EII,PUBLISHING,1,2014,39,"2014/09/24 00:00:00",QLD1,156712.04270832,133648.14733481,0.8528
D,CO2EII,PUBLISHING,1,2014,39,"2014/09/24 00:00:00",SA1,28618.741483,15721.07023459,0.5493
D,CO2EII,PUBLISHING,1,2014,39,"2014/09/24 00:00:00",TAS1,23929.115840,2.51006458,0.0001
D,CO2EII,PUBLISHING,1,2014,39,"2014/09/24 00:00:00",VIC1,130801.92818601,147811.75643139,1.13
D,CO2EII,PUBLISHING,1,2014,39,"2014/09/25 00:00:00",NEM,499683.80782135,449530.86537450,0.8996
D,CO2EII,PUBLISHING,1,2014,39,"2014/09/25 00:00:00",NSW1,157788.036011,152827.26291283,0.9686
D,CO2EII,PUBLISHING,1,2014,39,"2014/09/25 00:00:00",QLD1,156781.79858035,133343.19875005,0.8505
D,CO2EII,PUBLISHING,1,2014,39,"2014/09/25 00:00:00",SA1,28162.988618,16435.91874864,0.5836
D,CO2EII,PUBLISHING,1,2014,39,"2014/09/25 00:00:00",TAS1,27873.283917,2.47516566,0.0001
D,CO2EII,PUBLISHING,1,2014,39,"2014/09/25 00:00:00",VIC1,129077.700695,146922.00979732,1.1382
D,CO2EII,PUBLISHING,1,2014,39,"2014/09/26 00:00:00",NEM,491654.398253,448966.80620271,0.9132
D,CO2EII,PUBLISHING,1,2014,39,"2014/09/26 00:00:00",NSW1,148386.75347701,142887.68267675,0.9629
D,CO2EII,PUBLISHING,1,2014,39,"2014/09/26 00:00:00",QLD1,157871.360736,134222.79033942,0.8502
D,CO2EII,PUBLISHING,1,2014,39,"2014/09/26 00:00:00",SA1,21738.40705399,16634.11730919,0.7652
D,CO2EII,PUBLISHING,1,2014,39,"2014/09/26 00:00:00",TAS1,32611.392403,14.40228627,0.0004
D,CO2EII,PUBLISHING,1,2014,39,"2014/09/26 00:00:00",VIC1,131046.484583,155207.81359108,1.1844
D,CO2EII,PUBLISHING,1,2014,39,"2014/09/27 00:00:00",NEM,447480.09192130,397929.85989199,0.8893
D,CO2EII,PUBLISHING,1,2014,39,"2014/09/27 00:00:00",NSW1,119182.68227199,113257.24380586,0.9503
D,CO2EII,PUBLISHING,1,2014,39,"2014/09/27 00:00:00",QLD1,147587.45689632,123453.44210485,0.8365
D,CO2EII,PUBLISHING,1,2014,39,"2014/09/27 00:00:00",SA1,33450.172757,10730.93083780,0.3208
D,CO2EII,PUBLISHING,1,2014,39,"2014/09/27 00:00:00",TAS1,18913.964137,2.46534520,0.0001
D,CO2EII,PUBLISHING,1,2014,39,"2014/09/27 00:00:00",VIC1,128345.81585899,150485.77779828,1.1725
D,CO2EII,PUBLISHING,1,2014,40,"2014/09/28 00:00:00",NEM,432900.29335666,381258.67448359,0.8807
D,CO2EII,PUBLISHING,1,2014,40,"2014/09/28 00:00:00",NSW1,107647.641596,100108.44600528,0.93
D,CO2EII,PUBLISHING,1,2014,40,"2014/09/28 00:00:00",QLD1,144756.85548267,124767.55890898,0.8619
D,CO2EII,PUBLISHING,1,2014,40,"2014/09/28 00:00:00",SA1,35107.323180,8876.31365977,0.2528
D,CO2EII,PUBLISHING,1,2014,40,"2014/09/28 00:00:00",TAS1,15853.037645,2.50701322,0.0002
D,CO2EII,PUBLISHING,1,2014,40,"2014/09/28 00:00:00",VIC1,129535.43545299,147503.84889634,1.1387
D,CO2EII,PUBLISHING,1,2014,40,"2014/09/29 00:00:00",NEM,481669.92125065,440411.46993806,0.9143
D,CO2EII,PUBLISHING,1,2014,40,"2014/09/29 00:00:00",NSW1,136635.21751099,124135.89815585,0.9085
D,CO2EII,PUBLISHING,1,2014,40,"2014/09/29 00:00:00",QLD1,154421.50275166,134000.93866664,0.8678
D,CO2EII,PUBLISHING,1,2014,40,"2014/09/29 00:00:00",SA1,24834.357779,12154.87405498,0.4894
D,CO2EII,PUBLISHING,1,2014,40,"2014/09/29 00:00:00",TAS1,23649.896361,2.42930074,0.0001
D,CO2EII,PUBLISHING,1,2014,40,"2014/09/29 00:00:00",VIC1,142128.946848,170117.32975985,1.1969
D,CO2EII,PUBLISHING,1,2014,40,"2014/09/30 00:00:00",NEM,498527.52091101,441826.77070904,0.8863
D,CO2EII,PUBLISHING,1,2014,40,"2014/09/30 00:00:00",NSW1,142823.491059,128266.53812672,0.8981
D,CO2EII,PUBLISHING,1,2014,40,"2014/09/30 00:00:00",QLD1,152937.04560302,132334.49718098,0.8653
D,CO2EII,PUBLISHING,1,2014,40,"2014/09/30 00:00:00",SA1,35611.366252,10669.76227269,0.2996
D,CO2EII,PUBLISHING,1,2014,40,"2014/09/30 00:00:00",TAS1,19675.819168,2.48864135,0.0001
D,CO2EII,PUBLISHING,1,2014,40,"2014/09/30 00:00:00",VIC1,147479.79882899,170553.48448730,1.1565
D,CO2EII,PUBLISHING,1,2014,40,"2014/10/01 00:00:00",NEM,493888.78117734,454973.04588251,0.9212
D,CO2EII,PUBLISHING,1,2014,40,"2014/10/01 00:00:00",NSW1,142488.598228,134267.09400376,0.9423
D,CO2EII,PUBLISHING,1,2014,40,"2014/10/01 00:00:00",QLD1,153176.09394434,131394.07731756,0.8578
D,CO2EII,PUBLISHING,1,2014,40,"2014/10/01 00:00:00",SA1,24317.837431,13215.46764427,0.5434
D,CO2EII,PUBLISHING,1,2014,40,"2014/10/01 00:00:00",TAS1,26809.808147,9.39874352,0.0004
D,CO2EII,PUBLISHING,1,2014,40,"2014/10/01 00:00:00",VIC1,147096.443427,176087.00817340,1.1971
D,CO2EII,PUBLISHING,1,2014,40,"2014/10/02 00:00:00",NEM,495308.18057998,457094.33155008,0.9228
D,CO2EII,PUBLISHING,1,2014,40,"2014/10/02 00:00:00",NSW1,150083.595166,142206.45437443,0.9475
D,CO2EII,PUBLISHING,1,2014,40,"2014/10/02 00:00:00",QLD1,153309.50621599,130764.57558971,0.8529
D,CO2EII,PUBLISHING,1,2014,40,"2014/10/02 00:00:00",SA1,23262.94154399,15434.98636440,0.6635
D,CO2EII,PUBLISHING,1,2014,40,"2014/10/02 00:00:00",TAS1,27576.704275,2.41541055,0.0001
D,CO2EII,PUBLISHING,1,2014,40,"2014/10/02 00:00:00",VIC1,141075.433379,168685.89981099,1.1957
D,CO2EII,PUBLISHING,1,2014,40,"2014/10/03 00:00:00",NEM,485684.19135032,447146.53335452,0.9207
D,CO2EII,PUBLISHING,1,2014,40,"2014/10/03 00:00:00",NSW1,152757.460071,147757.69261959,0.9673
D,CO2EII,PUBLISHING,1,2014,40,"2014/10/03 00:00:00",QLD1,152642.34473433,126963.98675121,0.8318
D,CO2EII,PUBLISHING,1,2014,40,"2014/10/03 00:00:00",SA1,22758.467348,15924.83940334,0.6997
D,CO2EII,PUBLISHING,1,2014,40,"2014/10/03 00:00:00",TAS1,28312.109903,2.39714081,0.0001
D,CO2EII,PUBLISHING,1,2014,40,"2014/10/03 00:00:00",VIC1,129213.80929399,156497.61743957,1.2112
D,CO2EII,PUBLISHING,1,2014,40,"2014/10/04 00:00:00",NEM,446566.61506034,396790.86733442,0.8885
D,CO2EII,PUBLISHING,1,2014,40,"2014/10/04 00:00:00",NSW1,118577.297735,111286.65871966,0.9385
D,CO2EII,PUBLISHING,1,2014,40,"2014/10/04 00:00:00",QLD1,151518.20044733,123393.76464958,0.8144
D,CO2EII,PUBLISHING,1,2014,40,"2014/10/04 00:00:00",SA1,27632.694295,12445.91144931,0.4504
D,CO2EII,PUBLISHING,1,2014,40,"2014/10/04 00:00:00",TAS1,20015.117872,2.43634545,0.0001
D,CO2EII,PUBLISHING,1,2014,40,"2014/10/04 00:00:00",VIC1,128823.30471101,149662.09617042,1.1618
D,CO2EII,PUBLISHING,1,2014,41,"2014/10/05 00:00:00",NEM,430549.77841367,388490.178052,0.9023
D,CO2EII,PUBLISHING,1,2014,41,"2014/10/05 00:00:00",NSW1,116472.548955,107564.18563885,0.9235
D,CO2EII,PUBLISHING,1,2014,41,"2014/10/05 00:00:00",QLD1,148187.73076567,119662.27913664,0.8075
D,CO2EII,PUBLISHING,1,2014,41,"2014/10/05 00:00:00",SA1,23135.08870599,11661.33341050,0.5041
D,CO2EII,PUBLISHING,1,2014,41,"2014/10/05 00:00:00",TAS1,23133.918317,2.36112756,0.0001
D,CO2EII,PUBLISHING,1,2014,41,"2014/10/05 00:00:00",VIC1,119620.49167001,149600.01873845,1.2506
D,CO2EII,PUBLISHING,1,2014,41,"2014/10/06 00:00:00",NEM,464993.08444971,394946.15107763,0.8494
D,CO2EII,PUBLISHING,1,2014,41,"2014/10/06 00:00:00",NSW1,120515.31626001,110973.50990775,0.9208
D,CO2EII,PUBLISHING,1,2014,41,"2014/10/06 00:00:00",QLD1,148323.10267869,120005.35860188,0.8091
D,CO2EII,PUBLISHING,1,2014,41,"2014/10/06 00:00:00",SA1,38132.799710,10331.55806343,0.2709
D,CO2EII,PUBLISHING,1,2014,41,"2014/10/06 00:00:00",TAS1,23294.276809,2.46158191,0.0001
D,CO2EII,PUBLISHING,1,2014,41,"2014/10/06 00:00:00",VIC1,134727.58899201,153633.26292266,1.1403
D,CO2EII,PUBLISHING,1,2014,41,"2014/10/07 00:00:00",NEM,496951.28168265,426932.92914740,0.8591
D,CO2EII,PUBLISHING,1,2014,41,"2014/10/07 00:00:00",NSW1,143866.748066,131861.80762913,0.9166
D,CO2EII,PUBLISHING,1,2014,41,"2014/10/07 00:00:00",QLD1,159645.68937366,129601.32401454,0.8118
D,CO2EII,PUBLISHING,1,2014,41,"2014/10/07 00:00:00",SA1,29908.844878,13186.98291990,0.4409
D,CO2EII,PUBLISHING,1,2014,41,"2014/10/07 00:00:00",TAS1,29910.649560,2.36851713,0.0001
D,CO2EII,PUBLISHING,1,2014,41,"2014/10/07 00:00:00",VIC1,133619.34980499,152280.44606670,1.1397
D,CO2EII,PUBLISHING,1,2014,41,"2014/10/08 00:00:00",NEM,498137.25851269,446249.83104788,0.8958
D,CO2EII,PUBLISHING,1,2014,41,"2014/10/08 00:00:00",NSW1,151770.248045,145836.08981008,0.9609
D,CO2EII,PUBLISHING,1,2014,41,"2014/10/08 00:00:00",QLD1,157666.19025668,127571.65512181,0.8091
D,CO2EII,PUBLISHING,1,2014,41,"2014/10/08 00:00:00",SA1,23147.39988999,16427.09609091,0.7097
D,CO2EII,PUBLISHING,1,2014,41,"2014/10/08 00:00:00",TAS1,31555.154232,2.30694359,0.0001
D,CO2EII,PUBLISHING,1,2014,41,"2014/10/08 00:00:00",VIC1,133998.26608902,156412.68308149,1.1673
D,CO2EII,PUBLISHING,1,2014,41,"2014/10/09 00:00:00",NEM,496158.05438205,452027.44446518,0.9111
D,CO2EII,PUBLISHING,1,2014,41,"2014/10/09 00:00:00",NSW1,143787.35775001,139345.24704956,0.9691
D,CO2EII,PUBLISHING,1,2014,41,"2014/10/09 00:00:00",QLD1,161270.21674802,130270.11568055,0.8078
D,CO2EII,PUBLISHING,1,2014,41,"2014/10/09 00:00:00",SA1,25442.442997,13856.08896532,0.5446
D,CO2EII,PUBLISHING,1,2014,41,"2014/10/09 00:00:00",TAS1,29020.246092,2.39615234,0.0001
D,CO2EII,PUBLISHING,1,2014,41,"2014/10/09 00:00:00",VIC1,136637.79079502,168553.59661741,1.2336
D,CO2EII,PUBLISHING,1,2014,41,"2014/10/10 00:00:00",NEM,493761.67200736,447972.84022518,0.9073
D,CO2EII,PUBLISHING,1,2014,41,"2014/10/10 00:00:00",NSW1,138967.62459001,133822.68175577,0.9630
D,CO2EII,PUBLISHING,1,2014,41,"2014/10/10 00:00:00",QLD1,163249.48861835,131938.35802915,0.8082
D,CO2EII,PUBLISHING,1,2014,41,"2014/10/10 00:00:00",SA1,26542.361093,12093.30789211,0.4556
D,CO2EII,PUBLISHING,1,2014,41,"2014/10/10 00:00:00",TAS1,21894.606473,2.39257636,0.0001
D,CO2EII,PUBLISHING,1,2014,41,"2014/10/10 00:00:00",VIC1,143107.591233,170116.09997179,1.1887
D,CO2EII,PUBLISHING,1,2014,41,"2014/10/11 00:00:00",NEM,448874.65574266,426537.12441132,0.9502
D,CO2EII,PUBLISHING,1,2014,41,"2014/10/11 00:00:00",NSW1,121756.68479199,116048.11814599,0.9531
D,CO2EII,PUBLISHING,1,2014,41,"2014/10/11 00:00:00",QLD1,153785.58114368,124158.28887987,0.8073
D,CO2EII,PUBLISHING,1,2014,41,"2014/10/11 00:00:00",SA1,17680.881272,11338.37740741,0.6413
D,CO2EII,PUBLISHING,1,2014,41,"2014/10/11 00:00:00",TAS1,18777.852460,2.37194392,0.0001
D,CO2EII,PUBLISHING,1,2014,41,"2014/10/11 00:00:00",VIC1,136873.65607499,174989.96803413,1.2785
D,CO2EII,PUBLISHING,1,2014,42,"2014/10/12 00:00:00",NEM,440226.29891036,409385.58158211,0.9299
D,CO2EII,PUBLISHING,1,2014,42,"2014/10/12 00:00:00",NSW1,115754.784012,105895.01515889,0.9148
D,CO2EII,PUBLISHING,1,2014,42,"2014/10/12 00:00:00",QLD1,151322.96389934,122625.48002228,0.8104
D,CO2EII,PUBLISHING,1,2014,42,"2014/10/12 00:00:00",SA1,23387.341455,10905.51948328,0.4663
D,CO2EII,PUBLISHING,1,2014,42,"2014/10/12 00:00:00",TAS1,16124.881186,2.40583692,0.0001
D,CO2EII,PUBLISHING,1,2014,42,"2014/10/12 00:00:00",VIC1,133636.32835802,169957.16108074,1.2718
D,CO2EII,PUBLISHING,1,2014,42,"2014/10/13 00:00:00",NEM,500278.45293566,437119.84506541,0.8738
D,CO2EII,PUBLISHING,1,2014,42,"2014/10/13 00:00:00",NSW1,142220.462203,130735.32556234,0.9192
D,CO2EII,PUBLISHING,1,2014,42,"2014/10/13 00:00:00",QLD1,154082.64216466,127334.12506897,0.8264
D,CO2EII,PUBLISHING,1,2014,42,"2014/10/13 00:00:00",SA1,37176.231056,11636.67710661,0.3130
D,CO2EII,PUBLISHING,1,2014,42,"2014/10/13 00:00:00",TAS1,21123.388057,2.31533009,0.0001
D,CO2EII,PUBLISHING,1,2014,42,"2014/10/13 00:00:00",VIC1,145675.729455,167411.40199740,1.1492
D,CO2EII,PUBLISHING,1,2014,42,"2014/10/14 00:00:00",NEM,507915.13211738,458646.75305024,0.9030
D,CO2EII,PUBLISHING,1,2014,42,"2014/10/14 00:00:00",NSW1,158186.24971101,148455.77073178,0.9385
D,CO2EII,PUBLISHING,1,2014,42,"2014/10/14 00:00:00",QLD1,149173.55288235,124187.36313854,0.8325
D,CO2EII,PUBLISHING,1,2014,42,"2014/10/14 00:00:00",SA1,28826.812680,16147.70430167,0.5602
D,CO2EII,PUBLISHING,1,2014,42,"2014/10/14 00:00:00",TAS1,25309.952757,2.26228815,0.0001
D,CO2EII,PUBLISHING,1,2014,42,"2014/10/14 00:00:00",VIC1,146418.56408702,169853.65259010,1.1601
D,CO2EII,PUBLISHING,1,2014,42,"2014/10/15 00:00:00",NEM,503870.251338,457488.57303417,0.9079
D,CO2EII,PUBLISHING,1,2014,42,"2014/10/15 00:00:00",NSW1,168664.568114,160607.37789359,0.9522
D,CO2EII,PUBLISHING,1,2014,42,"2014/10/15 00:00:00",QLD1,143460.743168,118563.91643081,0.8265
D,CO2EII,PUBLISHING,1,2014,42,"2014/10/15 00:00:00",SA1,26759.72036701,18730.35469943,0.6999
D,CO2EII,PUBLISHING,1,2014,42,"2014/10/15 00:00:00",TAS1,29910.774270,140.47739548,0.0047
D,CO2EII,PUBLISHING,1,2014,42,"2014/10/15 00:00:00",VIC1,135074.44541899,159446.44661486,1.1804
D,CO2EII,PUBLISHING,1,2014,42,"2014/10/16 00:00:00",NEM,496682.49295334,452209.97248345,0.9105
D,CO2EII,PUBLISHING,1,2014,42,"2014/10/16 00:00:00",NSW1,161315.7101,153694.06635097,0.9528
D,CO2EII,PUBLISHING,1,2014,42,"2014/10/16 00:00:00",QLD1,143485.97364332,119776.50529836,0.8348
D,CO2EII,PUBLISHING,1,2014,42,"2014/10/16 00:00:00",SA1,25542.518103,17544.70739055,0.6869
D,CO2EII,PUBLISHING,1,2014,42,"2014/10/16 00:00:00",TAS1,27160.091678,2.32346892,0.0001
D,CO2EII,PUBLISHING,1,2014,42,"2014/10/16 00:00:00",VIC1,139178.19942902,161192.36997465,1.1582
D,CO2EII,PUBLISHING,1,2014,42,"2014/10/17 00:00:00",NEM,490354.45101902,456391.87782555,0.9307
D,CO2EII,PUBLISHING,1,2014,42,"2014/10/17 00:00:00",NSW1,154329.725474,147142.05587183,0.9534
D,CO2EII,PUBLISHING,1,2014,42,"2014/10/17 00:00:00",QLD1,148773.73096901,125027.38252943,0.8404
D,CO2EII,PUBLISHING,1,2014,42,"2014/10/17 00:00:00",SA1,27057.85923801,15771.55012169,0.5829
D,CO2EII,PUBLISHING,1,2014,42,"2014/10/17 00:00:00",TAS1,20826.115164,2.29192669,0.0001
D,CO2EII,PUBLISHING,1,2014,42,"2014/10/17 00:00:00",VIC1,139367.020174,168448.59737591,1.2087
D,CO2EII,PUBLISHING,1,2014,42,"2014/10/18 00:00:00",NEM,452425.96552733,415504.15140906,0.9184
D,CO2EII,PUBLISHING,1,2014,42,"2014/10/18 00:00:00",NSW1,117723.527926,112066.14262185,0.9519
D,CO2EII,PUBLISHING,1,2014,42,"2014/10/18 00:00:00",QLD1,147727.04789933,124154.49377817,0.8404
D,CO2EII,PUBLISHING,1,2014,42,"2014/10/18 00:00:00",SA1,30407.111519,12545.74844101,0.4126
D,CO2EII,PUBLISHING,1,2014,42,"2014/10/18 00:00:00",TAS1,17923.176157,2.31400489,0.0001
D,CO2EII,PUBLISHING,1,2014,42,"2014/10/18 00:00:00",VIC1,138645.102026,166735.45256314,1.2026
D,CO2EII,PUBLISHING,1,2014,43,"2014/10/19 00:00:00",NEM,442747.02535533,413142.76713778,0.9331
D,CO2EII,PUBLISHING,1,2014,43,"2014/10/19 00:00:00",NSW1,123450.675310,116371.27817207,0.9427
D,CO2EII,PUBLISHING,1,2014,43,"2014/10/19 00:00:00",QLD1,136722.02544333,113583.15134654,0.8308
D,CO2EII,PUBLISHING,1,2014,43,"2014/10/19 00:00:00",SA1,29502.25979501,12849.47257032,0.4355
D,CO2EII,PUBLISHING,1,2014,43,"2014/10/19 00:00:00",TAS1,16483.317148,2.28813512,0.0001
D,CO2EII,PUBLISHING,1,2014,43,"2014/10/19 00:00:00",VIC1,136588.74765899,170336.57691373,1.2471
D,CO2EII,PUBLISHING,1,2014,43,"2014/10/20 00:00:00",NEM,493172.04744632,444792.99428068,0.9019
D,CO2EII,PUBLISHING,1,2014,43,"2014/10/20 00:00:00",NSW1,148708.217805,135912.25630567,0.9140
D,CO2EII,PUBLISHING,1,2014,43,"2014/10/20 00:00:00",QLD1,141470.93256533,115700.10397041,0.8178
D,CO2EII,PUBLISHING,1,2014,43,"2014/10/20 00:00:00",SA1,34384.298209,14259.91139018,0.4147
D,CO2EII,PUBLISHING,1,2014,43,"2014/10/20 00:00:00",TAS1,18138.736693,2.18155870,0.0001
D,CO2EII,PUBLISHING,1,2014,43,"2014/10/20 00:00:00",VIC1,150469.86217399,178918.54105572,1.1891
D,CO2EII,PUBLISHING,1,2014,43,"2014/10/21 00:00:00",NEM,507374.91489867,469147.31516335,0.9247
D,CO2EII,PUBLISHING,1,2014,43,"2014/10/21 00:00:00",NSW1,152515.242331,141539.00479591,0.9280
D,CO2EII,PUBLISHING,1,2014,43,"2014/10/21 00:00:00",QLD1,147408.00867867,119713.07254469,0.8121
D,CO2EII,PUBLISHING,1,2014,43,"2014/10/21 00:00:00",SA1,36634.21000398,19922.75272777,0.5438
D,CO2EII,PUBLISHING,1,2014,43,"2014/10/21 00:00:00",TAS1,18862.869189,14.92351263,0.0008
D,CO2EII,PUBLISHING,1,2014,43,"2014/10/21 00:00:00",VIC1,151954.58469602,187957.56158235,1.2369
D,CO2EII,PUBLISHING,1,2014,43,"2014/10/22 00:00:00",NEM,502553.45214433,464713.03771826,0.9247
D,CO2EII,PUBLISHING,1,2014,43,"2014/10/22 00:00:00",NSW1,149092.943009,141483.07843672,0.9490
D,CO2EII,PUBLISHING,1,2014,43,"2014/10/22 00:00:00",QLD1,150848.84927833,123367.76815994,0.8178
D,CO2EII,PUBLISHING,1,2014,43,"2014/10/22 00:00:00",SA1,32254.758123,18138.05509199,0.5623
D,CO2EII,PUBLISHING,1,2014,43,"2014/10/22 00:00:00",TAS1,19703.001703,2.39513962,0.0001
D,CO2EII,PUBLISHING,1,2014,43,"2014/10/22 00:00:00",VIC1,150653.900031,181721.74088999,1.2062
D,CO2EII,PUBLISHING,1,2014,43,"2014/10/23 00:00:00",NEM,504789.24486302,477002.89042133,0.9450
D,CO2EII,PUBLISHING,1,2014,43,"2014/10/23 00:00:00",NSW1,156096.61901599,146922.74651791,0.9412
D,CO2EII,PUBLISHING,1,2014,43,"2014/10/23 00:00:00",QLD1,148848.47431102,121872.13796284,0.8188
D,CO2EII,PUBLISHING,1,2014,43,"2014/10/23 00:00:00",SA1,27871.88820501,18418.94746680,0.6608
D,CO2EII,PUBLISHING,1,2014,43,"2014/10/23 00:00:00",TAS1,17973.243740,8.21534058,0.0005
D,CO2EII,PUBLISHING,1,2014,43,"2014/10/23 00:00:00",VIC1,153999.019591,189780.84313320,1.2324
D,CO2EII,PUBLISHING,1,2014,43,"2014/10/24 00:00:00",NEM,510004.55565068,477411.87598817,0.9361
D,CO2EII,PUBLISHING,1,2014,43,"2014/10/24 00:00:00",NSW1,153642.51417199,141076.84147131,0.9182
D,CO2EII,PUBLISHING,1,2014,43,"2014/10/24 00:00:00",QLD1,160718.36053169,131691.83488452,0.8194
D,CO2EII,PUBLISHING,1,2014,43,"2014/10/24 00:00:00",SA1,27100.037190,17847.00595290,0.6586
D,CO2EII,PUBLISHING,1,2014,43,"2014/10/24 00:00:00",TAS1,17958.711660,8.83198913,0.0005
D,CO2EII,PUBLISHING,1,2014,43,"2014/10/24 00:00:00",VIC1,150584.932097,186787.36169031,1.2404
D,CO2EII,PUBLISHING,1,2014,43,"2014/10/25 00:00:00",NEM,459867.72575933,434939.488188,0.9458
D,CO2EII,PUBLISHING,1,2014,43,"2014/10/25 00:00:00",NSW1,127207.43744001,118615.39851277,0.9325
D,CO2EII,PUBLISHING,1,2014,43,"2014/10/25 00:00:00",QLD1,150599.24533434,122554.88291672,0.8138
D,CO2EII,PUBLISHING,1,2014,43,"2014/10/25 00:00:00",SA1,19885.99609601,13688.79113852,0.6884
D,CO2EII,PUBLISHING,1,2014,43,"2014/10/25 00:00:00",TAS1,25134.487803,2.38693167,0.0001
D,CO2EII,PUBLISHING,1,2014,43,"2014/10/25 00:00:00",VIC1,137040.55908597,180078.02868832,1.3140
D,CO2EII,PUBLISHING,1,2014,44,"2014/10/26 00:00:00",NEM,457532.60263370,415659.26953828,0.9085
D,CO2EII,PUBLISHING,1,2014,44,"2014/10/26 00:00:00",NSW1,120844.56639601,110923.58221786,0.9179
D,CO2EII,PUBLISHING,1,2014,44,"2014/10/26 00:00:00",QLD1,151002.14369668,124374.80029373,0.8237
D,CO2EII,PUBLISHING,1,2014,44,"2014/10/26 00:00:00",SA1,26622.076299,11409.33541450,0.4286
D,CO2EII,PUBLISHING,1,2014,44,"2014/10/26 00:00:00",TAS1,28412.792207,2.40468054,0.0001
D,CO2EII,PUBLISHING,1,2014,44,"2014/10/26 00:00:00",VIC1,130651.02403501,168949.14693165,1.2931
D,CO2EII,PUBLISHING,1,2014,44,"2014/10/27 00:00:00",NEM,512822.87528866,437726.27734890,0.8536
D,CO2EII,PUBLISHING,1,2014,44,"2014/10/27 00:00:00",NSW1,155951.969675,142991.40436009,0.9169
D,CO2EII,PUBLISHING,1,2014,44,"2014/10/27 00:00:00",QLD1,153621.99525266,124102.84960676,0.8078
D,CO2EII,PUBLISHING,1,2014,44,"2014/10/27 00:00:00",SA1,38499.038295,11583.87978697,0.3009
D,CO2EII,PUBLISHING,1,2014,44,"2014/10/27 00:00:00",TAS1,26700.239512,92.35926280,0.0035
D,CO2EII,PUBLISHING,1,2014,44,"2014/10/27 00:00:00",VIC1,138049.632554,158955.78433228,1.1514
D,CO2EII,PUBLISHING,1,2014,44,"2014/10/28 00:00:00",NEM,510673.03863534,460794.39781053,0.9023
D,CO2EII,PUBLISHING,1,2014,44,"2014/10/28 00:00:00",NSW1,145512.279376,134177.12006436,0.9221
D,CO2EII,PUBLISHING,1,2014,44,"2014/10/28 00:00:00",QLD1,160872.44340534,131804.25481360,0.8193
D,CO2EII,PUBLISHING,1,2014,44,"2014/10/28 00:00:00",SA1,32713.620446,14318.67077387,0.4377
D,CO2EII,PUBLISHING,1,2014,44,"2014/10/28 00:00:00",TAS1,19410.516411,2.48883172,0.0001
D,CO2EII,PUBLISHING,1,2014,44,"2014/10/28 00:00:00",VIC1,152164.178997,180491.86332698,1.1862
D,CO2EII,PUBLISHING,1,2014,44,"2014/10/29 00:00:00",NEM,502634.48201769,479054.36881217,0.9531
D,CO2EII,PUBLISHING,1,2014,44,"2014/10/29 00:00:00",NSW1,141863.043690,134909.91300727,0.9510
D,CO2EII,PUBLISHING,1,2014,44,"2014/10/29 00:00:00",QLD1,165434.49793768,137364.65958281,0.8303
D,CO2EII,PUBLISHING,1,2014,44,"2014/10/29 00:00:00",SA1,27338.46424199,17731.66199796,0.6486
D,CO2EII,PUBLISHING,1,2014,44,"2014/10/29 00:00:00",TAS1,19486.513224,10.07684425,0.0005
D,CO2EII,PUBLISHING,1,2014,44,"2014/10/29 00:00:00",VIC1,148511.96292402,189038.05737988,1.2729
D,CO2EII,PUBLISHING,1,2014,44,"2014/10/30 00:00:00",NEM,513376.09006298,488574.28906819,0.9517
D,CO2EII,PUBLISHING,1,2014,44,"2014/10/30 00:00:00",NSW1,156804.28564199,149643.22947164,0.9543
D,CO2EII,PUBLISHING,1,2014,44,"2014/10/30 00:00:00",QLD1,161997.08952599,132876.51965926,0.8202
D,CO2EII,PUBLISHING,1,2014,44,"2014/10/30 00:00:00",SA1,26333.016910,18929.88504393,0.7189
D,CO2EII,PUBLISHING,1,2014,44,"2014/10/30 00:00:00",TAS1,21464.271722,11.75824217,0.0005
D,CO2EII,PUBLISHING,1,2014,44,"2014/10/30 00:00:00",VIC1,146777.426263,187112.89665119,1.2748
D,CO2EII,PUBLISHING,1,2014,44,"2014/10/31 00:00:00",NEM,526527.82833668,480924.59963372,0.9134
D,CO2EII,PUBLISHING,1,2014,44,"2014/10/31 00:00:00",NSW1,154101.032981,145863.73830705,0.9465
D,CO2EII,PUBLISHING,1,2014,44,"2014/10/31 00:00:00",QLD1,164664.98747167,135354.67789645,0.8220
D,CO2EII,PUBLISHING,1,2014,44,"2014/10/31 00:00:00",SA1,36099.688070,14352.48323234,0.3976
D,CO2EII,PUBLISHING,1,2014,44,"2014/10/31 00:00:00",TAS1,18266.92582099,2.44118448,0.0001
D,CO2EII,PUBLISHING,1,2014,44,"2014/10/31 00:00:00",VIC1,153395.19399302,185351.25901340,1.2083
D,CO2EII,PUBLISHING,1,2014,44,"2014/11/01 00:00:00",NEM,479210.845837,415491.57316302,0.8670
D,CO2EII,PUBLISHING,1,2014,44,"2014/11/01 00:00:00",NSW1,138639.067437,125017.99123221,0.9018
D,CO2EII,PUBLISHING,1,2014,44,"2014/11/01 00:00:00",QLD1,156508.33622399,126948.03224181,0.8111
D,CO2EII,PUBLISHING,1,2014,44,"2014/11/01 00:00:00",SA1,35174.38672201,10074.64325478,0.2864
D,CO2EII,PUBLISHING,1,2014,44,"2014/11/01 00:00:00",TAS1,17635.397245,2.33171741,0.0001
D,CO2EII,PUBLISHING,1,2014,44,"2014/11/01 00:00:00",VIC1,131253.658209,153448.57471681,1.1691
D,CO2EII,PUBLISHING,1,2014,45,"2014/11/02 00:00:00",NEM,447403.06914201,416145.11512676,0.9301
D,CO2EII,PUBLISHING,1,2014,45,"2014/11/02 00:00:00",NSW1,108543.113199,98850.92575896,0.9107
D,CO2EII,PUBLISHING,1,2014,45,"2014/11/02 00:00:00",QLD1,156474.40198401,125981.43732492,0.8051
D,CO2EII,PUBLISHING,1,2014,45,"2014/11/02 00:00:00",SA1,22077.78317901,13390.34664784,0.6065
D,CO2EII,PUBLISHING,1,2014,45,"2014/11/02 00:00:00",TAS1,19124.275481,2.36753821,0.0001
D,CO2EII,PUBLISHING,1,2014,45,"2014/11/02 00:00:00",VIC1,141183.49529899,177920.03785683,1.2602
D,CO2EII,PUBLISHING,1,2014,45,"2014/11/03 00:00:00",NEM,488810.144692,460700.64030595,0.9425
D,CO2EII,PUBLISHING,1,2014,45,"2014/11/03 00:00:00",NSW1,139949.196522,133003.551783,0.9504
D,CO2EII,PUBLISHING,1,2014,45,"2014/11/03 00:00:00",QLD1,157041.15141299,127429.22551995,0.8114
D,CO2EII,PUBLISHING,1,2014,45,"2014/11/03 00:00:00",SA1,28684.47495701,13710.70626848,0.4780
D,CO2EII,PUBLISHING,1,2014,45,"2014/11/03 00:00:00",TAS1,18252.333341,2.31867717,0.0001
D,CO2EII,PUBLISHING,1,2014,45,"2014/11/03 00:00:00",VIC1,144882.988459,186554.83805735,1.2876
D,CO2EII,PUBLISHING,1,2014,45,"2014/11/04 00:00:00",NEM,480648.69396135,431592.81869926,0.8979
D,CO2EII,PUBLISHING,1,2014,45,"2014/11/04 00:00:00",NSW1,136597.90359401,130622.79689112,0.9563
D,CO2EII,PUBLISHING,1,2014,45,"2014/11/04 00:00:00",QLD1,158207.72876733,128153.09606441,0.81
D,CO2EII,PUBLISHING,1,2014,45,"2014/11/04 00:00:00",SA1,30574.202049,10337.62623755,0.3381
D,CO2EII,PUBLISHING,1,2014,45,"2014/11/04 00:00:00",TAS1,17405.659263,2.36309697,0.0001
D,CO2EII,PUBLISHING,1,2014,45,"2014/11/04 00:00:00",VIC1,137863.20028801,162476.93640921,1.1785
D,CO2EII,PUBLISHING,1,2014,45,"2014/11/05 00:00:00",NEM,493431.97279735,450971.32085116,0.9139
D,CO2EII,PUBLISHING,1,2014,45,"2014/11/05 00:00:00",NSW1,141168.42941501,132802.38118432,0.9407
D,CO2EII,PUBLISHING,1,2014,45,"2014/11/05 00:00:00",QLD1,168214.49332934,135823.39489099,0.8074
D,CO2EII,PUBLISHING,1,2014,45,"2014/11/05 00:00:00",SA1,26836.10303902,15703.32839155,0.5852
D,CO2EII,PUBLISHING,1,2014,45,"2014/11/05 00:00:00",TAS1,22763.77657899,25.59386264,0.0011
D,CO2EII,PUBLISHING,1,2014,45,"2014/11/05 00:00:00",VIC1,134449.17043499,166616.62252166,1.2393
D,CO2EII,PUBLISHING,1,2014,45,"2014/11/06 00:00:00",NEM,496181.48138065,462671.35952861,0.9325
D,CO2EII,PUBLISHING,1,2014,45,"2014/11/06 00:00:00",NSW1,146252.350458,141320.91134460,0.9663
D,CO2EII,PUBLISHING,1,2014,45,"2014/11/06 00:00:00",QLD1,169412.95394966,138869.02237175,0.8197
D,CO2EII,PUBLISHING,1,2014,45,"2014/11/06 00:00:00",SA1,26223.637757,16660.89000958,0.6353
D,CO2EII,PUBLISHING,1,2014,45,"2014/11/06 00:00:00",TAS1,26887.797223,114.23948172,0.0042
D,CO2EII,PUBLISHING,1,2014,45,"2014/11/06 00:00:00",VIC1,127404.74199299,165706.29632096,1.3006
D,CO2EII,PUBLISHING,1,2014,45,"2014/11/07 00:00:00",NEM,512918.90777067,455310.75493585,0.8877
D,CO2EII,PUBLISHING,1,2014,45,"2014/11/07 00:00:00",NSW1,142018.83929401,136966.39734829,0.9644
D,CO2EII,PUBLISHING,1,2014,45,"2014/11/07 00:00:00",QLD1,172131.78762465,140663.89479466,0.8172
D,CO2EII,PUBLISHING,1,2014,45,"2014/11/07 00:00:00",SA1,39232.076069,16025.41553630,0.4085
D,CO2EII,PUBLISHING,1,2014,45,"2014/11/07 00:00:00",TAS1,22988.22317901,2.29725101,0.0001
D,CO2EII,PUBLISHING,1,2014,45,"2014/11/07 00:00:00",VIC1,136547.981604,161652.75000559,1.1839
D,CO2EII,PUBLISHING,1,2014,45,"2014/11/08 00:00:00",NEM,467284.59486433,425755.68474321,0.9111
D,CO2EII,PUBLISHING,1,2014,45,"2014/11/08 00:00:00",NSW1,125106.59154601,119982.00567325,0.9590
D,CO2EII,PUBLISHING,1,2014,45,"2014/11/08 00:00:00",QLD1,164751.41559733,133063.39135585,0.8077
D,CO2EII,PUBLISHING,1,2014,45,"2014/11/08 00:00:00",SA1,30342.503824,13325.23309982,0.4392
D,CO2EII,PUBLISHING,1,2014,45,"2014/11/08 00:00:00",TAS1,17171.522435,2.28050415,0.0001
D,CO2EII,PUBLISHING,1,2014,45,"2014/11/08 00:00:00",VIC1,129912.56146199,159382.77411014,1.2268
D,CO2EII,PUBLISHING,1,2014,46,"2014/11/09 00:00:00",NEM,446125.71803732,412915.55893620,0.9256
D,CO2EII,PUBLISHING,1,2014,46,"2014/11/09 00:00:00",NSW1,120346.684870,111702.85976735,0.9282
D,CO2EII,PUBLISHING,1,2014,46,"2014/11/09 00:00:00",QLD1,159556.52958533,128570.72992610,0.8058
D,CO2EII,PUBLISHING,1,2014,46,"2014/11/09 00:00:00",SA1,27607.015763,14416.74020903,0.5222
D,CO2EII,PUBLISHING,1,2014,46,"2014/11/09 00:00:00",TAS1,15489.478782,2.32047204,0.0001
D,CO2EII,PUBLISHING,1,2014,46,"2014/11/09 00:00:00",VIC1,123126.00903699,158222.90856168,1.2850
D,CO2EII,PUBLISHING,1,2014,46,"2014/11/10 00:00:00",NEM,503405.83412903,460936.89519956,0.9156
D,CO2EII,PUBLISHING,1,2014,46,"2014/11/10 00:00:00",NSW1,139328.568633,128998.20734118,0.9259
D,CO2EII,PUBLISHING,1,2014,46,"2014/11/10 00:00:00",QLD1,171463.15726001,140641.66426026,0.8202
D,CO2EII,PUBLISHING,1,2014,46,"2014/11/10 00:00:00",SA1,31154.437541,14650.04939079,0.4702
D,CO2EII,PUBLISHING,1,2014,46,"2014/11/10 00:00:00",TAS1,20011.32626701,2.26295424,0.0001
D,CO2EII,PUBLISHING,1,2014,46,"2014/11/10 00:00:00",VIC1,141448.34442801,176644.71125309,1.2488
D,CO2EII,PUBLISHING,1,2014,46,"2014/11/11 00:00:00",NEM,506101.34900703,469357.56369077,0.9274
D,CO2EII,PUBLISHING,1,2014,46,"2014/11/11 00:00:00",NSW1,140143.475551,128789.07256050,0.9190
D,CO2EII,PUBLISHING,1,2014,46,"2014/11/11 00:00:00",QLD1,173762.17487302,142983.49727621,0.8229
D,CO2EII,PUBLISHING,1,2014,46,"2014/11/11 00:00:00",SA1,28822.213569,15736.38945241,0.5460
D,CO2EII,PUBLISHING,1,2014,46,"2014/11/11 00:00:00",TAS1,21699.102182,2.32673576,0.0001
D,CO2EII,PUBLISHING,1,2014,46,"2014/11/11 00:00:00",VIC1,141674.38283201,181846.27766589,1.2836
D,CO2EII,PUBLISHING,1,2014,46,"2014/11/12 00:00:00",NEM,512038.15465667,485041.63157818,0.9473
D,CO2EII,PUBLISHING,1,2014,46,"2014/11/12 00:00:00",NSW1,143649.862829,132363.07124133,0.9214
D,CO2EII,PUBLISHING,1,2014,46,"2014/11/12 00:00:00",QLD1,172960.73700568,142059.21387897,0.8213
D,CO2EII,PUBLISHING,1,2014,46,"2014/11/12 00:00:00",SA1,31110.81489099,20804.77540109,0.6687
D,CO2EII,PUBLISHING,1,2014,46,"2014/11/12 00:00:00",TAS1,19015.200565,26.63675084,0.0014
D,CO2EII,PUBLISHING,1,2014,46,"2014/11/12 00:00:00",VIC1,145301.539366,189787.93430595,1.3062
D,CO2EII,PUBLISHING,1,2014,46,"2014/11/13 00:00:00",NEM,530521.65813769,493710.44232474,0.9306
D,CO2EII,PUBLISHING,1,2014,46,"2014/11/13 00:00:00",NSW1,151243.423068,141074.86500217,0.9328
D,CO2EII,PUBLISHING,1,2014,46,"2014/11/13 00:00:00",QLD1,173537.74401768,142760.61762688,0.8226
D,CO2EII,PUBLISHING,1,2014,46,"2014/11/13 00:00:00",SA1,37246.40039901,20609.42955766,0.5533
D,CO2EII,PUBLISHING,1,2014,46,"2014/11/13 00:00:00",TAS1,20059.706935,11.27433862,0.0006
D,CO2EII,PUBLISHING,1,2014,46,"2014/11/13 00:00:00",VIC1,148434.383718,189254.25579941,1.2750
D,CO2EII,PUBLISHING,1,2014,46,"2014/11/14 00:00:00",NEM,540208.07050367,485904.21463118,0.8995
D,CO2EII,PUBLISHING,1,2014,46,"2014/11/14 00:00:00",NSW1,170930.362926,150795.034127,0.8822
D,CO2EII,PUBLISHING,1,2014,46,"2014/11/14 00:00:00",QLD1,168947.04682267,139937.04890609,0.8283
D,CO2EII,PUBLISHING,1,2014,46,"2014/11/14 00:00:00",SA1,36036.541296,17128.97989066,0.4753
D,CO2EII,PUBLISHING,1,2014,46,"2014/11/14 00:00:00",TAS1,18818.087080,2.42129566,0.0001
D,CO2EII,PUBLISHING,1,2014,46,"2014/11/14 00:00:00",VIC1,145476.032379,178040.73041177,1.2238
D,CO2EII,PUBLISHING,1,2014,46,"2014/11/15 00:00:00",NEM,478067.38911966,441660.67811621,0.9238
D,CO2EII,PUBLISHING,1,2014,46,"2014/11/15 00:00:00",NSW1,136494.826401,125507.88084865,0.9195
D,CO2EII,PUBLISHING,1,2014,46,"2014/11/15 00:00:00",QLD1,166161.30834666,135534.53179434,0.8157
D,CO2EII,PUBLISHING,1,2014,46,"2014/11/15 00:00:00",SA1,28761.336926,13261.16095339,0.4611
D,CO2EII,PUBLISHING,1,2014,46,"2014/11/15 00:00:00",TAS1,15331.609879,12.49999577,0.0008
D,CO2EII,PUBLISHING,1,2014,46,"2014/11/15 00:00:00",VIC1,131318.307567,167344.60452406,1.2743
D,CO2EII,PUBLISHING,1,2014,47,"2014/11/16 00:00:00",NEM,471887.37208202,417082.33777045,0.8839
D,CO2EII,PUBLISHING,1,2014,47,"2014/11/16 00:00:00",NSW1,125900.37715101,109233.89618904,0.8676
D,CO2EII,PUBLISHING,1,2014,47,"2014/11/16 00:00:00",QLD1,169524.395618,137482.47417937,0.8110
D,CO2EII,PUBLISHING,1,2014,47,"2014/11/16 00:00:00",SA1,32271.57462601,13693.48840655,0.4243
D,CO2EII,PUBLISHING,1,2014,47,"2014/11/16 00:00:00",TAS1,15661.369738,2.49598028,0.0002
D,CO2EII,PUBLISHING,1,2014,47,"2014/11/16 00:00:00",VIC1,128529.654949,156669.98301521,1.2189
D,CO2EII,PUBLISHING,1,2014,47,"2014/11/17 00:00:00",NEM,509364.09814898,462187.81671533,0.9074
D,CO2EII,PUBLISHING,1,2014,47,"2014/11/17 00:00:00",NSW1,150626.026462,137077.60161012,0.9101
D,CO2EII,PUBLISHING,1,2014,47,"2014/11/17 00:00:00",QLD1,176437.41022098,144725.99647146,0.8203
D,CO2EII,PUBLISHING,1,2014,47,"2014/11/17 00:00:00",SA1,25819.00284801,16397.05582023,0.6351
D,CO2EII,PUBLISHING,1,2014,47,"2014/11/17 00:00:00",TAS1,19740.394047,2.38964365,0.0001
D,CO2EII,PUBLISHING,1,2014,47,"2014/11/17 00:00:00",VIC1,136741.26457099,163984.77316987,1.1992
D,CO2EII,PUBLISHING,1,2014,47,"2014/11/18 00:00:00",NEM,517231.59271268,476932.55869510,0.9221
D,CO2EII,PUBLISHING,1,2014,47,"2014/11/18 00:00:00",NSW1,156296.92133399,144554.12763424,0.9249
D,CO2EII,PUBLISHING,1,2014,47,"2014/11/18 00:00:00",QLD1,175913.30088168,145320.43422998,0.8261
D,CO2EII,PUBLISHING,1,2014,47,"2014/11/18 00:00:00",SA1,27823.98925701,19556.75353354,0.7029
D,CO2EII,PUBLISHING,1,2014,47,"2014/11/18 00:00:00",TAS1,19857.716130,2.28199524,0.0001
D,CO2EII,PUBLISHING,1,2014,47,"2014/11/18 00:00:00",VIC1,137339.665110,167498.96130210,1.2196
D,CO2EII,PUBLISHING,1,2014,47,"2014/11/19 00:00:00",NEM,522660.55330501,470144.99282790,0.8995
D,CO2EII,PUBLISHING,1,2014,47,"2014/11/19 00:00:00",NSW1,159607.414197,147389.15859818,0.9234
D,CO2EII,PUBLISHING,1,2014,47,"2014/11/19 00:00:00",QLD1,173472.619075,144585.90585895,0.8335
D,CO2EII,PUBLISHING,1,2014,47,"2014/11/19 00:00:00",SA1,35851.582382,21970.57098370,0.6128
D,CO2EII,PUBLISHING,1,2014,47,"2014/11/19 00:00:00",TAS1,22148.48721601,2.34823899,0.0001
D,CO2EII,PUBLISHING,1,2014,47,"2014/11/19 00:00:00",VIC1,131580.450435,156197.00914808,1.1871
D,CO2EII,PUBLISHING,1,2014,47,"2014/11/20 00:00:00",NEM,543287.39210732,466094.83003692,0.8579
D,CO2EII,PUBLISHING,1,2014,47,"2014/11/20 00:00:00",NSW1,164803.865391,145333.79228244,0.8819
D,CO2EII,PUBLISHING,1,2014,47,"2014/11/20 00:00:00",QLD1,174054.88824931,145531.43191035,0.8361
D,CO2EII,PUBLISHING,1,2014,47,"2014/11/20 00:00:00",SA1,41048.531672,19213.98442886,0.4681
D,CO2EII,PUBLISHING,1,2014,47,"2014/11/20 00:00:00",TAS1,24547.667637,287.56271585,0.0117
D,CO2EII,PUBLISHING,1,2014,47,"2014/11/20 00:00:00",VIC1,138832.43915801,155728.05869942,1.1217
D,CO2EII,PUBLISHING,1,2014,47,"2014/11/21 00:00:00",NEM,552985.95497369,497477.36852643,0.8996
D,CO2EII,PUBLISHING,1,2014,47,"2014/11/21 00:00:00",NSW1,183986.240179,160300.99465798,0.8713
D,CO2EII,PUBLISHING,1,2014,47,"2014/11/21 00:00:00",QLD1,176816.79154667,148134.12377698,0.8378
D,CO2EII,PUBLISHING,1,2014,47,"2014/11/21 00:00:00",SA1,29445.40268001,20153.79296938,0.6844
D,CO2EII,PUBLISHING,1,2014,47,"2014/11/21 00:00:00",TAS1,23615.348875,214.92950923,0.0091
D,CO2EII,PUBLISHING,1,2014,47,"2014/11/21 00:00:00",VIC1,139122.17169301,168673.52761286,1.2124
D,CO2EII,PUBLISHING,1,2014,47,"2014/11/22 00:00:00",NEM,500158.08654098,447295.17306364,0.8943
D,CO2EII,PUBLISHING,1,2014,47,"2014/11/22 00:00:00",NSW1,149538.861873,135945.27330856,0.9091
D,CO2EII,PUBLISHING,1,2014,47,"2014/11/22 00:00:00",QLD1,168718.12676399,139393.55140052,0.8262
D,CO2EII,PUBLISHING,1,2014,47,"2014/11/22 00:00:00",SA1,36347.20172901,16531.89914059,0.4548
D,CO2EII,PUBLISHING,1,2014,47,"2014/11/22 00:00:00",TAS1,15945.691502,2.31723251,0.0001
D,CO2EII,PUBLISHING,1,2014,47,"2014/11/22 00:00:00",VIC1,129608.20467298,155422.13198146,1.1992
D,CO2EII,PUBLISHING,1,2014,48,"2014/11/23 00:00:00",NEM,501990.10466699,462423.38632104,0.9212
D,CO2EII,PUBLISHING,1,2014,48,"2014/11/23 00:00:00",NSW1,166013.143002,149187.25047893,0.8986
D,CO2EII,PUBLISHING,1,2014,48,"2014/11/23 00:00:00",QLD1,167339.04498101,138671.65170220,0.8287
D,CO2EII,PUBLISHING,1,2014,48,"2014/11/23 00:00:00",SA1,28192.41479299,18486.11297836,0.6557
D,CO2EII,PUBLISHING,1,2014,48,"2014/11/23 00:00:00",TAS1,17578.141280,2.39519220,0.0001
D,CO2EII,PUBLISHING,1,2014,48,"2014/11/23 00:00:00",VIC1,122867.36061099,156075.97596935,1.2703
D,CO2EII,PUBLISHING,1,2014,48,"2014/11/24 00:00:00",NEM,545255.86761430,485938.97790510,0.8912
D,CO2EII,PUBLISHING,1,2014,48,"2014/11/24 00:00:00",NSW1,172870.57808799,157365.65975794,0.9103
D,CO2EII,PUBLISHING,1,2014,48,"2014/11/24 00:00:00",QLD1,174238.79528032,144626.73188302,0.83
D,CO2EII,PUBLISHING,1,2014,48,"2014/11/24 00:00:00",SA1,40455.43989499,16291.43539501,0.4027
D,CO2EII,PUBLISHING,1,2014,48,"2014/11/24 00:00:00",TAS1,19985.587676,2.32147428,0.0001
D,CO2EII,PUBLISHING,1,2014,48,"2014/11/24 00:00:00",VIC1,137705.466675,167652.82939485,1.2175
D,CO2EII,PUBLISHING,1,2014,48,"2014/11/25 00:00:00",NEM,526010.47894767,478141.92392635,0.9090
D,CO2EII,PUBLISHING,1,2014,48,"2014/11/25 00:00:00",NSW1,155959.81043199,139424.94194249,0.8940
D,CO2EII,PUBLISHING,1,2014,48,"2014/11/25 00:00:00",QLD1,174814.94205168,144378.62243416,0.8259
D,CO2EII,PUBLISHING,1,2014,48,"2014/11/25 00:00:00",SA1,29027.535745,16735.25296965,0.5765
D,CO2EII,PUBLISHING,1,2014,48,"2014/11/25 00:00:00",TAS1,18873.08223501,10.92429017,0.0006
D,CO2EII,PUBLISHING,1,2014,48,"2014/11/25 00:00:00",VIC1,147335.10848399,177592.18228988,1.2054
D,CO2EII,PUBLISHING,1,2014,48,"2014/11/26 00:00:00",NEM,520508.07822769,481008.28725229,0.9241
D,CO2EII,PUBLISHING,1,2014,48,"2014/11/26 00:00:00",NSW1,149539.588348,136788.53546811,0.9147
D,CO2EII,PUBLISHING,1,2014,48,"2014/11/26 00:00:00",QLD1,178867.09288968,147883.95879331,0.8268
D,CO2EII,PUBLISHING,1,2014,48,"2014/11/26 00:00:00",SA1,30041.514675,15773.88140787,0.5251
D,CO2EII,PUBLISHING,1,2014,48,"2014/11/26 00:00:00",TAS1,17799.873594,2.22965821,0.0001
D,CO2EII,PUBLISHING,1,2014,48,"2014/11/26 00:00:00",VIC1,144260.00872101,180559.68192479,1.2516
D,CO2EII,PUBLISHING,1,2014,48,"2014/11/27 00:00:00",NEM,519178.561828,476346.28530822,0.9175
D,CO2EII,PUBLISHING,1,2014,48,"2014/11/27 00:00:00",NSW1,149830.886473,137353.14481938,0.9167
D,CO2EII,PUBLISHING,1,2014,48,"2014/11/27 00:00:00",QLD1,173938.338416,144172.22919021,0.8289
D,CO2EII,PUBLISHING,1,2014,48,"2014/11/27 00:00:00",SA1,33892.841432,14837.27351819,0.4378
D,CO2EII,PUBLISHING,1,2014,48,"2014/11/27 00:00:00",TAS1,16749.10908699,2.21669591,0.0001
D,CO2EII,PUBLISHING,1,2014,48,"2014/11/27 00:00:00",VIC1,144767.38642001,179981.42108453,1.2432
D,CO2EII,PUBLISHING,1,2014,48,"2014/11/28 00:00:00",NEM,506707.424625,466830.82999230,0.9213
D,CO2EII,PUBLISHING,1,2014,48,"2014/11/28 00:00:00",NSW1,147711.094347,136776.43081166,0.9260
D,CO2EII,PUBLISHING,1,2014,48,"2014/11/28 00:00:00",QLD1,170200.51121101,141468.39498178,0.8312
D,CO2EII,PUBLISHING,1,2014,48,"2014/11/28 00:00:00",SA1,33235.321764,17552.77832758,0.5281
D,CO2EII,PUBLISHING,1,2014,48,"2014/11/28 00:00:00",TAS1,16781.756554,3.53282366,0.0002
D,CO2EII,PUBLISHING,1,2014,48,"2014/11/28 00:00:00",VIC1,138778.74074899,171029.69304762,1.2324
D,CO2EII,PUBLISHING,1,2014,48,"2014/11/29 00:00:00",NEM,473493.89646334,437095.09872578,0.9231
D,CO2EII,PUBLISHING,1,2014,48,"2014/11/29 00:00:00",NSW1,133543.040448,123529.79954183,0.9250
D,CO2EII,PUBLISHING,1,2014,48,"2014/11/29 00:00:00",QLD1,162982.63558434,133254.49662125,0.8176
D,CO2EII,PUBLISHING,1,2014,48,"2014/11/29 00:00:00",SA1,33975.450727,19671.87593042,0.5790
D,CO2EII,PUBLISHING,1,2014,48,"2014/11/29 00:00:00",TAS1,16053.908418,2.25035827,0.0001
D,CO2EII,PUBLISHING,1,2014,48,"2014/11/29 00:00:00",VIC1,126938.861286,160636.67627401,1.2655
D,CO2EII,PUBLISHING,1,2014,49,"2014/11/30 00:00:00",NEM,481595.56036599,437270.79119150,0.9080
D,CO2EII,PUBLISHING,1,2014,49,"2014/11/30 00:00:00",NSW1,143725.381442,131842.32497121,0.9173
D,CO2EII,PUBLISHING,1,2014,49,"2014/11/30 00:00:00",QLD1,158261.899650,128875.96976531,0.8143
D,CO2EII,PUBLISHING,1,2014,49,"2014/11/30 00:00:00",SA1,35967.92336499,16306.86160705,0.4534
D,CO2EII,PUBLISHING,1,2014,49,"2014/11/30 00:00:00",TAS1,17177.543798,2.26739508,0.0001
D,CO2EII,PUBLISHING,1,2014,49,"2014/11/30 00:00:00",VIC1,126462.812111,160243.36745285,1.2671
D,CO2EII,PUBLISHING,1,2014,49,"2014/12/01 00:00:00",NEM,535027.045982,491269.20534058,0.9182
D,CO2EII,PUBLISHING,1,2014,49,"2014/12/01 00:00:00",NSW1,168136.430253,154143.86541127,0.9168
D,CO2EII,PUBLISHING,1,2014,49,"2014/12/01 00:00:00",QLD1,170877.495727,143875.49756616,0.8420
D,CO2EII,PUBLISHING,1,2014,49,"2014/12/01 00:00:00",SA1,30467.280651,16752.76671882,0.5499
D,CO2EII,PUBLISHING,1,2014,49,"2014/12/01 00:00:00",TAS1,17459.12629799,111.37520752,0.0064
D,CO2EII,PUBLISHING,1,2014,49,"2014/12/01 00:00:00",VIC1,148086.71305301,176385.70043681,1.1911
D,CO2EII,PUBLISHING,1,2014,49,"2014/12/02 00:00:00",NEM,542220.85714198,502988.58928574,0.9276
D,CO2EII,PUBLISHING,1,2014,49,"2014/12/02 00:00:00",NSW1,175716.297202,160081.04722735,0.9110
D,CO2EII,PUBLISHING,1,2014,49,"2014/12/02 00:00:00",QLD1,173276.62268299,147897.24312953,0.8535
D,CO2EII,PUBLISHING,1,2014,49,"2014/12/02 00:00:00",SA1,31350.790318,15662.13146901,0.4996
D,CO2EII,PUBLISHING,1,2014,49,"2014/12/02 00:00:00",TAS1,17457.859405,99.02897579,0.0057
D,CO2EII,PUBLISHING,1,2014,49,"2014/12/02 00:00:00",VIC1,144419.28753399,179249.13848406,1.2412
D,CO2EII,PUBLISHING,1,2014,49,"2014/12/03 00:00:00",NEM,548328.95987233,500777.77515176,0.9133
D,CO2EII,PUBLISHING,1,2014,49,"2014/12/03 00:00:00",NSW1,175564.166853,160445.68197947,0.9139
D,CO2EII,PUBLISHING,1,2014,49,"2014/12/03 00:00:00",QLD1,172730.44367834,146984.01809795,0.8509
D,CO2EII,PUBLISHING,1,2014,49,"2014/12/03 00:00:00",SA1,35934.480930,14789.89351662,0.4116
D,CO2EII,PUBLISHING,1,2014,49,"2014/12/03 00:00:00",TAS1,17477.307017,2.11602891,0.0001
D,CO2EII,PUBLISHING,1,2014,49,"2014/12/03 00:00:00",VIC1,146622.56139399,178556.06552881,1.2178
D,CO2EII,PUBLISHING,1,2014,49,"2014/12/04 00:00:00",NEM,545077.52545768,503181.21317379,0.9231
D,CO2EII,PUBLISHING,1,2014,49,"2014/12/04 00:00:00",NSW1,174070.664202,161522.01325889,0.9279
D,CO2EII,PUBLISHING,1,2014,49,"2014/12/04 00:00:00",QLD1,175874.21330766,149945.11198790,0.8526
D,CO2EII,PUBLISHING,1,2014,49,"2014/12/04 00:00:00",SA1,31268.031785,17625.43678931,0.5637
D,CO2EII,PUBLISHING,1,2014,49,"2014/12/04 00:00:00",TAS1,19490.838233,1.97512399,0.0001
D,CO2EII,PUBLISHING,1,2014,49,"2014/12/04 00:00:00",VIC1,144373.77793002,174086.67601370,1.2058
D,CO2EII,PUBLISHING,1,2014,49,"2014/12/05 00:00:00",NEM,530854.184425,493303.21838311,0.9293
D,CO2EII,PUBLISHING,1,2014,49,"2014/12/05 00:00:00",NSW1,167004.532910,153255.06904035,0.9177
D,CO2EII,PUBLISHING,1,2014,49,"2014/12/05 00:00:00",QLD1,172551.42598401,147262.88314331,0.8534
D,CO2EII,PUBLISHING,1,2014,49,"2014/12/05 00:00:00",SA1,30103.99122898,17174.88397968,0.5705
D,CO2EII,PUBLISHING,1,2014,49,"2014/12/05 00:00:00",TAS1,16491.578645,2.13627554,0.0001
D,CO2EII,PUBLISHING,1,2014,49,"2014/12/05 00:00:00",VIC1,144702.65565701,175608.24594423,1.2136
D,CO2EII,PUBLISHING,1,2014,49,"2014/12/06 00:00:00",NEM,473985.69786933,424370.07053199,0.8953
D,CO2EII,PUBLISHING,1,2014,49,"2014/12/06 00:00:00",NSW1,131549.457512,119480.26614319,0.9083
D,CO2EII,PUBLISHING,1,2014,49,"2014/12/06 00:00:00",QLD1,159788.42549732,135422.18927149,0.8475
D,CO2EII,PUBLISHING,1,2014,49,"2014/12/06 00:00:00",SA1,33289.851152,12472.40070709,0.3747
D,CO2EII,PUBLISHING,1,2014,49,"2014/12/06 00:00:00",TAS1,15500.01416801,2.09932410,0.0001
D,CO2EII,PUBLISHING,1,2014,49,"2014/12/06 00:00:00",VIC1,133857.949540,156993.11508612,1.1728
D,CO2EII,PUBLISHING,1,2014,50,"2014/12/07 00:00:00",NEM,466891.98405866,427426.28958066,0.9155
D,CO2EII,PUBLISHING,1,2014,50,"2014/12/07 00:00:00",NSW1,125424.002039,112859.67095834,0.8998
D,CO2EII,PUBLISHING,1,2014,50,"2014/12/07 00:00:00",QLD1,161948.07562067,137562.03565281,0.8494
D,CO2EII,PUBLISHING,1,2014,50,"2014/12/07 00:00:00",SA1,27267.058452,12758.34387896,0.4679
D,CO2EII,PUBLISHING,1,2014,50,"2014/12/07 00:00:00",TAS1,15555.490679,2.15262887,0.0001
D,CO2EII,PUBLISHING,1,2014,50,"2014/12/07 00:00:00",VIC1,136697.35726799,164244.08646168,1.2015
D,CO2EII,PUBLISHING,1,2014,50,"2014/12/08 00:00:00",NEM,528177.27477833,491111.78377725,0.9298
D,CO2EII,PUBLISHING,1,2014,50,"2014/12/08 00:00:00",NSW1,163386.815956,147835.01771906,0.9048
D,CO2EII,PUBLISHING,1,2014,50,"2014/12/08 00:00:00",QLD1,175507.84800632,150144.07991604,0.8555
D,CO2EII,PUBLISHING,1,2014,50,"2014/12/08 00:00:00",SA1,29939.971898,18790.79918647,0.6276
D,CO2EII,PUBLISHING,1,2014,50,"2014/12/08 00:00:00",TAS1,17386.279337,2.12337325,0.0001
D,CO2EII,PUBLISHING,1,2014,50,"2014/12/08 00:00:00",VIC1,141956.35958101,174339.76358243,1.2281
D,CO2EII,PUBLISHING,1,2014,50,"2014/12/09 00:00:00",NEM,528385.82351835,485342.34965022,0.9185
D,CO2EII,PUBLISHING,1,2014,50,"2014/12/09 00:00:00",NSW1,161245.550044,144624.90536516,0.8969
D,CO2EII,PUBLISHING,1,2014,50,"2014/12/09 00:00:00",QLD1,174288.43882335,148909.28971112,0.8544
D,CO2EII,PUBLISHING,1,2014,50,"2014/12/09 00:00:00",SA1,36768.400388,19942.74371480,0.5424
D,CO2EII,PUBLISHING,1,2014,50,"2014/12/09 00:00:00",TAS1,18100.47620399,1.94135005,0.0001
D,CO2EII,PUBLISHING,1,2014,50,"2014/12/09 00:00:00",VIC1,137982.95805901,171863.46950909,1.2455
D,CO2EII,PUBLISHING,1,2014,50,"2014/12/10 00:00:00",NEM,529538.53166301,479103.04041594,0.9048
D,CO2EII,PUBLISHING,1,2014,50,"2014/12/10 00:00:00",NSW1,167427.911515,151759.83273788,0.9064
D,CO2EII,PUBLISHING,1,2014,50,"2014/12/10 00:00:00",QLD1,168802.020046,143797.68555418,0.8519
D,CO2EII,PUBLISHING,1,2014,50,"2014/12/10 00:00:00",SA1,37376.27004801,17947.89418335,0.4802
D,CO2EII,PUBLISHING,1,2014,50,"2014/12/10 00:00:00",TAS1,17972.32450299,2.23354886,0.0001
D,CO2EII,PUBLISHING,1,2014,50,"2014/12/10 00:00:00",VIC1,137960.00555101,165595.39439167,1.2003
D,CO2EII,PUBLISHING,1,2014,50,"2014/12/11 00:00:00",NEM,524155.13667435,463001.15168015,0.8833
D,CO2EII,PUBLISHING,1,2014,50,"2014/12/11 00:00:00",NSW1,157589.275060,142641.38773578,0.9051
D,CO2EII,PUBLISHING,1,2014,50,"2014/12/11 00:00:00",QLD1,175292.10817535,152401.01157262,0.8694
D,CO2EII,PUBLISHING,1,2014,50,"2014/12/11 00:00:00",SA1,40497.56244599,14633.22949937,0.3613
D,CO2EII,PUBLISHING,1,2014,50,"2014/12/11 00:00:00",TAS1,16501.06577601,2.24299256,0.0001
D,CO2EII,PUBLISHING,1,2014,50,"2014/12/11 00:00:00",VIC1,134275.125217,153323.27987982,1.1419
D,CO2EII,PUBLISHING,1,2014,50,"2014/12/12 00:00:00",NEM,501629.39058702,459219.28252808,0.9155
D,CO2EII,PUBLISHING,1,2014,50,"2014/12/12 00:00:00",NSW1,148947.660631,131364.25827094,0.8819
D,CO2EII,PUBLISHING,1,2014,50,"2014/12/12 00:00:00",QLD1,163540.90301201,142244.02244236,0.8698
D,CO2EII,PUBLISHING,1,2014,50,"2014/12/12 00:00:00",SA1,32121.67563201,15446.44081286,0.4809
D,CO2EII,PUBLISHING,1,2014,50,"2014/12/12 00:00:00",TAS1,16222.808272,2.10033821,0.0001
D,CO2EII,PUBLISHING,1,2014,50,"2014/12/12 00:00:00",VIC1,140796.343040,170162.46066371,1.2086
D,CO2EII,PUBLISHING,1,2014,50,"2014/12/13 00:00:00",NEM,468290.91956466,439932.90731767,0.9394
D,CO2EII,PUBLISHING,1,2014,50,"2014/12/13 00:00:00",NSW1,129249.835891,117028.99361627,0.9054
D,CO2EII,PUBLISHING,1,2014,50,"2014/12/13 00:00:00",QLD1,154070.39412466,133919.31948135,0.8692
D,CO2EII,PUBLISHING,1,2014,50,"2014/12/13 00:00:00",SA1,30562.293954,17134.90156580,0.5607
D,CO2EII,PUBLISHING,1,2014,50,"2014/12/13 00:00:00",TAS1,14980.413765,2.33147065,0.0002
D,CO2EII,PUBLISHING,1,2014,50,"2014/12/13 00:00:00",VIC1,139427.981830,171847.36118360,1.2325
D,CO2EII,PUBLISHING,1,2014,51,"2014/12/14 00:00:00",NEM,453856.78784033,433455.83415325,0.9550
D,CO2EII,PUBLISHING,1,2014,51,"2014/12/14 00:00:00",NSW1,125345.505983,115387.05052942,0.9206
D,CO2EII,PUBLISHING,1,2014,51,"2014/12/14 00:00:00",QLD1,154739.60231535,132261.55892015,0.8547
D,CO2EII,PUBLISHING,1,2014,51,"2014/12/14 00:00:00",SA1,24571.050030,13880.09710227,0.5649
D,CO2EII,PUBLISHING,1,2014,51,"2014/12/14 00:00:00",TAS1,14816.731618,2.25705946,0.0002
D,CO2EII,PUBLISHING,1,2014,51,"2014/12/14 00:00:00",VIC1,134383.89789398,171924.87054195,1.2794
D,CO2EII,PUBLISHING,1,2014,51,"2014/12/15 00:00:00",NEM,513092.83861469,477660.29675289,0.9309
D,CO2EII,PUBLISHING,1,2014,51,"2014/12/15 00:00:00",NSW1,154413.920433,142773.67597688,0.9246
D,CO2EII,PUBLISHING,1,2014,51,"2014/12/15 00:00:00",QLD1,164884.31273668,142149.10208792,0.8621
D,CO2EII,PUBLISHING,1,2014,51,"2014/12/15 00:00:00",SA1,32510.93947799,18739.67820544,0.5764
D,CO2EII,PUBLISHING,1,2014,51,"2014/12/15 00:00:00",TAS1,17606.28029301,2.22657777,0.0001
D,CO2EII,PUBLISHING,1,2014,51,"2014/12/15 00:00:00",VIC1,143677.38567401,173995.61390488,1.2110
D,CO2EII,PUBLISHING,1,2014,51,"2014/12/16 00:00:00",NEM,522553.90866466,467698.75057802,0.8950
D,CO2EII,PUBLISHING,1,2014,51,"2014/12/16 00:00:00",NSW1,158067.735884,139427.90115237,0.8821
D,CO2EII,PUBLISHING,1,2014,51,"2014/12/16 00:00:00",QLD1,166818.80040367,143569.34735832,0.8606
D,CO2EII,PUBLISHING,1,2014,51,"2014/12/16 00:00:00",SA1,35914.33905599,12882.77447427,0.3587
D,CO2EII,PUBLISHING,1,2014,51,"2014/12/16 00:00:00",TAS1,17319.947865,51.61029021,0.0030
D,CO2EII,PUBLISHING,1,2014,51,"2014/12/16 00:00:00",VIC1,144433.085456,171767.11730285,1.1893
D,CO2EII,PUBLISHING,1,2014,51,"2014/12/17 00:00:00",NEM,520213.19171301,492757.51279635,0.9472
D,CO2EII,PUBLISHING,1,2014,51,"2014/12/17 00:00:00",NSW1,163577.619124,149565.84660552,0.9143
D,CO2EII,PUBLISHING,1,2014,51,"2014/12/17 00:00:00",QLD1,173568.39970799,150315.37925616,0.8660
D,CO2EII,PUBLISHING,1,2014,51,"2014/12/17 00:00:00",SA1,24001.648073,15896.95902697,0.6623
D,CO2EII,PUBLISHING,1,2014,51,"2014/12/17 00:00:00",TAS1,17651.31315301,2.20414366,0.0001
D,CO2EII,PUBLISHING,1,2014,51,"2014/12/17 00:00:00",VIC1,141414.21165501,176977.12376404,1.2515
D,CO2EII,PUBLISHING,1,2014,51,"2014/12/18 00:00:00",NEM,526848.75974368,484136.34801494,0.9189
D,CO2EII,PUBLISHING,1,2014,51,"2014/12/18 00:00:00",NSW1,157097.46274902,141941.52034990,0.9035
D,CO2EII,PUBLISHING,1,2014,51,"2014/12/18 00:00:00",QLD1,176046.00762467,152375.96298119,0.8655
D,CO2EII,PUBLISHING,1,2014,51,"2014/12/18 00:00:00",SA1,32945.026663,14015.89848752,0.4254
D,CO2EII,PUBLISHING,1,2014,51,"2014/12/18 00:00:00",TAS1,17748.36637399,2.15319462,0.0001
D,CO2EII,PUBLISHING,1,2014,51,"2014/12/18 00:00:00",VIC1,143011.896333,175800.81300171,1.2293
D,CO2EII,PUBLISHING,1,2014,51,"2014/12/19 00:00:00",NEM,500400.52421366,476801.64943345,0.9528
D,CO2EII,PUBLISHING,1,2014,51,"2014/12/19 00:00:00",NSW1,143207.52639899,132753.28636416,0.9270
D,CO2EII,PUBLISHING,1,2014,51,"2014/12/19 00:00:00",QLD1,172876.38922166,148882.70768406,0.8612
D,CO2EII,PUBLISHING,1,2014,51,"2014/12/19 00:00:00",SA1,23734.744247,13965.33235138,0.5884
D,CO2EII,PUBLISHING,1,2014,51,"2014/12/19 00:00:00",TAS1,16783.466327,2.08961643,0.0001
D,CO2EII,PUBLISHING,1,2014,51,"2014/12/19 00:00:00",VIC1,143798.39801901,181198.23341742,1.2601
D,CO2EII,PUBLISHING,1,2014,51,"2014/12/20 00:00:00",NEM,463087.72503904,445669.35433828,0.9624
D,CO2EII,PUBLISHING,1,2014,51,"2014/12/20 00:00:00",NSW1,128885.892007,120390.56740343,0.9341
D,CO2EII,PUBLISHING,1,2014,51,"2014/12/20 00:00:00",QLD1,158912.27644802,136344.74484294,0.8580
D,CO2EII,PUBLISHING,1,2014,51,"2014/12/20 00:00:00",SA1,23249.248379,14402.93653264,0.6195
D,CO2EII,PUBLISHING,1,2014,51,"2014/12/20 00:00:00",TAS1,16412.24883001,2.08795306,0.0001
D,CO2EII,PUBLISHING,1,2014,51,"2014/12/20 00:00:00",VIC1,135628.05937501,174529.01760621,1.2868
D,CO2EII,PUBLISHING,1,2014,52,"2014/12/21 00:00:00",NEM,473370.39828733,447910.48942839,0.9462
D,CO2EII,PUBLISHING,1,2014,52,"2014/12/21 00:00:00",NSW1,129724.786537,121083.24592151,0.9334
D,CO2EII,PUBLISHING,1,2014,52,"2014/12/21 00:00:00",QLD1,157907.68924635,135519.28497390,0.8582
D,CO2EII,PUBLISHING,1,2014,52,"2014/12/21 00:00:00",SA1,32739.75886599,17505.09934930,0.5347
D,CO2EII,PUBLISHING,1,2014,52,"2014/12/21 00:00:00",TAS1,16113.791466,2.05347963,0.0001
D,CO2EII,PUBLISHING,1,2014,52,"2014/12/21 00:00:00",VIC1,136884.37217199,173800.80570405,1.2697
D,CO2EII,PUBLISHING,1,2014,52,"2014/12/22 00:00:00",NEM,517680.620929,482558.15425021,0.9322
D,CO2EII,PUBLISHING,1,2014,52,"2014/12/22 00:00:00",NSW1,161652.84479299,145877.66330683,0.9024
D,CO2EII,PUBLISHING,1,2014,52,"2014/12/22 00:00:00",QLD1,161061.91424601,138843.27062301,0.8620
D,CO2EII,PUBLISHING,1,2014,52,"2014/12/22 00:00:00",SA1,29410.59629401,18333.42824969,0.6234
D,CO2EII,PUBLISHING,1,2014,52,"2014/12/22 00:00:00",TAS1,18064.740556,2.22999304,0.0001
D,CO2EII,PUBLISHING,1,2014,52,"2014/12/22 00:00:00",VIC1,147490.52503999,179501.56207764,1.2170
D,CO2EII,PUBLISHING,1,2014,52,"2014/12/23 00:00:00",NEM,505026.14687766,464990.62257990,0.9207
D,CO2EII,PUBLISHING,1,2014,52,"2014/12/23 00:00:00",NSW1,154167.513110,138257.24243669,0.8968
D,CO2EII,PUBLISHING,1,2014,52,"2014/12/23 00:00:00",QLD1,169481.90164266,145125.96981274,0.8563
D,CO2EII,PUBLISHING,1,2014,52,"2014/12/23 00:00:00",SA1,27371.778982,13622.27219430,0.4977
D,CO2EII,PUBLISHING,1,2014,52,"2014/12/23 00:00:00",TAS1,17061.515411,2.18141919,0.0001
D,CO2EII,PUBLISHING,1,2014,52,"2014/12/23 00:00:00",VIC1,136943.437732,167982.95671698,1.2267
D,CO2EII,PUBLISHING,1,2014,52,"2014/12/24 00:00:00",NEM,475918.91752403,450865.41873965,0.9474
D,CO2EII,PUBLISHING,1,2014,52,"2014/12/24 00:00:00",NSW1,131536.683905,118073.52197605,0.8976
D,CO2EII,PUBLISHING,1,2014,52,"2014/12/24 00:00:00",QLD1,169598.82137602,145758.34791054,0.8594
D,CO2EII,PUBLISHING,1,2014,52,"2014/12/24 00:00:00",SA1,23918.313622,11607.96337546,0.4853
D,CO2EII,PUBLISHING,1,2014,52,"2014/12/24 00:00:00",TAS1,14699.786214,2.11245535,0.0001
D,CO2EII,PUBLISHING,1,2014,52,"2014/12/24 00:00:00",VIC1,136165.31240701,175423.47302225,1.2883
D,CO2EII,PUBLISHING,1,2014,52,"2014/12/25 00:00:00",NEM,421654.38756865,395856.23541178,0.9388
D,CO2EII,PUBLISHING,1,2014,52,"2014/12/25 00:00:00",NSW1,104484.241304,94519.83737218,0.9046
D,CO2EII,PUBLISHING,1,2014,52,"2014/12/25 00:00:00",QLD1,152269.00206466,129427.53623608,0.85
D,CO2EII,PUBLISHING,1,2014,52,"2014/12/25 00:00:00",SA1,23784.093841,8733.36959742,0.3672
D,CO2EII,PUBLISHING,1,2014,52,"2014/12/25 00:00:00",TAS1,14189.98275401,2.16397227,0.0002
D,CO2EII,PUBLISHING,1,2014,52,"2014/12/25 00:00:00",VIC1,126927.06760498,163173.32823383,1.2856
D,CO2EII,PUBLISHING,1,2014,52,"2014/12/26 00:00:00",NEM,426035.42160402,396850.03459140,0.9315
D,CO2EII,PUBLISHING,1,2014,52,"2014/12/26 00:00:00",NSW1,104026.137399,90403.56653927,0.8690
D,CO2EII,PUBLISHING,1,2014,52,"2014/12/26 00:00:00",QLD1,154952.91378802,131789.62736654,0.8505
D,CO2EII,PUBLISHING,1,2014,52,"2014/12/26 00:00:00",SA1,22245.223011,9041.31492091,0.4064
D,CO2EII,PUBLISHING,1,2014,52,"2014/12/26 00:00:00",TAS1,14380.579346,2.08702299,0.0001
D,CO2EII,PUBLISHING,1,2014,52,"2014/12/26 00:00:00",VIC1,130430.568060,165613.43874169,1.2697
D,CO2EII,PUBLISHING,1,2014,52,"2014/12/27 00:00:00",NEM,429490.22334434,415335.30120008,0.9670
D,CO2EII,PUBLISHING,1,2014,52,"2014/12/27 00:00:00",NSW1,107165.699591,95964.97267924,0.8955
D,CO2EII,PUBLISHING,1,2014,52,"2014/12/27 00:00:00",QLD1,155774.27793233,135057.90906791,0.8670
D,CO2EII,PUBLISHING,1,2014,52,"2014/12/27 00:00:00",SA1,19061.788464,9320.11812809,0.4889
D,CO2EII,PUBLISHING,1,2014,52,"2014/12/27 00:00:00",TAS1,14675.102240,2.08192787,0.0001
D,CO2EII,PUBLISHING,1,2014,52,"2014/12/27 00:00:00",VIC1,132813.35511701,174990.21939697,1.3176
C,"END OF REPORT",1263
