C,SETP.WORLD,CO2EII_RESULTS_SUMMARY_YEAR,AEMO,PUBLIC,2025/01/06,08:41:44,0000000446070705,,0000000446070683
I,CO2EII,PUBLISHING,1,CONTRACTYEAR,WEEKNO,SETTLEMENTDATE,REGIONID,TOTAL_SENT_OUT_ENERGY,TOTAL_EMISSIONS,CO2E_INTENSITY_INDEX
D,CO2EII,PUBLISHING,1,2024,1,"2023/12/31 00:00:00",NEM,418559.92284607,243911.76068217,0.582700
D,CO2EII,PUBLISHING,1,2024,1,"2023/12/31 00:00:00",NSW1,146514.27883105,74063.82113934,0.505500
D,CO2EII,PUBLISHING,1,2024,1,"2023/12/31 00:00:00",QLD1,145340.16245879,95159.07972479,0.654700
D,CO2EII,PUBLISHING,1,2024,1,"2023/12/31 00:00:00",SA1,21054.67476443,1005.20478709,0.047700
D,CO2EII,PUBLISHING,1,2024,1,"2023/12/31 00:00:00",TAS1,15665.84946845,103.61929741,0.006600
D,CO2EII,PUBLISHING,1,2024,1,"2023/12/31 00:00:00",VIC1,89984.95732335,73580.03573354,0.817700
D,CO2EII,PUBLISHING,1,2024,1,"2024/01/01 00:00:00",NEM,430265.20594628,262627.17431725,0.610400
D,CO2EII,PUBLISHING,1,2024,1,"2024/01/01 00:00:00",NSW1,150957.42673692,85026.20075411,0.563200
D,CO2EII,PUBLISHING,1,2024,1,"2024/01/01 00:00:00",QLD1,147382.00845378,96869.28887695,0.657300
D,CO2EII,PUBLISHING,1,2024,1,"2024/01/01 00:00:00",SA1,19122.42417658,1431.42346768,0.074900
D,CO2EII,PUBLISHING,1,2024,1,"2024/01/01 00:00:00",TAS1,16300.19742855,700.92987733,0.043000
D,CO2EII,PUBLISHING,1,2024,1,"2024/01/01 00:00:00",VIC1,96503.14915045,78599.33134118,0.814500
D,CO2EII,PUBLISHING,1,2024,1,"2024/01/02 00:00:00",NEM,474938.57516391,292692.63591781,0.616300
D,CO2EII,PUBLISHING,1,2024,1,"2024/01/02 00:00:00",NSW1,158905.00328647,104926.90901924,0.660300
D,CO2EII,PUBLISHING,1,2024,1,"2024/01/02 00:00:00",QLD1,154411.23781861,103026.78728052,0.667200
D,CO2EII,PUBLISHING,1,2024,1,"2024/01/02 00:00:00",SA1,29995.96899039,2103.87539789,0.070100
D,CO2EII,PUBLISHING,1,2024,1,"2024/01/02 00:00:00",TAS1,17567.71163151,562.97494210,0.032000
D,CO2EII,PUBLISHING,1,2024,1,"2024/01/02 00:00:00",VIC1,114058.65343693,82072.08927806,0.719600
D,CO2EII,PUBLISHING,1,2024,1,"2024/01/03 00:00:00",NEM,492319.82085675,306480.27808816,0.622500
D,CO2EII,PUBLISHING,1,2024,1,"2024/01/03 00:00:00",NSW1,175207.47286031,113564.85935877,0.648200
D,CO2EII,PUBLISHING,1,2024,1,"2024/01/03 00:00:00",QLD1,158468.37977811,102649.76168002,0.647800
D,CO2EII,PUBLISHING,1,2024,1,"2024/01/03 00:00:00",SA1,32407.79769696,4374.44411180,0.135000
D,CO2EII,PUBLISHING,1,2024,1,"2024/01/03 00:00:00",TAS1,19734.33450112,570.33986574,0.028900
D,CO2EII,PUBLISHING,1,2024,1,"2024/01/03 00:00:00",VIC1,106501.83602025,85320.87307183,0.801100
D,CO2EII,PUBLISHING,1,2024,1,"2024/01/04 00:00:00",NEM,499595.92343397,306039.61200477,0.612600
D,CO2EII,PUBLISHING,1,2024,1,"2024/01/04 00:00:00",NSW1,171294.45802338,112145.95124673,0.654700
D,CO2EII,PUBLISHING,1,2024,1,"2024/01/04 00:00:00",QLD1,164681.23617150,108350.93449682,0.657900
D,CO2EII,PUBLISHING,1,2024,1,"2024/01/04 00:00:00",SA1,34261.84526300,1477.62337076,0.043100
D,CO2EII,PUBLISHING,1,2024,1,"2024/01/04 00:00:00",TAS1,15704.40557064,226.53701160,0.014400
D,CO2EII,PUBLISHING,1,2024,1,"2024/01/04 00:00:00",VIC1,113653.97840545,83838.56587886,0.737700
D,CO2EII,PUBLISHING,1,2024,1,"2024/01/05 00:00:00",NEM,490213.95963958,283060.98075093,0.577400
D,CO2EII,PUBLISHING,1,2024,1,"2024/01/05 00:00:00",NSW1,170365.62363907,96982.47015344,0.569300
D,CO2EII,PUBLISHING,1,2024,1,"2024/01/05 00:00:00",QLD1,156811.32513661,103510.60867812,0.660100
D,CO2EII,PUBLISHING,1,2024,1,"2024/01/05 00:00:00",SA1,34521.18392048,1996.70285936,0.057800
D,CO2EII,PUBLISHING,1,2024,1,"2024/01/05 00:00:00",TAS1,16476.07780365,481.23656506,0.029200
D,CO2EII,PUBLISHING,1,2024,1,"2024/01/05 00:00:00",VIC1,112039.74913977,80089.96249495,0.714800
D,CO2EII,PUBLISHING,1,2024,1,"2024/01/06 00:00:00",NEM,462510.71367964,275564.69748626,0.595800
D,CO2EII,PUBLISHING,1,2024,1,"2024/01/06 00:00:00",NSW1,157097.65542240,89018.00978042,0.566600
D,CO2EII,PUBLISHING,1,2024,1,"2024/01/06 00:00:00",QLD1,149140.80743049,96689.93593960,0.648300
D,CO2EII,PUBLISHING,1,2024,1,"2024/01/06 00:00:00",SA1,29036.55976680,3416.10970481,0.117600
D,CO2EII,PUBLISHING,1,2024,1,"2024/01/06 00:00:00",TAS1,18148.08993105,536.42950838,0.029600
D,CO2EII,PUBLISHING,1,2024,1,"2024/01/06 00:00:00",VIC1,109087.60112890,85904.21255305,0.787500
D,CO2EII,PUBLISHING,1,2024,2,"2024/01/07 00:00:00",NEM,459449.03951044,300388.58185332,0.653800
D,CO2EII,PUBLISHING,1,2024,2,"2024/01/07 00:00:00",NSW1,141871.08332344,92486.45314719,0.651900
D,CO2EII,PUBLISHING,1,2024,2,"2024/01/07 00:00:00",QLD1,151495.05620000,98898.65876756,0.652800
D,CO2EII,PUBLISHING,1,2024,2,"2024/01/07 00:00:00",SA1,26876.60294886,1969.27449381,0.073300
D,CO2EII,PUBLISHING,1,2024,2,"2024/01/07 00:00:00",TAS1,16950.56024436,99.39174905,0.005900
D,CO2EII,PUBLISHING,1,2024,2,"2024/01/07 00:00:00",VIC1,122255.73679378,106934.80369571,0.874700
D,CO2EII,PUBLISHING,1,2024,2,"2024/01/08 00:00:00",NEM,514487.93231048,337373.40684228,0.655700
D,CO2EII,PUBLISHING,1,2024,2,"2024/01/08 00:00:00",NSW1,174484.15167076,114952.11304060,0.658800
D,CO2EII,PUBLISHING,1,2024,2,"2024/01/08 00:00:00",QLD1,162972.44527180,112893.21362641,0.692700
D,CO2EII,PUBLISHING,1,2024,2,"2024/01/08 00:00:00",SA1,25881.20001581,1353.59152659,0.052300
D,CO2EII,PUBLISHING,1,2024,2,"2024/01/08 00:00:00",TAS1,18379.41050677,179.98412686,0.009800
D,CO2EII,PUBLISHING,1,2024,2,"2024/01/08 00:00:00",VIC1,132770.72484534,107994.50452182,0.813400
D,CO2EII,PUBLISHING,1,2024,2,"2024/01/09 00:00:00",NEM,497671.98881156,332896.53219867,0.668900
D,CO2EII,PUBLISHING,1,2024,2,"2024/01/09 00:00:00",NSW1,184538.01267765,118987.73003002,0.644800
D,CO2EII,PUBLISHING,1,2024,2,"2024/01/09 00:00:00",QLD1,162339.93595119,114069.47684842,0.702700
D,CO2EII,PUBLISHING,1,2024,2,"2024/01/09 00:00:00",SA1,23089.75674051,3749.38444522,0.162400
D,CO2EII,PUBLISHING,1,2024,2,"2024/01/09 00:00:00",TAS1,18633.83187858,624.72151265,0.033500
D,CO2EII,PUBLISHING,1,2024,2,"2024/01/09 00:00:00",VIC1,109070.45156363,95465.21936236,0.875300
D,CO2EII,PUBLISHING,1,2024,2,"2024/01/10 00:00:00",NEM,514156.99494756,336306.57669567,0.654100
D,CO2EII,PUBLISHING,1,2024,2,"2024/01/10 00:00:00",NSW1,186750.30968014,118160.71812406,0.632700
D,CO2EII,PUBLISHING,1,2024,2,"2024/01/10 00:00:00",QLD1,169841.56318985,116487.69618537,0.685900
D,CO2EII,PUBLISHING,1,2024,2,"2024/01/10 00:00:00",SA1,27013.38623544,4359.28820548,0.161400
D,CO2EII,PUBLISHING,1,2024,2,"2024/01/10 00:00:00",TAS1,19800.11654955,0.00000000,0.000000
D,CO2EII,PUBLISHING,1,2024,2,"2024/01/10 00:00:00",VIC1,110751.61929258,97298.87418076,0.878500
D,CO2EII,PUBLISHING,1,2024,2,"2024/01/11 00:00:00",NEM,522623.58553001,327294.50395212,0.626300
D,CO2EII,PUBLISHING,1,2024,2,"2024/01/11 00:00:00",NSW1,192043.61929087,115667.97496448,0.602300
D,CO2EII,PUBLISHING,1,2024,2,"2024/01/11 00:00:00",QLD1,164953.44247800,110883.55878262,0.672200
D,CO2EII,PUBLISHING,1,2024,2,"2024/01/11 00:00:00",SA1,30243.05467012,2276.32286364,0.075300
D,CO2EII,PUBLISHING,1,2024,2,"2024/01/11 00:00:00",TAS1,16871.98312420,404.34519317,0.024000
D,CO2EII,PUBLISHING,1,2024,2,"2024/01/11 00:00:00",VIC1,118511.48596682,98062.30214821,0.827400
D,CO2EII,PUBLISHING,1,2024,2,"2024/01/12 00:00:00",NEM,540178.33291972,334668.66749657,0.619600
D,CO2EII,PUBLISHING,1,2024,2,"2024/01/12 00:00:00",NSW1,184045.22180020,111428.51909683,0.605400
D,CO2EII,PUBLISHING,1,2024,2,"2024/01/12 00:00:00",QLD1,166409.18224781,104529.64524785,0.628100
D,CO2EII,PUBLISHING,1,2024,2,"2024/01/12 00:00:00",SA1,35634.99642699,3925.80715242,0.110200
D,CO2EII,PUBLISHING,1,2024,2,"2024/01/12 00:00:00",TAS1,19173.51937031,688.19140983,0.035900
D,CO2EII,PUBLISHING,1,2024,2,"2024/01/12 00:00:00",VIC1,134915.41307441,114096.50458964,0.845700
D,CO2EII,PUBLISHING,1,2024,2,"2024/01/13 00:00:00",NEM,499984.87380886,291574.90597070,0.583200
D,CO2EII,PUBLISHING,1,2024,2,"2024/01/13 00:00:00",NSW1,163503.88287815,100109.00757718,0.612300
D,CO2EII,PUBLISHING,1,2024,2,"2024/01/13 00:00:00",QLD1,156585.97182546,101543.84789138,0.648500
D,CO2EII,PUBLISHING,1,2024,2,"2024/01/13 00:00:00",SA1,33795.32034184,1275.76433311,0.037700
D,CO2EII,PUBLISHING,1,2024,2,"2024/01/13 00:00:00",TAS1,16638.11366878,351.16778939,0.021100
D,CO2EII,PUBLISHING,1,2024,2,"2024/01/13 00:00:00",VIC1,129461.58509463,88295.11837964,0.682000
D,CO2EII,PUBLISHING,1,2024,3,"2024/01/14 00:00:00",NEM,470217.43394667,254862.17613707,0.542000
D,CO2EII,PUBLISHING,1,2024,3,"2024/01/14 00:00:00",NSW1,157478.09301696,80495.21177330,0.511200
D,CO2EII,PUBLISHING,1,2024,3,"2024/01/14 00:00:00",QLD1,154466.53092099,100298.55036913,0.649300
D,CO2EII,PUBLISHING,1,2024,3,"2024/01/14 00:00:00",SA1,28759.22251291,1045.59896638,0.036400
D,CO2EII,PUBLISHING,1,2024,3,"2024/01/14 00:00:00",TAS1,16548.57736058,501.44538922,0.030300
D,CO2EII,PUBLISHING,1,2024,3,"2024/01/14 00:00:00",VIC1,112965.01013523,72521.36963904,0.642000
D,CO2EII,PUBLISHING,1,2024,3,"2024/01/15 00:00:00",NEM,523022.83056984,303931.53757720,0.581100
D,CO2EII,PUBLISHING,1,2024,3,"2024/01/15 00:00:00",NSW1,186225.73863760,100342.92371499,0.538800
D,CO2EII,PUBLISHING,1,2024,3,"2024/01/15 00:00:00",QLD1,153664.32375374,105143.53569368,0.684200
D,CO2EII,PUBLISHING,1,2024,3,"2024/01/15 00:00:00",SA1,30749.92630438,3411.28274325,0.110900
D,CO2EII,PUBLISHING,1,2024,3,"2024/01/15 00:00:00",TAS1,18719.66224301,626.05570516,0.033400
D,CO2EII,PUBLISHING,1,2024,3,"2024/01/15 00:00:00",VIC1,133663.17963111,94407.73972012,0.706300
D,CO2EII,PUBLISHING,1,2024,3,"2024/01/16 00:00:00",NEM,534136.59442488,311190.91878930,0.582600
D,CO2EII,PUBLISHING,1,2024,3,"2024/01/16 00:00:00",NSW1,168446.31190651,103567.59822268,0.614800
D,CO2EII,PUBLISHING,1,2024,3,"2024/01/16 00:00:00",QLD1,157453.93433445,105925.32018336,0.672700
D,CO2EII,PUBLISHING,1,2024,3,"2024/01/16 00:00:00",SA1,31380.58879791,4006.08190356,0.127700
D,CO2EII,PUBLISHING,1,2024,3,"2024/01/16 00:00:00",TAS1,20351.68165331,0.00000000,0.000000
D,CO2EII,PUBLISHING,1,2024,3,"2024/01/16 00:00:00",VIC1,156504.07773270,97691.91847970,0.624200
D,CO2EII,PUBLISHING,1,2024,3,"2024/01/17 00:00:00",NEM,527057.05713210,318456.54613806,0.604200
D,CO2EII,PUBLISHING,1,2024,3,"2024/01/17 00:00:00",NSW1,166980.54712643,107536.27555943,0.644000
D,CO2EII,PUBLISHING,1,2024,3,"2024/01/17 00:00:00",QLD1,177847.42498948,116586.10687107,0.655500
D,CO2EII,PUBLISHING,1,2024,3,"2024/01/17 00:00:00",SA1,29981.19833152,2187.48955317,0.073000
D,CO2EII,PUBLISHING,1,2024,3,"2024/01/17 00:00:00",TAS1,21581.82334726,0.00000000,0.000000
D,CO2EII,PUBLISHING,1,2024,3,"2024/01/17 00:00:00",VIC1,130666.06333741,92146.67415439,0.705200
D,CO2EII,PUBLISHING,1,2024,3,"2024/01/18 00:00:00",NEM,521998.61818708,310548.45792002,0.594900
D,CO2EII,PUBLISHING,1,2024,3,"2024/01/18 00:00:00",NSW1,194265.53515853,110548.14787914,0.569100
D,CO2EII,PUBLISHING,1,2024,3,"2024/01/18 00:00:00",QLD1,177811.08429250,123586.57598916,0.695000
D,CO2EII,PUBLISHING,1,2024,3,"2024/01/18 00:00:00",SA1,18279.88007066,1656.30646564,0.090600
D,CO2EII,PUBLISHING,1,2024,3,"2024/01/18 00:00:00",TAS1,17184.30827805,0.00000000,0.000000
D,CO2EII,PUBLISHING,1,2024,3,"2024/01/18 00:00:00",VIC1,114457.81038734,74757.42758608,0.653100
D,CO2EII,PUBLISHING,1,2024,3,"2024/01/19 00:00:00",NEM,503736.56151349,324070.43868540,0.643300
D,CO2EII,PUBLISHING,1,2024,3,"2024/01/19 00:00:00",NSW1,177267.59857510,106860.73929396,0.602800
D,CO2EII,PUBLISHING,1,2024,3,"2024/01/19 00:00:00",QLD1,175334.57240505,120102.16416845,0.685000
D,CO2EII,PUBLISHING,1,2024,3,"2024/01/19 00:00:00",SA1,20134.59217740,2590.48270556,0.128700
D,CO2EII,PUBLISHING,1,2024,3,"2024/01/19 00:00:00",TAS1,20728.62203315,0.00000000,0.000000
D,CO2EII,PUBLISHING,1,2024,3,"2024/01/19 00:00:00",VIC1,110271.17632279,94517.05251743,0.857100
D,CO2EII,PUBLISHING,1,2024,3,"2024/01/20 00:00:00",NEM,502749.93821929,310877.54662716,0.618400
D,CO2EII,PUBLISHING,1,2024,3,"2024/01/20 00:00:00",NSW1,166517.20770069,104179.32509293,0.625600
D,CO2EII,PUBLISHING,1,2024,3,"2024/01/20 00:00:00",QLD1,172071.56778750,117458.73777885,0.682600
D,CO2EII,PUBLISHING,1,2024,3,"2024/01/20 00:00:00",SA1,30939.83159259,1301.63432185,0.042100
D,CO2EII,PUBLISHING,1,2024,3,"2024/01/20 00:00:00",TAS1,18507.98986397,0.00000000,0.000000
D,CO2EII,PUBLISHING,1,2024,3,"2024/01/20 00:00:00",VIC1,114713.34127454,87937.84943353,0.766600
D,CO2EII,PUBLISHING,1,2024,4,"2024/01/21 00:00:00",NEM,515944.52049595,306539.80340351,0.594100
D,CO2EII,PUBLISHING,1,2024,4,"2024/01/21 00:00:00",NSW1,191090.17077044,107914.17941209,0.564700
D,CO2EII,PUBLISHING,1,2024,4,"2024/01/21 00:00:00",QLD1,180470.33439317,116907.94918268,0.647800
D,CO2EII,PUBLISHING,1,2024,4,"2024/01/21 00:00:00",SA1,21300.29799192,1011.07117660,0.047500
D,CO2EII,PUBLISHING,1,2024,4,"2024/01/21 00:00:00",TAS1,15800.52330492,0.00000000,0.000000
D,CO2EII,PUBLISHING,1,2024,4,"2024/01/21 00:00:00",VIC1,107283.19403550,80706.60363214,0.752300
D,CO2EII,PUBLISHING,1,2024,4,"2024/01/22 00:00:00",NEM,536297.42298843,324975.12807829,0.606000
D,CO2EII,PUBLISHING,1,2024,4,"2024/01/22 00:00:00",NSW1,186379.30030920,111354.21815066,0.597500
D,CO2EII,PUBLISHING,1,2024,4,"2024/01/22 00:00:00",QLD1,189475.25621206,123555.66222883,0.652100
D,CO2EII,PUBLISHING,1,2024,4,"2024/01/22 00:00:00",SA1,27824.63072868,1506.28184559,0.054100
D,CO2EII,PUBLISHING,1,2024,4,"2024/01/22 00:00:00",TAS1,17172.38616380,0.00000000,0.000000
D,CO2EII,PUBLISHING,1,2024,4,"2024/01/22 00:00:00",VIC1,115445.84957469,88558.96585321,0.767100
D,CO2EII,PUBLISHING,1,2024,4,"2024/01/23 00:00:00",NEM,540297.45844745,335219.36858575,0.620400
D,CO2EII,PUBLISHING,1,2024,4,"2024/01/23 00:00:00",NSW1,188025.62767735,114179.15212739,0.607300
D,CO2EII,PUBLISHING,1,2024,4,"2024/01/23 00:00:00",QLD1,166811.59177598,107235.14904728,0.642900
D,CO2EII,PUBLISHING,1,2024,4,"2024/01/23 00:00:00",SA1,35448.57904245,5860.08488926,0.165300
D,CO2EII,PUBLISHING,1,2024,4,"2024/01/23 00:00:00",TAS1,19693.27992332,0.00000000,0.000000
D,CO2EII,PUBLISHING,1,2024,4,"2024/01/23 00:00:00",VIC1,130318.38002835,107944.98252182,0.828300
D,CO2EII,PUBLISHING,1,2024,4,"2024/01/24 00:00:00",NEM,548822.21655115,345818.91919313,0.630100
D,CO2EII,PUBLISHING,1,2024,4,"2024/01/24 00:00:00",NSW1,187637.72224548,118313.47177554,0.630500
D,CO2EII,PUBLISHING,1,2024,4,"2024/01/24 00:00:00",QLD1,167048.55425218,107469.53829555,0.643300
D,CO2EII,PUBLISHING,1,2024,4,"2024/01/24 00:00:00",SA1,29554.38141640,6805.66347610,0.230300
D,CO2EII,PUBLISHING,1,2024,4,"2024/01/24 00:00:00",TAS1,23530.10327851,0.00000000,0.000000
D,CO2EII,PUBLISHING,1,2024,4,"2024/01/24 00:00:00",VIC1,141051.45535858,113230.24564594,0.802800
D,CO2EII,PUBLISHING,1,2024,4,"2024/01/25 00:00:00",NEM,566285.65132471,370111.59551042,0.653600
D,CO2EII,PUBLISHING,1,2024,4,"2024/01/25 00:00:00",NSW1,207473.55361299,133560.88688497,0.643700
D,CO2EII,PUBLISHING,1,2024,4,"2024/01/25 00:00:00",QLD1,176165.03480417,112195.93931506,0.636900
D,CO2EII,PUBLISHING,1,2024,4,"2024/01/25 00:00:00",SA1,27242.67807878,4794.17233828,0.176000
D,CO2EII,PUBLISHING,1,2024,4,"2024/01/25 00:00:00",TAS1,31995.26447239,14.19068117,0.000400
D,CO2EII,PUBLISHING,1,2024,4,"2024/01/25 00:00:00",VIC1,123409.12035638,119546.40629094,0.968700
D,CO2EII,PUBLISHING,1,2024,4,"2024/01/26 00:00:00",NEM,509537.39462467,309208.82719034,0.606800
D,CO2EII,PUBLISHING,1,2024,4,"2024/01/26 00:00:00",NSW1,195066.27619472,115651.93356629,0.592900
D,CO2EII,PUBLISHING,1,2024,4,"2024/01/26 00:00:00",QLD1,169013.46541100,112388.74257883,0.665000
D,CO2EII,PUBLISHING,1,2024,4,"2024/01/26 00:00:00",SA1,23523.70833247,1152.05786475,0.049000
D,CO2EII,PUBLISHING,1,2024,4,"2024/01/26 00:00:00",TAS1,19792.85475986,0.00000000,0.000000
D,CO2EII,PUBLISHING,1,2024,4,"2024/01/26 00:00:00",VIC1,102141.08992662,80016.09318047,0.783400
D,CO2EII,PUBLISHING,1,2024,4,"2024/01/27 00:00:00",NEM,493544.95899283,322187.77007516,0.652800
D,CO2EII,PUBLISHING,1,2024,4,"2024/01/27 00:00:00",NSW1,172129.15160187,110921.82577759,0.644400
D,CO2EII,PUBLISHING,1,2024,4,"2024/01/27 00:00:00",QLD1,180731.51920845,119594.57786722,0.661700
D,CO2EII,PUBLISHING,1,2024,4,"2024/01/27 00:00:00",SA1,15837.08254944,1438.66231336,0.090800
D,CO2EII,PUBLISHING,1,2024,4,"2024/01/27 00:00:00",TAS1,20251.62215138,0.00000000,0.000000
D,CO2EII,PUBLISHING,1,2024,4,"2024/01/27 00:00:00",VIC1,104595.58348169,90232.70411699,0.862700
D,CO2EII,PUBLISHING,1,2024,5,"2024/01/28 00:00:00",NEM,482906.20054490,328965.56264305,0.681200
D,CO2EII,PUBLISHING,1,2024,5,"2024/01/28 00:00:00",NSW1,170957.00213456,108888.24543196,0.636900
D,CO2EII,PUBLISHING,1,2024,5,"2024/01/28 00:00:00",QLD1,170141.79239721,119105.63564721,0.700000
D,CO2EII,PUBLISHING,1,2024,5,"2024/01/28 00:00:00",SA1,13716.49459910,2681.12242685,0.195500
D,CO2EII,PUBLISHING,1,2024,5,"2024/01/28 00:00:00",TAS1,24128.89712188,0.00000000,0.000000
D,CO2EII,PUBLISHING,1,2024,5,"2024/01/28 00:00:00",VIC1,103962.01429215,98290.55913703,0.945400
D,CO2EII,PUBLISHING,1,2024,5,"2024/01/29 00:00:00",NEM,571469.25219449,362592.12877564,0.634500
D,CO2EII,PUBLISHING,1,2024,5,"2024/01/29 00:00:00",NSW1,208814.05306559,126456.72166818,0.605600
D,CO2EII,PUBLISHING,1,2024,5,"2024/01/29 00:00:00",QLD1,188342.60800694,127399.30778450,0.676400
D,CO2EII,PUBLISHING,1,2024,5,"2024/01/29 00:00:00",SA1,24359.50401052,2832.45316603,0.116300
D,CO2EII,PUBLISHING,1,2024,5,"2024/01/29 00:00:00",TAS1,24480.31010631,0.00000000,0.000000
D,CO2EII,PUBLISHING,1,2024,5,"2024/01/29 00:00:00",VIC1,125472.77700513,105903.64615693,0.844000
D,CO2EII,PUBLISHING,1,2024,5,"2024/01/30 00:00:00",NEM,558604.92736210,349250.53117910,0.625200
D,CO2EII,PUBLISHING,1,2024,5,"2024/01/30 00:00:00",NSW1,204991.09252642,126612.84687311,0.617700
D,CO2EII,PUBLISHING,1,2024,5,"2024/01/30 00:00:00",QLD1,177452.31161827,118913.84642446,0.670100
D,CO2EII,PUBLISHING,1,2024,5,"2024/01/30 00:00:00",SA1,26113.81638384,1478.96562811,0.056600
D,CO2EII,PUBLISHING,1,2024,5,"2024/01/30 00:00:00",TAS1,20543.36319619,0.00000000,0.000000
D,CO2EII,PUBLISHING,1,2024,5,"2024/01/30 00:00:00",VIC1,129504.34363738,102244.87225342,0.789500
D,CO2EII,PUBLISHING,1,2024,5,"2024/01/31 00:00:00",NEM,524378.59179795,329601.63850977,0.628600
D,CO2EII,PUBLISHING,1,2024,5,"2024/01/31 00:00:00",NSW1,190789.66182378,118685.34354942,0.622100
D,CO2EII,PUBLISHING,1,2024,5,"2024/01/31 00:00:00",QLD1,165654.78251320,112166.85369496,0.677100
D,CO2EII,PUBLISHING,1,2024,5,"2024/01/31 00:00:00",SA1,29099.03492599,1053.68364497,0.036200
D,CO2EII,PUBLISHING,1,2024,5,"2024/01/31 00:00:00",TAS1,19235.56088871,12.66929595,0.000700
D,CO2EII,PUBLISHING,1,2024,5,"2024/01/31 00:00:00",VIC1,119599.55164627,97683.08832447,0.816800
D,CO2EII,PUBLISHING,1,2024,5,"2024/02/01 00:00:00",NEM,519640.87143026,321896.01359853,0.619500
D,CO2EII,PUBLISHING,1,2024,5,"2024/02/01 00:00:00",NSW1,187642.80874651,114231.85259225,0.608800
D,CO2EII,PUBLISHING,1,2024,5,"2024/02/01 00:00:00",QLD1,165044.00764001,109355.29932278,0.662600
D,CO2EII,PUBLISHING,1,2024,5,"2024/02/01 00:00:00",SA1,23100.32513414,1103.34038836,0.047800
D,CO2EII,PUBLISHING,1,2024,5,"2024/02/01 00:00:00",TAS1,22286.54442568,0.00000000,0.000000
D,CO2EII,PUBLISHING,1,2024,5,"2024/02/01 00:00:00",VIC1,121567.18548392,97205.52129514,0.799600
D,CO2EII,PUBLISHING,1,2024,5,"2024/02/02 00:00:00",NEM,522615.06117118,326062.73950042,0.623900
D,CO2EII,PUBLISHING,1,2024,5,"2024/02/02 00:00:00",NSW1,187079.46747946,113190.60181104,0.605000
D,CO2EII,PUBLISHING,1,2024,5,"2024/02/02 00:00:00",QLD1,173368.67125108,115248.99771574,0.664800
D,CO2EII,PUBLISHING,1,2024,5,"2024/02/02 00:00:00",SA1,19668.10650983,1564.22315593,0.079500
D,CO2EII,PUBLISHING,1,2024,5,"2024/02/02 00:00:00",TAS1,22676.18405495,0.00000000,0.000000
D,CO2EII,PUBLISHING,1,2024,5,"2024/02/02 00:00:00",VIC1,119822.63187586,96058.91681771,0.801700
D,CO2EII,PUBLISHING,1,2024,5,"2024/02/03 00:00:00",NEM,505421.01354168,327342.43406793,0.647700
D,CO2EII,PUBLISHING,1,2024,5,"2024/02/03 00:00:00",NSW1,172809.54130048,106996.03781701,0.619200
D,CO2EII,PUBLISHING,1,2024,5,"2024/02/03 00:00:00",QLD1,174342.03519645,113293.88457423,0.649800
D,CO2EII,PUBLISHING,1,2024,5,"2024/02/03 00:00:00",SA1,16762.95460376,4099.17619294,0.244500
D,CO2EII,PUBLISHING,1,2024,5,"2024/02/03 00:00:00",TAS1,27275.77372975,0.00000000,0.000000
D,CO2EII,PUBLISHING,1,2024,5,"2024/02/03 00:00:00",VIC1,114230.70871124,102953.33548375,0.901300
D,CO2EII,PUBLISHING,1,2024,6,"2024/02/04 00:00:00",NEM,553096.43309969,340870.21575323,0.616300
D,CO2EII,PUBLISHING,1,2024,6,"2024/02/04 00:00:00",NSW1,181931.67644144,114503.99132376,0.629400
D,CO2EII,PUBLISHING,1,2024,6,"2024/02/04 00:00:00",QLD1,181199.74558367,116658.33210039,0.643800
D,CO2EII,PUBLISHING,1,2024,6,"2024/02/04 00:00:00",SA1,30897.64447040,4183.52817451,0.135400
D,CO2EII,PUBLISHING,1,2024,6,"2024/02/04 00:00:00",TAS1,27482.91756955,0.00000000,0.000000
D,CO2EII,PUBLISHING,1,2024,6,"2024/02/04 00:00:00",VIC1,131584.44903463,105524.36415457,0.802000
D,CO2EII,PUBLISHING,1,2024,6,"2024/02/05 00:00:00",NEM,595375.95634877,372474.88335301,0.625600
D,CO2EII,PUBLISHING,1,2024,6,"2024/02/05 00:00:00",NSW1,208009.72686584,137030.44270214,0.658800
D,CO2EII,PUBLISHING,1,2024,6,"2024/02/05 00:00:00",QLD1,185694.40515489,122236.65281148,0.658300
D,CO2EII,PUBLISHING,1,2024,6,"2024/02/05 00:00:00",SA1,34090.70006957,1131.37976389,0.033200
D,CO2EII,PUBLISHING,1,2024,6,"2024/02/05 00:00:00",TAS1,25364.88341402,0.00000000,0.000000
D,CO2EII,PUBLISHING,1,2024,6,"2024/02/05 00:00:00",VIC1,142216.24084445,112076.40807550,0.788100
D,CO2EII,PUBLISHING,1,2024,6,"2024/02/06 00:00:00",NEM,533182.18769281,333286.77178473,0.625100
D,CO2EII,PUBLISHING,1,2024,6,"2024/02/06 00:00:00",NSW1,189765.77782668,118405.92545598,0.624000
D,CO2EII,PUBLISHING,1,2024,6,"2024/02/06 00:00:00",QLD1,183887.68262665,123881.84995577,0.673700
D,CO2EII,PUBLISHING,1,2024,6,"2024/02/06 00:00:00",SA1,28077.11636861,1116.00558052,0.039700
D,CO2EII,PUBLISHING,1,2024,6,"2024/02/06 00:00:00",TAS1,21722.95645418,0.00000000,0.000000
D,CO2EII,PUBLISHING,1,2024,6,"2024/02/06 00:00:00",VIC1,109728.65441669,89882.99079246,0.819100
D,CO2EII,PUBLISHING,1,2024,6,"2024/02/07 00:00:00",NEM,506335.04124762,307040.19215242,0.606400
D,CO2EII,PUBLISHING,1,2024,6,"2024/02/07 00:00:00",NSW1,179221.02447882,101634.26265296,0.567100
D,CO2EII,PUBLISHING,1,2024,6,"2024/02/07 00:00:00",QLD1,169372.87496396,113757.03763913,0.671600
D,CO2EII,PUBLISHING,1,2024,6,"2024/02/07 00:00:00",SA1,25838.44460623,1162.54404286,0.045000
D,CO2EII,PUBLISHING,1,2024,6,"2024/02/07 00:00:00",TAS1,16889.73697849,0.00000000,0.000000
D,CO2EII,PUBLISHING,1,2024,6,"2024/02/07 00:00:00",VIC1,115012.96022012,90486.34781747,0.786700
D,CO2EII,PUBLISHING,1,2024,6,"2024/02/08 00:00:00",NEM,503064.23487493,298876.97673511,0.594100
D,CO2EII,PUBLISHING,1,2024,6,"2024/02/08 00:00:00",NSW1,168708.75572569,94831.72152438,0.562100
D,CO2EII,PUBLISHING,1,2024,6,"2024/02/08 00:00:00",QLD1,171005.03629926,110977.97589904,0.649000
D,CO2EII,PUBLISHING,1,2024,6,"2024/02/08 00:00:00",SA1,27321.50043567,1252.00235631,0.045800
D,CO2EII,PUBLISHING,1,2024,6,"2024/02/08 00:00:00",TAS1,18286.22298479,0.00000000,0.000000
D,CO2EII,PUBLISHING,1,2024,6,"2024/02/08 00:00:00",VIC1,117742.71942952,91815.27695538,0.779800
D,CO2EII,PUBLISHING,1,2024,6,"2024/02/09 00:00:00",NEM,496203.53300828,302081.54954363,0.608800
D,CO2EII,PUBLISHING,1,2024,6,"2024/02/09 00:00:00",NSW1,165330.82417716,101849.64736895,0.616000
D,CO2EII,PUBLISHING,1,2024,6,"2024/02/09 00:00:00",QLD1,165958.04276821,110193.47811607,0.664000
D,CO2EII,PUBLISHING,1,2024,6,"2024/02/09 00:00:00",SA1,29511.79149965,1349.63671484,0.045700
D,CO2EII,PUBLISHING,1,2024,6,"2024/02/09 00:00:00",TAS1,17794.36543868,0.00000000,0.000000
D,CO2EII,PUBLISHING,1,2024,6,"2024/02/09 00:00:00",VIC1,117608.50912458,88688.78734377,0.754100
D,CO2EII,PUBLISHING,1,2024,6,"2024/02/10 00:00:00",NEM,467067.98692479,273199.33098956,0.584900
D,CO2EII,PUBLISHING,1,2024,6,"2024/02/10 00:00:00",NSW1,167154.66709212,87934.04448026,0.526100
D,CO2EII,PUBLISHING,1,2024,6,"2024/02/10 00:00:00",QLD1,152834.96085450,102424.96733122,0.670200
D,CO2EII,PUBLISHING,1,2024,6,"2024/02/10 00:00:00",SA1,23889.66279690,1186.73092683,0.049700
D,CO2EII,PUBLISHING,1,2024,6,"2024/02/10 00:00:00",TAS1,16449.32948491,0.00000000,0.000000
D,CO2EII,PUBLISHING,1,2024,6,"2024/02/10 00:00:00",VIC1,106739.36669636,81653.58825125,0.765000
D,CO2EII,PUBLISHING,1,2024,7,"2024/02/11 00:00:00",NEM,480253.54319885,290763.64746285,0.605400
D,CO2EII,PUBLISHING,1,2024,7,"2024/02/11 00:00:00",NSW1,159421.82140255,90736.61712404,0.569200
D,CO2EII,PUBLISHING,1,2024,7,"2024/02/11 00:00:00",QLD1,157201.69491746,101824.94471968,0.647700
D,CO2EII,PUBLISHING,1,2024,7,"2024/02/11 00:00:00",SA1,22744.89879390,3033.70422814,0.133400
D,CO2EII,PUBLISHING,1,2024,7,"2024/02/11 00:00:00",TAS1,18945.46997331,0.00000000,0.000000
D,CO2EII,PUBLISHING,1,2024,7,"2024/02/11 00:00:00",VIC1,121939.65811163,95168.38139099,0.780500
D,CO2EII,PUBLISHING,1,2024,7,"2024/02/12 00:00:00",NEM,556943.09151877,341434.76978506,0.613100
D,CO2EII,PUBLISHING,1,2024,7,"2024/02/12 00:00:00",NSW1,176597.78583470,114337.87209162,0.647400
D,CO2EII,PUBLISHING,1,2024,7,"2024/02/12 00:00:00",QLD1,177923.59590694,112727.44072504,0.633600
D,CO2EII,PUBLISHING,1,2024,7,"2024/02/12 00:00:00",SA1,30041.68646682,6624.85493806,0.220500
D,CO2EII,PUBLISHING,1,2024,7,"2024/02/12 00:00:00",TAS1,25149.33501774,257.25873313,0.010200
D,CO2EII,PUBLISHING,1,2024,7,"2024/02/12 00:00:00",VIC1,147230.68829257,107487.34329721,0.730100
D,CO2EII,PUBLISHING,1,2024,7,"2024/02/13 00:00:00",NEM,564734.35146713,320180.33479200,0.567000
D,CO2EII,PUBLISHING,1,2024,7,"2024/02/13 00:00:00",NSW1,194498.44714422,117872.56287971,0.606000
D,CO2EII,PUBLISHING,1,2024,7,"2024/02/13 00:00:00",QLD1,168771.67516696,113189.27128875,0.670700
D,CO2EII,PUBLISHING,1,2024,7,"2024/02/13 00:00:00",SA1,29519.16371670,2454.68392808,0.083200
D,CO2EII,PUBLISHING,1,2024,7,"2024/02/13 00:00:00",TAS1,27066.32530068,300.88660219,0.011100
D,CO2EII,PUBLISHING,1,2024,7,"2024/02/13 00:00:00",VIC1,144878.74013857,86362.93009327,0.596100
D,CO2EII,PUBLISHING,1,2024,7,"2024/02/14 00:00:00",NEM,511421.79423760,314066.10134017,0.614100
D,CO2EII,PUBLISHING,1,2024,7,"2024/02/14 00:00:00",NSW1,193870.92286220,118706.10727269,0.612300
D,CO2EII,PUBLISHING,1,2024,7,"2024/02/14 00:00:00",QLD1,167345.87087489,118143.13698345,0.706000
D,CO2EII,PUBLISHING,1,2024,7,"2024/02/14 00:00:00",SA1,26149.72514667,2644.74257204,0.101100
D,CO2EII,PUBLISHING,1,2024,7,"2024/02/14 00:00:00",TAS1,20060.43744474,81.27610109,0.004100
D,CO2EII,PUBLISHING,1,2024,7,"2024/02/14 00:00:00",VIC1,103994.83790910,74490.83841090,0.716300
D,CO2EII,PUBLISHING,1,2024,7,"2024/02/15 00:00:00",NEM,506850.14486453,318577.45229833,0.628500
D,CO2EII,PUBLISHING,1,2024,7,"2024/02/15 00:00:00",NSW1,186197.21145814,113543.12193703,0.609800
D,CO2EII,PUBLISHING,1,2024,7,"2024/02/15 00:00:00",QLD1,163747.71785665,117300.78190803,0.716400
D,CO2EII,PUBLISHING,1,2024,7,"2024/02/15 00:00:00",SA1,25822.15922125,2107.82645604,0.081600
D,CO2EII,PUBLISHING,1,2024,7,"2024/02/15 00:00:00",TAS1,18532.41031596,0.00000000,0.000000
D,CO2EII,PUBLISHING,1,2024,7,"2024/02/15 00:00:00",VIC1,112550.64601253,85625.72199723,0.760800
D,CO2EII,PUBLISHING,1,2024,7,"2024/02/16 00:00:00",NEM,508685.87932860,323117.15418441,0.635200
D,CO2EII,PUBLISHING,1,2024,7,"2024/02/16 00:00:00",NSW1,190800.09957350,120996.43388650,0.634200
D,CO2EII,PUBLISHING,1,2024,7,"2024/02/16 00:00:00",QLD1,156541.25415446,112364.67786327,0.717800
D,CO2EII,PUBLISHING,1,2024,7,"2024/02/16 00:00:00",SA1,28695.21957960,2733.83587493,0.095300
D,CO2EII,PUBLISHING,1,2024,7,"2024/02/16 00:00:00",TAS1,18054.93086755,0.00000000,0.000000
D,CO2EII,PUBLISHING,1,2024,7,"2024/02/16 00:00:00",VIC1,114594.37515349,87022.20655971,0.759400
D,CO2EII,PUBLISHING,1,2024,7,"2024/02/17 00:00:00",NEM,481635.44056095,304434.02438992,0.632100
D,CO2EII,PUBLISHING,1,2024,7,"2024/02/17 00:00:00",NSW1,172759.23663580,112473.57472041,0.651000
D,CO2EII,PUBLISHING,1,2024,7,"2024/02/17 00:00:00",QLD1,154767.57908038,104091.72206875,0.672600
D,CO2EII,PUBLISHING,1,2024,7,"2024/02/17 00:00:00",SA1,29460.88520312,3396.91261817,0.115300
D,CO2EII,PUBLISHING,1,2024,7,"2024/02/17 00:00:00",TAS1,17918.08618496,0.00000000,0.000000
D,CO2EII,PUBLISHING,1,2024,7,"2024/02/17 00:00:00",VIC1,106729.65345669,84471.81498259,0.791500
D,CO2EII,PUBLISHING,1,2024,8,"2024/02/18 00:00:00",NEM,480741.79276573,298657.52814654,0.621200
D,CO2EII,PUBLISHING,1,2024,8,"2024/02/18 00:00:00",NSW1,161846.12867370,105167.66097895,0.649800
D,CO2EII,PUBLISHING,1,2024,8,"2024/02/18 00:00:00",QLD1,158104.93304930,102751.71165840,0.649900
D,CO2EII,PUBLISHING,1,2024,8,"2024/02/18 00:00:00",SA1,32794.56311276,3174.41720067,0.096800
D,CO2EII,PUBLISHING,1,2024,8,"2024/02/18 00:00:00",TAS1,16974.01088846,0.00000000,0.000000
D,CO2EII,PUBLISHING,1,2024,8,"2024/02/18 00:00:00",VIC1,111022.15704151,87563.73830852,0.788700
D,CO2EII,PUBLISHING,1,2024,8,"2024/02/19 00:00:00",NEM,519195.33203003,318389.82663418,0.613200
D,CO2EII,PUBLISHING,1,2024,8,"2024/02/19 00:00:00",NSW1,176271.72070324,111786.64864087,0.634200
D,CO2EII,PUBLISHING,1,2024,8,"2024/02/19 00:00:00",QLD1,169318.10214518,112882.51125369,0.666700
D,CO2EII,PUBLISHING,1,2024,8,"2024/02/19 00:00:00",SA1,36598.33029377,4115.85789751,0.112500
D,CO2EII,PUBLISHING,1,2024,8,"2024/02/19 00:00:00",TAS1,18283.51058590,0.00000000,0.000000
D,CO2EII,PUBLISHING,1,2024,8,"2024/02/19 00:00:00",VIC1,118723.66830194,89604.80884211,0.754700
D,CO2EII,PUBLISHING,1,2024,8,"2024/02/20 00:00:00",NEM,527983.51884047,325531.44465650,0.616600
D,CO2EII,PUBLISHING,1,2024,8,"2024/02/20 00:00:00",NSW1,180121.23221369,110105.47083931,0.611300
D,CO2EII,PUBLISHING,1,2024,8,"2024/02/20 00:00:00",QLD1,164379.20915985,108172.07571036,0.658100
D,CO2EII,PUBLISHING,1,2024,8,"2024/02/20 00:00:00",SA1,42788.80389738,8033.42217046,0.187700
D,CO2EII,PUBLISHING,1,2024,8,"2024/02/20 00:00:00",TAS1,22322.94601583,0.00000000,0.000000
D,CO2EII,PUBLISHING,1,2024,8,"2024/02/20 00:00:00",VIC1,118371.32755372,99220.47593637,0.838200
D,CO2EII,PUBLISHING,1,2024,8,"2024/02/21 00:00:00",NEM,554261.13007876,337511.20851702,0.608900
D,CO2EII,PUBLISHING,1,2024,8,"2024/02/21 00:00:00",NSW1,179578.75678508,112683.03200789,0.627500
D,CO2EII,PUBLISHING,1,2024,8,"2024/02/21 00:00:00",QLD1,169282.30159268,112047.60246514,0.661900
D,CO2EII,PUBLISHING,1,2024,8,"2024/02/21 00:00:00",SA1,36059.94799681,9456.14026215,0.262200
D,CO2EII,PUBLISHING,1,2024,8,"2024/02/21 00:00:00",TAS1,24099.34194162,318.01997976,0.013200
D,CO2EII,PUBLISHING,1,2024,8,"2024/02/21 00:00:00",VIC1,145240.78176257,103006.41380208,0.709200
D,CO2EII,PUBLISHING,1,2024,8,"2024/02/22 00:00:00",NEM,586488.50203457,347052.77944815,0.591700
D,CO2EII,PUBLISHING,1,2024,8,"2024/02/22 00:00:00",NSW1,184792.37061343,116412.96594691,0.630000
D,CO2EII,PUBLISHING,1,2024,8,"2024/02/22 00:00:00",QLD1,174635.47976474,119737.23805458,0.685600
D,CO2EII,PUBLISHING,1,2024,8,"2024/02/22 00:00:00",SA1,33615.60316574,3953.16822766,0.117600
D,CO2EII,PUBLISHING,1,2024,8,"2024/02/22 00:00:00",TAS1,29410.26541305,385.68811493,0.013100
D,CO2EII,PUBLISHING,1,2024,8,"2024/02/22 00:00:00",VIC1,164034.78307761,106563.71910407,0.649600
D,CO2EII,PUBLISHING,1,2024,8,"2024/02/23 00:00:00",NEM,569087.43826899,341939.95134281,0.600900
D,CO2EII,PUBLISHING,1,2024,8,"2024/02/23 00:00:00",NSW1,210796.47865578,125193.67737890,0.593900
D,CO2EII,PUBLISHING,1,2024,8,"2024/02/23 00:00:00",QLD1,182698.40409160,126527.90578072,0.692600
D,CO2EII,PUBLISHING,1,2024,8,"2024/02/23 00:00:00",SA1,30276.00795872,1415.23599822,0.046700
D,CO2EII,PUBLISHING,1,2024,8,"2024/02/23 00:00:00",TAS1,18545.62264303,0.00000000,0.000000
D,CO2EII,PUBLISHING,1,2024,8,"2024/02/23 00:00:00",VIC1,126770.92491986,88803.13218497,0.700500
D,CO2EII,PUBLISHING,1,2024,8,"2024/02/24 00:00:00",NEM,487545.04824590,324189.87679414,0.664900
D,CO2EII,PUBLISHING,1,2024,8,"2024/02/24 00:00:00",NSW1,175319.09142940,111115.29914474,0.633800
D,CO2EII,PUBLISHING,1,2024,8,"2024/02/24 00:00:00",QLD1,165336.22218986,121125.28928910,0.732600
D,CO2EII,PUBLISHING,1,2024,8,"2024/02/24 00:00:00",SA1,24936.48219394,2466.92398332,0.098900
D,CO2EII,PUBLISHING,1,2024,8,"2024/02/24 00:00:00",TAS1,16479.87263640,0.00000000,0.000000
D,CO2EII,PUBLISHING,1,2024,8,"2024/02/24 00:00:00",VIC1,105473.37979630,89482.36437698,0.848400
D,CO2EII,PUBLISHING,1,2024,9,"2024/02/25 00:00:00",NEM,471304.13150411,311291.16760352,0.660500
D,CO2EII,PUBLISHING,1,2024,9,"2024/02/25 00:00:00",NSW1,160951.20273067,104130.74955577,0.647000
D,CO2EII,PUBLISHING,1,2024,9,"2024/02/25 00:00:00",QLD1,153624.63688590,108091.12155852,0.703600
D,CO2EII,PUBLISHING,1,2024,9,"2024/02/25 00:00:00",SA1,22468.00006040,4157.31034938,0.185000
D,CO2EII,PUBLISHING,1,2024,9,"2024/02/25 00:00:00",TAS1,18287.49331745,0.00000000,0.000000
D,CO2EII,PUBLISHING,1,2024,9,"2024/02/25 00:00:00",VIC1,115972.79850969,94911.98613985,0.818400
D,CO2EII,PUBLISHING,1,2024,9,"2024/02/26 00:00:00",NEM,522857.11967328,340018.20537570,0.650300
D,CO2EII,PUBLISHING,1,2024,9,"2024/02/26 00:00:00",NSW1,182183.46896190,118786.06382540,0.652000
D,CO2EII,PUBLISHING,1,2024,9,"2024/02/26 00:00:00",QLD1,170481.43828813,115001.57364548,0.674600
D,CO2EII,PUBLISHING,1,2024,9,"2024/02/26 00:00:00",SA1,23151.99182971,2224.85929923,0.096100
D,CO2EII,PUBLISHING,1,2024,9,"2024/02/26 00:00:00",TAS1,17400.97108812,0.00000000,0.000000
D,CO2EII,PUBLISHING,1,2024,9,"2024/02/26 00:00:00",VIC1,129639.24950542,104005.70860559,0.802300
D,CO2EII,PUBLISHING,1,2024,9,"2024/02/27 00:00:00",NEM,544545.18201747,346566.59072604,0.636400
D,CO2EII,PUBLISHING,1,2024,9,"2024/02/27 00:00:00",NSW1,196652.86081968,123090.47484979,0.625900
D,CO2EII,PUBLISHING,1,2024,9,"2024/02/27 00:00:00",QLD1,170306.22719508,115205.45177282,0.676500
D,CO2EII,PUBLISHING,1,2024,9,"2024/02/27 00:00:00",SA1,32584.51193187,5728.12681804,0.175800
D,CO2EII,PUBLISHING,1,2024,9,"2024/02/27 00:00:00",TAS1,22161.08446986,136.01150502,0.006100
D,CO2EII,PUBLISHING,1,2024,9,"2024/02/27 00:00:00",VIC1,122840.49760098,102406.52578037,0.833700
D,CO2EII,PUBLISHING,1,2024,9,"2024/02/28 00:00:00",NEM,582132.55566400,340993.34842425,0.585800
D,CO2EII,PUBLISHING,1,2024,9,"2024/02/28 00:00:00",NSW1,188395.35332432,121256.00222214,0.643600
D,CO2EII,PUBLISHING,1,2024,9,"2024/02/28 00:00:00",QLD1,173152.85718188,113464.86269619,0.655300
D,CO2EII,PUBLISHING,1,2024,9,"2024/02/28 00:00:00",SA1,37215.81426688,2864.51117207,0.077000
D,CO2EII,PUBLISHING,1,2024,9,"2024/02/28 00:00:00",TAS1,22341.96505980,212.98137019,0.009500
D,CO2EII,PUBLISHING,1,2024,9,"2024/02/28 00:00:00",VIC1,161026.56583112,103194.99096366,0.640900
D,CO2EII,PUBLISHING,1,2024,9,"2024/02/29 00:00:00",NEM,584229.93008768,364802.38480523,0.624400
D,CO2EII,PUBLISHING,1,2024,9,"2024/02/29 00:00:00",NSW1,224048.70752484,135606.12204856,0.605300
D,CO2EII,PUBLISHING,1,2024,9,"2024/02/29 00:00:00",QLD1,182467.56069983,119551.57625570,0.655200
D,CO2EII,PUBLISHING,1,2024,9,"2024/02/29 00:00:00",SA1,27666.60910362,5771.99684033,0.208600
D,CO2EII,PUBLISHING,1,2024,9,"2024/02/29 00:00:00",TAS1,24822.96169651,165.72493502,0.006700
D,CO2EII,PUBLISHING,1,2024,9,"2024/02/29 00:00:00",VIC1,125224.09106288,103706.96472562,0.828200
D,CO2EII,PUBLISHING,1,2024,9,"2024/03/01 00:00:00",NEM,547578.44257199,353975.98691627,0.646400
D,CO2EII,PUBLISHING,1,2024,9,"2024/03/01 00:00:00",NSW1,196783.57440096,130664.01009865,0.664000
D,CO2EII,PUBLISHING,1,2024,9,"2024/03/01 00:00:00",QLD1,177108.06048822,114402.07964871,0.645900
D,CO2EII,PUBLISHING,1,2024,9,"2024/03/01 00:00:00",SA1,27465.98179264,4640.77382196,0.169000
D,CO2EII,PUBLISHING,1,2024,9,"2024/03/01 00:00:00",TAS1,22335.75777039,27.15335487,0.001200
D,CO2EII,PUBLISHING,1,2024,9,"2024/03/01 00:00:00",VIC1,123885.06811978,104241.96999208,0.841400
D,CO2EII,PUBLISHING,1,2024,9,"2024/03/02 00:00:00",NEM,495084.94254120,320132.71031883,0.646600
D,CO2EII,PUBLISHING,1,2024,9,"2024/03/02 00:00:00",NSW1,166296.66772149,114212.36720130,0.686800
D,CO2EII,PUBLISHING,1,2024,9,"2024/03/02 00:00:00",QLD1,166715.58573730,107708.26448615,0.646100
D,CO2EII,PUBLISHING,1,2024,9,"2024/03/02 00:00:00",SA1,24623.29561657,2401.41666254,0.097500
D,CO2EII,PUBLISHING,1,2024,9,"2024/03/02 00:00:00",TAS1,18711.17416418,0.00000000,0.000000
D,CO2EII,PUBLISHING,1,2024,9,"2024/03/02 00:00:00",VIC1,118738.21930166,95810.66196884,0.806900
D,CO2EII,PUBLISHING,1,2024,10,"2024/03/03 00:00:00",NEM,485976.06539660,305740.89888695,0.629100
D,CO2EII,PUBLISHING,1,2024,10,"2024/03/03 00:00:00",NSW1,167399.13614510,101250.53920691,0.604800
D,CO2EII,PUBLISHING,1,2024,10,"2024/03/03 00:00:00",QLD1,162655.58068587,113521.35522872,0.697900
D,CO2EII,PUBLISHING,1,2024,10,"2024/03/03 00:00:00",SA1,22534.43762963,1374.62038938,0.061000
D,CO2EII,PUBLISHING,1,2024,10,"2024/03/03 00:00:00",TAS1,17827.00616836,0.00000000,0.000000
D,CO2EII,PUBLISHING,1,2024,10,"2024/03/03 00:00:00",VIC1,115559.90476764,89594.38406194,0.775300
D,CO2EII,PUBLISHING,1,2024,10,"2024/03/04 00:00:00",NEM,503311.61143223,316858.05467359,0.629500
D,CO2EII,PUBLISHING,1,2024,10,"2024/03/04 00:00:00",NSW1,179180.95769553,107709.51530702,0.601100
D,CO2EII,PUBLISHING,1,2024,10,"2024/03/04 00:00:00",QLD1,163772.66720185,115767.36041037,0.706900
D,CO2EII,PUBLISHING,1,2024,10,"2024/03/04 00:00:00",SA1,24332.79072629,2550.08983918,0.104800
D,CO2EII,PUBLISHING,1,2024,10,"2024/03/04 00:00:00",TAS1,17259.30563574,0.00000000,0.000000
D,CO2EII,PUBLISHING,1,2024,10,"2024/03/04 00:00:00",VIC1,118765.89017282,90831.08911702,0.764800
D,CO2EII,PUBLISHING,1,2024,10,"2024/03/05 00:00:00",NEM,504127.98361618,323683.89263327,0.642100
D,CO2EII,PUBLISHING,1,2024,10,"2024/03/05 00:00:00",NSW1,167102.51562035,106151.33619283,0.635200
D,CO2EII,PUBLISHING,1,2024,10,"2024/03/05 00:00:00",QLD1,165402.40114611,107016.93389143,0.647000
D,CO2EII,PUBLISHING,1,2024,10,"2024/03/05 00:00:00",SA1,25983.90411008,5030.29115283,0.193600
D,CO2EII,PUBLISHING,1,2024,10,"2024/03/05 00:00:00",TAS1,21619.83728095,75.30520026,0.003500
D,CO2EII,PUBLISHING,1,2024,10,"2024/03/05 00:00:00",VIC1,124019.32545869,105410.02619592,0.849900
D,CO2EII,PUBLISHING,1,2024,10,"2024/03/06 00:00:00",NEM,512545.94260209,332979.76332395,0.649700
D,CO2EII,PUBLISHING,1,2024,10,"2024/03/06 00:00:00",NSW1,164242.37174306,108149.76913631,0.658500
D,CO2EII,PUBLISHING,1,2024,10,"2024/03/06 00:00:00",QLD1,169546.09170260,107990.02506479,0.636900
D,CO2EII,PUBLISHING,1,2024,10,"2024/03/06 00:00:00",SA1,30268.31776332,6188.29314796,0.204400
D,CO2EII,PUBLISHING,1,2024,10,"2024/03/06 00:00:00",TAS1,20462.21714359,133.60600704,0.006500
D,CO2EII,PUBLISHING,1,2024,10,"2024/03/06 00:00:00",VIC1,128026.94424952,110518.06996785,0.863200
D,CO2EII,PUBLISHING,1,2024,10,"2024/03/07 00:00:00",NEM,523917.43336879,312475.33697195,0.596400
D,CO2EII,PUBLISHING,1,2024,10,"2024/03/07 00:00:00",NSW1,175926.61012361,103980.65438754,0.591000
D,CO2EII,PUBLISHING,1,2024,10,"2024/03/07 00:00:00",QLD1,166115.95851302,107114.00297908,0.644800
D,CO2EII,PUBLISHING,1,2024,10,"2024/03/07 00:00:00",SA1,33552.57863751,3107.60291463,0.092600
D,CO2EII,PUBLISHING,1,2024,10,"2024/03/07 00:00:00",TAS1,18759.91183602,0.00000000,0.000000
D,CO2EII,PUBLISHING,1,2024,10,"2024/03/07 00:00:00",VIC1,129562.37425863,98273.07669070,0.758500
D,CO2EII,PUBLISHING,1,2024,10,"2024/03/08 00:00:00",NEM,536067.38072688,328690.84260821,0.613200
D,CO2EII,PUBLISHING,1,2024,10,"2024/03/08 00:00:00",NSW1,185011.27028977,111403.77818660,0.602100
D,CO2EII,PUBLISHING,1,2024,10,"2024/03/08 00:00:00",QLD1,169143.13619937,109875.17001420,0.649600
D,CO2EII,PUBLISHING,1,2024,10,"2024/03/08 00:00:00",SA1,32921.39549529,5407.84712430,0.164300
D,CO2EII,PUBLISHING,1,2024,10,"2024/03/08 00:00:00",TAS1,24113.77779097,0.00000000,0.000000
D,CO2EII,PUBLISHING,1,2024,10,"2024/03/08 00:00:00",VIC1,124877.80095148,102004.04728311,0.816800
D,CO2EII,PUBLISHING,1,2024,10,"2024/03/09 00:00:00",NEM,534415.12831684,302341.71146874,0.565700
D,CO2EII,PUBLISHING,1,2024,10,"2024/03/09 00:00:00",NSW1,164801.23132274,98017.16133557,0.594800
D,CO2EII,PUBLISHING,1,2024,10,"2024/03/09 00:00:00",QLD1,158986.77137840,102556.52955306,0.645100
D,CO2EII,PUBLISHING,1,2024,10,"2024/03/09 00:00:00",SA1,46828.55371603,6925.85709010,0.147900
D,CO2EII,PUBLISHING,1,2024,10,"2024/03/09 00:00:00",TAS1,23352.68624634,0.00000000,0.000000
D,CO2EII,PUBLISHING,1,2024,10,"2024/03/09 00:00:00",VIC1,140445.88565333,94842.16349001,0.675300
D,CO2EII,PUBLISHING,1,2024,11,"2024/03/10 00:00:00",NEM,540909.48458972,301608.40983367,0.557600
D,CO2EII,PUBLISHING,1,2024,11,"2024/03/10 00:00:00",NSW1,161607.79258159,94997.75170406,0.587800
D,CO2EII,PUBLISHING,1,2024,11,"2024/03/10 00:00:00",QLD1,159157.74394605,101544.02653698,0.638000
D,CO2EII,PUBLISHING,1,2024,11,"2024/03/10 00:00:00",SA1,42568.05886247,7733.21572225,0.181700
D,CO2EII,PUBLISHING,1,2024,11,"2024/03/10 00:00:00",TAS1,24576.82189479,245.03871727,0.010000
D,CO2EII,PUBLISHING,1,2024,11,"2024/03/10 00:00:00",VIC1,152999.06730482,97088.37715311,0.634600
D,CO2EII,PUBLISHING,1,2024,11,"2024/03/11 00:00:00",NEM,558178.44202504,330556.76179962,0.592200
D,CO2EII,PUBLISHING,1,2024,11,"2024/03/11 00:00:00",NSW1,168356.79967154,108507.61349524,0.644500
D,CO2EII,PUBLISHING,1,2024,11,"2024/03/11 00:00:00",QLD1,170458.70457256,109498.92793458,0.642400
D,CO2EII,PUBLISHING,1,2024,11,"2024/03/11 00:00:00",SA1,41135.20275826,8613.13526630,0.209400
D,CO2EII,PUBLISHING,1,2024,11,"2024/03/11 00:00:00",TAS1,24424.25846531,122.65338184,0.005000
D,CO2EII,PUBLISHING,1,2024,11,"2024/03/11 00:00:00",VIC1,153803.47655737,103814.43172166,0.675000
D,CO2EII,PUBLISHING,1,2024,11,"2024/03/12 00:00:00",NEM,548275.67543447,337816.90940451,0.616100
D,CO2EII,PUBLISHING,1,2024,11,"2024/03/12 00:00:00",NSW1,180689.59528006,111210.61882690,0.615500
D,CO2EII,PUBLISHING,1,2024,11,"2024/03/12 00:00:00",QLD1,165752.77219506,106311.77536173,0.641400
D,CO2EII,PUBLISHING,1,2024,11,"2024/03/12 00:00:00",SA1,38502.00545826,7856.70857686,0.204100
D,CO2EII,PUBLISHING,1,2024,11,"2024/03/12 00:00:00",TAS1,25393.26796031,120.05603542,0.004700
D,CO2EII,PUBLISHING,1,2024,11,"2024/03/12 00:00:00",VIC1,137938.03454078,112317.75060360,0.814300
D,CO2EII,PUBLISHING,1,2024,11,"2024/03/13 00:00:00",NEM,534289.13178742,337738.75852300,0.632100
D,CO2EII,PUBLISHING,1,2024,11,"2024/03/13 00:00:00",NSW1,183378.02029959,118978.97163255,0.648800
D,CO2EII,PUBLISHING,1,2024,11,"2024/03/13 00:00:00",QLD1,168723.50886481,108361.25579618,0.642200
D,CO2EII,PUBLISHING,1,2024,11,"2024/03/13 00:00:00",SA1,38232.44716571,8004.19994415,0.209400
D,CO2EII,PUBLISHING,1,2024,11,"2024/03/13 00:00:00",TAS1,23845.23847537,82.95760614,0.003500
D,CO2EII,PUBLISHING,1,2024,11,"2024/03/13 00:00:00",VIC1,120109.91698194,102311.37354398,0.851800
D,CO2EII,PUBLISHING,1,2024,11,"2024/03/14 00:00:00",NEM,532745.12841759,322300.78241010,0.605000
D,CO2EII,PUBLISHING,1,2024,11,"2024/03/14 00:00:00",NSW1,178990.84719576,111318.82453407,0.621900
D,CO2EII,PUBLISHING,1,2024,11,"2024/03/14 00:00:00",QLD1,168329.33519215,111409.44488265,0.661900
D,CO2EII,PUBLISHING,1,2024,11,"2024/03/14 00:00:00",SA1,37838.85432966,3078.06192256,0.081300
D,CO2EII,PUBLISHING,1,2024,11,"2024/03/14 00:00:00",TAS1,18938.64963239,0.00000000,0.000000
D,CO2EII,PUBLISHING,1,2024,11,"2024/03/14 00:00:00",VIC1,128647.44206763,96494.45107082,0.750100
D,CO2EII,PUBLISHING,1,2024,11,"2024/03/15 00:00:00",NEM,507421.17952402,285517.40734424,0.562700
D,CO2EII,PUBLISHING,1,2024,11,"2024/03/15 00:00:00",NSW1,180640.62376817,98309.59247571,0.544200
D,CO2EII,PUBLISHING,1,2024,11,"2024/03/15 00:00:00",QLD1,159616.32150683,104774.31901531,0.656400
D,CO2EII,PUBLISHING,1,2024,11,"2024/03/15 00:00:00",SA1,32533.33332255,2221.76411268,0.068300
D,CO2EII,PUBLISHING,1,2024,11,"2024/03/15 00:00:00",TAS1,18500.04877289,0.00000000,0.000000
D,CO2EII,PUBLISHING,1,2024,11,"2024/03/15 00:00:00",VIC1,116130.85215358,80211.73174054,0.690700
D,CO2EII,PUBLISHING,1,2024,11,"2024/03/16 00:00:00",NEM,467784.88161646,283424.62942492,0.605900
D,CO2EII,PUBLISHING,1,2024,11,"2024/03/16 00:00:00",NSW1,152070.00604540,97360.63274191,0.640200
D,CO2EII,PUBLISHING,1,2024,11,"2024/03/16 00:00:00",QLD1,153025.33652321,99729.32317054,0.651700
D,CO2EII,PUBLISHING,1,2024,11,"2024/03/16 00:00:00",SA1,26174.95296102,3755.07305907,0.143500
D,CO2EII,PUBLISHING,1,2024,11,"2024/03/16 00:00:00",TAS1,19780.32224869,0.00000000,0.000000
D,CO2EII,PUBLISHING,1,2024,11,"2024/03/16 00:00:00",VIC1,116734.26383814,82579.60045340,0.707400
D,CO2EII,PUBLISHING,1,2024,12,"2024/03/17 00:00:00",NEM,469853.26306446,294768.77622865,0.627400
D,CO2EII,PUBLISHING,1,2024,12,"2024/03/17 00:00:00",NSW1,146751.14565198,100945.33361030,0.687900
D,CO2EII,PUBLISHING,1,2024,12,"2024/03/17 00:00:00",QLD1,155373.07766239,99784.59022404,0.642200
D,CO2EII,PUBLISHING,1,2024,12,"2024/03/17 00:00:00",SA1,26673.17004092,3935.34190613,0.147500
D,CO2EII,PUBLISHING,1,2024,12,"2024/03/17 00:00:00",TAS1,18068.42949135,0.00000000,0.000000
D,CO2EII,PUBLISHING,1,2024,12,"2024/03/17 00:00:00",VIC1,122987.44021782,90103.51048818,0.732600
D,CO2EII,PUBLISHING,1,2024,12,"2024/03/18 00:00:00",NEM,519209.57676637,328417.33269341,0.632500
D,CO2EII,PUBLISHING,1,2024,12,"2024/03/18 00:00:00",NSW1,173174.30830955,116661.59793388,0.673700
D,CO2EII,PUBLISHING,1,2024,12,"2024/03/18 00:00:00",QLD1,161222.48545658,108293.20573070,0.671700
D,CO2EII,PUBLISHING,1,2024,12,"2024/03/18 00:00:00",SA1,31464.92151712,4883.26505954,0.155200
D,CO2EII,PUBLISHING,1,2024,12,"2024/03/18 00:00:00",TAS1,19394.53759109,0.00000000,0.000000
D,CO2EII,PUBLISHING,1,2024,12,"2024/03/18 00:00:00",VIC1,133953.32389203,98579.26396929,0.735900
D,CO2EII,PUBLISHING,1,2024,12,"2024/03/19 00:00:00",NEM,529736.71915293,316330.88666640,0.597100
D,CO2EII,PUBLISHING,1,2024,12,"2024/03/19 00:00:00",NSW1,173521.04709749,115824.58523973,0.667500
D,CO2EII,PUBLISHING,1,2024,12,"2024/03/19 00:00:00",QLD1,159429.09125294,103662.22075770,0.650200
D,CO2EII,PUBLISHING,1,2024,12,"2024/03/19 00:00:00",SA1,30327.64565875,2174.89973586,0.071700
D,CO2EII,PUBLISHING,1,2024,12,"2024/03/19 00:00:00",TAS1,18336.15373795,0.00000000,0.000000
D,CO2EII,PUBLISHING,1,2024,12,"2024/03/19 00:00:00",VIC1,148122.78140580,94669.18093311,0.639100
D,CO2EII,PUBLISHING,1,2024,12,"2024/03/20 00:00:00",NEM,505287.92440886,294934.19712696,0.583700
D,CO2EII,PUBLISHING,1,2024,12,"2024/03/20 00:00:00",NSW1,176908.68485785,112473.94781401,0.635800
D,CO2EII,PUBLISHING,1,2024,12,"2024/03/20 00:00:00",QLD1,162627.35781324,107605.65529609,0.661700
D,CO2EII,PUBLISHING,1,2024,12,"2024/03/20 00:00:00",SA1,33637.49683149,1608.82291745,0.047800
D,CO2EII,PUBLISHING,1,2024,12,"2024/03/20 00:00:00",TAS1,17722.94391888,0.00000000,0.000000
D,CO2EII,PUBLISHING,1,2024,12,"2024/03/20 00:00:00",VIC1,114391.44098740,73245.77109941,0.640300
D,CO2EII,PUBLISHING,1,2024,12,"2024/03/21 00:00:00",NEM,477766.62306094,289924.33132165,0.606800
D,CO2EII,PUBLISHING,1,2024,12,"2024/03/21 00:00:00",NSW1,177011.80261115,100883.72598112,0.569900
D,CO2EII,PUBLISHING,1,2024,12,"2024/03/21 00:00:00",QLD1,152417.99123600,102120.95476348,0.670000
D,CO2EII,PUBLISHING,1,2024,12,"2024/03/21 00:00:00",SA1,30523.70826246,2288.46584941,0.075000
D,CO2EII,PUBLISHING,1,2024,12,"2024/03/21 00:00:00",TAS1,17236.20453538,0.00000000,0.000000
D,CO2EII,PUBLISHING,1,2024,12,"2024/03/21 00:00:00",VIC1,100576.91641595,84631.18472764,0.841500
D,CO2EII,PUBLISHING,1,2024,12,"2024/03/22 00:00:00",NEM,473369.46100732,298656.74639526,0.630900
D,CO2EII,PUBLISHING,1,2024,12,"2024/03/22 00:00:00",NSW1,167210.05205966,104304.84599061,0.623800
D,CO2EII,PUBLISHING,1,2024,12,"2024/03/22 00:00:00",QLD1,153062.16209235,103243.05382307,0.674500
D,CO2EII,PUBLISHING,1,2024,12,"2024/03/22 00:00:00",SA1,26686.46309422,2399.92478265,0.089900
D,CO2EII,PUBLISHING,1,2024,12,"2024/03/22 00:00:00",TAS1,20247.48443431,0.00000000,0.000000
D,CO2EII,PUBLISHING,1,2024,12,"2024/03/22 00:00:00",VIC1,106163.29932678,88708.92179893,0.835600
D,CO2EII,PUBLISHING,1,2024,12,"2024/03/23 00:00:00",NEM,450446.94818849,284022.33692948,0.630500
D,CO2EII,PUBLISHING,1,2024,12,"2024/03/23 00:00:00",NSW1,144468.50218446,96798.14063192,0.670000
D,CO2EII,PUBLISHING,1,2024,12,"2024/03/23 00:00:00",QLD1,147705.58787299,101964.40610172,0.690300
D,CO2EII,PUBLISHING,1,2024,12,"2024/03/23 00:00:00",SA1,32045.23407915,1799.87487024,0.056200
D,CO2EII,PUBLISHING,1,2024,12,"2024/03/23 00:00:00",TAS1,18142.74790508,0.00000000,0.000000
D,CO2EII,PUBLISHING,1,2024,12,"2024/03/23 00:00:00",VIC1,108084.87614681,83459.91532560,0.772200
D,CO2EII,PUBLISHING,1,2024,13,"2024/03/24 00:00:00",NEM,444218.01425983,291771.52243915,0.656800
D,CO2EII,PUBLISHING,1,2024,13,"2024/03/24 00:00:00",NSW1,155634.82187720,103254.04346383,0.663400
D,CO2EII,PUBLISHING,1,2024,13,"2024/03/24 00:00:00",QLD1,140920.53796171,103520.21975097,0.734600
D,CO2EII,PUBLISHING,1,2024,13,"2024/03/24 00:00:00",SA1,23139.20112011,1400.83419503,0.060500
D,CO2EII,PUBLISHING,1,2024,13,"2024/03/24 00:00:00",TAS1,20935.65174848,0.00000000,0.000000
D,CO2EII,PUBLISHING,1,2024,13,"2024/03/24 00:00:00",VIC1,103587.80155233,83596.42502932,0.807000
D,CO2EII,PUBLISHING,1,2024,13,"2024/03/25 00:00:00",NEM,483838.07506359,316602.61282966,0.654400
D,CO2EII,PUBLISHING,1,2024,13,"2024/03/25 00:00:00",NSW1,169797.75935461,105820.52779226,0.623200
D,CO2EII,PUBLISHING,1,2024,13,"2024/03/25 00:00:00",QLD1,153415.93245238,113651.31006315,0.740800
D,CO2EII,PUBLISHING,1,2024,13,"2024/03/25 00:00:00",SA1,21542.61098533,3596.88083221,0.167000
D,CO2EII,PUBLISHING,1,2024,13,"2024/03/25 00:00:00",TAS1,22681.00784985,0.00000000,0.000000
D,CO2EII,PUBLISHING,1,2024,13,"2024/03/25 00:00:00",VIC1,116400.76442142,93533.89414204,0.803600
D,CO2EII,PUBLISHING,1,2024,13,"2024/03/26 00:00:00",NEM,492101.55973648,326208.80716727,0.662900
D,CO2EII,PUBLISHING,1,2024,13,"2024/03/26 00:00:00",NSW1,175805.40982423,112553.15143843,0.640200
D,CO2EII,PUBLISHING,1,2024,13,"2024/03/26 00:00:00",QLD1,158650.20349855,115295.00211270,0.726700
D,CO2EII,PUBLISHING,1,2024,13,"2024/03/26 00:00:00",SA1,23431.80973781,3588.90022356,0.153200
D,CO2EII,PUBLISHING,1,2024,13,"2024/03/26 00:00:00",TAS1,25097.50802255,28.92334722,0.001200
D,CO2EII,PUBLISHING,1,2024,13,"2024/03/26 00:00:00",VIC1,109116.62865334,94742.83004536,0.868300
D,CO2EII,PUBLISHING,1,2024,13,"2024/03/27 00:00:00",NEM,497894.40368012,320934.82039495,0.644600
D,CO2EII,PUBLISHING,1,2024,13,"2024/03/27 00:00:00",NSW1,173572.85222108,104610.12334122,0.602700
D,CO2EII,PUBLISHING,1,2024,13,"2024/03/27 00:00:00",QLD1,154647.59841908,109442.79101930,0.707700
D,CO2EII,PUBLISHING,1,2024,13,"2024/03/27 00:00:00",SA1,27182.77345485,2319.00246130,0.085300
D,CO2EII,PUBLISHING,1,2024,13,"2024/03/27 00:00:00",TAS1,19386.53702422,0.00000000,0.000000
D,CO2EII,PUBLISHING,1,2024,13,"2024/03/27 00:00:00",VIC1,123104.64256089,104562.90357313,0.849400
D,CO2EII,PUBLISHING,1,2024,13,"2024/03/28 00:00:00",NEM,484092.43304177,310088.46814626,0.640600
D,CO2EII,PUBLISHING,1,2024,13,"2024/03/28 00:00:00",NSW1,165490.73925039,97451.60004399,0.588900
D,CO2EII,PUBLISHING,1,2024,13,"2024/03/28 00:00:00",QLD1,148090.37818471,102220.42399234,0.690300
D,CO2EII,PUBLISHING,1,2024,13,"2024/03/28 00:00:00",SA1,30311.54100450,2492.81622877,0.082200
D,CO2EII,PUBLISHING,1,2024,13,"2024/03/28 00:00:00",TAS1,18774.34805460,31.92168102,0.001700
D,CO2EII,PUBLISHING,1,2024,13,"2024/03/28 00:00:00",VIC1,121425.42654757,107891.70620014,0.888500
D,CO2EII,PUBLISHING,1,2024,13,"2024/03/29 00:00:00",NEM,435457.15370953,282208.69291442,0.648100
D,CO2EII,PUBLISHING,1,2024,13,"2024/03/29 00:00:00",NSW1,144149.98416346,87970.97240967,0.610300
D,CO2EII,PUBLISHING,1,2024,13,"2024/03/29 00:00:00",QLD1,147891.91428082,93990.44602658,0.635500
D,CO2EII,PUBLISHING,1,2024,13,"2024/03/29 00:00:00",SA1,23725.61213187,2979.37046097,0.125600
D,CO2EII,PUBLISHING,1,2024,13,"2024/03/29 00:00:00",TAS1,20960.54078731,0.00000000,0.000000
D,CO2EII,PUBLISHING,1,2024,13,"2024/03/29 00:00:00",VIC1,98729.10234607,97267.90401720,0.985200
D,CO2EII,PUBLISHING,1,2024,13,"2024/03/30 00:00:00",NEM,432303.12566956,283361.14360596,0.655500
D,CO2EII,PUBLISHING,1,2024,13,"2024/03/30 00:00:00",NSW1,140844.80686564,91878.10658592,0.652300
D,CO2EII,PUBLISHING,1,2024,13,"2024/03/30 00:00:00",QLD1,146216.27118956,95117.50216654,0.650500
D,CO2EII,PUBLISHING,1,2024,13,"2024/03/30 00:00:00",SA1,24816.63619514,3256.87641046,0.131200
D,CO2EII,PUBLISHING,1,2024,13,"2024/03/30 00:00:00",TAS1,21768.12808356,0.00000000,0.000000
D,CO2EII,PUBLISHING,1,2024,13,"2024/03/30 00:00:00",VIC1,98657.28333566,93108.65844304,0.943800
D,CO2EII,PUBLISHING,1,2024,14,"2024/03/31 00:00:00",NEM,428109.86710310,285456.35643383,0.666800
D,CO2EII,PUBLISHING,1,2024,14,"2024/03/31 00:00:00",NSW1,140375.45665403,92260.67443531,0.657200
D,CO2EII,PUBLISHING,1,2024,14,"2024/03/31 00:00:00",QLD1,145260.35383989,94698.79238141,0.651900
D,CO2EII,PUBLISHING,1,2024,14,"2024/03/31 00:00:00",SA1,21829.09499409,3747.94249238,0.171700
D,CO2EII,PUBLISHING,1,2024,14,"2024/03/31 00:00:00",TAS1,18558.95961845,0.00000000,0.000000
D,CO2EII,PUBLISHING,1,2024,14,"2024/03/31 00:00:00",VIC1,102086.00199664,94748.94712473,0.928100
D,CO2EII,PUBLISHING,1,2024,14,"2024/04/01 00:00:00",NEM,457074.05191531,285130.94863161,0.623800
D,CO2EII,PUBLISHING,1,2024,14,"2024/04/01 00:00:00",NSW1,139120.67916691,90489.76193950,0.650400
D,CO2EII,PUBLISHING,1,2024,14,"2024/04/01 00:00:00",QLD1,148001.26719184,98861.31373845,0.668000
D,CO2EII,PUBLISHING,1,2024,14,"2024/04/01 00:00:00",SA1,30050.42502751,2773.02351930,0.092300
D,CO2EII,PUBLISHING,1,2024,14,"2024/04/01 00:00:00",TAS1,20504.54149248,0.00000000,0.000000
D,CO2EII,PUBLISHING,1,2024,14,"2024/04/01 00:00:00",VIC1,119397.13903657,93006.84943436,0.779000
D,CO2EII,PUBLISHING,1,2024,14,"2024/04/02 00:00:00",NEM,498001.48568481,290087.81318283,0.582500
D,CO2EII,PUBLISHING,1,2024,14,"2024/04/02 00:00:00",NSW1,164714.50578063,93398.17145594,0.567000
D,CO2EII,PUBLISHING,1,2024,14,"2024/04/02 00:00:00",QLD1,156590.81875088,105204.62914584,0.671800
D,CO2EII,PUBLISHING,1,2024,14,"2024/04/02 00:00:00",SA1,34852.05187344,2421.84676667,0.069500
D,CO2EII,PUBLISHING,1,2024,14,"2024/04/02 00:00:00",TAS1,20597.37365762,0.00000000,0.000000
D,CO2EII,PUBLISHING,1,2024,14,"2024/04/02 00:00:00",VIC1,121246.73562224,89063.16581438,0.734600
D,CO2EII,PUBLISHING,1,2024,14,"2024/04/03 00:00:00",NEM,491525.14803491,330487.69982915,0.672400
D,CO2EII,PUBLISHING,1,2024,14,"2024/04/03 00:00:00",NSW1,162754.63210792,104928.82288229,0.644700
D,CO2EII,PUBLISHING,1,2024,14,"2024/04/03 00:00:00",QLD1,168393.73912572,113946.98239754,0.676700
D,CO2EII,PUBLISHING,1,2024,14,"2024/04/03 00:00:00",SA1,21513.76730798,5797.78889120,0.269500
D,CO2EII,PUBLISHING,1,2024,14,"2024/04/03 00:00:00",TAS1,27878.32872041,38.27016517,0.001400
D,CO2EII,PUBLISHING,1,2024,14,"2024/04/03 00:00:00",VIC1,110984.68077288,105775.83549295,0.953100
D,CO2EII,PUBLISHING,1,2024,14,"2024/04/04 00:00:00",NEM,507962.53743776,326827.44631185,0.643400
D,CO2EII,PUBLISHING,1,2024,14,"2024/04/04 00:00:00",NSW1,181083.91155920,110721.43274753,0.611400
D,CO2EII,PUBLISHING,1,2024,14,"2024/04/04 00:00:00",QLD1,161403.91990292,113978.10521114,0.706200
D,CO2EII,PUBLISHING,1,2024,14,"2024/04/04 00:00:00",SA1,24964.51361927,2621.89174112,0.105000
D,CO2EII,PUBLISHING,1,2024,14,"2024/04/04 00:00:00",TAS1,21746.90679719,0.00000000,0.000000
D,CO2EII,PUBLISHING,1,2024,14,"2024/04/04 00:00:00",VIC1,118763.28555918,99506.01661206,0.837900
D,CO2EII,PUBLISHING,1,2024,14,"2024/04/05 00:00:00",NEM,509092.57769932,328224.19778884,0.644700
D,CO2EII,PUBLISHING,1,2024,14,"2024/04/05 00:00:00",NSW1,178665.44685606,108263.86062245,0.606000
D,CO2EII,PUBLISHING,1,2024,14,"2024/04/05 00:00:00",QLD1,158188.50058813,113962.01513941,0.720400
D,CO2EII,PUBLISHING,1,2024,14,"2024/04/05 00:00:00",SA1,25234.27357603,1874.72954631,0.074300
D,CO2EII,PUBLISHING,1,2024,14,"2024/04/05 00:00:00",TAS1,18158.14340566,0.00000000,0.000000
D,CO2EII,PUBLISHING,1,2024,14,"2024/04/05 00:00:00",VIC1,128846.21327344,104123.59248067,0.808100
D,CO2EII,PUBLISHING,1,2024,14,"2024/04/06 00:00:00",NEM,460128.55384138,329371.84288150,0.715800
D,CO2EII,PUBLISHING,1,2024,14,"2024/04/06 00:00:00",NSW1,154143.86856820,103499.48292256,0.671400
D,CO2EII,PUBLISHING,1,2024,14,"2024/04/06 00:00:00",QLD1,141367.86333870,105074.93774634,0.743300
D,CO2EII,PUBLISHING,1,2024,14,"2024/04/06 00:00:00",SA1,23021.70440485,3418.40953891,0.148500
D,CO2EII,PUBLISHING,1,2024,14,"2024/04/06 00:00:00",TAS1,20723.71793052,0.00000000,0.000000
D,CO2EII,PUBLISHING,1,2024,14,"2024/04/06 00:00:00",VIC1,120871.39959911,117379.01267369,0.971100
D,CO2EII,PUBLISHING,1,2024,15,"2024/04/07 00:00:00",NEM,455060.44787660,315708.91238783,0.693800
D,CO2EII,PUBLISHING,1,2024,15,"2024/04/07 00:00:00",NSW1,151531.59185879,102576.99867050,0.676900
D,CO2EII,PUBLISHING,1,2024,15,"2024/04/07 00:00:00",QLD1,141383.90849535,97951.50702261,0.692800
D,CO2EII,PUBLISHING,1,2024,15,"2024/04/07 00:00:00",SA1,20179.09875207,3242.71768271,0.160700
D,CO2EII,PUBLISHING,1,2024,15,"2024/04/07 00:00:00",TAS1,20866.93226616,0.00000000,0.000000
D,CO2EII,PUBLISHING,1,2024,15,"2024/04/07 00:00:00",VIC1,121098.91650423,111937.68901201,0.924300
D,CO2EII,PUBLISHING,1,2024,15,"2024/04/08 00:00:00",NEM,490215.00742609,324849.21472097,0.662700
D,CO2EII,PUBLISHING,1,2024,15,"2024/04/08 00:00:00",NSW1,156648.75456966,108652.02587919,0.693600
D,CO2EII,PUBLISHING,1,2024,15,"2024/04/08 00:00:00",QLD1,157266.68796723,107022.49188173,0.680500
D,CO2EII,PUBLISHING,1,2024,15,"2024/04/08 00:00:00",SA1,26317.77412163,4003.14618811,0.152100
D,CO2EII,PUBLISHING,1,2024,15,"2024/04/08 00:00:00",TAS1,26625.39979287,0.00000000,0.000000
D,CO2EII,PUBLISHING,1,2024,15,"2024/04/08 00:00:00",VIC1,123356.39097470,105171.55077194,0.852600
D,CO2EII,PUBLISHING,1,2024,15,"2024/04/09 00:00:00",NEM,505325.50671587,308456.29555832,0.610400
D,CO2EII,PUBLISHING,1,2024,15,"2024/04/09 00:00:00",NSW1,164114.66027154,105609.82630408,0.643500
D,CO2EII,PUBLISHING,1,2024,15,"2024/04/09 00:00:00",QLD1,159335.55917136,103884.32050057,0.652000
D,CO2EII,PUBLISHING,1,2024,15,"2024/04/09 00:00:00",SA1,27444.24801895,3252.65190138,0.118500
D,CO2EII,PUBLISHING,1,2024,15,"2024/04/09 00:00:00",TAS1,21887.46239204,30.96467831,0.001400
D,CO2EII,PUBLISHING,1,2024,15,"2024/04/09 00:00:00",VIC1,132543.57686198,95678.53217398,0.721900
D,CO2EII,PUBLISHING,1,2024,15,"2024/04/10 00:00:00",NEM,480820.96202174,307448.21146834,0.639400
D,CO2EII,PUBLISHING,1,2024,15,"2024/04/10 00:00:00",NSW1,154457.41230053,99932.07095718,0.647000
D,CO2EII,PUBLISHING,1,2024,15,"2024/04/10 00:00:00",QLD1,156842.09055854,101170.77465501,0.645000
D,CO2EII,PUBLISHING,1,2024,15,"2024/04/10 00:00:00",SA1,22882.15444092,4440.80665486,0.194100
D,CO2EII,PUBLISHING,1,2024,15,"2024/04/10 00:00:00",TAS1,20881.80619619,99.84466425,0.004800
D,CO2EII,PUBLISHING,1,2024,15,"2024/04/10 00:00:00",VIC1,125757.49852556,101804.71453704,0.809500
D,CO2EII,PUBLISHING,1,2024,15,"2024/04/11 00:00:00",NEM,475471.74570247,314125.18487353,0.660700
D,CO2EII,PUBLISHING,1,2024,15,"2024/04/11 00:00:00",NSW1,155355.25018021,105544.70880228,0.679400
D,CO2EII,PUBLISHING,1,2024,15,"2024/04/11 00:00:00",QLD1,153653.83097571,101022.90183018,0.657500
D,CO2EII,PUBLISHING,1,2024,15,"2024/04/11 00:00:00",SA1,23459.23441597,5486.73180052,0.233900
D,CO2EII,PUBLISHING,1,2024,15,"2024/04/11 00:00:00",TAS1,25849.45925456,374.71163621,0.014500
D,CO2EII,PUBLISHING,1,2024,15,"2024/04/11 00:00:00",VIC1,117153.97087602,101696.13080434,0.868100
D,CO2EII,PUBLISHING,1,2024,15,"2024/04/12 00:00:00",NEM,477032.30623268,318303.83461751,0.667300
D,CO2EII,PUBLISHING,1,2024,15,"2024/04/12 00:00:00",NSW1,152734.88330816,103685.50088730,0.678900
D,CO2EII,PUBLISHING,1,2024,15,"2024/04/12 00:00:00",QLD1,157402.08216013,101289.34300899,0.643500
D,CO2EII,PUBLISHING,1,2024,15,"2024/04/12 00:00:00",SA1,22760.94056697,5818.99498630,0.255700
D,CO2EII,PUBLISHING,1,2024,15,"2024/04/12 00:00:00",TAS1,29947.66352785,45.69127906,0.001500
D,CO2EII,PUBLISHING,1,2024,15,"2024/04/12 00:00:00",VIC1,114186.73666957,107464.30445586,0.941100
D,CO2EII,PUBLISHING,1,2024,15,"2024/04/13 00:00:00",NEM,444604.11735553,293205.85698219,0.659500
D,CO2EII,PUBLISHING,1,2024,15,"2024/04/13 00:00:00",NSW1,136968.58879504,96338.15468493,0.703400
D,CO2EII,PUBLISHING,1,2024,15,"2024/04/13 00:00:00",QLD1,157224.29244535,102594.77982303,0.652500
D,CO2EII,PUBLISHING,1,2024,15,"2024/04/13 00:00:00",SA1,23072.35230534,5462.67316594,0.236800
D,CO2EII,PUBLISHING,1,2024,15,"2024/04/13 00:00:00",TAS1,30258.69734559,0.00000000,0.000000
D,CO2EII,PUBLISHING,1,2024,15,"2024/04/13 00:00:00",VIC1,97080.18646421,88810.24930829,0.914800
D,CO2EII,PUBLISHING,1,2024,16,"2024/04/14 00:00:00",NEM,437350.94649905,283908.12872306,0.649200
D,CO2EII,PUBLISHING,1,2024,16,"2024/04/14 00:00:00",NSW1,140385.35337535,97147.52733074,0.692000
D,CO2EII,PUBLISHING,1,2024,16,"2024/04/14 00:00:00",QLD1,155464.35620725,101243.98281332,0.651200
D,CO2EII,PUBLISHING,1,2024,16,"2024/04/14 00:00:00",SA1,25767.84788349,7214.95580508,0.280000
D,CO2EII,PUBLISHING,1,2024,16,"2024/04/14 00:00:00",TAS1,30630.23542715,0.00000000,0.000000
D,CO2EII,PUBLISHING,1,2024,16,"2024/04/14 00:00:00",VIC1,85103.15360581,78301.66277392,0.920100
D,CO2EII,PUBLISHING,1,2024,16,"2024/04/15 00:00:00",NEM,477587.27885029,308301.33741436,0.645500
D,CO2EII,PUBLISHING,1,2024,16,"2024/04/15 00:00:00",NSW1,148747.16264668,104232.37184040,0.700700
D,CO2EII,PUBLISHING,1,2024,16,"2024/04/15 00:00:00",QLD1,166171.91601124,109168.20944893,0.657000
D,CO2EII,PUBLISHING,1,2024,16,"2024/04/15 00:00:00",SA1,29166.53660121,8648.56086841,0.296500
D,CO2EII,PUBLISHING,1,2024,16,"2024/04/15 00:00:00",TAS1,33632.18912776,0.00000000,0.000000
D,CO2EII,PUBLISHING,1,2024,16,"2024/04/15 00:00:00",VIC1,99869.47446340,86252.19525662,0.863600
D,CO2EII,PUBLISHING,1,2024,16,"2024/04/16 00:00:00",NEM,491486.79469596,314168.88814109,0.639200
D,CO2EII,PUBLISHING,1,2024,16,"2024/04/16 00:00:00",NSW1,154619.76741488,108789.95599084,0.703600
D,CO2EII,PUBLISHING,1,2024,16,"2024/04/16 00:00:00",QLD1,170174.75006857,111269.59095676,0.653900
D,CO2EII,PUBLISHING,1,2024,16,"2024/04/16 00:00:00",SA1,33821.69535872,6778.38164988,0.200400
D,CO2EII,PUBLISHING,1,2024,16,"2024/04/16 00:00:00",TAS1,34819.12436849,141.67434182,0.004100
D,CO2EII,PUBLISHING,1,2024,16,"2024/04/16 00:00:00",VIC1,98051.45748530,87189.28520179,0.889200
D,CO2EII,PUBLISHING,1,2024,16,"2024/04/17 00:00:00",NEM,499986.75099378,327580.37788691,0.655200
D,CO2EII,PUBLISHING,1,2024,16,"2024/04/17 00:00:00",NSW1,162484.03093322,111059.40535870,0.683500
D,CO2EII,PUBLISHING,1,2024,16,"2024/04/17 00:00:00",QLD1,167419.66703455,113629.29033180,0.678700
D,CO2EII,PUBLISHING,1,2024,16,"2024/04/17 00:00:00",SA1,34468.60315086,5321.76684986,0.154400
D,CO2EII,PUBLISHING,1,2024,16,"2024/04/17 00:00:00",TAS1,30169.10060395,184.10040380,0.006100
D,CO2EII,PUBLISHING,1,2024,16,"2024/04/17 00:00:00",VIC1,105445.34927120,97385.81494275,0.923600
D,CO2EII,PUBLISHING,1,2024,16,"2024/04/18 00:00:00",NEM,509641.47712130,317260.56684087,0.622500
D,CO2EII,PUBLISHING,1,2024,16,"2024/04/18 00:00:00",NSW1,162034.97812841,106342.88915338,0.656300
D,CO2EII,PUBLISHING,1,2024,16,"2024/04/18 00:00:00",QLD1,161648.76719968,110703.99650485,0.684800
D,CO2EII,PUBLISHING,1,2024,16,"2024/04/18 00:00:00",SA1,34249.08893568,4599.00765643,0.134300
D,CO2EII,PUBLISHING,1,2024,16,"2024/04/18 00:00:00",TAS1,30437.41538652,0.00000000,0.000000
D,CO2EII,PUBLISHING,1,2024,16,"2024/04/18 00:00:00",VIC1,121271.22747101,95614.67352621,0.788400
D,CO2EII,PUBLISHING,1,2024,16,"2024/04/19 00:00:00",NEM,486520.11177408,307989.83436257,0.633000
D,CO2EII,PUBLISHING,1,2024,16,"2024/04/19 00:00:00",NSW1,156073.79987219,110173.32663716,0.705900
D,CO2EII,PUBLISHING,1,2024,16,"2024/04/19 00:00:00",QLD1,150714.83022847,104056.66249045,0.690400
D,CO2EII,PUBLISHING,1,2024,16,"2024/04/19 00:00:00",SA1,35979.50027144,3179.28359924,0.088400
D,CO2EII,PUBLISHING,1,2024,16,"2024/04/19 00:00:00",TAS1,22169.31160565,3.87428924,0.000200
D,CO2EII,PUBLISHING,1,2024,16,"2024/04/19 00:00:00",VIC1,121582.66979633,90576.68734648,0.745000
D,CO2EII,PUBLISHING,1,2024,16,"2024/04/20 00:00:00",NEM,469064.89479289,298403.38343360,0.636200
D,CO2EII,PUBLISHING,1,2024,16,"2024/04/20 00:00:00",NSW1,170956.75117656,104409.28335971,0.610700
D,CO2EII,PUBLISHING,1,2024,16,"2024/04/20 00:00:00",QLD1,145988.30228204,106192.63238523,0.727400
D,CO2EII,PUBLISHING,1,2024,16,"2024/04/20 00:00:00",SA1,28507.58818925,3045.77879387,0.106800
D,CO2EII,PUBLISHING,1,2024,16,"2024/04/20 00:00:00",TAS1,21865.51179997,0.00000000,0.000000
D,CO2EII,PUBLISHING,1,2024,16,"2024/04/20 00:00:00",VIC1,101746.74134507,84755.68889479,0.833000
D,CO2EII,PUBLISHING,1,2024,17,"2024/04/21 00:00:00",NEM,454765.04662882,301962.91226352,0.664000
D,CO2EII,PUBLISHING,1,2024,17,"2024/04/21 00:00:00",NSW1,159639.78305403,101763.39909790,0.637500
D,CO2EII,PUBLISHING,1,2024,17,"2024/04/21 00:00:00",QLD1,150464.17970014,103637.31385103,0.688800
D,CO2EII,PUBLISHING,1,2024,17,"2024/04/21 00:00:00",SA1,24323.29044988,4374.39680844,0.179800
D,CO2EII,PUBLISHING,1,2024,17,"2024/04/21 00:00:00",TAS1,24903.14181988,157.70068635,0.006300
D,CO2EII,PUBLISHING,1,2024,17,"2024/04/21 00:00:00",VIC1,95434.65160489,92030.10181980,0.964300
D,CO2EII,PUBLISHING,1,2024,17,"2024/04/22 00:00:00",NEM,479093.78435541,305057.98124432,0.636700
D,CO2EII,PUBLISHING,1,2024,17,"2024/04/22 00:00:00",NSW1,159078.09322823,104272.74720905,0.655500
D,CO2EII,PUBLISHING,1,2024,17,"2024/04/22 00:00:00",QLD1,157227.50651558,102474.21629048,0.651800
D,CO2EII,PUBLISHING,1,2024,17,"2024/04/22 00:00:00",SA1,29783.32201610,6256.13592659,0.210100
D,CO2EII,PUBLISHING,1,2024,17,"2024/04/22 00:00:00",TAS1,27169.13689885,241.51649940,0.008900
D,CO2EII,PUBLISHING,1,2024,17,"2024/04/22 00:00:00",VIC1,105835.72569665,91813.36531880,0.867500
D,CO2EII,PUBLISHING,1,2024,17,"2024/04/23 00:00:00",NEM,491840.82228103,278589.14555591,0.566400
D,CO2EII,PUBLISHING,1,2024,17,"2024/04/23 00:00:00",NSW1,152258.24960307,96862.88832196,0.636200
D,CO2EII,PUBLISHING,1,2024,17,"2024/04/23 00:00:00",QLD1,150679.06659326,99122.17941784,0.657800
D,CO2EII,PUBLISHING,1,2024,17,"2024/04/23 00:00:00",SA1,35761.01906765,1278.64093898,0.035800
D,CO2EII,PUBLISHING,1,2024,17,"2024/04/23 00:00:00",TAS1,19572.13030862,4.14505929,0.000200
D,CO2EII,PUBLISHING,1,2024,17,"2024/04/23 00:00:00",VIC1,133570.35670843,81321.29181784,0.608800
D,CO2EII,PUBLISHING,1,2024,17,"2024/04/24 00:00:00",NEM,495994.44404557,282747.52388185,0.570100
D,CO2EII,PUBLISHING,1,2024,17,"2024/04/24 00:00:00",NSW1,165224.81150572,96323.56077213,0.583000
D,CO2EII,PUBLISHING,1,2024,17,"2024/04/24 00:00:00",QLD1,147784.04556386,100134.96748613,0.677600
D,CO2EII,PUBLISHING,1,2024,17,"2024/04/24 00:00:00",SA1,33588.25782303,3454.12891943,0.102800
D,CO2EII,PUBLISHING,1,2024,17,"2024/04/24 00:00:00",TAS1,25873.73344122,0.00000000,0.000000
D,CO2EII,PUBLISHING,1,2024,17,"2024/04/24 00:00:00",VIC1,123523.59571174,82834.86670416,0.670600
D,CO2EII,PUBLISHING,1,2024,17,"2024/04/25 00:00:00",NEM,458158.05707235,289682.64877825,0.632300
D,CO2EII,PUBLISHING,1,2024,17,"2024/04/25 00:00:00",NSW1,145328.23493726,96111.74754113,0.661300
D,CO2EII,PUBLISHING,1,2024,17,"2024/04/25 00:00:00",QLD1,144922.63042978,99593.48710974,0.687200
D,CO2EII,PUBLISHING,1,2024,17,"2024/04/25 00:00:00",SA1,28528.62237513,4911.20013335,0.172100
D,CO2EII,PUBLISHING,1,2024,17,"2024/04/25 00:00:00",TAS1,26208.70612241,371.99848382,0.014200
D,CO2EII,PUBLISHING,1,2024,17,"2024/04/25 00:00:00",VIC1,113169.86320777,88694.21551021,0.783700
D,CO2EII,PUBLISHING,1,2024,17,"2024/04/26 00:00:00",NEM,487449.96675790,311966.24676456,0.640000
D,CO2EII,PUBLISHING,1,2024,17,"2024/04/26 00:00:00",NSW1,163320.14987245,105659.06350221,0.646900
D,CO2EII,PUBLISHING,1,2024,17,"2024/04/26 00:00:00",QLD1,157705.05311192,106058.14818748,0.672500
D,CO2EII,PUBLISHING,1,2024,17,"2024/04/26 00:00:00",SA1,27983.59035136,7511.10584612,0.268400
D,CO2EII,PUBLISHING,1,2024,17,"2024/04/26 00:00:00",TAS1,31965.23961744,315.04611643,0.009900
D,CO2EII,PUBLISHING,1,2024,17,"2024/04/26 00:00:00",VIC1,106475.93380473,92422.88311232,0.868000
D,CO2EII,PUBLISHING,1,2024,17,"2024/04/27 00:00:00",NEM,450263.66168811,290211.70287084,0.644500
D,CO2EII,PUBLISHING,1,2024,17,"2024/04/27 00:00:00",NSW1,153452.59748641,99369.15545529,0.647600
D,CO2EII,PUBLISHING,1,2024,17,"2024/04/27 00:00:00",QLD1,149678.94259144,98393.16020495,0.657400
D,CO2EII,PUBLISHING,1,2024,17,"2024/04/27 00:00:00",SA1,25548.16113222,6666.12940599,0.260900
D,CO2EII,PUBLISHING,1,2024,17,"2024/04/27 00:00:00",TAS1,29428.60794681,196.70457617,0.006700
D,CO2EII,PUBLISHING,1,2024,17,"2024/04/27 00:00:00",VIC1,92155.35253123,85586.55322844,0.928700
D,CO2EII,PUBLISHING,1,2024,18,"2024/04/28 00:00:00",NEM,443418.13845795,275228.15112763,0.620700
D,CO2EII,PUBLISHING,1,2024,18,"2024/04/28 00:00:00",NSW1,142879.85249452,92560.02326850,0.647800
D,CO2EII,PUBLISHING,1,2024,18,"2024/04/28 00:00:00",QLD1,147909.51731396,98884.64228306,0.668500
D,CO2EII,PUBLISHING,1,2024,18,"2024/04/28 00:00:00",SA1,18739.15454785,4664.67123836,0.248900
D,CO2EII,PUBLISHING,1,2024,18,"2024/04/28 00:00:00",TAS1,30040.57558049,0.00000000,0.000000
D,CO2EII,PUBLISHING,1,2024,18,"2024/04/28 00:00:00",VIC1,103849.03852113,79118.81433771,0.761900
D,CO2EII,PUBLISHING,1,2024,18,"2024/04/29 00:00:00",NEM,502222.47074637,296085.22922296,0.589500
D,CO2EII,PUBLISHING,1,2024,18,"2024/04/29 00:00:00",NSW1,156382.56210210,102248.44206389,0.653800
D,CO2EII,PUBLISHING,1,2024,18,"2024/04/29 00:00:00",QLD1,160949.38669003,104085.91705629,0.646700
D,CO2EII,PUBLISHING,1,2024,18,"2024/04/29 00:00:00",SA1,32973.71710063,7141.10638898,0.216600
D,CO2EII,PUBLISHING,1,2024,18,"2024/04/29 00:00:00",TAS1,35864.81112555,0.00000000,0.000000
D,CO2EII,PUBLISHING,1,2024,18,"2024/04/29 00:00:00",VIC1,116051.99372806,82609.76371380,0.711800
D,CO2EII,PUBLISHING,1,2024,18,"2024/04/30 00:00:00",NEM,520139.04275537,297894.89519574,0.572700
D,CO2EII,PUBLISHING,1,2024,18,"2024/04/30 00:00:00",NSW1,172418.63669802,111927.90683770,0.649200
D,CO2EII,PUBLISHING,1,2024,18,"2024/04/30 00:00:00",QLD1,159546.35100128,107346.22998649,0.672800
D,CO2EII,PUBLISHING,1,2024,18,"2024/04/30 00:00:00",SA1,40765.11059018,4045.04803981,0.099200
D,CO2EII,PUBLISHING,1,2024,18,"2024/04/30 00:00:00",TAS1,30360.25103941,157.95581797,0.005200
D,CO2EII,PUBLISHING,1,2024,18,"2024/04/30 00:00:00",VIC1,117048.69342648,74417.75451377,0.635800
D,CO2EII,PUBLISHING,1,2024,18,"2024/05/01 00:00:00",NEM,503782.16088697,290486.44959204,0.576600
D,CO2EII,PUBLISHING,1,2024,18,"2024/05/01 00:00:00",NSW1,172843.63818650,104548.48512272,0.604900
D,CO2EII,PUBLISHING,1,2024,18,"2024/05/01 00:00:00",QLD1,149530.92567876,103835.10411288,0.694400
D,CO2EII,PUBLISHING,1,2024,18,"2024/05/01 00:00:00",SA1,39808.73540430,4307.77806498,0.108200
D,CO2EII,PUBLISHING,1,2024,18,"2024/05/01 00:00:00",TAS1,25352.89055184,55.82774581,0.002200
D,CO2EII,PUBLISHING,1,2024,18,"2024/05/01 00:00:00",VIC1,116245.97106557,77739.25454565,0.668700
D,CO2EII,PUBLISHING,1,2024,18,"2024/05/02 00:00:00",NEM,510805.82521349,298046.77528175,0.583500
D,CO2EII,PUBLISHING,1,2024,18,"2024/05/02 00:00:00",NSW1,174071.31413127,99770.01776903,0.573200
D,CO2EII,PUBLISHING,1,2024,18,"2024/05/02 00:00:00",QLD1,157365.90421106,106383.27018872,0.676000
D,CO2EII,PUBLISHING,1,2024,18,"2024/05/02 00:00:00",SA1,40322.63233386,5626.72412828,0.139500
D,CO2EII,PUBLISHING,1,2024,18,"2024/05/02 00:00:00",TAS1,31006.40238658,326.78245839,0.010500
D,CO2EII,PUBLISHING,1,2024,18,"2024/05/02 00:00:00",VIC1,108039.57215072,85939.98073733,0.795400
D,CO2EII,PUBLISHING,1,2024,18,"2024/05/03 00:00:00",NEM,517165.53887040,313051.81951918,0.605300
D,CO2EII,PUBLISHING,1,2024,18,"2024/05/03 00:00:00",NSW1,185932.76126447,109337.73196494,0.588000
D,CO2EII,PUBLISHING,1,2024,18,"2024/05/03 00:00:00",QLD1,161220.08480354,110410.64650653,0.684800
D,CO2EII,PUBLISHING,1,2024,18,"2024/05/03 00:00:00",SA1,31172.39546552,6227.81002710,0.199800
D,CO2EII,PUBLISHING,1,2024,18,"2024/05/03 00:00:00",TAS1,31281.36486087,654.02282966,0.020900
D,CO2EII,PUBLISHING,1,2024,18,"2024/05/03 00:00:00",VIC1,107558.93247600,86421.60819095,0.803500
D,CO2EII,PUBLISHING,1,2024,18,"2024/05/04 00:00:00",NEM,489573.21079913,317503.19730794,0.648500
D,CO2EII,PUBLISHING,1,2024,18,"2024/05/04 00:00:00",NSW1,167962.93279150,105554.73201184,0.628400
D,CO2EII,PUBLISHING,1,2024,18,"2024/05/04 00:00:00",QLD1,160524.47531339,107321.46657257,0.668600
D,CO2EII,PUBLISHING,1,2024,18,"2024/05/04 00:00:00",SA1,22971.71671263,4906.85223473,0.213600
D,CO2EII,PUBLISHING,1,2024,18,"2024/05/04 00:00:00",TAS1,21919.68154031,711.03599371,0.032400
D,CO2EII,PUBLISHING,1,2024,18,"2024/05/04 00:00:00",VIC1,116194.40444130,99009.11049509,0.852100
D,CO2EII,PUBLISHING,1,2024,19,"2024/05/05 00:00:00",NEM,478046.51022243,304274.58683508,0.636500
D,CO2EII,PUBLISHING,1,2024,19,"2024/05/05 00:00:00",NSW1,161194.86942391,101118.09071841,0.627300
D,CO2EII,PUBLISHING,1,2024,19,"2024/05/05 00:00:00",QLD1,151808.12072256,106556.47346857,0.701900
D,CO2EII,PUBLISHING,1,2024,19,"2024/05/05 00:00:00",SA1,27425.85905880,3656.58330988,0.133300
D,CO2EII,PUBLISHING,1,2024,19,"2024/05/05 00:00:00",TAS1,20639.68383256,710.89378536,0.034400
D,CO2EII,PUBLISHING,1,2024,19,"2024/05/05 00:00:00",VIC1,116977.97718460,92232.54555286,0.788500
D,CO2EII,PUBLISHING,1,2024,19,"2024/05/06 00:00:00",NEM,503337.42262546,302244.60531623,0.600500
D,CO2EII,PUBLISHING,1,2024,19,"2024/05/06 00:00:00",NSW1,175559.82326531,97623.89261816,0.556100
D,CO2EII,PUBLISHING,1,2024,19,"2024/05/06 00:00:00",QLD1,148303.82932062,103161.22052420,0.695600
D,CO2EII,PUBLISHING,1,2024,19,"2024/05/06 00:00:00",SA1,31038.00893948,3249.24779306,0.104700
D,CO2EII,PUBLISHING,1,2024,19,"2024/05/06 00:00:00",TAS1,20863.91440812,711.24084580,0.034100
D,CO2EII,PUBLISHING,1,2024,19,"2024/05/06 00:00:00",VIC1,127571.84669193,97499.00353501,0.764300
D,CO2EII,PUBLISHING,1,2024,19,"2024/05/07 00:00:00",NEM,513706.50551556,330295.03743585,0.643000
D,CO2EII,PUBLISHING,1,2024,19,"2024/05/07 00:00:00",NSW1,175575.46936910,107420.63622502,0.611800
D,CO2EII,PUBLISHING,1,2024,19,"2024/05/07 00:00:00",QLD1,155073.28850421,106040.66854509,0.683800
D,CO2EII,PUBLISHING,1,2024,19,"2024/05/07 00:00:00",SA1,37632.32188533,5279.55133185,0.140300
D,CO2EII,PUBLISHING,1,2024,19,"2024/05/07 00:00:00",TAS1,24868.68322543,985.74033501,0.039600
D,CO2EII,PUBLISHING,1,2024,19,"2024/05/07 00:00:00",VIC1,120556.74253149,110568.44099888,0.917100
D,CO2EII,PUBLISHING,1,2024,19,"2024/05/08 00:00:00",NEM,515684.20463861,325324.07892788,0.630900
D,CO2EII,PUBLISHING,1,2024,19,"2024/05/08 00:00:00",NSW1,170921.67650104,99101.83001675,0.579800
D,CO2EII,PUBLISHING,1,2024,19,"2024/05/08 00:00:00",QLD1,157532.54464851,104515.92465728,0.663500
D,CO2EII,PUBLISHING,1,2024,19,"2024/05/08 00:00:00",SA1,38791.11839315,5838.83838896,0.150500
D,CO2EII,PUBLISHING,1,2024,19,"2024/05/08 00:00:00",TAS1,22707.38997524,1314.42270814,0.057900
D,CO2EII,PUBLISHING,1,2024,19,"2024/05/08 00:00:00",VIC1,125731.47512067,114553.06315675,0.911100
D,CO2EII,PUBLISHING,1,2024,19,"2024/05/09 00:00:00",NEM,521259.76359835,343632.32434221,0.659200
D,CO2EII,PUBLISHING,1,2024,19,"2024/05/09 00:00:00",NSW1,173051.93165787,108454.19362621,0.626700
D,CO2EII,PUBLISHING,1,2024,19,"2024/05/09 00:00:00",QLD1,157616.05683014,109365.36596260,0.693900
D,CO2EII,PUBLISHING,1,2024,19,"2024/05/09 00:00:00",SA1,36294.97374514,6741.06575211,0.185700
D,CO2EII,PUBLISHING,1,2024,19,"2024/05/09 00:00:00",TAS1,25642.17913569,1345.10106414,0.052500
D,CO2EII,PUBLISHING,1,2024,19,"2024/05/09 00:00:00",VIC1,128654.62222951,117726.59793715,0.915100
D,CO2EII,PUBLISHING,1,2024,19,"2024/05/10 00:00:00",NEM,517454.29809744,344883.25323747,0.666500
D,CO2EII,PUBLISHING,1,2024,19,"2024/05/10 00:00:00",NSW1,182162.99955315,114755.93631015,0.630000
D,CO2EII,PUBLISHING,1,2024,19,"2024/05/10 00:00:00",QLD1,152880.31847437,104579.07180734,0.684100
D,CO2EII,PUBLISHING,1,2024,19,"2024/05/10 00:00:00",SA1,31490.00931886,7037.17370333,0.223500
D,CO2EII,PUBLISHING,1,2024,19,"2024/05/10 00:00:00",TAS1,24723.96728309,1574.68352108,0.063700
D,CO2EII,PUBLISHING,1,2024,19,"2024/05/10 00:00:00",VIC1,126197.00346797,116936.38789557,0.926600
D,CO2EII,PUBLISHING,1,2024,19,"2024/05/11 00:00:00",NEM,494360.05797609,345311.80267624,0.698500
D,CO2EII,PUBLISHING,1,2024,19,"2024/05/11 00:00:00",NSW1,176983.07358818,120021.87201799,0.678200
D,CO2EII,PUBLISHING,1,2024,19,"2024/05/11 00:00:00",QLD1,148961.08056513,104919.10308833,0.704300
D,CO2EII,PUBLISHING,1,2024,19,"2024/05/11 00:00:00",SA1,23262.03683058,6208.51210725,0.266900
D,CO2EII,PUBLISHING,1,2024,19,"2024/05/11 00:00:00",TAS1,19481.72354865,1301.21783527,0.066800
D,CO2EII,PUBLISHING,1,2024,19,"2024/05/11 00:00:00",VIC1,125672.14344355,112861.09762740,0.898100
D,CO2EII,PUBLISHING,1,2024,20,"2024/05/12 00:00:00",NEM,467768.26406148,336482.11477355,0.719300
D,CO2EII,PUBLISHING,1,2024,20,"2024/05/12 00:00:00",NSW1,167454.58237374,112625.90604182,0.672600
D,CO2EII,PUBLISHING,1,2024,20,"2024/05/12 00:00:00",QLD1,148747.89998752,105537.04810369,0.709500
D,CO2EII,PUBLISHING,1,2024,20,"2024/05/12 00:00:00",SA1,18425.97046247,6109.33055875,0.331600
D,CO2EII,PUBLISHING,1,2024,20,"2024/05/12 00:00:00",TAS1,20273.45245348,1427.36410609,0.070400
D,CO2EII,PUBLISHING,1,2024,20,"2024/05/12 00:00:00",VIC1,112866.35878427,110782.46596320,0.981500
D,CO2EII,PUBLISHING,1,2024,20,"2024/05/13 00:00:00",NEM,498711.35158908,344717.96176464,0.691200
D,CO2EII,PUBLISHING,1,2024,20,"2024/05/13 00:00:00",NSW1,168545.47316382,119689.24741824,0.710100
D,CO2EII,PUBLISHING,1,2024,20,"2024/05/13 00:00:00",QLD1,149870.81246929,103254.39314966,0.689000
D,CO2EII,PUBLISHING,1,2024,20,"2024/05/13 00:00:00",SA1,24435.95898901,8448.47625040,0.345700
D,CO2EII,PUBLISHING,1,2024,20,"2024/05/13 00:00:00",TAS1,24258.72779757,1230.82855236,0.050700
D,CO2EII,PUBLISHING,1,2024,20,"2024/05/13 00:00:00",VIC1,131600.37916939,112095.01639398,0.851800
D,CO2EII,PUBLISHING,1,2024,20,"2024/05/14 00:00:00",NEM,500513.75680583,350610.12108681,0.700500
D,CO2EII,PUBLISHING,1,2024,20,"2024/05/14 00:00:00",NSW1,168798.35450320,120095.10769529,0.711500
D,CO2EII,PUBLISHING,1,2024,20,"2024/05/14 00:00:00",QLD1,148156.61093610,105061.71922175,0.709100
D,CO2EII,PUBLISHING,1,2024,20,"2024/05/14 00:00:00",SA1,27704.33029871,8851.82269931,0.319500
D,CO2EII,PUBLISHING,1,2024,20,"2024/05/14 00:00:00",TAS1,27425.42937404,1282.74351714,0.046800
D,CO2EII,PUBLISHING,1,2024,20,"2024/05/14 00:00:00",VIC1,128429.03169378,115318.72795332,0.897900
D,CO2EII,PUBLISHING,1,2024,20,"2024/05/15 00:00:00",NEM,503885.19145292,350241.12789457,0.695100
D,CO2EII,PUBLISHING,1,2024,20,"2024/05/15 00:00:00",NSW1,168005.64487551,120078.64126398,0.714700
D,CO2EII,PUBLISHING,1,2024,20,"2024/05/15 00:00:00",QLD1,153072.39290595,105377.08568040,0.688400
D,CO2EII,PUBLISHING,1,2024,20,"2024/05/15 00:00:00",SA1,25568.32464030,8189.00353365,0.320300
D,CO2EII,PUBLISHING,1,2024,20,"2024/05/15 00:00:00",TAS1,29661.67792549,925.00480203,0.031200
D,CO2EII,PUBLISHING,1,2024,20,"2024/05/15 00:00:00",VIC1,127577.15110567,115671.39261451,0.906700
D,CO2EII,PUBLISHING,1,2024,20,"2024/05/16 00:00:00",NEM,514385.49974056,360225.58315806,0.700300
D,CO2EII,PUBLISHING,1,2024,20,"2024/05/16 00:00:00",NSW1,172471.28180691,124427.21080773,0.721400
D,CO2EII,PUBLISHING,1,2024,20,"2024/05/16 00:00:00",QLD1,158008.95699573,109700.01751293,0.694300
D,CO2EII,PUBLISHING,1,2024,20,"2024/05/16 00:00:00",SA1,30622.44788329,8233.74169761,0.268900
D,CO2EII,PUBLISHING,1,2024,20,"2024/05/16 00:00:00",TAS1,29373.44374140,834.51212933,0.028400
D,CO2EII,PUBLISHING,1,2024,20,"2024/05/16 00:00:00",VIC1,123909.36931323,117030.10101046,0.944500
D,CO2EII,PUBLISHING,1,2024,20,"2024/05/17 00:00:00",NEM,517850.58306169,333902.78447524,0.644800
D,CO2EII,PUBLISHING,1,2024,20,"2024/05/17 00:00:00",NSW1,167979.11118669,118904.34953798,0.707900
D,CO2EII,PUBLISHING,1,2024,20,"2024/05/17 00:00:00",QLD1,153210.90564298,105753.52992184,0.690200
D,CO2EII,PUBLISHING,1,2024,20,"2024/05/17 00:00:00",SA1,32210.11525211,5521.19897414,0.171400
D,CO2EII,PUBLISHING,1,2024,20,"2024/05/17 00:00:00",TAS1,25385.15997683,403.32905916,0.015900
D,CO2EII,PUBLISHING,1,2024,20,"2024/05/17 00:00:00",VIC1,139065.29100308,103320.37698212,0.743000
D,CO2EII,PUBLISHING,1,2024,20,"2024/05/18 00:00:00",NEM,499075.76610518,316031.57525325,0.633200
D,CO2EII,PUBLISHING,1,2024,20,"2024/05/18 00:00:00",NSW1,170297.40969998,111359.98194469,0.653900
D,CO2EII,PUBLISHING,1,2024,20,"2024/05/18 00:00:00",QLD1,145517.28067665,101053.90847330,0.694400
D,CO2EII,PUBLISHING,1,2024,20,"2024/05/18 00:00:00",SA1,34773.91489644,4057.96361347,0.116700
D,CO2EII,PUBLISHING,1,2024,20,"2024/05/18 00:00:00",TAS1,24516.64942504,1205.41350573,0.049200
D,CO2EII,PUBLISHING,1,2024,20,"2024/05/18 00:00:00",VIC1,123970.51140707,98354.30771606,0.793400
D,CO2EII,PUBLISHING,1,2024,21,"2024/05/19 00:00:00",NEM,499787.24196850,320797.05011844,0.641900
D,CO2EII,PUBLISHING,1,2024,21,"2024/05/19 00:00:00",NSW1,159814.16599620,109317.95299866,0.684000
D,CO2EII,PUBLISHING,1,2024,21,"2024/05/19 00:00:00",QLD1,144053.41780972,100133.75857234,0.695100
D,CO2EII,PUBLISHING,1,2024,21,"2024/05/19 00:00:00",SA1,30140.45714682,5657.96249311,0.187700
D,CO2EII,PUBLISHING,1,2024,21,"2024/05/19 00:00:00",TAS1,20682.08155086,1119.59673058,0.054100
D,CO2EII,PUBLISHING,1,2024,21,"2024/05/19 00:00:00",VIC1,145097.11946490,104567.77932375,0.720700
D,CO2EII,PUBLISHING,1,2024,21,"2024/05/20 00:00:00",NEM,537364.15679245,355297.93574727,0.661200
D,CO2EII,PUBLISHING,1,2024,21,"2024/05/20 00:00:00",NSW1,178141.95621541,126352.90811006,0.709300
D,CO2EII,PUBLISHING,1,2024,21,"2024/05/20 00:00:00",QLD1,160495.57187581,109594.66397607,0.682900
D,CO2EII,PUBLISHING,1,2024,21,"2024/05/20 00:00:00",SA1,34143.05676564,7615.02788163,0.223000
D,CO2EII,PUBLISHING,1,2024,21,"2024/05/20 00:00:00",TAS1,27180.79116193,1590.99615452,0.058500
D,CO2EII,PUBLISHING,1,2024,21,"2024/05/20 00:00:00",VIC1,137402.78077366,110144.33962499,0.801600
D,CO2EII,PUBLISHING,1,2024,21,"2024/05/21 00:00:00",NEM,543874.90534300,357288.10823299,0.656900
D,CO2EII,PUBLISHING,1,2024,21,"2024/05/21 00:00:00",NSW1,176592.96287105,121480.56032343,0.687900
D,CO2EII,PUBLISHING,1,2024,21,"2024/05/21 00:00:00",QLD1,165140.39125295,111830.03852396,0.677200
D,CO2EII,PUBLISHING,1,2024,21,"2024/05/21 00:00:00",SA1,35282.02138810,9222.49777387,0.261400
D,CO2EII,PUBLISHING,1,2024,21,"2024/05/21 00:00:00",TAS1,28873.22188204,1707.89632209,0.059200
D,CO2EII,PUBLISHING,1,2024,21,"2024/05/21 00:00:00",VIC1,137986.30794886,113047.11528964,0.819300
D,CO2EII,PUBLISHING,1,2024,21,"2024/05/22 00:00:00",NEM,538556.09235651,363467.33407988,0.674900
D,CO2EII,PUBLISHING,1,2024,21,"2024/05/22 00:00:00",NSW1,175543.21102771,125119.00089598,0.712800
D,CO2EII,PUBLISHING,1,2024,21,"2024/05/22 00:00:00",QLD1,168625.12976725,113131.72438729,0.670900
D,CO2EII,PUBLISHING,1,2024,21,"2024/05/22 00:00:00",SA1,32742.63584216,10079.62480397,0.307800
D,CO2EII,PUBLISHING,1,2024,21,"2024/05/22 00:00:00",TAS1,30070.01166340,1722.98085301,0.057300
D,CO2EII,PUBLISHING,1,2024,21,"2024/05/22 00:00:00",VIC1,131575.10405599,113414.00313963,0.862000
D,CO2EII,PUBLISHING,1,2024,21,"2024/05/23 00:00:00",NEM,539036.28189559,371301.40846993,0.688800
D,CO2EII,PUBLISHING,1,2024,21,"2024/05/23 00:00:00",NSW1,175544.36781247,129763.34646007,0.739200
D,CO2EII,PUBLISHING,1,2024,21,"2024/05/23 00:00:00",QLD1,164851.47187394,113709.27746512,0.689800
D,CO2EII,PUBLISHING,1,2024,21,"2024/05/23 00:00:00",SA1,33828.73405046,9808.45035101,0.289900
D,CO2EII,PUBLISHING,1,2024,21,"2024/05/23 00:00:00",TAS1,30766.30299675,877.77723921,0.028500
D,CO2EII,PUBLISHING,1,2024,21,"2024/05/23 00:00:00",VIC1,134045.40516197,117142.55695452,0.873900
D,CO2EII,PUBLISHING,1,2024,21,"2024/05/24 00:00:00",NEM,541474.87720435,374873.42998503,0.692300
D,CO2EII,PUBLISHING,1,2024,21,"2024/05/24 00:00:00",NSW1,176449.38142077,133277.24784615,0.755300
D,CO2EII,PUBLISHING,1,2024,21,"2024/05/24 00:00:00",QLD1,165156.69413899,114203.23775000,0.691500
D,CO2EII,PUBLISHING,1,2024,21,"2024/05/24 00:00:00",SA1,33797.06586747,10812.52945765,0.319900
D,CO2EII,PUBLISHING,1,2024,21,"2024/05/24 00:00:00",TAS1,31656.68068908,1433.52665737,0.045300
D,CO2EII,PUBLISHING,1,2024,21,"2024/05/24 00:00:00",VIC1,134415.05508804,115146.88827386,0.856700
D,CO2EII,PUBLISHING,1,2024,21,"2024/05/25 00:00:00",NEM,504795.60526632,359578.96527552,0.712300
D,CO2EII,PUBLISHING,1,2024,21,"2024/05/25 00:00:00",NSW1,163483.72902863,125747.83629761,0.769200
D,CO2EII,PUBLISHING,1,2024,21,"2024/05/25 00:00:00",QLD1,166814.76975983,112899.10583962,0.676800
D,CO2EII,PUBLISHING,1,2024,21,"2024/05/25 00:00:00",SA1,27778.38986288,8336.97693335,0.300100
D,CO2EII,PUBLISHING,1,2024,21,"2024/05/25 00:00:00",TAS1,27200.84856459,1532.76161480,0.056300
D,CO2EII,PUBLISHING,1,2024,21,"2024/05/25 00:00:00",VIC1,119517.86805039,111062.28459014,0.929300
D,CO2EII,PUBLISHING,1,2024,22,"2024/05/26 00:00:00",NEM,487304.53409285,346500.81315302,0.711100
D,CO2EII,PUBLISHING,1,2024,22,"2024/05/26 00:00:00",NSW1,161221.09100970,123395.78136576,0.765400
D,CO2EII,PUBLISHING,1,2024,22,"2024/05/26 00:00:00",QLD1,154256.60193903,106997.10585731,0.693600
D,CO2EII,PUBLISHING,1,2024,22,"2024/05/26 00:00:00",SA1,24983.48821148,7797.23791750,0.312100
D,CO2EII,PUBLISHING,1,2024,22,"2024/05/26 00:00:00",TAS1,30773.27432077,1381.29596110,0.044900
D,CO2EII,PUBLISHING,1,2024,22,"2024/05/26 00:00:00",VIC1,116070.07861187,106929.39205135,0.921200
D,CO2EII,PUBLISHING,1,2024,22,"2024/05/27 00:00:00",NEM,526826.47794515,363851.32922263,0.690600
D,CO2EII,PUBLISHING,1,2024,22,"2024/05/27 00:00:00",NSW1,176414.12984910,131105.32865440,0.743200
D,CO2EII,PUBLISHING,1,2024,22,"2024/05/27 00:00:00",QLD1,162294.78618803,111821.78009891,0.689000
D,CO2EII,PUBLISHING,1,2024,22,"2024/05/27 00:00:00",SA1,25181.20065712,9133.00271455,0.362700
D,CO2EII,PUBLISHING,1,2024,22,"2024/05/27 00:00:00",TAS1,31382.91136250,873.92842472,0.027800
D,CO2EII,PUBLISHING,1,2024,22,"2024/05/27 00:00:00",VIC1,131553.44988840,110917.28933005,0.843100
D,CO2EII,PUBLISHING,1,2024,22,"2024/05/28 00:00:00",NEM,535221.88944225,351462.59705711,0.656700
D,CO2EII,PUBLISHING,1,2024,22,"2024/05/28 00:00:00",NSW1,170687.96385711,120840.41438906,0.708000
D,CO2EII,PUBLISHING,1,2024,22,"2024/05/28 00:00:00",QLD1,170273.98712930,115901.36892695,0.680700
D,CO2EII,PUBLISHING,1,2024,22,"2024/05/28 00:00:00",SA1,28763.33752071,6585.87700341,0.229000
D,CO2EII,PUBLISHING,1,2024,22,"2024/05/28 00:00:00",TAS1,23988.48659257,667.00106380,0.027800
D,CO2EII,PUBLISHING,1,2024,22,"2024/05/28 00:00:00",VIC1,141508.11434256,107467.93567389,0.759400
D,CO2EII,PUBLISHING,1,2024,22,"2024/05/29 00:00:00",NEM,535112.55713540,304160.09053351,0.568400
D,CO2EII,PUBLISHING,1,2024,22,"2024/05/29 00:00:00",NSW1,163670.92226326,110230.40309197,0.673500
D,CO2EII,PUBLISHING,1,2024,22,"2024/05/29 00:00:00",QLD1,161920.08070582,107080.68159144,0.661300
D,CO2EII,PUBLISHING,1,2024,22,"2024/05/29 00:00:00",SA1,41668.22456133,1348.47345268,0.032400
D,CO2EII,PUBLISHING,1,2024,22,"2024/05/29 00:00:00",TAS1,19283.28513956,252.24224842,0.013100
D,CO2EII,PUBLISHING,1,2024,22,"2024/05/29 00:00:00",VIC1,148570.04446543,85248.29014900,0.573800
D,CO2EII,PUBLISHING,1,2024,22,"2024/05/30 00:00:00",NEM,542640.65364621,295414.91500702,0.544400
D,CO2EII,PUBLISHING,1,2024,22,"2024/05/30 00:00:00",NSW1,167099.79633456,103120.50118979,0.617100
D,CO2EII,PUBLISHING,1,2024,22,"2024/05/30 00:00:00",QLD1,154840.54720557,105802.23977960,0.683300
D,CO2EII,PUBLISHING,1,2024,22,"2024/05/30 00:00:00",SA1,42729.57240751,1028.63203551,0.024100
D,CO2EII,PUBLISHING,1,2024,22,"2024/05/30 00:00:00",TAS1,19614.01002072,128.88408697,0.006600
D,CO2EII,PUBLISHING,1,2024,22,"2024/05/30 00:00:00",VIC1,158356.72767785,85334.65791515,0.538900
D,CO2EII,PUBLISHING,1,2024,22,"2024/05/31 00:00:00",NEM,538975.39663622,316065.15642863,0.586400
D,CO2EII,PUBLISHING,1,2024,22,"2024/05/31 00:00:00",NSW1,178081.11722370,113396.43294346,0.636800
D,CO2EII,PUBLISHING,1,2024,22,"2024/05/31 00:00:00",QLD1,154518.32753180,111046.79603543,0.718700
D,CO2EII,PUBLISHING,1,2024,22,"2024/05/31 00:00:00",SA1,35889.64651282,4688.43807434,0.130600
D,CO2EII,PUBLISHING,1,2024,22,"2024/05/31 00:00:00",TAS1,24162.40076034,152.68750241,0.006300
D,CO2EII,PUBLISHING,1,2024,22,"2024/05/31 00:00:00",VIC1,146323.90460756,86780.80187299,0.593100
D,CO2EII,PUBLISHING,1,2024,22,"2024/06/01 00:00:00",NEM,528689.31683062,367750.84000403,0.695600
D,CO2EII,PUBLISHING,1,2024,22,"2024/06/01 00:00:00",NSW1,185825.85496405,126015.13683051,0.678100
D,CO2EII,PUBLISHING,1,2024,22,"2024/06/01 00:00:00",QLD1,155972.43294656,118048.45097376,0.756900
D,CO2EII,PUBLISHING,1,2024,22,"2024/06/01 00:00:00",SA1,28092.70241053,8051.36259249,0.286600
D,CO2EII,PUBLISHING,1,2024,22,"2024/06/01 00:00:00",TAS1,22431.11852811,302.16479528,0.013500
D,CO2EII,PUBLISHING,1,2024,22,"2024/06/01 00:00:00",VIC1,136367.20798137,115333.72481199,0.845800
D,CO2EII,PUBLISHING,1,2024,23,"2024/06/02 00:00:00",NEM,513374.25283967,352269.10373353,0.686200
D,CO2EII,PUBLISHING,1,2024,23,"2024/06/02 00:00:00",NSW1,171049.61282907,120398.65935872,0.703900
D,CO2EII,PUBLISHING,1,2024,23,"2024/06/02 00:00:00",QLD1,154156.18388705,109007.69916329,0.707100
D,CO2EII,PUBLISHING,1,2024,23,"2024/06/02 00:00:00",SA1,24440.39079998,7209.08874994,0.295000
D,CO2EII,PUBLISHING,1,2024,23,"2024/06/02 00:00:00",TAS1,23763.12526001,0.00000000,0.000000
D,CO2EII,PUBLISHING,1,2024,23,"2024/06/02 00:00:00",VIC1,139964.94006356,115653.65646158,0.826300
D,CO2EII,PUBLISHING,1,2024,23,"2024/06/03 00:00:00",NEM,566383.51721640,370961.44435789,0.655000
D,CO2EII,PUBLISHING,1,2024,23,"2024/06/03 00:00:00",NSW1,196449.04814692,125777.24051003,0.640300
D,CO2EII,PUBLISHING,1,2024,23,"2024/06/03 00:00:00",QLD1,157682.38763009,111667.50830793,0.708200
D,CO2EII,PUBLISHING,1,2024,23,"2024/06/03 00:00:00",SA1,43800.26451101,10941.06367139,0.249800
D,CO2EII,PUBLISHING,1,2024,23,"2024/06/03 00:00:00",TAS1,28203.39280081,184.46263192,0.006500
D,CO2EII,PUBLISHING,1,2024,23,"2024/06/03 00:00:00",VIC1,140248.42412757,122391.16923662,0.872700
D,CO2EII,PUBLISHING,1,2024,23,"2024/06/04 00:00:00",NEM,575951.12652652,399686.35019084,0.694000
D,CO2EII,PUBLISHING,1,2024,23,"2024/06/04 00:00:00",NSW1,203241.03718383,144377.42030607,0.710400
D,CO2EII,PUBLISHING,1,2024,23,"2024/06/04 00:00:00",QLD1,161471.19724539,114274.10581635,0.707700
D,CO2EII,PUBLISHING,1,2024,23,"2024/06/04 00:00:00",SA1,37457.98026630,14147.51761145,0.377700
D,CO2EII,PUBLISHING,1,2024,23,"2024/06/04 00:00:00",TAS1,35965.50469289,558.11972042,0.015500
D,CO2EII,PUBLISHING,1,2024,23,"2024/06/04 00:00:00",VIC1,137815.40713811,126329.18673655,0.916700
D,CO2EII,PUBLISHING,1,2024,23,"2024/06/05 00:00:00",NEM,567913.88025854,399012.73112408,0.702600
D,CO2EII,PUBLISHING,1,2024,23,"2024/06/05 00:00:00",NSW1,197672.21005924,145016.82357284,0.733600
D,CO2EII,PUBLISHING,1,2024,23,"2024/06/05 00:00:00",QLD1,163721.61704854,118808.67729301,0.725700
D,CO2EII,PUBLISHING,1,2024,23,"2024/06/05 00:00:00",SA1,33003.01657302,11360.50285396,0.344200
D,CO2EII,PUBLISHING,1,2024,23,"2024/06/05 00:00:00",TAS1,29614.67286389,485.10522366,0.016400
D,CO2EII,PUBLISHING,1,2024,23,"2024/06/05 00:00:00",VIC1,143902.36371385,123341.62218061,0.857100
D,CO2EII,PUBLISHING,1,2024,23,"2024/06/06 00:00:00",NEM,558739.86327846,378696.82341959,0.677800
D,CO2EII,PUBLISHING,1,2024,23,"2024/06/06 00:00:00",NSW1,199094.06599366,138511.87553121,0.695700
D,CO2EII,PUBLISHING,1,2024,23,"2024/06/06 00:00:00",QLD1,158294.84027639,115659.60120483,0.730700
D,CO2EII,PUBLISHING,1,2024,23,"2024/06/06 00:00:00",SA1,31086.51802741,10421.18822704,0.335200
D,CO2EII,PUBLISHING,1,2024,23,"2024/06/06 00:00:00",TAS1,25540.29417566,607.27805845,0.023800
D,CO2EII,PUBLISHING,1,2024,23,"2024/06/06 00:00:00",VIC1,144724.14480534,113496.88039806,0.784200
D,CO2EII,PUBLISHING,1,2024,23,"2024/06/07 00:00:00",NEM,556065.45446876,376080.23772911,0.676300
D,CO2EII,PUBLISHING,1,2024,23,"2024/06/07 00:00:00",NSW1,196748.96084046,137215.80474658,0.697400
D,CO2EII,PUBLISHING,1,2024,23,"2024/06/07 00:00:00",QLD1,160009.14624290,114853.94935728,0.717800
D,CO2EII,PUBLISHING,1,2024,23,"2024/06/07 00:00:00",SA1,27480.82573591,9135.52609993,0.332400
D,CO2EII,PUBLISHING,1,2024,23,"2024/06/07 00:00:00",TAS1,30896.68618040,2523.11404126,0.081700
D,CO2EII,PUBLISHING,1,2024,23,"2024/06/07 00:00:00",VIC1,140929.83546909,112351.84348406,0.797200
D,CO2EII,PUBLISHING,1,2024,23,"2024/06/08 00:00:00",NEM,511990.79606393,354380.41232434,0.692200
D,CO2EII,PUBLISHING,1,2024,23,"2024/06/08 00:00:00",NSW1,174491.62721780,122051.44649240,0.699500
D,CO2EII,PUBLISHING,1,2024,23,"2024/06/08 00:00:00",QLD1,155476.74132617,110159.76885403,0.708500
D,CO2EII,PUBLISHING,1,2024,23,"2024/06/08 00:00:00",SA1,27982.28051404,11617.78632659,0.415200
D,CO2EII,PUBLISHING,1,2024,23,"2024/06/08 00:00:00",TAS1,32635.84837560,2520.94174736,0.077200
D,CO2EII,PUBLISHING,1,2024,23,"2024/06/08 00:00:00",VIC1,121404.29863032,108030.46890396,0.889800
D,CO2EII,PUBLISHING,1,2024,24,"2024/06/09 00:00:00",NEM,502231.88566220,349556.61937017,0.696000
D,CO2EII,PUBLISHING,1,2024,24,"2024/06/09 00:00:00",NSW1,169523.83787661,120245.97495682,0.709300
D,CO2EII,PUBLISHING,1,2024,24,"2024/06/09 00:00:00",QLD1,154458.83436361,108872.24236514,0.704900
D,CO2EII,PUBLISHING,1,2024,24,"2024/06/09 00:00:00",SA1,27088.81192033,9427.95334955,0.348000
D,CO2EII,PUBLISHING,1,2024,24,"2024/06/09 00:00:00",TAS1,32414.84493354,2520.55846000,0.077800
D,CO2EII,PUBLISHING,1,2024,24,"2024/06/09 00:00:00",VIC1,118745.55656811,108489.89023866,0.913600
D,CO2EII,PUBLISHING,1,2024,24,"2024/06/10 00:00:00",NEM,520866.43637988,338086.31277826,0.649100
D,CO2EII,PUBLISHING,1,2024,24,"2024/06/10 00:00:00",NSW1,169638.22262872,121967.80696059,0.719000
D,CO2EII,PUBLISHING,1,2024,24,"2024/06/10 00:00:00",QLD1,158595.55170626,108615.67345319,0.684900
D,CO2EII,PUBLISHING,1,2024,24,"2024/06/10 00:00:00",SA1,39073.86885024,4306.38886588,0.110200
D,CO2EII,PUBLISHING,1,2024,24,"2024/06/10 00:00:00",TAS1,27471.47910144,2519.61302230,0.091700
D,CO2EII,PUBLISHING,1,2024,24,"2024/06/10 00:00:00",VIC1,126087.31409322,100676.83047630,0.798500
D,CO2EII,PUBLISHING,1,2024,24,"2024/06/11 00:00:00",NEM,581640.04679477,343657.20356098,0.590800
D,CO2EII,PUBLISHING,1,2024,24,"2024/06/11 00:00:00",NSW1,200213.64465320,132794.16411436,0.663300
D,CO2EII,PUBLISHING,1,2024,24,"2024/06/11 00:00:00",QLD1,156835.53095784,110399.55339230,0.703900
D,CO2EII,PUBLISHING,1,2024,24,"2024/06/11 00:00:00",SA1,41741.63238075,2014.94275959,0.048300
D,CO2EII,PUBLISHING,1,2024,24,"2024/06/11 00:00:00",TAS1,25484.97798674,2514.98435713,0.098700
D,CO2EII,PUBLISHING,1,2024,24,"2024/06/11 00:00:00",VIC1,157364.26081624,95933.55893760,0.609600
D,CO2EII,PUBLISHING,1,2024,24,"2024/06/12 00:00:00",NEM,565481.92536531,338748.15689947,0.599000
D,CO2EII,PUBLISHING,1,2024,24,"2024/06/12 00:00:00",NSW1,192420.51620354,114927.22492436,0.597300
D,CO2EII,PUBLISHING,1,2024,24,"2024/06/12 00:00:00",QLD1,162340.57059562,111170.99413335,0.684800
D,CO2EII,PUBLISHING,1,2024,24,"2024/06/12 00:00:00",SA1,30544.69606331,7864.47092404,0.257500
D,CO2EII,PUBLISHING,1,2024,24,"2024/06/12 00:00:00",TAS1,31039.57201914,2522.06969819,0.081300
D,CO2EII,PUBLISHING,1,2024,24,"2024/06/12 00:00:00",VIC1,149136.57048370,102263.39721953,0.685700
D,CO2EII,PUBLISHING,1,2024,24,"2024/06/13 00:00:00",NEM,589564.00782706,403953.09289837,0.685200
D,CO2EII,PUBLISHING,1,2024,24,"2024/06/13 00:00:00",NSW1,203240.94887019,147441.60546559,0.725500
D,CO2EII,PUBLISHING,1,2024,24,"2024/06/13 00:00:00",QLD1,165396.95051492,116494.26780606,0.704300
D,CO2EII,PUBLISHING,1,2024,24,"2024/06/13 00:00:00",SA1,36060.82755164,14593.42317074,0.404700
D,CO2EII,PUBLISHING,1,2024,24,"2024/06/13 00:00:00",TAS1,41301.03433299,2938.41708504,0.071100
D,CO2EII,PUBLISHING,1,2024,24,"2024/06/13 00:00:00",VIC1,143564.24655732,122485.37937094,0.853200
D,CO2EII,PUBLISHING,1,2024,24,"2024/06/14 00:00:00",NEM,586533.08953253,397829.48210629,0.678300
D,CO2EII,PUBLISHING,1,2024,24,"2024/06/14 00:00:00",NSW1,203169.67495757,149894.79615429,0.737800
D,CO2EII,PUBLISHING,1,2024,24,"2024/06/14 00:00:00",QLD1,163587.32825309,117951.09843771,0.721000
D,CO2EII,PUBLISHING,1,2024,24,"2024/06/14 00:00:00",SA1,46579.74964439,7031.65969386,0.151000
D,CO2EII,PUBLISHING,1,2024,24,"2024/06/14 00:00:00",TAS1,37664.57060310,1928.54323509,0.051200
D,CO2EII,PUBLISHING,1,2024,24,"2024/06/14 00:00:00",VIC1,135531.76607438,121023.38458534,0.893000
D,CO2EII,PUBLISHING,1,2024,24,"2024/06/15 00:00:00",NEM,547293.90384535,371834.49414089,0.679400
D,CO2EII,PUBLISHING,1,2024,24,"2024/06/15 00:00:00",NSW1,175900.24885399,131306.84626660,0.746500
D,CO2EII,PUBLISHING,1,2024,24,"2024/06/15 00:00:00",QLD1,163788.40498600,112011.08264461,0.683900
D,CO2EII,PUBLISHING,1,2024,24,"2024/06/15 00:00:00",SA1,35047.22251054,7698.44709799,0.219700
D,CO2EII,PUBLISHING,1,2024,24,"2024/06/15 00:00:00",TAS1,26422.89336625,2528.08609503,0.095700
D,CO2EII,PUBLISHING,1,2024,24,"2024/06/15 00:00:00",VIC1,146135.13412857,118290.03203666,0.809500
D,CO2EII,PUBLISHING,1,2024,25,"2024/06/16 00:00:00",NEM,528158.56495574,350329.23263372,0.663300
D,CO2EII,PUBLISHING,1,2024,25,"2024/06/16 00:00:00",NSW1,173970.33461595,122632.69628087,0.704900
D,CO2EII,PUBLISHING,1,2024,25,"2024/06/16 00:00:00",QLD1,157144.72905066,107136.39248454,0.681800
D,CO2EII,PUBLISHING,1,2024,25,"2024/06/16 00:00:00",SA1,26357.43949406,7668.79498420,0.291000
D,CO2EII,PUBLISHING,1,2024,25,"2024/06/16 00:00:00",TAS1,25982.48447534,2371.67561682,0.091300
D,CO2EII,PUBLISHING,1,2024,25,"2024/06/16 00:00:00",VIC1,144703.57731973,110519.67326729,0.763800
D,CO2EII,PUBLISHING,1,2024,25,"2024/06/17 00:00:00",NEM,587251.52102916,390742.83309131,0.665400
D,CO2EII,PUBLISHING,1,2024,25,"2024/06/17 00:00:00",NSW1,201726.53220702,139106.97493769,0.689600
D,CO2EII,PUBLISHING,1,2024,25,"2024/06/17 00:00:00",QLD1,172929.28156290,112747.69242108,0.652000
D,CO2EII,PUBLISHING,1,2024,25,"2024/06/17 00:00:00",SA1,33056.87414120,11164.24949464,0.337700
D,CO2EII,PUBLISHING,1,2024,25,"2024/06/17 00:00:00",TAS1,32090.30760826,2626.38799901,0.081800
D,CO2EII,PUBLISHING,1,2024,25,"2024/06/17 00:00:00",VIC1,147448.52550978,125097.52823889,0.848400
D,CO2EII,PUBLISHING,1,2024,25,"2024/06/18 00:00:00",NEM,589313.72086763,391550.67355144,0.664400
D,CO2EII,PUBLISHING,1,2024,25,"2024/06/18 00:00:00",NSW1,191632.66935322,129324.90897874,0.674900
D,CO2EII,PUBLISHING,1,2024,25,"2024/06/18 00:00:00",QLD1,177277.30800887,117739.89554844,0.664200
D,CO2EII,PUBLISHING,1,2024,25,"2024/06/18 00:00:00",SA1,39051.13361189,14338.99543572,0.367200
D,CO2EII,PUBLISHING,1,2024,25,"2024/06/18 00:00:00",TAS1,38321.30317549,2725.33113039,0.071100
D,CO2EII,PUBLISHING,1,2024,25,"2024/06/18 00:00:00",VIC1,143031.30671816,127421.54245815,0.890900
D,CO2EII,PUBLISHING,1,2024,25,"2024/06/19 00:00:00",NEM,598492.60958195,389593.54298122,0.651000
D,CO2EII,PUBLISHING,1,2024,25,"2024/06/19 00:00:00",NSW1,200504.45405106,133061.85234318,0.663600
D,CO2EII,PUBLISHING,1,2024,25,"2024/06/19 00:00:00",QLD1,177391.30824310,120426.96661727,0.678900
D,CO2EII,PUBLISHING,1,2024,25,"2024/06/19 00:00:00",SA1,40876.59322572,8353.47820811,0.204400
D,CO2EII,PUBLISHING,1,2024,25,"2024/06/19 00:00:00",TAS1,37157.03365973,2258.71899615,0.060800
D,CO2EII,PUBLISHING,1,2024,25,"2024/06/19 00:00:00",VIC1,142563.22040234,125492.52681651,0.880300
D,CO2EII,PUBLISHING,1,2024,25,"2024/06/20 00:00:00",NEM,613546.00059080,403197.38300947,0.657200
D,CO2EII,PUBLISHING,1,2024,25,"2024/06/20 00:00:00",NSW1,206685.39846434,140472.76381269,0.679600
D,CO2EII,PUBLISHING,1,2024,25,"2024/06/20 00:00:00",QLD1,180605.34588105,128989.23575566,0.714200
D,CO2EII,PUBLISHING,1,2024,25,"2024/06/20 00:00:00",SA1,45665.25526110,7636.54190622,0.167200
D,CO2EII,PUBLISHING,1,2024,25,"2024/06/20 00:00:00",TAS1,36347.21496122,2031.34121524,0.055900
D,CO2EII,PUBLISHING,1,2024,25,"2024/06/20 00:00:00",VIC1,144242.78602309,124067.50031966,0.860100
D,CO2EII,PUBLISHING,1,2024,25,"2024/06/21 00:00:00",NEM,591575.71910655,397043.40767762,0.671200
D,CO2EII,PUBLISHING,1,2024,25,"2024/06/21 00:00:00",NSW1,201889.34221631,136713.48387125,0.677200
D,CO2EII,PUBLISHING,1,2024,25,"2024/06/21 00:00:00",QLD1,173485.59289539,121203.70911678,0.698600
D,CO2EII,PUBLISHING,1,2024,25,"2024/06/21 00:00:00",SA1,35080.44138539,11730.79860795,0.334400
D,CO2EII,PUBLISHING,1,2024,25,"2024/06/21 00:00:00",TAS1,37938.84334130,2300.24974688,0.060600
D,CO2EII,PUBLISHING,1,2024,25,"2024/06/21 00:00:00",VIC1,143181.49926816,125095.16633476,0.873700
D,CO2EII,PUBLISHING,1,2024,25,"2024/06/22 00:00:00",NEM,566953.88815394,388633.47556770,0.685500
D,CO2EII,PUBLISHING,1,2024,25,"2024/06/22 00:00:00",NSW1,197096.44960590,131299.67859823,0.666200
D,CO2EII,PUBLISHING,1,2024,25,"2024/06/22 00:00:00",QLD1,175992.74630472,120589.70555763,0.685200
D,CO2EII,PUBLISHING,1,2024,25,"2024/06/22 00:00:00",SA1,30529.23018705,12263.46628469,0.401700
D,CO2EII,PUBLISHING,1,2024,25,"2024/06/22 00:00:00",TAS1,29615.16925174,2742.32720161,0.092600
D,CO2EII,PUBLISHING,1,2024,25,"2024/06/22 00:00:00",VIC1,133720.29280453,121738.29792554,0.910400
D,CO2EII,PUBLISHING,1,2024,26,"2024/06/23 00:00:00",NEM,545089.38677247,362666.98840005,0.665300
D,CO2EII,PUBLISHING,1,2024,26,"2024/06/23 00:00:00",NSW1,178298.03136351,125772.88081192,0.705400
D,CO2EII,PUBLISHING,1,2024,26,"2024/06/23 00:00:00",QLD1,164450.68246852,109000.61082812,0.662800
D,CO2EII,PUBLISHING,1,2024,26,"2024/06/23 00:00:00",SA1,44146.49289465,6125.66735119,0.138800
D,CO2EII,PUBLISHING,1,2024,26,"2024/06/23 00:00:00",TAS1,25711.42453261,2755.14415436,0.107200
D,CO2EII,PUBLISHING,1,2024,26,"2024/06/23 00:00:00",VIC1,132482.75551318,119012.68525446,0.898300
D,CO2EII,PUBLISHING,1,2024,26,"2024/06/24 00:00:00",NEM,603128.00310144,371919.22608899,0.616700
D,CO2EII,PUBLISHING,1,2024,26,"2024/06/24 00:00:00",NSW1,188420.23370361,137556.36695467,0.730100
D,CO2EII,PUBLISHING,1,2024,26,"2024/06/24 00:00:00",QLD1,167196.21819878,111704.80381104,0.668100
D,CO2EII,PUBLISHING,1,2024,26,"2024/06/24 00:00:00",SA1,48702.11171348,5096.58694788,0.104600
D,CO2EII,PUBLISHING,1,2024,26,"2024/06/24 00:00:00",TAS1,27077.72572383,2587.94736639,0.095600
D,CO2EII,PUBLISHING,1,2024,26,"2024/06/24 00:00:00",VIC1,171731.71376174,114973.52100901,0.669500
D,CO2EII,PUBLISHING,1,2024,26,"2024/06/25 00:00:00",NEM,592858.22911489,371241.56032512,0.626200
D,CO2EII,PUBLISHING,1,2024,26,"2024/06/25 00:00:00",NSW1,191024.60596337,138882.44580592,0.727000
D,CO2EII,PUBLISHING,1,2024,26,"2024/06/25 00:00:00",QLD1,162321.65028318,112041.55374582,0.690200
D,CO2EII,PUBLISHING,1,2024,26,"2024/06/25 00:00:00",SA1,49159.03187647,4432.82904059,0.090200
D,CO2EII,PUBLISHING,1,2024,26,"2024/06/25 00:00:00",TAS1,25030.94176658,2508.12874893,0.100200
D,CO2EII,PUBLISHING,1,2024,26,"2024/06/25 00:00:00",VIC1,165321.99922529,113376.60298386,0.685800
D,CO2EII,PUBLISHING,1,2024,26,"2024/06/26 00:00:00",NEM,576590.47077081,356779.50900702,0.618800
D,CO2EII,PUBLISHING,1,2024,26,"2024/06/26 00:00:00",NSW1,198875.51453463,134009.45156879,0.673800
D,CO2EII,PUBLISHING,1,2024,26,"2024/06/26 00:00:00",QLD1,151360.12505179,107952.25199776,0.713200
D,CO2EII,PUBLISHING,1,2024,26,"2024/06/26 00:00:00",SA1,43716.21723234,4608.01777756,0.105400
D,CO2EII,PUBLISHING,1,2024,26,"2024/06/26 00:00:00",TAS1,23471.80477978,2452.40335342,0.104500
D,CO2EII,PUBLISHING,1,2024,26,"2024/06/26 00:00:00",VIC1,159166.80917227,107757.38430949,0.677000
D,CO2EII,PUBLISHING,1,2024,26,"2024/06/27 00:00:00",NEM,567454.45451023,389373.20949125,0.686200
D,CO2EII,PUBLISHING,1,2024,26,"2024/06/27 00:00:00",NSW1,194708.17746667,140474.02167175,0.721500
D,CO2EII,PUBLISHING,1,2024,26,"2024/06/27 00:00:00",QLD1,165175.12516547,119371.07890669,0.722700
D,CO2EII,PUBLISHING,1,2024,26,"2024/06/27 00:00:00",SA1,34240.39036235,8559.62040992,0.250000
D,CO2EII,PUBLISHING,1,2024,26,"2024/06/27 00:00:00",TAS1,26770.70420286,2521.79876034,0.094200
D,CO2EII,PUBLISHING,1,2024,26,"2024/06/27 00:00:00",VIC1,146560.05731288,118446.68974255,0.808200
D,CO2EII,PUBLISHING,1,2024,26,"2024/06/28 00:00:00",NEM,563559.87083541,350176.18582096,0.621400
D,CO2EII,PUBLISHING,1,2024,26,"2024/06/28 00:00:00",NSW1,181942.30905373,135457.81385547,0.744500
D,CO2EII,PUBLISHING,1,2024,26,"2024/06/28 00:00:00",QLD1,150085.74551264,107919.04721796,0.719000
D,CO2EII,PUBLISHING,1,2024,26,"2024/06/28 00:00:00",SA1,48828.25090903,2209.99919093,0.045300
D,CO2EII,PUBLISHING,1,2024,26,"2024/06/28 00:00:00",TAS1,23294.19946899,2385.06008459,0.102400
D,CO2EII,PUBLISHING,1,2024,26,"2024/06/28 00:00:00",VIC1,159409.36589102,102204.26547201,0.641100
D,CO2EII,PUBLISHING,1,2024,26,"2024/06/29 00:00:00",NEM,552634.65403150,344243.41685207,0.622900
D,CO2EII,PUBLISHING,1,2024,26,"2024/06/29 00:00:00",NSW1,184885.94837123,122121.40508930,0.660500
D,CO2EII,PUBLISHING,1,2024,26,"2024/06/29 00:00:00",QLD1,151063.43160694,107078.22486750,0.708800
D,CO2EII,PUBLISHING,1,2024,26,"2024/06/29 00:00:00",SA1,43494.47590888,6370.38219823,0.146500
D,CO2EII,PUBLISHING,1,2024,26,"2024/06/29 00:00:00",TAS1,24640.66070095,1999.19000999,0.081100
D,CO2EII,PUBLISHING,1,2024,26,"2024/06/29 00:00:00",VIC1,148550.13744350,106674.21468705,0.718100
D,CO2EII,PUBLISHING,1,2024,27,"2024/06/30 00:00:00",NEM,542005.65711373,365861.20282632,0.675000
D,CO2EII,PUBLISHING,1,2024,27,"2024/06/30 00:00:00",NSW1,180707.58417526,132589.81157440,0.733700
D,CO2EII,PUBLISHING,1,2024,27,"2024/06/30 00:00:00",QLD1,153643.53755258,107338.42365014,0.698600
D,CO2EII,PUBLISHING,1,2024,27,"2024/06/30 00:00:00",SA1,35958.55577854,7074.25496273,0.196700
D,CO2EII,PUBLISHING,1,2024,27,"2024/06/30 00:00:00",TAS1,23693.59522858,2262.14931159,0.095500
D,CO2EII,PUBLISHING,1,2024,27,"2024/06/30 00:00:00",VIC1,148002.38437877,116596.56332746,0.787800
D,CO2EII,PUBLISHING,1,2024,27,"2024/07/01 00:00:00",NEM,597688.23397742,417166.61889702,0.698000
D,CO2EII,PUBLISHING,1,2024,27,"2024/07/01 00:00:00",NSW1,212278.23629435,151618.54551405,0.714200
D,CO2EII,PUBLISHING,1,2024,27,"2024/07/01 00:00:00",QLD1,165082.75087203,122370.76555678,0.741300
D,CO2EII,PUBLISHING,1,2024,27,"2024/07/01 00:00:00",SA1,33816.74226860,12468.77022739,0.368700
D,CO2EII,PUBLISHING,1,2024,27,"2024/07/01 00:00:00",TAS1,30751.65231076,2526.05329711,0.082100
D,CO2EII,PUBLISHING,1,2024,27,"2024/07/01 00:00:00",VIC1,155758.85223168,128182.48430169,0.823000
D,CO2EII,PUBLISHING,1,2024,27,"2024/07/02 00:00:00",NEM,601465.02524150,401604.81974374,0.667700
D,CO2EII,PUBLISHING,1,2024,27,"2024/07/02 00:00:00",NSW1,219679.25256041,141041.47344955,0.642000
D,CO2EII,PUBLISHING,1,2024,27,"2024/07/02 00:00:00",QLD1,165121.97346196,121555.40398725,0.736200
D,CO2EII,PUBLISHING,1,2024,27,"2024/07/02 00:00:00",SA1,36515.55362776,11645.26630814,0.318900
D,CO2EII,PUBLISHING,1,2024,27,"2024/07/02 00:00:00",TAS1,29295.61974566,2528.34489493,0.086300
D,CO2EII,PUBLISHING,1,2024,27,"2024/07/02 00:00:00",VIC1,150852.62584571,124834.33110387,0.827500
D,CO2EII,PUBLISHING,1,2024,27,"2024/07/03 00:00:00",NEM,600755.99445108,381715.91746336,0.635400
D,CO2EII,PUBLISHING,1,2024,27,"2024/07/03 00:00:00",NSW1,206961.51915983,128439.27287049,0.620600
D,CO2EII,PUBLISHING,1,2024,27,"2024/07/03 00:00:00",QLD1,173372.13958671,117455.50255832,0.677500
D,CO2EII,PUBLISHING,1,2024,27,"2024/07/03 00:00:00",SA1,43727.29177185,9818.58915596,0.224500
D,CO2EII,PUBLISHING,1,2024,27,"2024/07/03 00:00:00",TAS1,27100.68632594,2529.01035974,0.093300
D,CO2EII,PUBLISHING,1,2024,27,"2024/07/03 00:00:00",VIC1,149594.35760675,123473.54251885,0.825400
D,CO2EII,PUBLISHING,1,2024,27,"2024/07/04 00:00:00",NEM,593677.32431523,353254.52521349,0.595000
D,CO2EII,PUBLISHING,1,2024,27,"2024/07/04 00:00:00",NSW1,208216.75326866,120542.20666363,0.578900
D,CO2EII,PUBLISHING,1,2024,27,"2024/07/04 00:00:00",QLD1,159204.66143424,108554.85456404,0.681900
D,CO2EII,PUBLISHING,1,2024,27,"2024/07/04 00:00:00",SA1,49568.73319745,8773.38342323,0.177000
D,CO2EII,PUBLISHING,1,2024,27,"2024/07/04 00:00:00",TAS1,27470.20661234,2529.05342336,0.092100
D,CO2EII,PUBLISHING,1,2024,27,"2024/07/04 00:00:00",VIC1,149216.96980254,112855.02713923,0.756300
D,CO2EII,PUBLISHING,1,2024,27,"2024/07/05 00:00:00",NEM,568167.01003066,331515.09419366,0.583500
D,CO2EII,PUBLISHING,1,2024,27,"2024/07/05 00:00:00",NSW1,207473.16068736,126378.15930403,0.609100
D,CO2EII,PUBLISHING,1,2024,27,"2024/07/05 00:00:00",QLD1,156644.33677566,101553.13206636,0.648300
D,CO2EII,PUBLISHING,1,2024,27,"2024/07/05 00:00:00",SA1,49467.32556987,4132.22719000,0.083500
D,CO2EII,PUBLISHING,1,2024,27,"2024/07/05 00:00:00",TAS1,27267.67677831,2529.20809305,0.092800
D,CO2EII,PUBLISHING,1,2024,27,"2024/07/05 00:00:00",VIC1,127314.51021946,96922.36754022,0.761300
D,CO2EII,PUBLISHING,1,2024,27,"2024/07/06 00:00:00",NEM,532684.45449833,321106.36101717,0.602800
D,CO2EII,PUBLISHING,1,2024,27,"2024/07/06 00:00:00",NSW1,194457.24928290,119946.00999582,0.616800
D,CO2EII,PUBLISHING,1,2024,27,"2024/07/06 00:00:00",QLD1,156465.68532494,101607.52135683,0.649400
D,CO2EII,PUBLISHING,1,2024,27,"2024/07/06 00:00:00",SA1,39977.76862664,1989.59756107,0.049800
D,CO2EII,PUBLISHING,1,2024,27,"2024/07/06 00:00:00",TAS1,24732.01446751,2529.15400151,0.102300
D,CO2EII,PUBLISHING,1,2024,27,"2024/07/06 00:00:00",VIC1,117051.73679634,95034.07810194,0.811900
D,CO2EII,PUBLISHING,1,2024,28,"2024/07/07 00:00:00",NEM,538856.29058073,338165.87774919,0.627600
D,CO2EII,PUBLISHING,1,2024,28,"2024/07/07 00:00:00",NSW1,182131.18076869,122968.50597207,0.675200
D,CO2EII,PUBLISHING,1,2024,28,"2024/07/07 00:00:00",QLD1,152669.05891438,98063.73871870,0.642300
D,CO2EII,PUBLISHING,1,2024,28,"2024/07/07 00:00:00",SA1,39113.39500175,6140.11817082,0.157000
D,CO2EII,PUBLISHING,1,2024,28,"2024/07/07 00:00:00",TAS1,25071.42111988,2521.75847436,0.100600
D,CO2EII,PUBLISHING,1,2024,28,"2024/07/07 00:00:00",VIC1,139871.23477603,108471.75641324,0.775500
D,CO2EII,PUBLISHING,1,2024,28,"2024/07/08 00:00:00",NEM,584257.70417976,386405.45469262,0.661400
D,CO2EII,PUBLISHING,1,2024,28,"2024/07/08 00:00:00",NSW1,196437.55258150,143532.41084770,0.730700
D,CO2EII,PUBLISHING,1,2024,28,"2024/07/08 00:00:00",QLD1,167603.06221602,115264.72837402,0.687700
D,CO2EII,PUBLISHING,1,2024,28,"2024/07/08 00:00:00",SA1,38440.00476389,11496.19101085,0.299100
D,CO2EII,PUBLISHING,1,2024,28,"2024/07/08 00:00:00",TAS1,27908.89845049,2527.04872185,0.090500
D,CO2EII,PUBLISHING,1,2024,28,"2024/07/08 00:00:00",VIC1,153868.18616786,113585.07573820,0.738200
D,CO2EII,PUBLISHING,1,2024,28,"2024/07/09 00:00:00",NEM,570217.92362210,385730.38495507,0.676500
D,CO2EII,PUBLISHING,1,2024,28,"2024/07/09 00:00:00",NSW1,192503.81072653,141261.72182036,0.733800
D,CO2EII,PUBLISHING,1,2024,28,"2024/07/09 00:00:00",QLD1,165636.70282320,114677.20853581,0.692300
D,CO2EII,PUBLISHING,1,2024,28,"2024/07/09 00:00:00",SA1,35079.23880678,13781.44673766,0.392900
D,CO2EII,PUBLISHING,1,2024,28,"2024/07/09 00:00:00",TAS1,24729.95996970,2525.58702670,0.102100
D,CO2EII,PUBLISHING,1,2024,28,"2024/07/09 00:00:00",VIC1,152268.21129589,113484.42083454,0.745300
D,CO2EII,PUBLISHING,1,2024,28,"2024/07/10 00:00:00",NEM,557852.34843064,357680.53698222,0.641200
D,CO2EII,PUBLISHING,1,2024,28,"2024/07/10 00:00:00",NSW1,189259.74254882,136981.99084977,0.723800
D,CO2EII,PUBLISHING,1,2024,28,"2024/07/10 00:00:00",QLD1,164078.99770750,109475.28759824,0.667200
D,CO2EII,PUBLISHING,1,2024,28,"2024/07/10 00:00:00",SA1,45852.56202986,8171.37639744,0.178200
D,CO2EII,PUBLISHING,1,2024,28,"2024/07/10 00:00:00",TAS1,25247.81260912,2523.31455220,0.099900
D,CO2EII,PUBLISHING,1,2024,28,"2024/07/10 00:00:00",VIC1,133413.23353534,100528.56758457,0.753500
D,CO2EII,PUBLISHING,1,2024,28,"2024/07/11 00:00:00",NEM,581634.90106680,356453.25408283,0.612800
D,CO2EII,PUBLISHING,1,2024,28,"2024/07/11 00:00:00",NSW1,191779.95463515,144743.37991661,0.754700
D,CO2EII,PUBLISHING,1,2024,28,"2024/07/11 00:00:00",QLD1,159666.07310522,105056.16662465,0.658000
D,CO2EII,PUBLISHING,1,2024,28,"2024/07/11 00:00:00",SA1,49799.81673450,8162.99077005,0.163900
D,CO2EII,PUBLISHING,1,2024,28,"2024/07/11 00:00:00",TAS1,23654.63704945,2485.37843730,0.105100
D,CO2EII,PUBLISHING,1,2024,28,"2024/07/11 00:00:00",VIC1,156734.41954248,96005.33833422,0.612500
D,CO2EII,PUBLISHING,1,2024,28,"2024/07/12 00:00:00",NEM,552943.53705090,388773.78877468,0.703100
D,CO2EII,PUBLISHING,1,2024,28,"2024/07/12 00:00:00",NSW1,192122.30591449,145736.48113827,0.758600
D,CO2EII,PUBLISHING,1,2024,28,"2024/07/12 00:00:00",QLD1,160750.17422799,107723.51377834,0.670100
D,CO2EII,PUBLISHING,1,2024,28,"2024/07/12 00:00:00",SA1,39240.00429547,13777.41802693,0.351100
D,CO2EII,PUBLISHING,1,2024,28,"2024/07/12 00:00:00",TAS1,24994.05806066,2526.52761129,0.101100
D,CO2EII,PUBLISHING,1,2024,28,"2024/07/12 00:00:00",VIC1,135836.99455229,119009.84821985,0.876100
D,CO2EII,PUBLISHING,1,2024,28,"2024/07/13 00:00:00",NEM,525418.51673740,373374.01504519,0.710600
D,CO2EII,PUBLISHING,1,2024,28,"2024/07/13 00:00:00",NSW1,184276.80727632,133879.90899125,0.726500
D,CO2EII,PUBLISHING,1,2024,28,"2024/07/13 00:00:00",QLD1,154070.55021342,102388.73943728,0.664600
D,CO2EII,PUBLISHING,1,2024,28,"2024/07/13 00:00:00",SA1,28640.03214513,9848.37849148,0.343900
D,CO2EII,PUBLISHING,1,2024,28,"2024/07/13 00:00:00",TAS1,22411.79764523,2528.42084612,0.112800
D,CO2EII,PUBLISHING,1,2024,28,"2024/07/13 00:00:00",VIC1,136019.32945730,124728.56727906,0.917000
D,CO2EII,PUBLISHING,1,2024,29,"2024/07/14 00:00:00",NEM,527773.98036490,352826.79879590,0.668500
D,CO2EII,PUBLISHING,1,2024,29,"2024/07/14 00:00:00",NSW1,192256.35705394,128494.17817345,0.668300
D,CO2EII,PUBLISHING,1,2024,29,"2024/07/14 00:00:00",QLD1,148693.79189517,97279.77552589,0.654200
D,CO2EII,PUBLISHING,1,2024,29,"2024/07/14 00:00:00",SA1,25195.00999714,9079.59667804,0.360400
D,CO2EII,PUBLISHING,1,2024,29,"2024/07/14 00:00:00",TAS1,24783.67740860,1769.77035883,0.071400
D,CO2EII,PUBLISHING,1,2024,29,"2024/07/14 00:00:00",VIC1,136845.14401005,116203.47805969,0.849200
D,CO2EII,PUBLISHING,1,2024,29,"2024/07/15 00:00:00",NEM,605585.66375000,365759.10296201,0.604000
D,CO2EII,PUBLISHING,1,2024,29,"2024/07/15 00:00:00",NSW1,218595.98262482,137826.22611486,0.630500
D,CO2EII,PUBLISHING,1,2024,29,"2024/07/15 00:00:00",QLD1,156140.37580874,103824.07105095,0.664900
D,CO2EII,PUBLISHING,1,2024,29,"2024/07/15 00:00:00",SA1,38861.60570082,7130.54064702,0.183500
D,CO2EII,PUBLISHING,1,2024,29,"2024/07/15 00:00:00",TAS1,25375.16131351,1936.34003034,0.076300
D,CO2EII,PUBLISHING,1,2024,29,"2024/07/15 00:00:00",VIC1,166612.53830211,115041.92511884,0.690500
D,CO2EII,PUBLISHING,1,2024,29,"2024/07/16 00:00:00",NEM,605525.96988538,361543.94831657,0.597100
D,CO2EII,PUBLISHING,1,2024,29,"2024/07/16 00:00:00",NSW1,218587.81094068,140496.76472716,0.642700
D,CO2EII,PUBLISHING,1,2024,29,"2024/07/16 00:00:00",QLD1,160999.13983675,103746.07739186,0.644400
D,CO2EII,PUBLISHING,1,2024,29,"2024/07/16 00:00:00",SA1,48673.52960636,4723.81930004,0.097100
D,CO2EII,PUBLISHING,1,2024,29,"2024/07/16 00:00:00",TAS1,22820.16165176,2522.32640712,0.110500
D,CO2EII,PUBLISHING,1,2024,29,"2024/07/16 00:00:00",VIC1,154445.32784983,110054.96049039,0.712600
D,CO2EII,PUBLISHING,1,2024,29,"2024/07/17 00:00:00",NEM,585645.73113630,378408.02912207,0.646100
D,CO2EII,PUBLISHING,1,2024,29,"2024/07/17 00:00:00",NSW1,193279.44130054,137083.25179190,0.709200
D,CO2EII,PUBLISHING,1,2024,29,"2024/07/17 00:00:00",QLD1,169579.34194271,110318.59680761,0.650500
D,CO2EII,PUBLISHING,1,2024,29,"2024/07/17 00:00:00",SA1,47919.02642681,8069.33247228,0.168400
D,CO2EII,PUBLISHING,1,2024,29,"2024/07/17 00:00:00",TAS1,25463.71004439,2326.50255793,0.091400
D,CO2EII,PUBLISHING,1,2024,29,"2024/07/17 00:00:00",VIC1,149404.21142185,120610.34549235,0.807300
D,CO2EII,PUBLISHING,1,2024,29,"2024/07/18 00:00:00",NEM,580961.84044499,375566.03656588,0.646500
D,CO2EII,PUBLISHING,1,2024,29,"2024/07/18 00:00:00",NSW1,197205.46188753,132275.12400612,0.670700
D,CO2EII,PUBLISHING,1,2024,29,"2024/07/18 00:00:00",QLD1,164884.37780779,106906.10530675,0.648400
D,CO2EII,PUBLISHING,1,2024,29,"2024/07/18 00:00:00",SA1,38550.47177419,11943.75395569,0.309800
D,CO2EII,PUBLISHING,1,2024,29,"2024/07/18 00:00:00",TAS1,31169.34102176,2257.63238156,0.072400
D,CO2EII,PUBLISHING,1,2024,29,"2024/07/18 00:00:00",VIC1,149152.18795372,122183.42091576,0.819200
D,CO2EII,PUBLISHING,1,2024,29,"2024/07/19 00:00:00",NEM,614303.00184859,333247.15765960,0.542500
D,CO2EII,PUBLISHING,1,2024,29,"2024/07/19 00:00:00",NSW1,202477.24098272,122796.00365421,0.606500
D,CO2EII,PUBLISHING,1,2024,29,"2024/07/19 00:00:00",QLD1,151116.02733896,96671.30508783,0.639700
D,CO2EII,PUBLISHING,1,2024,29,"2024/07/19 00:00:00",SA1,53982.17587595,2835.28539667,0.052500
D,CO2EII,PUBLISHING,1,2024,29,"2024/07/19 00:00:00",TAS1,29862.26114425,1769.68013691,0.059300
D,CO2EII,PUBLISHING,1,2024,29,"2024/07/19 00:00:00",VIC1,176865.29650671,109174.88338398,0.617300
D,CO2EII,PUBLISHING,1,2024,29,"2024/07/20 00:00:00",NEM,556160.43618643,299667.93571164,0.538800
D,CO2EII,PUBLISHING,1,2024,29,"2024/07/20 00:00:00",NSW1,188031.82534287,105506.08074951,0.561100
D,CO2EII,PUBLISHING,1,2024,29,"2024/07/20 00:00:00",QLD1,136382.68480647,86900.00865340,0.637200
D,CO2EII,PUBLISHING,1,2024,29,"2024/07/20 00:00:00",SA1,39775.93327550,2081.19007341,0.052300
D,CO2EII,PUBLISHING,1,2024,29,"2024/07/20 00:00:00",TAS1,24183.66792206,1509.88601949,0.062400
D,CO2EII,PUBLISHING,1,2024,29,"2024/07/20 00:00:00",VIC1,167786.32483953,103670.77021583,0.617900
D,CO2EII,PUBLISHING,1,2024,30,"2024/07/21 00:00:00",NEM,525513.50437562,304709.04225977,0.579800
D,CO2EII,PUBLISHING,1,2024,30,"2024/07/21 00:00:00",NSW1,169547.18779231,100904.70372537,0.595100
D,CO2EII,PUBLISHING,1,2024,30,"2024/07/21 00:00:00",QLD1,141137.23397131,89605.11783871,0.634900
D,CO2EII,PUBLISHING,1,2024,30,"2024/07/21 00:00:00",SA1,37984.04468701,1673.86276059,0.044100
D,CO2EII,PUBLISHING,1,2024,30,"2024/07/21 00:00:00",TAS1,26077.42906558,2363.31177007,0.090600
D,CO2EII,PUBLISHING,1,2024,30,"2024/07/21 00:00:00",VIC1,150767.60885941,110162.04616503,0.730700
D,CO2EII,PUBLISHING,1,2024,30,"2024/07/22 00:00:00",NEM,561235.80105517,339150.50130974,0.604300
D,CO2EII,PUBLISHING,1,2024,30,"2024/07/22 00:00:00",NSW1,181604.89176988,123866.85674760,0.682100
D,CO2EII,PUBLISHING,1,2024,30,"2024/07/22 00:00:00",QLD1,156480.29466299,97623.63283677,0.623900
D,CO2EII,PUBLISHING,1,2024,30,"2024/07/22 00:00:00",SA1,34934.60654825,3780.07414511,0.108200
D,CO2EII,PUBLISHING,1,2024,30,"2024/07/22 00:00:00",TAS1,29155.34301429,2526.31519990,0.086700
D,CO2EII,PUBLISHING,1,2024,30,"2024/07/22 00:00:00",VIC1,159060.66505976,111353.62238036,0.700100
D,CO2EII,PUBLISHING,1,2024,30,"2024/07/23 00:00:00",NEM,553271.42382412,317558.50387625,0.574000
D,CO2EII,PUBLISHING,1,2024,30,"2024/07/23 00:00:00",NSW1,175443.79779646,121188.01824226,0.690800
D,CO2EII,PUBLISHING,1,2024,30,"2024/07/23 00:00:00",QLD1,153266.73833357,98414.11186865,0.642100
D,CO2EII,PUBLISHING,1,2024,30,"2024/07/23 00:00:00",SA1,45493.88714051,1780.01386721,0.039100
D,CO2EII,PUBLISHING,1,2024,30,"2024/07/23 00:00:00",TAS1,26947.01617085,1155.10726783,0.042900
D,CO2EII,PUBLISHING,1,2024,30,"2024/07/23 00:00:00",VIC1,152119.98438273,95021.25263030,0.624600
D,CO2EII,PUBLISHING,1,2024,30,"2024/07/24 00:00:00",NEM,563618.32974453,311345.22861922,0.552400
D,CO2EII,PUBLISHING,1,2024,30,"2024/07/24 00:00:00",NSW1,184226.76098582,119316.90614373,0.647700
D,CO2EII,PUBLISHING,1,2024,30,"2024/07/24 00:00:00",QLD1,149555.17636025,94515.10397478,0.632000
D,CO2EII,PUBLISHING,1,2024,30,"2024/07/24 00:00:00",SA1,44242.82517947,1095.89528863,0.024800
D,CO2EII,PUBLISHING,1,2024,30,"2024/07/24 00:00:00",TAS1,22995.59133720,0.00000000,0.000000
D,CO2EII,PUBLISHING,1,2024,30,"2024/07/24 00:00:00",VIC1,162597.97588179,96417.32321208,0.593000
D,CO2EII,PUBLISHING,1,2024,30,"2024/07/25 00:00:00",NEM,561368.65793517,332875.07793010,0.593000
D,CO2EII,PUBLISHING,1,2024,30,"2024/07/25 00:00:00",NSW1,191615.57165465,118720.46914378,0.619600
D,CO2EII,PUBLISHING,1,2024,30,"2024/07/25 00:00:00",QLD1,145542.68971524,96835.50266874,0.665300
D,CO2EII,PUBLISHING,1,2024,30,"2024/07/25 00:00:00",SA1,32914.63237035,4600.57377146,0.139800
D,CO2EII,PUBLISHING,1,2024,30,"2024/07/25 00:00:00",TAS1,24130.88312466,0.00000000,0.000000
D,CO2EII,PUBLISHING,1,2024,30,"2024/07/25 00:00:00",VIC1,167164.88107027,112718.53234612,0.674300
D,CO2EII,PUBLISHING,1,2024,30,"2024/07/26 00:00:00",NEM,536287.85304296,311566.31408970,0.581000
D,CO2EII,PUBLISHING,1,2024,30,"2024/07/26 00:00:00",NSW1,176993.55889999,118834.61346736,0.671400
D,CO2EII,PUBLISHING,1,2024,30,"2024/07/26 00:00:00",QLD1,143267.52615209,94819.44433382,0.661800
D,CO2EII,PUBLISHING,1,2024,30,"2024/07/26 00:00:00",SA1,35967.95885571,2705.38467524,0.075200
D,CO2EII,PUBLISHING,1,2024,30,"2024/07/26 00:00:00",TAS1,22851.93757541,0.00000000,0.000000
D,CO2EII,PUBLISHING,1,2024,30,"2024/07/26 00:00:00",VIC1,157206.87155976,95206.87161328,0.605600
D,CO2EII,PUBLISHING,1,2024,30,"2024/07/27 00:00:00",NEM,540920.04257871,341035.92158989,0.630500
D,CO2EII,PUBLISHING,1,2024,30,"2024/07/27 00:00:00",NSW1,198977.80298770,136721.75687276,0.687100
D,CO2EII,PUBLISHING,1,2024,30,"2024/07/27 00:00:00",QLD1,136066.80145230,95841.78921668,0.704400
D,CO2EII,PUBLISHING,1,2024,30,"2024/07/27 00:00:00",SA1,38072.38635381,4024.06548421,0.105700
D,CO2EII,PUBLISHING,1,2024,30,"2024/07/27 00:00:00",TAS1,22360.35792881,0.00000000,0.000000
D,CO2EII,PUBLISHING,1,2024,30,"2024/07/27 00:00:00",VIC1,145442.69385609,104448.31001624,0.718100
D,CO2EII,PUBLISHING,1,2024,31,"2024/07/28 00:00:00",NEM,538629.28340313,313558.75105738,0.582100
D,CO2EII,PUBLISHING,1,2024,31,"2024/07/28 00:00:00",NSW1,204349.97037456,118017.85637561,0.577500
D,CO2EII,PUBLISHING,1,2024,31,"2024/07/28 00:00:00",QLD1,135247.40546855,85850.80503031,0.634800
D,CO2EII,PUBLISHING,1,2024,31,"2024/07/28 00:00:00",SA1,31629.78624536,12307.47884960,0.389100
D,CO2EII,PUBLISHING,1,2024,31,"2024/07/28 00:00:00",TAS1,25002.02051917,0.00000000,0.000000
D,CO2EII,PUBLISHING,1,2024,31,"2024/07/28 00:00:00",VIC1,142400.10079549,97382.61080186,0.683900
D,CO2EII,PUBLISHING,1,2024,31,"2024/07/29 00:00:00",NEM,597555.98163765,372864.10509052,0.624000
D,CO2EII,PUBLISHING,1,2024,31,"2024/07/29 00:00:00",NSW1,220915.46277183,139884.58103526,0.633200
D,CO2EII,PUBLISHING,1,2024,31,"2024/07/29 00:00:00",QLD1,161696.77971826,97575.94971259,0.603500
D,CO2EII,PUBLISHING,1,2024,31,"2024/07/29 00:00:00",SA1,39570.37510955,10515.52325637,0.265700
D,CO2EII,PUBLISHING,1,2024,31,"2024/07/29 00:00:00",TAS1,29636.91661403,1466.46372880,0.049500
D,CO2EII,PUBLISHING,1,2024,31,"2024/07/29 00:00:00",VIC1,145736.44742398,123421.58735750,0.846900
D,CO2EII,PUBLISHING,1,2024,31,"2024/07/30 00:00:00",NEM,576216.34679529,372871.89695008,0.647100
D,CO2EII,PUBLISHING,1,2024,31,"2024/07/30 00:00:00",NSW1,215256.70011136,140758.93577586,0.653900
D,CO2EII,PUBLISHING,1,2024,31,"2024/07/30 00:00:00",QLD1,161179.67795409,100293.64075371,0.622200
D,CO2EII,PUBLISHING,1,2024,31,"2024/07/30 00:00:00",SA1,40155.89936647,10256.32473413,0.255400
D,CO2EII,PUBLISHING,1,2024,31,"2024/07/30 00:00:00",TAS1,30273.48776191,2528.23594775,0.083500
D,CO2EII,PUBLISHING,1,2024,31,"2024/07/30 00:00:00",VIC1,129350.58160146,119034.75973863,0.920200
D,CO2EII,PUBLISHING,1,2024,31,"2024/07/31 00:00:00",NEM,582975.82924423,371117.05908186,0.636600
D,CO2EII,PUBLISHING,1,2024,31,"2024/07/31 00:00:00",NSW1,210760.53539342,135935.28473145,0.645000
D,CO2EII,PUBLISHING,1,2024,31,"2024/07/31 00:00:00",QLD1,165246.97402056,103214.54550659,0.624600
D,CO2EII,PUBLISHING,1,2024,31,"2024/07/31 00:00:00",SA1,39678.25337273,8773.35213822,0.221100
D,CO2EII,PUBLISHING,1,2024,31,"2024/07/31 00:00:00",TAS1,31903.29037536,2527.52507537,0.079200
D,CO2EII,PUBLISHING,1,2024,31,"2024/07/31 00:00:00",VIC1,135386.77608216,120666.35163023,0.891300
D,CO2EII,PUBLISHING,1,2024,31,"2024/08/01 00:00:00",NEM,576328.45295255,359751.36911209,0.624200
D,CO2EII,PUBLISHING,1,2024,31,"2024/08/01 00:00:00",NSW1,198260.70805271,122626.44431584,0.618500
D,CO2EII,PUBLISHING,1,2024,31,"2024/08/01 00:00:00",QLD1,166506.48007670,105317.12920307,0.632500
D,CO2EII,PUBLISHING,1,2024,31,"2024/08/01 00:00:00",SA1,40966.19550088,5423.49154824,0.132400
D,CO2EII,PUBLISHING,1,2024,31,"2024/08/01 00:00:00",TAS1,28726.02635912,2528.01917372,0.088000
D,CO2EII,PUBLISHING,1,2024,31,"2024/08/01 00:00:00",VIC1,141869.04296314,123856.28487122,0.873000
D,CO2EII,PUBLISHING,1,2024,31,"2024/08/02 00:00:00",NEM,574171.05012630,331987.66252796,0.578200
D,CO2EII,PUBLISHING,1,2024,31,"2024/08/02 00:00:00",NSW1,180763.81020138,118271.27906242,0.654300
D,CO2EII,PUBLISHING,1,2024,31,"2024/08/02 00:00:00",QLD1,163732.24696073,104254.85757470,0.636700
D,CO2EII,PUBLISHING,1,2024,31,"2024/08/02 00:00:00",SA1,42901.71094797,6143.18165234,0.143200
D,CO2EII,PUBLISHING,1,2024,31,"2024/08/02 00:00:00",TAS1,25066.36586069,2529.33404677,0.100900
D,CO2EII,PUBLISHING,1,2024,31,"2024/08/02 00:00:00",VIC1,161706.91615553,100789.01019173,0.623300
D,CO2EII,PUBLISHING,1,2024,31,"2024/08/03 00:00:00",NEM,515390.53438253,346837.33189628,0.673000
D,CO2EII,PUBLISHING,1,2024,31,"2024/08/03 00:00:00",NSW1,175900.24252174,120661.12908613,0.686000
D,CO2EII,PUBLISHING,1,2024,31,"2024/08/03 00:00:00",QLD1,156069.85388183,99768.08073685,0.639300
D,CO2EII,PUBLISHING,1,2024,31,"2024/08/03 00:00:00",SA1,35938.64950083,11041.86507370,0.307200
D,CO2EII,PUBLISHING,1,2024,31,"2024/08/03 00:00:00",TAS1,26346.72169164,2526.47174372,0.095900
D,CO2EII,PUBLISHING,1,2024,31,"2024/08/03 00:00:00",VIC1,121135.06678649,112839.78525588,0.931500
D,CO2EII,PUBLISHING,1,2024,32,"2024/08/04 00:00:00",NEM,530236.84778457,362344.06549047,0.683400
D,CO2EII,PUBLISHING,1,2024,32,"2024/08/04 00:00:00",NSW1,185024.60526307,135605.82896547,0.732900
D,CO2EII,PUBLISHING,1,2024,32,"2024/08/04 00:00:00",QLD1,157304.79063957,102692.70470394,0.652800
D,CO2EII,PUBLISHING,1,2024,32,"2024/08/04 00:00:00",SA1,37509.31084718,12562.66070481,0.334900
D,CO2EII,PUBLISHING,1,2024,32,"2024/08/04 00:00:00",TAS1,32216.19770718,2526.16541946,0.078400
D,CO2EII,PUBLISHING,1,2024,32,"2024/08/04 00:00:00",VIC1,118181.94332757,108956.70569679,0.921900
D,CO2EII,PUBLISHING,1,2024,32,"2024/08/05 00:00:00",NEM,584002.83898832,397646.74420435,0.680900
D,CO2EII,PUBLISHING,1,2024,32,"2024/08/05 00:00:00",NSW1,205139.05566173,143264.05513504,0.698400
D,CO2EII,PUBLISHING,1,2024,32,"2024/08/05 00:00:00",QLD1,173601.34144346,116606.31734255,0.671700
D,CO2EII,PUBLISHING,1,2024,32,"2024/08/05 00:00:00",SA1,32118.88397706,14073.85219683,0.438200
D,CO2EII,PUBLISHING,1,2024,32,"2024/08/05 00:00:00",TAS1,38745.86291512,2525.51452431,0.065200
D,CO2EII,PUBLISHING,1,2024,32,"2024/08/05 00:00:00",VIC1,134397.69499095,121177.00500562,0.901600
D,CO2EII,PUBLISHING,1,2024,32,"2024/08/06 00:00:00",NEM,555010.27718429,346707.65243571,0.624700
D,CO2EII,PUBLISHING,1,2024,32,"2024/08/06 00:00:00",NSW1,189100.80798475,128778.25606355,0.681000
D,CO2EII,PUBLISHING,1,2024,32,"2024/08/06 00:00:00",QLD1,152852.25360274,106390.78753493,0.696000
D,CO2EII,PUBLISHING,1,2024,32,"2024/08/06 00:00:00",SA1,34845.52047854,12615.37065815,0.362000
D,CO2EII,PUBLISHING,1,2024,32,"2024/08/06 00:00:00",TAS1,26859.34862242,2527.51954592,0.094100
D,CO2EII,PUBLISHING,1,2024,32,"2024/08/06 00:00:00",VIC1,151352.34649584,96395.71863316,0.636900
D,CO2EII,PUBLISHING,1,2024,32,"2024/08/07 00:00:00",NEM,547344.38181256,339490.26149515,0.620200
D,CO2EII,PUBLISHING,1,2024,32,"2024/08/07 00:00:00",NSW1,186427.49576166,126670.50725058,0.679500
D,CO2EII,PUBLISHING,1,2024,32,"2024/08/07 00:00:00",QLD1,153627.43968240,104358.56557466,0.679300
D,CO2EII,PUBLISHING,1,2024,32,"2024/08/07 00:00:00",SA1,38979.37889289,7573.41998284,0.194300
D,CO2EII,PUBLISHING,1,2024,32,"2024/08/07 00:00:00",TAS1,23673.63845010,2527.91986564,0.106800
D,CO2EII,PUBLISHING,1,2024,32,"2024/08/07 00:00:00",VIC1,144636.42902551,98359.84882143,0.680000
D,CO2EII,PUBLISHING,1,2024,32,"2024/08/08 00:00:00",NEM,573669.72497981,321107.48424821,0.559700
D,CO2EII,PUBLISHING,1,2024,32,"2024/08/08 00:00:00",NSW1,182053.46777197,121348.67827253,0.666600
D,CO2EII,PUBLISHING,1,2024,32,"2024/08/08 00:00:00",QLD1,159660.49437286,100079.58139548,0.626800
D,CO2EII,PUBLISHING,1,2024,32,"2024/08/08 00:00:00",SA1,44253.90372494,4942.82793817,0.111700
D,CO2EII,PUBLISHING,1,2024,32,"2024/08/08 00:00:00",TAS1,23423.77676458,2526.32393034,0.107900
D,CO2EII,PUBLISHING,1,2024,32,"2024/08/08 00:00:00",VIC1,164278.08234546,92210.07271169,0.561300
D,CO2EII,PUBLISHING,1,2024,32,"2024/08/09 00:00:00",NEM,540484.07079120,351461.15795445,0.650300
D,CO2EII,PUBLISHING,1,2024,32,"2024/08/09 00:00:00",NSW1,191593.09072721,138417.54301914,0.722500
D,CO2EII,PUBLISHING,1,2024,32,"2024/08/09 00:00:00",QLD1,165478.27759886,104788.64609439,0.633200
D,CO2EII,PUBLISHING,1,2024,32,"2024/08/09 00:00:00",SA1,34586.76412265,11608.35544316,0.335600
D,CO2EII,PUBLISHING,1,2024,32,"2024/08/09 00:00:00",TAS1,31886.82862037,2525.65714383,0.079200
D,CO2EII,PUBLISHING,1,2024,32,"2024/08/09 00:00:00",VIC1,116939.10972211,94120.95625393,0.804900
D,CO2EII,PUBLISHING,1,2024,32,"2024/08/10 00:00:00",NEM,493125.98302588,320449.46105406,0.649800
D,CO2EII,PUBLISHING,1,2024,32,"2024/08/10 00:00:00",NSW1,176803.99061073,121468.40418501,0.687000
D,CO2EII,PUBLISHING,1,2024,32,"2024/08/10 00:00:00",QLD1,152190.85318553,97644.29910732,0.641600
D,CO2EII,PUBLISHING,1,2024,32,"2024/08/10 00:00:00",SA1,34450.29373756,9995.87003896,0.290200
D,CO2EII,PUBLISHING,1,2024,32,"2024/08/10 00:00:00",TAS1,28616.69179666,2520.74400890,0.088100
D,CO2EII,PUBLISHING,1,2024,32,"2024/08/10 00:00:00",VIC1,101064.15369540,88820.14371387,0.878800
D,CO2EII,PUBLISHING,1,2024,33,"2024/08/11 00:00:00",NEM,485237.80422429,315321.34509854,0.649800
D,CO2EII,PUBLISHING,1,2024,33,"2024/08/11 00:00:00",NSW1,170178.90015678,112783.00150013,0.662700
D,CO2EII,PUBLISHING,1,2024,33,"2024/08/11 00:00:00",QLD1,146123.26692739,98573.02240233,0.674600
D,CO2EII,PUBLISHING,1,2024,33,"2024/08/11 00:00:00",SA1,40482.48031549,8837.03854467,0.218300
D,CO2EII,PUBLISHING,1,2024,33,"2024/08/11 00:00:00",TAS1,26692.09988640,2520.28742922,0.094400
D,CO2EII,PUBLISHING,1,2024,33,"2024/08/11 00:00:00",VIC1,101761.05693823,92607.99522219,0.910100
D,CO2EII,PUBLISHING,1,2024,33,"2024/08/12 00:00:00",NEM,542352.33327140,322784.04257344,0.595200
D,CO2EII,PUBLISHING,1,2024,33,"2024/08/12 00:00:00",NSW1,193691.81695431,123828.39540789,0.639300
D,CO2EII,PUBLISHING,1,2024,33,"2024/08/12 00:00:00",QLD1,148102.01620254,103874.24957452,0.701400
D,CO2EII,PUBLISHING,1,2024,33,"2024/08/12 00:00:00",SA1,39782.20046145,2453.25819410,0.061700
D,CO2EII,PUBLISHING,1,2024,33,"2024/08/12 00:00:00",TAS1,22459.69512985,2456.77831963,0.109400
D,CO2EII,PUBLISHING,1,2024,33,"2024/08/12 00:00:00",VIC1,138316.60452325,90171.36107730,0.651900
D,CO2EII,PUBLISHING,1,2024,33,"2024/08/13 00:00:00",NEM,538812.57138901,318735.87740648,0.591600
D,CO2EII,PUBLISHING,1,2024,33,"2024/08/13 00:00:00",NSW1,183415.08341284,120086.35099137,0.654700
D,CO2EII,PUBLISHING,1,2024,33,"2024/08/13 00:00:00",QLD1,158312.76771462,106892.91492658,0.675200
D,CO2EII,PUBLISHING,1,2024,33,"2024/08/13 00:00:00",SA1,38167.10350412,4350.22246630,0.114000
D,CO2EII,PUBLISHING,1,2024,33,"2024/08/13 00:00:00",TAS1,21374.81767867,2526.67713358,0.118200
D,CO2EII,PUBLISHING,1,2024,33,"2024/08/13 00:00:00",VIC1,137542.79907876,84879.71188865,0.617100
D,CO2EII,PUBLISHING,1,2024,33,"2024/08/14 00:00:00",NEM,528785.35340589,331797.63360639,0.627500
D,CO2EII,PUBLISHING,1,2024,33,"2024/08/14 00:00:00",NSW1,180608.06073771,128136.25495618,0.709500
D,CO2EII,PUBLISHING,1,2024,33,"2024/08/14 00:00:00",QLD1,158526.12832321,106720.16170618,0.673200
D,CO2EII,PUBLISHING,1,2024,33,"2024/08/14 00:00:00",SA1,37324.38863724,5756.14543370,0.154200
D,CO2EII,PUBLISHING,1,2024,33,"2024/08/14 00:00:00",TAS1,20659.90319268,2522.78788121,0.122100
D,CO2EII,PUBLISHING,1,2024,33,"2024/08/14 00:00:00",VIC1,131666.87251505,88662.28362912,0.673400
D,CO2EII,PUBLISHING,1,2024,33,"2024/08/15 00:00:00",NEM,526802.52245488,309650.46686478,0.587800
D,CO2EII,PUBLISHING,1,2024,33,"2024/08/15 00:00:00",NSW1,172173.24415533,118540.01143748,0.688500
D,CO2EII,PUBLISHING,1,2024,33,"2024/08/15 00:00:00",QLD1,154535.97867718,101878.28515760,0.659300
D,CO2EII,PUBLISHING,1,2024,33,"2024/08/15 00:00:00",SA1,43961.46011647,1830.03203123,0.041600
D,CO2EII,PUBLISHING,1,2024,33,"2024/08/15 00:00:00",TAS1,20163.48972447,2549.07481808,0.126400
D,CO2EII,PUBLISHING,1,2024,33,"2024/08/15 00:00:00",VIC1,135968.34978143,84853.06342039,0.624100
D,CO2EII,PUBLISHING,1,2024,33,"2024/08/16 00:00:00",NEM,522489.84631070,310860.17554591,0.595000
D,CO2EII,PUBLISHING,1,2024,33,"2024/08/16 00:00:00",NSW1,168217.34121488,114374.56395614,0.679900
D,CO2EII,PUBLISHING,1,2024,33,"2024/08/16 00:00:00",QLD1,153044.33647213,101044.98841533,0.660200
D,CO2EII,PUBLISHING,1,2024,33,"2024/08/16 00:00:00",SA1,43181.89693164,2392.01961830,0.055400
D,CO2EII,PUBLISHING,1,2024,33,"2024/08/16 00:00:00",TAS1,20889.83325489,2503.03624507,0.119800
D,CO2EII,PUBLISHING,1,2024,33,"2024/08/16 00:00:00",VIC1,137156.43843716,90545.56731107,0.660200
D,CO2EII,PUBLISHING,1,2024,33,"2024/08/17 00:00:00",NEM,486657.37119673,283492.13995882,0.582500
D,CO2EII,PUBLISHING,1,2024,33,"2024/08/17 00:00:00",NSW1,167922.58815829,96097.54177831,0.572300
D,CO2EII,PUBLISHING,1,2024,33,"2024/08/17 00:00:00",QLD1,139732.16067222,90497.45788692,0.647600
D,CO2EII,PUBLISHING,1,2024,33,"2024/08/17 00:00:00",SA1,45168.91687994,4360.88623007,0.096500
D,CO2EII,PUBLISHING,1,2024,33,"2024/08/17 00:00:00",TAS1,21018.39288850,2518.52565175,0.119800
D,CO2EII,PUBLISHING,1,2024,33,"2024/08/17 00:00:00",VIC1,112815.31259778,90017.72841177,0.797900
D,CO2EII,PUBLISHING,1,2024,34,"2024/08/18 00:00:00",NEM,471211.29228401,313121.82032558,0.664500
D,CO2EII,PUBLISHING,1,2024,34,"2024/08/18 00:00:00",NSW1,163453.84206239,111882.77274861,0.684500
D,CO2EII,PUBLISHING,1,2024,34,"2024/08/18 00:00:00",QLD1,143175.24309189,91827.78741172,0.641400
D,CO2EII,PUBLISHING,1,2024,34,"2024/08/18 00:00:00",SA1,31504.62075070,10077.96982115,0.319900
D,CO2EII,PUBLISHING,1,2024,34,"2024/08/18 00:00:00",TAS1,22837.40748435,2527.49314293,0.110700
D,CO2EII,PUBLISHING,1,2024,34,"2024/08/18 00:00:00",VIC1,110240.17889468,96805.79720117,0.878100
D,CO2EII,PUBLISHING,1,2024,34,"2024/08/19 00:00:00",NEM,523269.43269947,314585.00510125,0.601200
D,CO2EII,PUBLISHING,1,2024,34,"2024/08/19 00:00:00",NSW1,168833.55342893,111469.17229959,0.660200
D,CO2EII,PUBLISHING,1,2024,34,"2024/08/19 00:00:00",QLD1,154741.79514302,95358.70379498,0.616200
D,CO2EII,PUBLISHING,1,2024,34,"2024/08/19 00:00:00",SA1,49353.19082816,3741.93915881,0.075800
D,CO2EII,PUBLISHING,1,2024,34,"2024/08/19 00:00:00",TAS1,23367.51043056,2528.68630098,0.108200
D,CO2EII,PUBLISHING,1,2024,34,"2024/08/19 00:00:00",VIC1,126973.38286880,101486.50354689,0.799300
D,CO2EII,PUBLISHING,1,2024,34,"2024/08/20 00:00:00",NEM,527134.26438235,290655.03891643,0.551400
D,CO2EII,PUBLISHING,1,2024,34,"2024/08/20 00:00:00",NSW1,161838.66374575,98758.97209030,0.610200
D,CO2EII,PUBLISHING,1,2024,34,"2024/08/20 00:00:00",QLD1,153871.70938028,93301.54449505,0.606400
D,CO2EII,PUBLISHING,1,2024,34,"2024/08/20 00:00:00",SA1,41611.35031159,2217.60070907,0.053300
D,CO2EII,PUBLISHING,1,2024,34,"2024/08/20 00:00:00",TAS1,23643.14561666,2522.25602668,0.106700
D,CO2EII,PUBLISHING,1,2024,34,"2024/08/20 00:00:00",VIC1,146169.39532807,93854.66559533,0.642100
D,CO2EII,PUBLISHING,1,2024,34,"2024/08/21 00:00:00",NEM,497688.86129374,276689.91508832,0.555900
D,CO2EII,PUBLISHING,1,2024,34,"2024/08/21 00:00:00",NSW1,170970.88775419,95244.36732651,0.557100
D,CO2EII,PUBLISHING,1,2024,34,"2024/08/21 00:00:00",QLD1,143057.24529251,88059.46057239,0.615600
D,CO2EII,PUBLISHING,1,2024,34,"2024/08/21 00:00:00",SA1,33544.34904069,4138.12118385,0.123400
D,CO2EII,PUBLISHING,1,2024,34,"2024/08/21 00:00:00",TAS1,25736.92400196,2510.96640954,0.097600
D,CO2EII,PUBLISHING,1,2024,34,"2024/08/21 00:00:00",VIC1,124379.45520439,86736.99959603,0.697400
D,CO2EII,PUBLISHING,1,2024,34,"2024/08/22 00:00:00",NEM,492891.07548066,290837.71997412,0.590100
D,CO2EII,PUBLISHING,1,2024,34,"2024/08/22 00:00:00",NSW1,152915.27191798,94611.04197864,0.618700
D,CO2EII,PUBLISHING,1,2024,34,"2024/08/22 00:00:00",QLD1,152585.49932635,97067.74424557,0.636200
D,CO2EII,PUBLISHING,1,2024,34,"2024/08/22 00:00:00",SA1,26990.20261162,7651.27176979,0.283500
D,CO2EII,PUBLISHING,1,2024,34,"2024/08/22 00:00:00",TAS1,35328.64220500,2521.23950123,0.071400
D,CO2EII,PUBLISHING,1,2024,34,"2024/08/22 00:00:00",VIC1,125071.45941971,88986.42247889,0.711500
D,CO2EII,PUBLISHING,1,2024,34,"2024/08/23 00:00:00",NEM,504366.45783053,280487.81047618,0.556100
D,CO2EII,PUBLISHING,1,2024,34,"2024/08/23 00:00:00",NSW1,149360.88714048,96239.31894834,0.644300
D,CO2EII,PUBLISHING,1,2024,34,"2024/08/23 00:00:00",QLD1,150411.65628767,94066.32319843,0.625400
D,CO2EII,PUBLISHING,1,2024,34,"2024/08/23 00:00:00",SA1,40882.49249965,1047.89345824,0.025600
D,CO2EII,PUBLISHING,1,2024,34,"2024/08/23 00:00:00",TAS1,32446.61098422,1073.32481333,0.033100
D,CO2EII,PUBLISHING,1,2024,34,"2024/08/23 00:00:00",VIC1,131264.81091851,88060.95005784,0.670900
D,CO2EII,PUBLISHING,1,2024,34,"2024/08/24 00:00:00",NEM,449259.78084824,252948.74303327,0.563000
D,CO2EII,PUBLISHING,1,2024,34,"2024/08/24 00:00:00",NSW1,146815.18921979,83619.02674442,0.569600
D,CO2EII,PUBLISHING,1,2024,34,"2024/08/24 00:00:00",QLD1,131472.29763728,86045.02190676,0.654500
D,CO2EII,PUBLISHING,1,2024,34,"2024/08/24 00:00:00",SA1,20832.56480195,1584.07464162,0.076000
D,CO2EII,PUBLISHING,1,2024,34,"2024/08/24 00:00:00",TAS1,26903.14977932,0.00000000,0.000000
D,CO2EII,PUBLISHING,1,2024,34,"2024/08/24 00:00:00",VIC1,123236.57940990,81700.61974047,0.663000
D,CO2EII,PUBLISHING,1,2024,35,"2024/08/25 00:00:00",NEM,460960.03619768,249054.13870030,0.540300
D,CO2EII,PUBLISHING,1,2024,35,"2024/08/25 00:00:00",NSW1,150302.43358774,89520.46400633,0.595600
D,CO2EII,PUBLISHING,1,2024,35,"2024/08/25 00:00:00",QLD1,133494.45850308,87381.68171567,0.654600
D,CO2EII,PUBLISHING,1,2024,35,"2024/08/25 00:00:00",SA1,35505.48393387,1242.61872733,0.035000
D,CO2EII,PUBLISHING,1,2024,35,"2024/08/25 00:00:00",TAS1,21248.15040197,0.00000000,0.000000
D,CO2EII,PUBLISHING,1,2024,35,"2024/08/25 00:00:00",VIC1,120409.50977102,70909.37425097,0.588900
D,CO2EII,PUBLISHING,1,2024,35,"2024/08/26 00:00:00",NEM,487165.76471487,258690.99570853,0.531000
D,CO2EII,PUBLISHING,1,2024,35,"2024/08/26 00:00:00",NSW1,152270.35406987,83042.23050477,0.545400
D,CO2EII,PUBLISHING,1,2024,35,"2024/08/26 00:00:00",QLD1,143546.83364981,91332.27801174,0.636300
D,CO2EII,PUBLISHING,1,2024,35,"2024/08/26 00:00:00",SA1,30451.48874911,3011.15726033,0.098900
D,CO2EII,PUBLISHING,1,2024,35,"2024/08/26 00:00:00",TAS1,29460.33018631,0.00000000,0.000000
D,CO2EII,PUBLISHING,1,2024,35,"2024/08/26 00:00:00",VIC1,131436.75805977,81305.32993169,0.618600
D,CO2EII,PUBLISHING,1,2024,35,"2024/08/27 00:00:00",NEM,491530.60534347,262053.21388865,0.533100
D,CO2EII,PUBLISHING,1,2024,35,"2024/08/27 00:00:00",NSW1,153671.54673563,94138.72174351,0.612600
D,CO2EII,PUBLISHING,1,2024,35,"2024/08/27 00:00:00",QLD1,138371.59772248,91616.43544196,0.662100
D,CO2EII,PUBLISHING,1,2024,35,"2024/08/27 00:00:00",SA1,36075.72504855,1039.25232248,0.028800
D,CO2EII,PUBLISHING,1,2024,35,"2024/08/27 00:00:00",TAS1,23401.80516658,0.00000000,0.000000
D,CO2EII,PUBLISHING,1,2024,35,"2024/08/27 00:00:00",VIC1,140009.93067023,75258.80438070,0.537500
D,CO2EII,PUBLISHING,1,2024,35,"2024/08/28 00:00:00",NEM,494136.24335029,254800.35951813,0.515600
D,CO2EII,PUBLISHING,1,2024,35,"2024/08/28 00:00:00",NSW1,159724.61437762,82794.74866060,0.518400
D,CO2EII,PUBLISHING,1,2024,35,"2024/08/28 00:00:00",QLD1,136529.03286830,88803.50369090,0.650400
D,CO2EII,PUBLISHING,1,2024,35,"2024/08/28 00:00:00",SA1,30191.98446453,1521.49292522,0.050400
D,CO2EII,PUBLISHING,1,2024,35,"2024/08/28 00:00:00",TAS1,27169.58281767,0.00000000,0.000000
D,CO2EII,PUBLISHING,1,2024,35,"2024/08/28 00:00:00",VIC1,140521.02882217,81680.61424141,0.581300
D,CO2EII,PUBLISHING,1,2024,35,"2024/08/29 00:00:00",NEM,493966.06735127,267086.44277008,0.540700
D,CO2EII,PUBLISHING,1,2024,35,"2024/08/29 00:00:00",NSW1,153168.84275756,87219.68556203,0.569400
D,CO2EII,PUBLISHING,1,2024,35,"2024/08/29 00:00:00",QLD1,142642.50755220,93693.91220385,0.656800
D,CO2EII,PUBLISHING,1,2024,35,"2024/08/29 00:00:00",SA1,32444.24464500,1859.75424568,0.057300
D,CO2EII,PUBLISHING,1,2024,35,"2024/08/29 00:00:00",TAS1,30368.69610709,0.00000000,0.000000
D,CO2EII,PUBLISHING,1,2024,35,"2024/08/29 00:00:00",VIC1,135341.77628942,84313.09075852,0.623000
D,CO2EII,PUBLISHING,1,2024,35,"2024/08/30 00:00:00",NEM,485039.51596694,247472.60483987,0.510200
D,CO2EII,PUBLISHING,1,2024,35,"2024/08/30 00:00:00",NSW1,151446.13662474,80231.78016762,0.529800
D,CO2EII,PUBLISHING,1,2024,35,"2024/08/30 00:00:00",QLD1,140258.18054677,91672.26529506,0.653600
D,CO2EII,PUBLISHING,1,2024,35,"2024/08/30 00:00:00",SA1,39231.60074171,1008.52539807,0.025700
D,CO2EII,PUBLISHING,1,2024,35,"2024/08/30 00:00:00",TAS1,22869.73033264,0.00000000,0.000000
D,CO2EII,PUBLISHING,1,2024,35,"2024/08/30 00:00:00",VIC1,131233.86772108,74560.03397912,0.568100
D,CO2EII,PUBLISHING,1,2024,35,"2024/08/31 00:00:00",NEM,463430.13813257,236572.98875044,0.510500
D,CO2EII,PUBLISHING,1,2024,35,"2024/08/31 00:00:00",NSW1,138117.86059989,70129.12840819,0.507700
D,CO2EII,PUBLISHING,1,2024,35,"2024/08/31 00:00:00",QLD1,137911.05842318,92506.66228448,0.670800
D,CO2EII,PUBLISHING,1,2024,35,"2024/08/31 00:00:00",SA1,38000.65392824,1008.12258365,0.026500
D,CO2EII,PUBLISHING,1,2024,35,"2024/08/31 00:00:00",TAS1,20633.49869128,0.00000000,0.000000
D,CO2EII,PUBLISHING,1,2024,35,"2024/08/31 00:00:00",VIC1,128767.06648998,72929.07547412,0.566400
D,CO2EII,PUBLISHING,1,2024,36,"2024/09/01 00:00:00",NEM,451234.13323962,235182.25578325,0.521200
D,CO2EII,PUBLISHING,1,2024,36,"2024/09/01 00:00:00",NSW1,132381.85913904,68733.48750461,0.519200
D,CO2EII,PUBLISHING,1,2024,36,"2024/09/01 00:00:00",QLD1,139359.58911043,92752.85163769,0.665600
D,CO2EII,PUBLISHING,1,2024,36,"2024/09/01 00:00:00",SA1,35436.45338214,1007.76219792,0.028400
D,CO2EII,PUBLISHING,1,2024,36,"2024/09/01 00:00:00",TAS1,20265.33566274,0.00000000,0.000000
D,CO2EII,PUBLISHING,1,2024,36,"2024/09/01 00:00:00",VIC1,123790.89594527,72688.15444303,0.587200
D,CO2EII,PUBLISHING,1,2024,36,"2024/09/02 00:00:00",NEM,494868.02933763,250742.41210683,0.506700
D,CO2EII,PUBLISHING,1,2024,36,"2024/09/02 00:00:00",NSW1,155537.99690726,73998.53400742,0.475800
D,CO2EII,PUBLISHING,1,2024,36,"2024/09/02 00:00:00",QLD1,141546.10843293,89831.48726407,0.634600
D,CO2EII,PUBLISHING,1,2024,36,"2024/09/02 00:00:00",SA1,33389.03902443,2213.18227602,0.066300
D,CO2EII,PUBLISHING,1,2024,36,"2024/09/02 00:00:00",TAS1,24608.88308618,0.00000000,0.000000
D,CO2EII,PUBLISHING,1,2024,36,"2024/09/02 00:00:00",VIC1,139786.00188683,84699.20855932,0.605900
D,CO2EII,PUBLISHING,1,2024,36,"2024/09/03 00:00:00",NEM,479942.27157392,285744.04780765,0.595400
D,CO2EII,PUBLISHING,1,2024,36,"2024/09/03 00:00:00",NSW1,155899.65697469,91046.54558776,0.584000
D,CO2EII,PUBLISHING,1,2024,36,"2024/09/03 00:00:00",QLD1,140190.29897157,88519.81740749,0.631400
D,CO2EII,PUBLISHING,1,2024,36,"2024/09/03 00:00:00",SA1,28874.47728503,4492.49039238,0.155600
D,CO2EII,PUBLISHING,1,2024,36,"2024/09/03 00:00:00",TAS1,30810.36793937,0.00000000,0.000000
D,CO2EII,PUBLISHING,1,2024,36,"2024/09/03 00:00:00",VIC1,124167.47040326,101685.19442002,0.818900
D,CO2EII,PUBLISHING,1,2024,36,"2024/09/04 00:00:00",NEM,488891.22248705,254694.09352304,0.521000
D,CO2EII,PUBLISHING,1,2024,36,"2024/09/04 00:00:00",NSW1,142098.59142405,84631.75936412,0.595600
D,CO2EII,PUBLISHING,1,2024,36,"2024/09/04 00:00:00",QLD1,145037.40501715,90915.35054611,0.626800
D,CO2EII,PUBLISHING,1,2024,36,"2024/09/04 00:00:00",SA1,39329.58646560,1009.46526945,0.025700
D,CO2EII,PUBLISHING,1,2024,36,"2024/09/04 00:00:00",TAS1,22959.44615077,0.00000000,0.000000
D,CO2EII,PUBLISHING,1,2024,36,"2024/09/04 00:00:00",VIC1,139466.19342948,78137.51834336,0.560300
D,CO2EII,PUBLISHING,1,2024,36,"2024/09/05 00:00:00",NEM,503253.83093008,252202.42686005,0.501100
D,CO2EII,PUBLISHING,1,2024,36,"2024/09/05 00:00:00",NSW1,147726.79503056,78268.98674746,0.529800
D,CO2EII,PUBLISHING,1,2024,36,"2024/09/05 00:00:00",QLD1,143309.31154276,90050.81508864,0.628400
D,CO2EII,PUBLISHING,1,2024,36,"2024/09/05 00:00:00",SA1,41764.38291107,1022.03700457,0.024500
D,CO2EII,PUBLISHING,1,2024,36,"2024/09/05 00:00:00",TAS1,26971.11479544,0.00000000,0.000000
D,CO2EII,PUBLISHING,1,2024,36,"2024/09/05 00:00:00",VIC1,143482.22665025,82860.58801938,0.577500
D,CO2EII,PUBLISHING,1,2024,36,"2024/09/06 00:00:00",NEM,486684.20202364,247804.48178635,0.509200
D,CO2EII,PUBLISHING,1,2024,36,"2024/09/06 00:00:00",NSW1,155454.18910297,76148.00928627,0.489800
D,CO2EII,PUBLISHING,1,2024,36,"2024/09/06 00:00:00",QLD1,138938.87820445,86580.95540786,0.623200
D,CO2EII,PUBLISHING,1,2024,36,"2024/09/06 00:00:00",SA1,32527.87740677,2724.28175136,0.083800
D,CO2EII,PUBLISHING,1,2024,36,"2024/09/06 00:00:00",TAS1,31997.91645474,0.00000000,0.000000
D,CO2EII,PUBLISHING,1,2024,36,"2024/09/06 00:00:00",VIC1,127765.34085471,82351.23534086,0.644600
D,CO2EII,PUBLISHING,1,2024,36,"2024/09/07 00:00:00",NEM,438111.12520059,262912.26563399,0.600100
D,CO2EII,PUBLISHING,1,2024,36,"2024/09/07 00:00:00",NSW1,136203.20095676,80997.87148383,0.594700
D,CO2EII,PUBLISHING,1,2024,36,"2024/09/07 00:00:00",QLD1,133468.04205725,86857.78913090,0.650800
D,CO2EII,PUBLISHING,1,2024,36,"2024/09/07 00:00:00",SA1,17125.97292278,3683.53516626,0.215100
D,CO2EII,PUBLISHING,1,2024,36,"2024/09/07 00:00:00",TAS1,33334.32566300,0.00000000,0.000000
D,CO2EII,PUBLISHING,1,2024,36,"2024/09/07 00:00:00",VIC1,117979.58360080,91373.06985300,0.774500
D,CO2EII,PUBLISHING,1,2024,37,"2024/09/08 00:00:00",NEM,455357.12593807,237715.08268794,0.522000
D,CO2EII,PUBLISHING,1,2024,37,"2024/09/08 00:00:00",NSW1,146613.83822692,83005.58953201,0.566200
D,CO2EII,PUBLISHING,1,2024,37,"2024/09/08 00:00:00",QLD1,131578.25596661,87779.49978696,0.667100
D,CO2EII,PUBLISHING,1,2024,37,"2024/09/08 00:00:00",SA1,25641.90567726,1647.05963378,0.064200
D,CO2EII,PUBLISHING,1,2024,37,"2024/09/08 00:00:00",TAS1,30621.31121255,0.00000000,0.000000
D,CO2EII,PUBLISHING,1,2024,37,"2024/09/08 00:00:00",VIC1,120901.81485473,65282.93373519,0.540000
D,CO2EII,PUBLISHING,1,2024,37,"2024/09/09 00:00:00",NEM,479819.54736481,264991.66731606,0.552300
D,CO2EII,PUBLISHING,1,2024,37,"2024/09/09 00:00:00",NSW1,147998.21276619,82739.36125376,0.559100
D,CO2EII,PUBLISHING,1,2024,37,"2024/09/09 00:00:00",QLD1,141719.97103839,90675.57117304,0.639800
D,CO2EII,PUBLISHING,1,2024,37,"2024/09/09 00:00:00",SA1,24612.20872905,4415.06965988,0.179400
D,CO2EII,PUBLISHING,1,2024,37,"2024/09/09 00:00:00",TAS1,33535.90067211,0.00000000,0.000000
D,CO2EII,PUBLISHING,1,2024,37,"2024/09/09 00:00:00",VIC1,131953.25415907,87161.66522938,0.660500
D,CO2EII,PUBLISHING,1,2024,37,"2024/09/10 00:00:00",NEM,476318.85772710,302536.22058398,0.635200
D,CO2EII,PUBLISHING,1,2024,37,"2024/09/10 00:00:00",NSW1,150391.68048663,95678.52523856,0.636200
D,CO2EII,PUBLISHING,1,2024,37,"2024/09/10 00:00:00",QLD1,148615.82105233,94226.92902588,0.634000
D,CO2EII,PUBLISHING,1,2024,37,"2024/09/10 00:00:00",SA1,21564.30060000,7516.23804222,0.348600
D,CO2EII,PUBLISHING,1,2024,37,"2024/09/10 00:00:00",TAS1,34383.90591746,0.00000000,0.000000
D,CO2EII,PUBLISHING,1,2024,37,"2024/09/10 00:00:00",VIC1,121363.14967068,105114.52827732,0.866100
D,CO2EII,PUBLISHING,1,2024,37,"2024/09/11 00:00:00",NEM,488598.51530605,292407.16406865,0.598500
D,CO2EII,PUBLISHING,1,2024,37,"2024/09/11 00:00:00",NSW1,145105.97953805,90462.55290834,0.623400
D,CO2EII,PUBLISHING,1,2024,37,"2024/09/11 00:00:00",QLD1,151126.13505419,96612.59631423,0.639300
D,CO2EII,PUBLISHING,1,2024,37,"2024/09/11 00:00:00",SA1,29681.59678247,3577.57687219,0.120500
D,CO2EII,PUBLISHING,1,2024,37,"2024/09/11 00:00:00",TAS1,33812.47763294,0.00000000,0.000000
D,CO2EII,PUBLISHING,1,2024,37,"2024/09/11 00:00:00",VIC1,128872.32629840,101754.43797389,0.789600
D,CO2EII,PUBLISHING,1,2024,37,"2024/09/12 00:00:00",NEM,492189.50046523,292579.56132274,0.594400
D,CO2EII,PUBLISHING,1,2024,37,"2024/09/12 00:00:00",NSW1,162908.50647519,101961.07478825,0.625900
D,CO2EII,PUBLISHING,1,2024,37,"2024/09/12 00:00:00",QLD1,144079.89831634,95017.11911885,0.659500
D,CO2EII,PUBLISHING,1,2024,37,"2024/09/12 00:00:00",SA1,30341.16583339,1858.28998663,0.061200
D,CO2EII,PUBLISHING,1,2024,37,"2024/09/12 00:00:00",TAS1,29730.52552427,0.00000000,0.000000
D,CO2EII,PUBLISHING,1,2024,37,"2024/09/12 00:00:00",VIC1,125129.40431604,93743.07742901,0.749200
D,CO2EII,PUBLISHING,1,2024,37,"2024/09/13 00:00:00",NEM,482970.81499819,288479.08205228,0.597300
D,CO2EII,PUBLISHING,1,2024,37,"2024/09/13 00:00:00",NSW1,147434.06765470,89544.54445169,0.607400
D,CO2EII,PUBLISHING,1,2024,37,"2024/09/13 00:00:00",QLD1,139615.24623765,88161.00089663,0.631500
D,CO2EII,PUBLISHING,1,2024,37,"2024/09/13 00:00:00",SA1,27969.27576408,2831.35024489,0.101200
D,CO2EII,PUBLISHING,1,2024,37,"2024/09/13 00:00:00",TAS1,36906.01025096,0.00000000,0.000000
D,CO2EII,PUBLISHING,1,2024,37,"2024/09/13 00:00:00",VIC1,131046.21509080,107942.18645907,0.823700
D,CO2EII,PUBLISHING,1,2024,37,"2024/09/14 00:00:00",NEM,472937.39696184,254185.44123065,0.537500
D,CO2EII,PUBLISHING,1,2024,37,"2024/09/14 00:00:00",NSW1,130677.61706417,72825.98240251,0.557300
D,CO2EII,PUBLISHING,1,2024,37,"2024/09/14 00:00:00",QLD1,140139.07794640,88000.07900937,0.627900
D,CO2EII,PUBLISHING,1,2024,37,"2024/09/14 00:00:00",SA1,31678.00788927,1289.49635584,0.040700
D,CO2EII,PUBLISHING,1,2024,37,"2024/09/14 00:00:00",TAS1,32586.55828465,0.00000000,0.000000
D,CO2EII,PUBLISHING,1,2024,37,"2024/09/14 00:00:00",VIC1,137856.13577735,92069.88346293,0.667900
D,CO2EII,PUBLISHING,1,2024,38,"2024/09/15 00:00:00",NEM,462054.07986715,253589.42119215,0.548800
D,CO2EII,PUBLISHING,1,2024,38,"2024/09/15 00:00:00",NSW1,130744.98825753,74501.90528608,0.569800
D,CO2EII,PUBLISHING,1,2024,38,"2024/09/15 00:00:00",QLD1,140945.58683496,90983.79853434,0.645500
D,CO2EII,PUBLISHING,1,2024,38,"2024/09/15 00:00:00",SA1,37461.13228569,1501.00021030,0.040100
D,CO2EII,PUBLISHING,1,2024,38,"2024/09/15 00:00:00",TAS1,32069.97481555,0.00000000,0.000000
D,CO2EII,PUBLISHING,1,2024,38,"2024/09/15 00:00:00",VIC1,120832.39767342,86602.71716143,0.716700
D,CO2EII,PUBLISHING,1,2024,38,"2024/09/16 00:00:00",NEM,495410.81843653,278467.58279117,0.562100
D,CO2EII,PUBLISHING,1,2024,38,"2024/09/16 00:00:00",NSW1,145427.26613471,81876.96903534,0.563000
D,CO2EII,PUBLISHING,1,2024,38,"2024/09/16 00:00:00",QLD1,148512.11094053,95121.81515112,0.640500
D,CO2EII,PUBLISHING,1,2024,38,"2024/09/16 00:00:00",SA1,31813.40246094,3105.09815050,0.097600
D,CO2EII,PUBLISHING,1,2024,38,"2024/09/16 00:00:00",TAS1,34835.58082741,15.62251213,0.000400
D,CO2EII,PUBLISHING,1,2024,38,"2024/09/16 00:00:00",VIC1,134822.45807294,98348.07794208,0.729500
D,CO2EII,PUBLISHING,1,2024,38,"2024/09/17 00:00:00",NEM,483140.87922587,282420.37141508,0.584600
D,CO2EII,PUBLISHING,1,2024,38,"2024/09/17 00:00:00",NSW1,144260.98196485,83730.44608464,0.580400
D,CO2EII,PUBLISHING,1,2024,38,"2024/09/17 00:00:00",QLD1,150969.82030191,95701.40023299,0.633900
D,CO2EII,PUBLISHING,1,2024,38,"2024/09/17 00:00:00",SA1,24558.28076775,5426.90693598,0.221000
D,CO2EII,PUBLISHING,1,2024,38,"2024/09/17 00:00:00",TAS1,38063.20035647,0.00000000,0.000000
D,CO2EII,PUBLISHING,1,2024,38,"2024/09/17 00:00:00",VIC1,125288.59583489,97561.61816147,0.778700
D,CO2EII,PUBLISHING,1,2024,38,"2024/09/18 00:00:00",NEM,475430.77302128,252639.36311362,0.531400
D,CO2EII,PUBLISHING,1,2024,38,"2024/09/18 00:00:00",NSW1,142960.09945085,74861.93953697,0.523700
D,CO2EII,PUBLISHING,1,2024,38,"2024/09/18 00:00:00",QLD1,140806.29492296,91988.59655002,0.653300
D,CO2EII,PUBLISHING,1,2024,38,"2024/09/18 00:00:00",SA1,27301.97174318,3394.07491709,0.124300
D,CO2EII,PUBLISHING,1,2024,38,"2024/09/18 00:00:00",TAS1,33349.36042201,0.00000000,0.000000
D,CO2EII,PUBLISHING,1,2024,38,"2024/09/18 00:00:00",VIC1,131013.04648228,82394.75210954,0.628900
D,CO2EII,PUBLISHING,1,2024,38,"2024/09/19 00:00:00",NEM,491997.16346028,260560.73558013,0.529600
D,CO2EII,PUBLISHING,1,2024,38,"2024/09/19 00:00:00",NSW1,147250.05276080,73838.96426484,0.501500
D,CO2EII,PUBLISHING,1,2024,38,"2024/09/19 00:00:00",QLD1,137630.53060803,93835.73953711,0.681800
D,CO2EII,PUBLISHING,1,2024,38,"2024/09/19 00:00:00",SA1,32737.39825744,2978.35846109,0.091000
D,CO2EII,PUBLISHING,1,2024,38,"2024/09/19 00:00:00",TAS1,34954.27712847,0.00000000,0.000000
D,CO2EII,PUBLISHING,1,2024,38,"2024/09/19 00:00:00",VIC1,139424.90470554,89907.67331709,0.644800
D,CO2EII,PUBLISHING,1,2024,38,"2024/09/20 00:00:00",NEM,489710.32000715,253199.75286725,0.517000
D,CO2EII,PUBLISHING,1,2024,38,"2024/09/20 00:00:00",NSW1,138726.15697198,74795.70141765,0.539200
D,CO2EII,PUBLISHING,1,2024,38,"2024/09/20 00:00:00",QLD1,144164.39409508,95931.05595801,0.665400
D,CO2EII,PUBLISHING,1,2024,38,"2024/09/20 00:00:00",SA1,34667.25477024,2011.46109250,0.058000
D,CO2EII,PUBLISHING,1,2024,38,"2024/09/20 00:00:00",TAS1,32877.54486699,0.00000000,0.000000
D,CO2EII,PUBLISHING,1,2024,38,"2024/09/20 00:00:00",VIC1,139274.96930286,80461.53439909,0.577700
D,CO2EII,PUBLISHING,1,2024,38,"2024/09/21 00:00:00",NEM,451258.57871949,239017.31309208,0.529700
D,CO2EII,PUBLISHING,1,2024,38,"2024/09/21 00:00:00",NSW1,127770.00984470,70974.26932677,0.555500
D,CO2EII,PUBLISHING,1,2024,38,"2024/09/21 00:00:00",QLD1,139235.04905187,91457.30621570,0.656900
D,CO2EII,PUBLISHING,1,2024,38,"2024/09/21 00:00:00",SA1,33901.17919413,2109.22736686,0.062200
D,CO2EII,PUBLISHING,1,2024,38,"2024/09/21 00:00:00",TAS1,27579.53467879,0.00000000,0.000000
D,CO2EII,PUBLISHING,1,2024,38,"2024/09/21 00:00:00",VIC1,122772.80595000,74476.51018275,0.606600
D,CO2EII,PUBLISHING,1,2024,39,"2024/09/22 00:00:00",NEM,429679.30350416,242659.66898469,0.564700
D,CO2EII,PUBLISHING,1,2024,39,"2024/09/22 00:00:00",NSW1,119558.55404364,72469.87234026,0.606100
D,CO2EII,PUBLISHING,1,2024,39,"2024/09/22 00:00:00",QLD1,135393.77867561,92080.11782911,0.680100
D,CO2EII,PUBLISHING,1,2024,39,"2024/09/22 00:00:00",SA1,24518.10817845,3217.80079072,0.131200
D,CO2EII,PUBLISHING,1,2024,39,"2024/09/22 00:00:00",TAS1,30787.41104532,0.00000000,0.000000
D,CO2EII,PUBLISHING,1,2024,39,"2024/09/22 00:00:00",VIC1,119421.45156114,74891.87802460,0.627100
D,CO2EII,PUBLISHING,1,2024,39,"2024/09/23 00:00:00",NEM,469206.59638131,278570.16936188,0.593700
D,CO2EII,PUBLISHING,1,2024,39,"2024/09/23 00:00:00",NSW1,138086.24029975,86280.51376126,0.624800
D,CO2EII,PUBLISHING,1,2024,39,"2024/09/23 00:00:00",QLD1,149382.83978936,95492.03980355,0.639200
D,CO2EII,PUBLISHING,1,2024,39,"2024/09/23 00:00:00",SA1,20977.22751437,6436.24044905,0.306800
D,CO2EII,PUBLISHING,1,2024,39,"2024/09/23 00:00:00",TAS1,36194.54487019,191.76597913,0.005300
D,CO2EII,PUBLISHING,1,2024,39,"2024/09/23 00:00:00",VIC1,124565.74390764,90169.60936889,0.723900
D,CO2EII,PUBLISHING,1,2024,39,"2024/09/24 00:00:00",NEM,474114.63199435,301923.74574595,0.636800
D,CO2EII,PUBLISHING,1,2024,39,"2024/09/24 00:00:00",NSW1,137175.47131811,95182.00329990,0.693900
D,CO2EII,PUBLISHING,1,2024,39,"2024/09/24 00:00:00",QLD1,154800.69401846,96483.16623489,0.623300
D,CO2EII,PUBLISHING,1,2024,39,"2024/09/24 00:00:00",SA1,22766.27751714,6027.30376533,0.264700
D,CO2EII,PUBLISHING,1,2024,39,"2024/09/24 00:00:00",TAS1,35873.88838688,123.03888419,0.003400
D,CO2EII,PUBLISHING,1,2024,39,"2024/09/24 00:00:00",VIC1,123498.30075376,104108.23356164,0.843000
D,CO2EII,PUBLISHING,1,2024,39,"2024/09/25 00:00:00",NEM,500545.73827607,303880.89923114,0.607100
D,CO2EII,PUBLISHING,1,2024,39,"2024/09/25 00:00:00",NSW1,155432.26359963,98903.06668847,0.636300
D,CO2EII,PUBLISHING,1,2024,39,"2024/09/25 00:00:00",QLD1,147226.87094281,92318.74866790,0.627100
D,CO2EII,PUBLISHING,1,2024,39,"2024/09/25 00:00:00",SA1,30370.08495836,3858.16793501,0.127000
D,CO2EII,PUBLISHING,1,2024,39,"2024/09/25 00:00:00",TAS1,36857.27966894,61.45658196,0.001700
D,CO2EII,PUBLISHING,1,2024,39,"2024/09/25 00:00:00",VIC1,130659.23910633,108739.45935780,0.832200
D,CO2EII,PUBLISHING,1,2024,39,"2024/09/26 00:00:00",NEM,520208.55362483,302233.20881132,0.581000
D,CO2EII,PUBLISHING,1,2024,39,"2024/09/26 00:00:00",NSW1,170682.84601981,102776.87181837,0.602200
D,CO2EII,PUBLISHING,1,2024,39,"2024/09/26 00:00:00",QLD1,155259.42262164,104073.35850112,0.670300
D,CO2EII,PUBLISHING,1,2024,39,"2024/09/26 00:00:00",SA1,37373.49639763,3029.20411212,0.081100
D,CO2EII,PUBLISHING,1,2024,39,"2024/09/26 00:00:00",TAS1,32229.88370654,176.49617005,0.005500
D,CO2EII,PUBLISHING,1,2024,39,"2024/09/26 00:00:00",VIC1,124662.90487921,92177.27820966,0.739400
D,CO2EII,PUBLISHING,1,2024,39,"2024/09/27 00:00:00",NEM,476401.73395010,284627.79910515,0.597500
D,CO2EII,PUBLISHING,1,2024,39,"2024/09/27 00:00:00",NSW1,156008.17668385,91924.75619781,0.589200
D,CO2EII,PUBLISHING,1,2024,39,"2024/09/27 00:00:00",QLD1,152684.10983032,97532.79223728,0.638800
D,CO2EII,PUBLISHING,1,2024,39,"2024/09/27 00:00:00",SA1,33452.03237363,2887.58757479,0.086300
D,CO2EII,PUBLISHING,1,2024,39,"2024/09/27 00:00:00",TAS1,28429.12983723,111.57795769,0.003900
D,CO2EII,PUBLISHING,1,2024,39,"2024/09/27 00:00:00",VIC1,105828.28522507,92171.08513758,0.870900
D,CO2EII,PUBLISHING,1,2024,39,"2024/09/28 00:00:00",NEM,451188.41528683,232160.05482099,0.514600
D,CO2EII,PUBLISHING,1,2024,39,"2024/09/28 00:00:00",NSW1,145239.24713638,82635.77938429,0.569000
D,CO2EII,PUBLISHING,1,2024,39,"2024/09/28 00:00:00",QLD1,138644.13483548,85458.66781553,0.616400
D,CO2EII,PUBLISHING,1,2024,39,"2024/09/28 00:00:00",SA1,38232.18448124,1072.26376019,0.028000
D,CO2EII,PUBLISHING,1,2024,39,"2024/09/28 00:00:00",TAS1,22174.48295841,0.00000000,0.000000
D,CO2EII,PUBLISHING,1,2024,39,"2024/09/28 00:00:00",VIC1,106898.36587532,62993.34386098,0.589300
D,CO2EII,PUBLISHING,1,2024,40,"2024/09/29 00:00:00",NEM,450763.59104216,241792.44485437,0.536400
D,CO2EII,PUBLISHING,1,2024,40,"2024/09/29 00:00:00",NSW1,134147.22915609,82870.70686780,0.617800
D,CO2EII,PUBLISHING,1,2024,40,"2024/09/29 00:00:00",QLD1,135477.59030010,84577.59919697,0.624300
D,CO2EII,PUBLISHING,1,2024,40,"2024/09/29 00:00:00",SA1,30329.50496526,1520.70152532,0.050100
D,CO2EII,PUBLISHING,1,2024,40,"2024/09/29 00:00:00",TAS1,25086.58691662,0.00000000,0.000000
D,CO2EII,PUBLISHING,1,2024,40,"2024/09/29 00:00:00",VIC1,125722.67970409,72823.43726428,0.579200
D,CO2EII,PUBLISHING,1,2024,40,"2024/09/30 00:00:00",NEM,464772.55437477,267050.58922880,0.574600
D,CO2EII,PUBLISHING,1,2024,40,"2024/09/30 00:00:00",NSW1,149525.52610793,92454.48515261,0.618300
D,CO2EII,PUBLISHING,1,2024,40,"2024/09/30 00:00:00",QLD1,143105.51507105,89311.17702027,0.624100
D,CO2EII,PUBLISHING,1,2024,40,"2024/09/30 00:00:00",SA1,20719.48535056,3056.16441121,0.147500
D,CO2EII,PUBLISHING,1,2024,40,"2024/09/30 00:00:00",TAS1,33665.81508635,105.04013845,0.003100
D,CO2EII,PUBLISHING,1,2024,40,"2024/09/30 00:00:00",VIC1,117756.21275888,82123.72250626,0.697400
D,CO2EII,PUBLISHING,1,2024,40,"2024/10/01 00:00:00",NEM,461901.65799718,260205.36052443,0.563300
D,CO2EII,PUBLISHING,1,2024,40,"2024/10/01 00:00:00",NSW1,147212.26160763,91064.85525701,0.618600
D,CO2EII,PUBLISHING,1,2024,40,"2024/10/01 00:00:00",QLD1,141180.55923946,84048.43671918,0.595300
D,CO2EII,PUBLISHING,1,2024,40,"2024/10/01 00:00:00",SA1,24557.83135043,4238.34675755,0.172600
D,CO2EII,PUBLISHING,1,2024,40,"2024/10/01 00:00:00",TAS1,32728.65173458,74.53366498,0.002300
D,CO2EII,PUBLISHING,1,2024,40,"2024/10/01 00:00:00",VIC1,116222.35406508,80779.18812571,0.695000
D,CO2EII,PUBLISHING,1,2024,40,"2024/10/02 00:00:00",NEM,468440.59118154,252121.01267051,0.538200
D,CO2EII,PUBLISHING,1,2024,40,"2024/10/02 00:00:00",NSW1,164966.71947698,91075.20447339,0.552100
D,CO2EII,PUBLISHING,1,2024,40,"2024/10/02 00:00:00",QLD1,143850.47304866,83917.66810732,0.583400
D,CO2EII,PUBLISHING,1,2024,40,"2024/10/02 00:00:00",SA1,28773.85600079,2165.76983740,0.075300
D,CO2EII,PUBLISHING,1,2024,40,"2024/10/02 00:00:00",TAS1,29067.09400277,90.69558091,0.003100
D,CO2EII,PUBLISHING,1,2024,40,"2024/10/02 00:00:00",VIC1,101782.44865234,74871.67467149,0.735600
D,CO2EII,PUBLISHING,1,2024,40,"2024/10/03 00:00:00",NEM,462482.75591591,231742.66891004,0.501100
D,CO2EII,PUBLISHING,1,2024,40,"2024/10/03 00:00:00",NSW1,147977.34347703,84234.19845103,0.569200
D,CO2EII,PUBLISHING,1,2024,40,"2024/10/03 00:00:00",QLD1,139170.19647976,79661.11927783,0.572400
D,CO2EII,PUBLISHING,1,2024,40,"2024/10/03 00:00:00",SA1,35018.05902462,1017.21338515,0.029000
D,CO2EII,PUBLISHING,1,2024,40,"2024/10/03 00:00:00",TAS1,27481.53920768,0.00000000,0.000000
D,CO2EII,PUBLISHING,1,2024,40,"2024/10/03 00:00:00",VIC1,112835.61772682,66830.13779603,0.592300
D,CO2EII,PUBLISHING,1,2024,40,"2024/10/04 00:00:00",NEM,457211.11177576,242328.00941103,0.530000
D,CO2EII,PUBLISHING,1,2024,40,"2024/10/04 00:00:00",NSW1,134195.32784450,82965.00415748,0.618200
D,CO2EII,PUBLISHING,1,2024,40,"2024/10/04 00:00:00",QLD1,136650.25318605,85061.03957045,0.622500
D,CO2EII,PUBLISHING,1,2024,40,"2024/10/04 00:00:00",SA1,28328.83229730,1541.22323474,0.054400
D,CO2EII,PUBLISHING,1,2024,40,"2024/10/04 00:00:00",TAS1,26448.46199206,0.00000000,0.000000
D,CO2EII,PUBLISHING,1,2024,40,"2024/10/04 00:00:00",VIC1,131588.23645585,72760.74244836,0.552900
D,CO2EII,PUBLISHING,1,2024,40,"2024/10/05 00:00:00",NEM,436364.67968057,216629.82092680,0.496400
D,CO2EII,PUBLISHING,1,2024,40,"2024/10/05 00:00:00",NSW1,131988.78053221,63968.47880847,0.484700
D,CO2EII,PUBLISHING,1,2024,40,"2024/10/05 00:00:00",QLD1,127760.85675039,80975.99016592,0.633800
D,CO2EII,PUBLISHING,1,2024,40,"2024/10/05 00:00:00",SA1,34048.03446352,1141.46988059,0.033500
D,CO2EII,PUBLISHING,1,2024,40,"2024/10/05 00:00:00",TAS1,26430.69566383,0.00000000,0.000000
D,CO2EII,PUBLISHING,1,2024,40,"2024/10/05 00:00:00",VIC1,116136.31227062,70543.88207182,0.607400
D,CO2EII,PUBLISHING,1,2024,41,"2024/10/06 00:00:00",NEM,427603.18495105,205819.59322678,0.481300
D,CO2EII,PUBLISHING,1,2024,41,"2024/10/06 00:00:00",NSW1,132471.25076566,61184.24088941,0.461900
D,CO2EII,PUBLISHING,1,2024,41,"2024/10/06 00:00:00",QLD1,122490.29328554,80301.02907150,0.655600
D,CO2EII,PUBLISHING,1,2024,41,"2024/10/06 00:00:00",SA1,24669.77313908,2058.22027009,0.083400
D,CO2EII,PUBLISHING,1,2024,41,"2024/10/06 00:00:00",TAS1,23372.73386720,0.00000000,0.000000
D,CO2EII,PUBLISHING,1,2024,41,"2024/10/06 00:00:00",VIC1,124599.13389357,62276.10299578,0.499800
D,CO2EII,PUBLISHING,1,2024,41,"2024/10/07 00:00:00",NEM,455779.09200790,230124.88377843,0.504900
D,CO2EII,PUBLISHING,1,2024,41,"2024/10/07 00:00:00",NSW1,135129.29612578,70035.50062459,0.518300
D,CO2EII,PUBLISHING,1,2024,41,"2024/10/07 00:00:00",QLD1,133091.58781798,84909.70392794,0.638000
D,CO2EII,PUBLISHING,1,2024,41,"2024/10/07 00:00:00",SA1,17429.14933127,2581.26030891,0.148100
D,CO2EII,PUBLISHING,1,2024,41,"2024/10/07 00:00:00",TAS1,31153.06813851,0.00000000,0.000000
D,CO2EII,PUBLISHING,1,2024,41,"2024/10/07 00:00:00",VIC1,138975.99059436,72598.41891699,0.522400
D,CO2EII,PUBLISHING,1,2024,41,"2024/10/08 00:00:00",NEM,497462.55978732,279091.89090585,0.561000
D,CO2EII,PUBLISHING,1,2024,41,"2024/10/08 00:00:00",NSW1,167716.16487555,94595.41552913,0.564000
D,CO2EII,PUBLISHING,1,2024,41,"2024/10/08 00:00:00",QLD1,148771.87298065,93314.39885359,0.627200
D,CO2EII,PUBLISHING,1,2024,41,"2024/10/08 00:00:00",SA1,26786.90700739,2237.68856906,0.083500
D,CO2EII,PUBLISHING,1,2024,41,"2024/10/08 00:00:00",TAS1,31162.24574476,166.86209605,0.005400
D,CO2EII,PUBLISHING,1,2024,41,"2024/10/08 00:00:00",VIC1,123025.36917897,88777.52585802,0.721600
D,CO2EII,PUBLISHING,1,2024,41,"2024/10/09 00:00:00",NEM,485142.54903115,274760.91061307,0.566400
D,CO2EII,PUBLISHING,1,2024,41,"2024/10/09 00:00:00",NSW1,170546.78384577,92306.01522276,0.541200
D,CO2EII,PUBLISHING,1,2024,41,"2024/10/09 00:00:00",QLD1,152453.79582546,94621.71239781,0.620700
D,CO2EII,PUBLISHING,1,2024,41,"2024/10/09 00:00:00",SA1,24493.68339679,2563.89790122,0.104700
D,CO2EII,PUBLISHING,1,2024,41,"2024/10/09 00:00:00",TAS1,28701.84886215,55.25465021,0.001900
D,CO2EII,PUBLISHING,1,2024,41,"2024/10/09 00:00:00",VIC1,108946.43710098,85214.03044107,0.782200
D,CO2EII,PUBLISHING,1,2024,41,"2024/10/10 00:00:00",NEM,463146.12941726,246447.68846397,0.532100
D,CO2EII,PUBLISHING,1,2024,41,"2024/10/10 00:00:00",NSW1,142110.94712241,84160.81472812,0.592200
D,CO2EII,PUBLISHING,1,2024,41,"2024/10/10 00:00:00",QLD1,149861.96236573,92194.70095526,0.615200
D,CO2EII,PUBLISHING,1,2024,41,"2024/10/10 00:00:00",SA1,26824.38257964,1195.05350134,0.044600
D,CO2EII,PUBLISHING,1,2024,41,"2024/10/10 00:00:00",TAS1,28198.94112827,0.00000000,0.000000
D,CO2EII,PUBLISHING,1,2024,41,"2024/10/10 00:00:00",VIC1,116149.89622121,68897.11927925,0.593200
D,CO2EII,PUBLISHING,1,2024,41,"2024/10/11 00:00:00",NEM,462765.69185518,248248.99778278,0.536400
D,CO2EII,PUBLISHING,1,2024,41,"2024/10/11 00:00:00",NSW1,147012.96100092,87922.26915029,0.598100
D,CO2EII,PUBLISHING,1,2024,41,"2024/10/11 00:00:00",QLD1,141367.39554726,89251.09241152,0.631300
D,CO2EII,PUBLISHING,1,2024,41,"2024/10/11 00:00:00",SA1,27857.10522644,1534.12305590,0.055100
D,CO2EII,PUBLISHING,1,2024,41,"2024/10/11 00:00:00",TAS1,33866.66112804,0.00000000,0.000000
D,CO2EII,PUBLISHING,1,2024,41,"2024/10/11 00:00:00",VIC1,112661.56895252,69541.51316507,0.617300
D,CO2EII,PUBLISHING,1,2024,41,"2024/10/12 00:00:00",NEM,431284.70764384,238340.66633959,0.552600
D,CO2EII,PUBLISHING,1,2024,41,"2024/10/12 00:00:00",NSW1,150976.69770917,82114.13931557,0.543900
D,CO2EII,PUBLISHING,1,2024,41,"2024/10/12 00:00:00",QLD1,133637.35753344,86378.53385577,0.646400
D,CO2EII,PUBLISHING,1,2024,41,"2024/10/12 00:00:00",SA1,24006.49219266,1226.00131677,0.051100
D,CO2EII,PUBLISHING,1,2024,41,"2024/10/12 00:00:00",TAS1,29488.25911384,0.00000000,0.000000
D,CO2EII,PUBLISHING,1,2024,41,"2024/10/12 00:00:00",VIC1,93175.90109473,68621.99185148,0.736500
D,CO2EII,PUBLISHING,1,2024,42,"2024/10/13 00:00:00",NEM,427825.44338599,232156.94865356,0.542600
D,CO2EII,PUBLISHING,1,2024,42,"2024/10/13 00:00:00",NSW1,137795.81577459,75863.68172373,0.550600
D,CO2EII,PUBLISHING,1,2024,42,"2024/10/13 00:00:00",QLD1,141662.73685572,85760.09781040,0.605400
D,CO2EII,PUBLISHING,1,2024,42,"2024/10/13 00:00:00",SA1,17695.63370438,2188.67907526,0.123700
D,CO2EII,PUBLISHING,1,2024,42,"2024/10/13 00:00:00",TAS1,30070.79327319,125.64946619,0.004200
D,CO2EII,PUBLISHING,1,2024,42,"2024/10/13 00:00:00",VIC1,100600.46377811,68218.84057798,0.678100
D,CO2EII,PUBLISHING,1,2024,42,"2024/10/14 00:00:00",NEM,467001.47028636,268007.60928779,0.573900
D,CO2EII,PUBLISHING,1,2024,42,"2024/10/14 00:00:00",NSW1,154519.21380637,98584.23003317,0.638000
D,CO2EII,PUBLISHING,1,2024,42,"2024/10/14 00:00:00",QLD1,144732.19244238,94505.57655741,0.653000
D,CO2EII,PUBLISHING,1,2024,42,"2024/10/14 00:00:00",SA1,30291.81941751,1735.89006837,0.057300
D,CO2EII,PUBLISHING,1,2024,42,"2024/10/14 00:00:00",TAS1,29179.19713637,0.00000000,0.000000
D,CO2EII,PUBLISHING,1,2024,42,"2024/10/14 00:00:00",VIC1,108279.04748373,73181.91262884,0.675900
D,CO2EII,PUBLISHING,1,2024,42,"2024/10/15 00:00:00",NEM,483610.40281691,260104.14547725,0.537800
D,CO2EII,PUBLISHING,1,2024,42,"2024/10/15 00:00:00",NSW1,166372.11297545,95502.70477801,0.574000
D,CO2EII,PUBLISHING,1,2024,42,"2024/10/15 00:00:00",QLD1,147351.69740582,94343.03548784,0.640300
D,CO2EII,PUBLISHING,1,2024,42,"2024/10/15 00:00:00",SA1,31032.21441525,1471.17607195,0.047400
D,CO2EII,PUBLISHING,1,2024,42,"2024/10/15 00:00:00",TAS1,28256.55090936,55.16313762,0.002000
D,CO2EII,PUBLISHING,1,2024,42,"2024/10/15 00:00:00",VIC1,110597.82711103,68732.06600183,0.621500
D,CO2EII,PUBLISHING,1,2024,42,"2024/10/16 00:00:00",NEM,478003.28420977,266157.74331844,0.556800
D,CO2EII,PUBLISHING,1,2024,42,"2024/10/16 00:00:00",NSW1,149928.45063189,101231.82394235,0.675200
D,CO2EII,PUBLISHING,1,2024,42,"2024/10/16 00:00:00",QLD1,149147.04424957,91692.20570999,0.614800
D,CO2EII,PUBLISHING,1,2024,42,"2024/10/16 00:00:00",SA1,29867.78764673,2053.30067504,0.068700
D,CO2EII,PUBLISHING,1,2024,42,"2024/10/16 00:00:00",TAS1,28923.88263720,93.80489188,0.003200
D,CO2EII,PUBLISHING,1,2024,42,"2024/10/16 00:00:00",VIC1,120136.11904438,71086.60809918,0.591700
D,CO2EII,PUBLISHING,1,2024,42,"2024/10/17 00:00:00",NEM,466229.85186628,256335.92821250,0.549800
D,CO2EII,PUBLISHING,1,2024,42,"2024/10/17 00:00:00",NSW1,139977.49975619,93763.67960269,0.669800
D,CO2EII,PUBLISHING,1,2024,42,"2024/10/17 00:00:00",QLD1,144527.83844095,91590.58447998,0.633700
D,CO2EII,PUBLISHING,1,2024,42,"2024/10/17 00:00:00",SA1,25670.95057125,2721.97799649,0.106000
D,CO2EII,PUBLISHING,1,2024,42,"2024/10/17 00:00:00",TAS1,27531.09346865,28.26607209,0.001000
D,CO2EII,PUBLISHING,1,2024,42,"2024/10/17 00:00:00",VIC1,128522.46962924,68231.42006125,0.530900
D,CO2EII,PUBLISHING,1,2024,42,"2024/10/18 00:00:00",NEM,493088.32906827,258652.38471394,0.524600
D,CO2EII,PUBLISHING,1,2024,42,"2024/10/18 00:00:00",NSW1,160422.69920653,95437.63470024,0.594900
D,CO2EII,PUBLISHING,1,2024,42,"2024/10/18 00:00:00",QLD1,147771.73841089,91670.03775802,0.620300
D,CO2EII,PUBLISHING,1,2024,42,"2024/10/18 00:00:00",SA1,30089.59133261,1174.17056831,0.039000
D,CO2EII,PUBLISHING,1,2024,42,"2024/10/18 00:00:00",TAS1,23337.71292920,0.00000000,0.000000
D,CO2EII,PUBLISHING,1,2024,42,"2024/10/18 00:00:00",VIC1,131466.58718904,70370.54168737,0.535300
D,CO2EII,PUBLISHING,1,2024,42,"2024/10/19 00:00:00",NEM,430915.06485739,233585.58847975,0.542100
D,CO2EII,PUBLISHING,1,2024,42,"2024/10/19 00:00:00",NSW1,142803.64596434,83388.74987453,0.583900
D,CO2EII,PUBLISHING,1,2024,42,"2024/10/19 00:00:00",QLD1,146215.47109273,88484.80621003,0.605200
D,CO2EII,PUBLISHING,1,2024,42,"2024/10/19 00:00:00",SA1,15773.76782863,1130.60365100,0.071700
D,CO2EII,PUBLISHING,1,2024,42,"2024/10/19 00:00:00",TAS1,21229.84000144,0.00000000,0.000000
D,CO2EII,PUBLISHING,1,2024,42,"2024/10/19 00:00:00",VIC1,104892.33997025,60581.42874419,0.577600
D,CO2EII,PUBLISHING,1,2024,43,"2024/10/20 00:00:00",NEM,407244.79521228,227633.17764661,0.559000
D,CO2EII,PUBLISHING,1,2024,43,"2024/10/20 00:00:00",NSW1,131816.82288554,78798.52052881,0.597800
D,CO2EII,PUBLISHING,1,2024,43,"2024/10/20 00:00:00",QLD1,140770.74890252,83842.71861904,0.595600
D,CO2EII,PUBLISHING,1,2024,43,"2024/10/20 00:00:00",SA1,17240.58335782,1213.14416829,0.070400
D,CO2EII,PUBLISHING,1,2024,43,"2024/10/20 00:00:00",TAS1,24684.99540897,0.00000000,0.000000
D,CO2EII,PUBLISHING,1,2024,43,"2024/10/20 00:00:00",VIC1,92731.64465743,63778.79433047,0.687800
D,CO2EII,PUBLISHING,1,2024,43,"2024/10/21 00:00:00",NEM,449177.28716167,251415.14529142,0.559700
D,CO2EII,PUBLISHING,1,2024,43,"2024/10/21 00:00:00",NSW1,147059.62180811,78567.94577036,0.534300
D,CO2EII,PUBLISHING,1,2024,43,"2024/10/21 00:00:00",QLD1,147644.07527768,88442.27479656,0.599000
D,CO2EII,PUBLISHING,1,2024,43,"2024/10/21 00:00:00",SA1,23992.65409569,3059.63487306,0.127500
D,CO2EII,PUBLISHING,1,2024,43,"2024/10/21 00:00:00",TAS1,23745.02333722,100.17997004,0.004200
D,CO2EII,PUBLISHING,1,2024,43,"2024/10/21 00:00:00",VIC1,106735.91264297,81245.10988140,0.761200
D,CO2EII,PUBLISHING,1,2024,43,"2024/10/22 00:00:00",NEM,457603.48389590,259505.46656179,0.567100
D,CO2EII,PUBLISHING,1,2024,43,"2024/10/22 00:00:00",NSW1,141961.55150105,83576.09067922,0.588700
D,CO2EII,PUBLISHING,1,2024,43,"2024/10/22 00:00:00",QLD1,148818.20011581,91784.93078992,0.616800
D,CO2EII,PUBLISHING,1,2024,43,"2024/10/22 00:00:00",SA1,23054.05960709,3462.21362792,0.150200
D,CO2EII,PUBLISHING,1,2024,43,"2024/10/22 00:00:00",TAS1,24627.03717244,89.93438737,0.003700
D,CO2EII,PUBLISHING,1,2024,43,"2024/10/22 00:00:00",VIC1,119142.63549951,80592.29707736,0.676400
D,CO2EII,PUBLISHING,1,2024,43,"2024/10/23 00:00:00",NEM,464423.48801329,265199.14783282,0.571000
D,CO2EII,PUBLISHING,1,2024,43,"2024/10/23 00:00:00",NSW1,154503.19903571,87306.45220478,0.565100
D,CO2EII,PUBLISHING,1,2024,43,"2024/10/23 00:00:00",QLD1,155897.54844963,96211.14085072,0.617100
D,CO2EII,PUBLISHING,1,2024,43,"2024/10/23 00:00:00",SA1,23989.44361962,3182.20087596,0.132700
D,CO2EII,PUBLISHING,1,2024,43,"2024/10/23 00:00:00",TAS1,25927.70458421,146.64064065,0.005700
D,CO2EII,PUBLISHING,1,2024,43,"2024/10/23 00:00:00",VIC1,104105.59232412,78352.71326071,0.752600
D,CO2EII,PUBLISHING,1,2024,43,"2024/10/24 00:00:00",NEM,468754.54066137,263694.79098626,0.562500
D,CO2EII,PUBLISHING,1,2024,43,"2024/10/24 00:00:00",NSW1,152517.89863513,86896.73043546,0.569700
D,CO2EII,PUBLISHING,1,2024,43,"2024/10/24 00:00:00",QLD1,156672.30016005,100014.21845187,0.638400
D,CO2EII,PUBLISHING,1,2024,43,"2024/10/24 00:00:00",SA1,20958.05155636,1659.12931651,0.079200
D,CO2EII,PUBLISHING,1,2024,43,"2024/10/24 00:00:00",TAS1,23609.47638498,0.00000000,0.000000
D,CO2EII,PUBLISHING,1,2024,43,"2024/10/24 00:00:00",VIC1,114996.81392485,75124.71278242,0.653300
D,CO2EII,PUBLISHING,1,2024,43,"2024/10/25 00:00:00",NEM,441892.69433488,259921.68541387,0.588200
D,CO2EII,PUBLISHING,1,2024,43,"2024/10/25 00:00:00",NSW1,143621.76115570,79886.99636125,0.556200
D,CO2EII,PUBLISHING,1,2024,43,"2024/10/25 00:00:00",QLD1,145154.06822204,90356.91390087,0.622500
D,CO2EII,PUBLISHING,1,2024,43,"2024/10/25 00:00:00",SA1,16991.68466677,3754.27834094,0.220900
D,CO2EII,PUBLISHING,1,2024,43,"2024/10/25 00:00:00",TAS1,27777.81704456,108.11278303,0.003900
D,CO2EII,PUBLISHING,1,2024,43,"2024/10/25 00:00:00",VIC1,108347.36324581,85815.38402778,0.792000
D,CO2EII,PUBLISHING,1,2024,43,"2024/10/26 00:00:00",NEM,404109.42379605,248199.18075637,0.614200
D,CO2EII,PUBLISHING,1,2024,43,"2024/10/26 00:00:00",NSW1,126605.62085491,77740.40505427,0.614000
D,CO2EII,PUBLISHING,1,2024,43,"2024/10/26 00:00:00",QLD1,137560.88972823,87227.30003270,0.634100
D,CO2EII,PUBLISHING,1,2024,43,"2024/10/26 00:00:00",SA1,22296.80492643,2383.99317376,0.106900
D,CO2EII,PUBLISHING,1,2024,43,"2024/10/26 00:00:00",TAS1,24433.36757378,73.00317978,0.003000
D,CO2EII,PUBLISHING,1,2024,43,"2024/10/26 00:00:00",VIC1,93212.74071270,80774.47931586,0.866600
D,CO2EII,PUBLISHING,1,2024,44,"2024/10/27 00:00:00",NEM,409985.33011361,241741.08907973,0.589600
D,CO2EII,PUBLISHING,1,2024,44,"2024/10/27 00:00:00",NSW1,128580.40417824,76406.60360332,0.594200
D,CO2EII,PUBLISHING,1,2024,44,"2024/10/27 00:00:00",QLD1,140045.91006721,86892.38745517,0.620500
D,CO2EII,PUBLISHING,1,2024,44,"2024/10/27 00:00:00",SA1,19302.86449021,2431.75300408,0.126000
D,CO2EII,PUBLISHING,1,2024,44,"2024/10/27 00:00:00",TAS1,18337.52493545,0.00000000,0.000000
D,CO2EII,PUBLISHING,1,2024,44,"2024/10/27 00:00:00",VIC1,103718.62644250,76010.34501716,0.732900
D,CO2EII,PUBLISHING,1,2024,44,"2024/10/28 00:00:00",NEM,455507.20860452,263617.40960226,0.578700
D,CO2EII,PUBLISHING,1,2024,44,"2024/10/28 00:00:00",NSW1,144902.28343120,80699.74016068,0.556900
D,CO2EII,PUBLISHING,1,2024,44,"2024/10/28 00:00:00",QLD1,153883.74903494,103115.55289451,0.670100
D,CO2EII,PUBLISHING,1,2024,44,"2024/10/28 00:00:00",SA1,23802.30529504,2278.52535043,0.095700
D,CO2EII,PUBLISHING,1,2024,44,"2024/10/28 00:00:00",TAS1,27089.00636537,0.00000000,0.000000
D,CO2EII,PUBLISHING,1,2024,44,"2024/10/28 00:00:00",VIC1,105829.86447797,77523.59119664,0.732500
D,CO2EII,PUBLISHING,1,2024,44,"2024/10/29 00:00:00",NEM,445078.57606912,266797.80814018,0.599400
D,CO2EII,PUBLISHING,1,2024,44,"2024/10/29 00:00:00",NSW1,145199.97303799,88421.04240668,0.609000
D,CO2EII,PUBLISHING,1,2024,44,"2024/10/29 00:00:00",QLD1,145698.80569905,92853.86592729,0.637300
D,CO2EII,PUBLISHING,1,2024,44,"2024/10/29 00:00:00",SA1,20392.80689321,3121.12397564,0.153100
D,CO2EII,PUBLISHING,1,2024,44,"2024/10/29 00:00:00",TAS1,27930.97619294,126.51667262,0.004500
D,CO2EII,PUBLISHING,1,2024,44,"2024/10/29 00:00:00",VIC1,105856.01424593,82275.25915795,0.777200
D,CO2EII,PUBLISHING,1,2024,44,"2024/10/30 00:00:00",NEM,451858.19506170,264598.27419545,0.585600
D,CO2EII,PUBLISHING,1,2024,44,"2024/10/30 00:00:00",NSW1,145565.34892781,85352.88465056,0.586400
D,CO2EII,PUBLISHING,1,2024,44,"2024/10/30 00:00:00",QLD1,150579.58748954,91904.48959876,0.610300
D,CO2EII,PUBLISHING,1,2024,44,"2024/10/30 00:00:00",SA1,22070.13145858,2620.89578398,0.118800
D,CO2EII,PUBLISHING,1,2024,44,"2024/10/30 00:00:00",TAS1,28704.96111407,400.09979033,0.013900
D,CO2EII,PUBLISHING,1,2024,44,"2024/10/30 00:00:00",VIC1,104938.16607170,84319.90437182,0.803500
D,CO2EII,PUBLISHING,1,2024,44,"2024/10/31 00:00:00",NEM,464975.60024302,264534.66747552,0.568900
D,CO2EII,PUBLISHING,1,2024,44,"2024/10/31 00:00:00",NSW1,147067.23872420,86237.77124775,0.586400
D,CO2EII,PUBLISHING,1,2024,44,"2024/10/31 00:00:00",QLD1,152415.34122214,93116.76512870,0.610900
D,CO2EII,PUBLISHING,1,2024,44,"2024/10/31 00:00:00",SA1,19803.27142757,2145.25037125,0.108300
D,CO2EII,PUBLISHING,1,2024,44,"2024/10/31 00:00:00",TAS1,28534.88461515,266.80497235,0.009400
D,CO2EII,PUBLISHING,1,2024,44,"2024/10/31 00:00:00",VIC1,117154.86425396,82768.07575547,0.706500
D,CO2EII,PUBLISHING,1,2024,44,"2024/11/01 00:00:00",NEM,451318.68172468,258861.17109860,0.573600
D,CO2EII,PUBLISHING,1,2024,44,"2024/11/01 00:00:00",NSW1,151592.78063275,89154.32272765,0.588100
D,CO2EII,PUBLISHING,1,2024,44,"2024/11/01 00:00:00",QLD1,147719.81976198,91622.00214630,0.620200
D,CO2EII,PUBLISHING,1,2024,44,"2024/11/01 00:00:00",SA1,22385.35859363,2030.23629058,0.090700
D,CO2EII,PUBLISHING,1,2024,44,"2024/11/01 00:00:00",TAS1,26469.51393753,0.00000000,0.000000
D,CO2EII,PUBLISHING,1,2024,44,"2024/11/01 00:00:00",VIC1,103151.20879879,76054.60993407,0.737300
D,CO2EII,PUBLISHING,1,2024,44,"2024/11/02 00:00:00",NEM,437733.89902417,220861.65112494,0.504600
D,CO2EII,PUBLISHING,1,2024,44,"2024/11/02 00:00:00",NSW1,149822.46128992,77778.07941030,0.519100
D,CO2EII,PUBLISHING,1,2024,44,"2024/11/02 00:00:00",QLD1,138390.88404905,81067.05811928,0.585800
D,CO2EII,PUBLISHING,1,2024,44,"2024/11/02 00:00:00",SA1,34172.09768984,2292.61107970,0.067100
D,CO2EII,PUBLISHING,1,2024,44,"2024/11/02 00:00:00",TAS1,17605.14866309,0.00000000,0.000000
D,CO2EII,PUBLISHING,1,2024,44,"2024/11/02 00:00:00",VIC1,97743.30733227,59723.90251566,0.611000
D,CO2EII,PUBLISHING,1,2024,45,"2024/11/03 00:00:00",NEM,430202.36598065,225245.36885482,0.523600
D,CO2EII,PUBLISHING,1,2024,45,"2024/11/03 00:00:00",NSW1,142774.77475160,73665.84004947,0.516000
D,CO2EII,PUBLISHING,1,2024,45,"2024/11/03 00:00:00",QLD1,139419.87613628,85408.94995603,0.612600
D,CO2EII,PUBLISHING,1,2024,45,"2024/11/03 00:00:00",SA1,23251.09762233,2422.73548821,0.104200
D,CO2EII,PUBLISHING,1,2024,45,"2024/11/03 00:00:00",TAS1,18147.62794649,0.00000000,0.000000
D,CO2EII,PUBLISHING,1,2024,45,"2024/11/03 00:00:00",VIC1,106608.98952395,63747.84336111,0.598000
D,CO2EII,PUBLISHING,1,2024,45,"2024/11/04 00:00:00",NEM,471400.17297216,278795.69050240,0.591400
D,CO2EII,PUBLISHING,1,2024,45,"2024/11/04 00:00:00",NSW1,163943.24678082,95022.03425228,0.579600
D,CO2EII,PUBLISHING,1,2024,45,"2024/11/04 00:00:00",QLD1,157082.90046287,94962.81382839,0.604500
D,CO2EII,PUBLISHING,1,2024,45,"2024/11/04 00:00:00",SA1,20041.31408028,3299.93071522,0.164700
D,CO2EII,PUBLISHING,1,2024,45,"2024/11/04 00:00:00",TAS1,24508.16605711,0.00000000,0.000000
D,CO2EII,PUBLISHING,1,2024,45,"2024/11/04 00:00:00",VIC1,105824.54559108,85510.91170651,0.808000
D,CO2EII,PUBLISHING,1,2024,45,"2024/11/05 00:00:00",NEM,466509.64084792,263461.16447380,0.564700
D,CO2EII,PUBLISHING,1,2024,45,"2024/11/05 00:00:00",NSW1,153763.88257253,87773.98813356,0.570800
D,CO2EII,PUBLISHING,1,2024,45,"2024/11/05 00:00:00",QLD1,161083.82141472,95410.05363260,0.592300
D,CO2EII,PUBLISHING,1,2024,45,"2024/11/05 00:00:00",SA1,29013.32834063,3042.61270019,0.104900
D,CO2EII,PUBLISHING,1,2024,45,"2024/11/05 00:00:00",TAS1,24154.93561665,0.00000000,0.000000
D,CO2EII,PUBLISHING,1,2024,45,"2024/11/05 00:00:00",VIC1,98493.67290339,77234.51000745,0.784200
D,CO2EII,PUBLISHING,1,2024,45,"2024/11/06 00:00:00",NEM,505106.47646230,255844.60693023,0.506500
D,CO2EII,PUBLISHING,1,2024,45,"2024/11/06 00:00:00",NSW1,151734.24471208,83031.98711536,0.547200
D,CO2EII,PUBLISHING,1,2024,45,"2024/11/06 00:00:00",QLD1,162545.80896246,98593.66195747,0.606600
D,CO2EII,PUBLISHING,1,2024,45,"2024/11/06 00:00:00",SA1,31365.33003950,2144.17578102,0.068400
D,CO2EII,PUBLISHING,1,2024,45,"2024/11/06 00:00:00",TAS1,20313.15726093,17.91839816,0.000900
D,CO2EII,PUBLISHING,1,2024,45,"2024/11/06 00:00:00",VIC1,139147.93548733,72056.86367822,0.517800
D,CO2EII,PUBLISHING,1,2024,45,"2024/11/07 00:00:00",NEM,509660.44622240,294476.10641397,0.577800
D,CO2EII,PUBLISHING,1,2024,45,"2024/11/07 00:00:00",NSW1,185371.08122608,96627.69871803,0.521300
D,CO2EII,PUBLISHING,1,2024,45,"2024/11/07 00:00:00",QLD1,171221.81256391,109464.94346674,0.639300
D,CO2EII,PUBLISHING,1,2024,45,"2024/11/07 00:00:00",SA1,22644.24665358,2502.45914150,0.110500
D,CO2EII,PUBLISHING,1,2024,45,"2024/11/07 00:00:00",TAS1,20077.15774269,0.00000000,0.000000
D,CO2EII,PUBLISHING,1,2024,45,"2024/11/07 00:00:00",VIC1,110346.14803614,85881.00508770,0.778300
D,CO2EII,PUBLISHING,1,2024,45,"2024/11/08 00:00:00",NEM,498283.07203418,264623.59610100,0.531100
D,CO2EII,PUBLISHING,1,2024,45,"2024/11/08 00:00:00",NSW1,171261.79288745,84229.37063226,0.491800
D,CO2EII,PUBLISHING,1,2024,45,"2024/11/08 00:00:00",QLD1,170482.94200567,113477.96284371,0.665600
D,CO2EII,PUBLISHING,1,2024,45,"2024/11/08 00:00:00",SA1,22847.53935705,2153.54075848,0.094300
D,CO2EII,PUBLISHING,1,2024,45,"2024/11/08 00:00:00",TAS1,20427.84798449,0.00000000,0.000000
D,CO2EII,PUBLISHING,1,2024,45,"2024/11/08 00:00:00",VIC1,113262.94979952,64762.72186655,0.571800
D,CO2EII,PUBLISHING,1,2024,45,"2024/11/09 00:00:00",NEM,455907.27273144,266971.47519187,0.585600
D,CO2EII,PUBLISHING,1,2024,45,"2024/11/09 00:00:00",NSW1,150026.61357815,87224.70998367,0.581400
D,CO2EII,PUBLISHING,1,2024,45,"2024/11/09 00:00:00",QLD1,158743.89527637,95331.97776006,0.600500
D,CO2EII,PUBLISHING,1,2024,45,"2024/11/09 00:00:00",SA1,21204.48239983,3551.99269803,0.167500
D,CO2EII,PUBLISHING,1,2024,45,"2024/11/09 00:00:00",TAS1,26769.54276892,0.00000000,0.000000
D,CO2EII,PUBLISHING,1,2024,45,"2024/11/09 00:00:00",VIC1,99162.73870817,80862.79475011,0.815500
D,CO2EII,PUBLISHING,1,2024,46,"2024/11/10 00:00:00",NEM,441348.54365661,260214.80091983,0.589600
D,CO2EII,PUBLISHING,1,2024,46,"2024/11/10 00:00:00",NSW1,161546.91104372,91473.70591189,0.566200
D,CO2EII,PUBLISHING,1,2024,46,"2024/11/10 00:00:00",QLD1,154544.63991077,93740.32765091,0.606600
D,CO2EII,PUBLISHING,1,2024,46,"2024/11/10 00:00:00",SA1,16530.61427378,2636.39897856,0.159500
D,CO2EII,PUBLISHING,1,2024,46,"2024/11/10 00:00:00",TAS1,19107.98195414,0.00000000,0.000000
D,CO2EII,PUBLISHING,1,2024,46,"2024/11/10 00:00:00",VIC1,89618.39647420,72364.36837847,0.807500
D,CO2EII,PUBLISHING,1,2024,46,"2024/11/11 00:00:00",NEM,494345.42001235,305252.62448796,0.617500
D,CO2EII,PUBLISHING,1,2024,46,"2024/11/11 00:00:00",NSW1,167673.54488322,105680.53372330,0.630300
D,CO2EII,PUBLISHING,1,2024,46,"2024/11/11 00:00:00",QLD1,169619.03592053,106511.92819945,0.627900
D,CO2EII,PUBLISHING,1,2024,46,"2024/11/11 00:00:00",SA1,23096.93935279,4082.43491978,0.176800
D,CO2EII,PUBLISHING,1,2024,46,"2024/11/11 00:00:00",TAS1,20794.06998723,0.00000000,0.000000
D,CO2EII,PUBLISHING,1,2024,46,"2024/11/11 00:00:00",VIC1,113161.82986858,88977.72764543,0.786300
D,CO2EII,PUBLISHING,1,2024,46,"2024/11/12 00:00:00",NEM,498841.66987660,303337.95456759,0.608100
D,CO2EII,PUBLISHING,1,2024,46,"2024/11/12 00:00:00",NSW1,163374.37918642,98295.67018756,0.601700
D,CO2EII,PUBLISHING,1,2024,46,"2024/11/12 00:00:00",QLD1,169143.07356793,113231.32220320,0.669400
D,CO2EII,PUBLISHING,1,2024,46,"2024/11/12 00:00:00",SA1,26617.91007010,4022.46264570,0.151100
D,CO2EII,PUBLISHING,1,2024,46,"2024/11/12 00:00:00",TAS1,25067.77430450,0.00000000,0.000000
D,CO2EII,PUBLISHING,1,2024,46,"2024/11/12 00:00:00",VIC1,114638.53274765,87788.49953113,0.765800
D,CO2EII,PUBLISHING,1,2024,46,"2024/11/13 00:00:00",NEM,498600.45508199,282068.72144437,0.565700
D,CO2EII,PUBLISHING,1,2024,46,"2024/11/13 00:00:00",NSW1,162069.98477360,93389.39265792,0.576200
D,CO2EII,PUBLISHING,1,2024,46,"2024/11/13 00:00:00",QLD1,167613.91526041,108559.59297818,0.647700
D,CO2EII,PUBLISHING,1,2024,46,"2024/11/13 00:00:00",SA1,27958.44805947,2726.90974705,0.097500
D,CO2EII,PUBLISHING,1,2024,46,"2024/11/13 00:00:00",TAS1,20857.14096787,0.00000000,0.000000
D,CO2EII,PUBLISHING,1,2024,46,"2024/11/13 00:00:00",VIC1,120100.96602064,77392.82606122,0.644400
D,CO2EII,PUBLISHING,1,2024,46,"2024/11/14 00:00:00",NEM,475147.00341058,273609.19702603,0.575800
D,CO2EII,PUBLISHING,1,2024,46,"2024/11/14 00:00:00",NSW1,162342.38634767,92770.40367095,0.571400
D,CO2EII,PUBLISHING,1,2024,46,"2024/11/14 00:00:00",QLD1,160680.07398911,101291.59266371,0.630400
D,CO2EII,PUBLISHING,1,2024,46,"2024/11/14 00:00:00",SA1,23233.38836226,4532.64109093,0.195100
D,CO2EII,PUBLISHING,1,2024,46,"2024/11/14 00:00:00",TAS1,22682.41389693,241.05759039,0.010600
D,CO2EII,PUBLISHING,1,2024,46,"2024/11/14 00:00:00",VIC1,106208.74081461,74773.50201005,0.704000
D,CO2EII,PUBLISHING,1,2024,46,"2024/11/15 00:00:00",NEM,482103.63634785,270285.49358761,0.560600
D,CO2EII,PUBLISHING,1,2024,46,"2024/11/15 00:00:00",NSW1,178917.69037185,94217.93740832,0.526600
D,CO2EII,PUBLISHING,1,2024,46,"2024/11/15 00:00:00",QLD1,157106.80466812,95732.77450527,0.609300
D,CO2EII,PUBLISHING,1,2024,46,"2024/11/15 00:00:00",SA1,21173.96276263,3748.35376381,0.177000
D,CO2EII,PUBLISHING,1,2024,46,"2024/11/15 00:00:00",TAS1,22281.89471578,519.19086681,0.023300
D,CO2EII,PUBLISHING,1,2024,46,"2024/11/15 00:00:00",VIC1,102623.28382947,76067.23704340,0.741200
D,CO2EII,PUBLISHING,1,2024,46,"2024/11/16 00:00:00",NEM,473166.68194843,239388.86016689,0.505900
D,CO2EII,PUBLISHING,1,2024,46,"2024/11/16 00:00:00",NSW1,166327.24028293,82838.02167732,0.498000
D,CO2EII,PUBLISHING,1,2024,46,"2024/11/16 00:00:00",QLD1,140295.73464207,82853.20286983,0.590600
D,CO2EII,PUBLISHING,1,2024,46,"2024/11/16 00:00:00",SA1,31229.18121870,1432.85952278,0.045900
D,CO2EII,PUBLISHING,1,2024,46,"2024/11/16 00:00:00",TAS1,18749.99701671,281.48518157,0.015000
D,CO2EII,PUBLISHING,1,2024,46,"2024/11/16 00:00:00",VIC1,116564.52878802,71983.29091539,0.617500
D,CO2EII,PUBLISHING,1,2024,47,"2024/11/17 00:00:00",NEM,452698.21136512,229527.66057271,0.507000
D,CO2EII,PUBLISHING,1,2024,47,"2024/11/17 00:00:00",NSW1,155284.59746879,80685.54017570,0.519600
D,CO2EII,PUBLISHING,1,2024,47,"2024/11/17 00:00:00",QLD1,138716.98042623,81698.33604003,0.589000
D,CO2EII,PUBLISHING,1,2024,47,"2024/11/17 00:00:00",SA1,28204.39472403,1131.11484571,0.040100
D,CO2EII,PUBLISHING,1,2024,47,"2024/11/17 00:00:00",TAS1,17409.07367211,0.00000000,0.000000
D,CO2EII,PUBLISHING,1,2024,47,"2024/11/17 00:00:00",VIC1,113083.16507396,66012.66951127,0.583800
D,CO2EII,PUBLISHING,1,2024,47,"2024/11/18 00:00:00",NEM,468474.22924808,254174.64655794,0.542600
D,CO2EII,PUBLISHING,1,2024,47,"2024/11/18 00:00:00",NSW1,158687.01851307,84224.88893021,0.530800
D,CO2EII,PUBLISHING,1,2024,47,"2024/11/18 00:00:00",QLD1,155267.45358325,96199.67508063,0.619600
D,CO2EII,PUBLISHING,1,2024,47,"2024/11/18 00:00:00",SA1,21283.15645610,1513.92688572,0.071100
D,CO2EII,PUBLISHING,1,2024,47,"2024/11/18 00:00:00",TAS1,18885.66943200,0.00000000,0.000000
D,CO2EII,PUBLISHING,1,2024,47,"2024/11/18 00:00:00",VIC1,114350.93126366,72236.15566138,0.631700
D,CO2EII,PUBLISHING,1,2024,47,"2024/11/19 00:00:00",NEM,473628.61753712,281992.61272006,0.595400
D,CO2EII,PUBLISHING,1,2024,47,"2024/11/19 00:00:00",NSW1,163791.04511638,88967.03923354,0.543200
D,CO2EII,PUBLISHING,1,2024,47,"2024/11/19 00:00:00",QLD1,155666.59228293,100622.76644830,0.646400
D,CO2EII,PUBLISHING,1,2024,47,"2024/11/19 00:00:00",SA1,21885.00610864,2221.09745405,0.101500
D,CO2EII,PUBLISHING,1,2024,47,"2024/11/19 00:00:00",TAS1,21056.82521753,20.10530835,0.001000
D,CO2EII,PUBLISHING,1,2024,47,"2024/11/19 00:00:00",VIC1,111229.14881164,90161.60427582,0.810600
D,CO2EII,PUBLISHING,1,2024,47,"2024/11/20 00:00:00",NEM,469914.52483845,275520.95101678,0.586300
D,CO2EII,PUBLISHING,1,2024,47,"2024/11/20 00:00:00",NSW1,166597.13431960,90181.69500283,0.541300
D,CO2EII,PUBLISHING,1,2024,47,"2024/11/20 00:00:00",QLD1,143550.65833020,95472.75854446,0.665100
D,CO2EII,PUBLISHING,1,2024,47,"2024/11/20 00:00:00",SA1,23574.50683930,1309.79618163,0.055600
D,CO2EII,PUBLISHING,1,2024,47,"2024/11/20 00:00:00",TAS1,17970.52196027,0.00000000,0.000000
D,CO2EII,PUBLISHING,1,2024,47,"2024/11/20 00:00:00",VIC1,118221.70338908,88556.70128786,0.749100
D,CO2EII,PUBLISHING,1,2024,47,"2024/11/21 00:00:00",NEM,479848.00107059,280373.03514649,0.584300
D,CO2EII,PUBLISHING,1,2024,47,"2024/11/21 00:00:00",NSW1,160549.11584585,86757.84461331,0.540400
D,CO2EII,PUBLISHING,1,2024,47,"2024/11/21 00:00:00",QLD1,149222.58273102,95704.42416735,0.641400
D,CO2EII,PUBLISHING,1,2024,47,"2024/11/21 00:00:00",SA1,32482.44415029,5008.44720042,0.154200
D,CO2EII,PUBLISHING,1,2024,47,"2024/11/21 00:00:00",TAS1,20001.68479658,2.52503499,0.000100
D,CO2EII,PUBLISHING,1,2024,47,"2024/11/21 00:00:00",VIC1,117592.17354685,92899.79413042,0.790000
D,CO2EII,PUBLISHING,1,2024,47,"2024/11/22 00:00:00",NEM,516766.70079853,289786.83010225,0.560800
D,CO2EII,PUBLISHING,1,2024,47,"2024/11/22 00:00:00",NSW1,155016.25822086,85424.74675135,0.551100
D,CO2EII,PUBLISHING,1,2024,47,"2024/11/22 00:00:00",QLD1,159802.90453705,99529.67798384,0.622800
D,CO2EII,PUBLISHING,1,2024,47,"2024/11/22 00:00:00",SA1,43769.88088402,7536.51590939,0.172200
D,CO2EII,PUBLISHING,1,2024,47,"2024/11/22 00:00:00",TAS1,22207.02137138,63.99372870,0.002900
D,CO2EII,PUBLISHING,1,2024,47,"2024/11/22 00:00:00",VIC1,135970.63578522,97231.89572897,0.715100
D,CO2EII,PUBLISHING,1,2024,47,"2024/11/23 00:00:00",NEM,492205.61690448,271570.63490070,0.551700
D,CO2EII,PUBLISHING,1,2024,47,"2024/11/23 00:00:00",NSW1,143009.01778984,84139.82222299,0.588400
D,CO2EII,PUBLISHING,1,2024,47,"2024/11/23 00:00:00",QLD1,150977.79067748,87927.04903278,0.582400
D,CO2EII,PUBLISHING,1,2024,47,"2024/11/23 00:00:00",SA1,29848.51687137,5975.47135454,0.200200
D,CO2EII,PUBLISHING,1,2024,47,"2024/11/23 00:00:00",TAS1,20207.74112695,0.00000000,0.000000
D,CO2EII,PUBLISHING,1,2024,47,"2024/11/23 00:00:00",VIC1,148162.55043884,93528.29229039,0.631300
D,CO2EII,PUBLISHING,1,2024,48,"2024/11/24 00:00:00",NEM,462096.09933005,284373.76032917,0.615400
D,CO2EII,PUBLISHING,1,2024,48,"2024/11/24 00:00:00",NSW1,156282.55944233,89342.81038434,0.571700
D,CO2EII,PUBLISHING,1,2024,48,"2024/11/24 00:00:00",QLD1,146067.48622264,87419.94642017,0.598500
D,CO2EII,PUBLISHING,1,2024,48,"2024/11/24 00:00:00",SA1,29634.68918504,9059.50823764,0.305700
D,CO2EII,PUBLISHING,1,2024,48,"2024/11/24 00:00:00",TAS1,22972.70311972,0.00000000,0.000000
D,CO2EII,PUBLISHING,1,2024,48,"2024/11/24 00:00:00",VIC1,107138.66136032,98551.49528702,0.919800
D,CO2EII,PUBLISHING,1,2024,48,"2024/11/25 00:00:00",NEM,501694.79756882,304884.86460836,0.607700
D,CO2EII,PUBLISHING,1,2024,48,"2024/11/25 00:00:00",NSW1,165915.45262974,95254.27267212,0.574100
D,CO2EII,PUBLISHING,1,2024,48,"2024/11/25 00:00:00",QLD1,156340.74438472,92697.34276405,0.592900
D,CO2EII,PUBLISHING,1,2024,48,"2024/11/25 00:00:00",SA1,31901.35886411,10794.78359404,0.338400
D,CO2EII,PUBLISHING,1,2024,48,"2024/11/25 00:00:00",TAS1,28895.79585580,64.00588553,0.002200
D,CO2EII,PUBLISHING,1,2024,48,"2024/11/25 00:00:00",VIC1,118641.44583445,106074.45969262,0.894100
D,CO2EII,PUBLISHING,1,2024,48,"2024/11/26 00:00:00",NEM,524783.36415809,311120.40226665,0.592900
D,CO2EII,PUBLISHING,1,2024,48,"2024/11/26 00:00:00",NSW1,173540.87365338,96968.74655447,0.558800
D,CO2EII,PUBLISHING,1,2024,48,"2024/11/26 00:00:00",QLD1,167591.38240151,100887.33422736,0.602000
D,CO2EII,PUBLISHING,1,2024,48,"2024/11/26 00:00:00",SA1,35780.87511531,8397.48252704,0.234700
D,CO2EII,PUBLISHING,1,2024,48,"2024/11/26 00:00:00",TAS1,26348.40632376,96.27688850,0.003700
D,CO2EII,PUBLISHING,1,2024,48,"2024/11/26 00:00:00",VIC1,121521.82666413,104770.56206928,0.862200
D,CO2EII,PUBLISHING,1,2024,48,"2024/11/27 00:00:00",NEM,545354.14864806,308931.95524717,0.566500
D,CO2EII,PUBLISHING,1,2024,48,"2024/11/27 00:00:00",NSW1,185064.63867767,100293.02526589,0.541900
D,CO2EII,PUBLISHING,1,2024,48,"2024/11/27 00:00:00",QLD1,167913.20138485,111519.81354035,0.664200
D,CO2EII,PUBLISHING,1,2024,48,"2024/11/27 00:00:00",SA1,37330.32042982,2368.51684061,0.063400
D,CO2EII,PUBLISHING,1,2024,48,"2024/11/27 00:00:00",TAS1,20654.21365745,0.00000000,0.000000
D,CO2EII,PUBLISHING,1,2024,48,"2024/11/27 00:00:00",VIC1,134391.77449827,94750.59960032,0.705000
D,CO2EII,PUBLISHING,1,2024,48,"2024/11/28 00:00:00",NEM,532481.18627311,314649.65140694,0.590900
D,CO2EII,PUBLISHING,1,2024,48,"2024/11/28 00:00:00",NSW1,179933.43806343,101138.51291608,0.562100
D,CO2EII,PUBLISHING,1,2024,48,"2024/11/28 00:00:00",QLD1,184581.89414084,120281.05107621,0.651600
D,CO2EII,PUBLISHING,1,2024,48,"2024/11/28 00:00:00",SA1,30585.42835778,4194.12248964,0.137100
D,CO2EII,PUBLISHING,1,2024,48,"2024/11/28 00:00:00",TAS1,24288.06121130,0.00000000,0.000000
D,CO2EII,PUBLISHING,1,2024,48,"2024/11/28 00:00:00",VIC1,113092.36449976,89035.96492501,0.787300
D,CO2EII,PUBLISHING,1,2024,48,"2024/11/29 00:00:00",NEM,522851.91171338,292069.45799830,0.558600
D,CO2EII,PUBLISHING,1,2024,48,"2024/11/29 00:00:00",NSW1,178753.06412308,101876.65769324,0.569900
D,CO2EII,PUBLISHING,1,2024,48,"2024/11/29 00:00:00",QLD1,172482.96947743,115273.29519404,0.668300
D,CO2EII,PUBLISHING,1,2024,48,"2024/11/29 00:00:00",SA1,26440.59585469,4635.49605875,0.175300
D,CO2EII,PUBLISHING,1,2024,48,"2024/11/29 00:00:00",TAS1,29530.76374966,0.00000000,0.000000
D,CO2EII,PUBLISHING,1,2024,48,"2024/11/29 00:00:00",VIC1,115644.51850852,70284.00905227,0.607800
D,CO2EII,PUBLISHING,1,2024,48,"2024/11/30 00:00:00",NEM,497016.66600007,302104.88303233,0.607800
D,CO2EII,PUBLISHING,1,2024,48,"2024/11/30 00:00:00",NSW1,168985.81801559,104441.63624429,0.618000
D,CO2EII,PUBLISHING,1,2024,48,"2024/11/30 00:00:00",QLD1,162933.58817652,117427.27779324,0.720700
D,CO2EII,PUBLISHING,1,2024,48,"2024/11/30 00:00:00",SA1,26167.07553430,5332.17110903,0.203800
D,CO2EII,PUBLISHING,1,2024,48,"2024/11/30 00:00:00",TAS1,30524.37124209,0.00000000,0.000000
D,CO2EII,PUBLISHING,1,2024,48,"2024/11/30 00:00:00",VIC1,108405.81303157,74903.79788577,0.691000
D,CO2EII,PUBLISHING,1,2024,49,"2024/12/01 00:00:00",NEM,473528.51666297,276579.98100292,0.584100
D,CO2EII,PUBLISHING,1,2024,49,"2024/12/01 00:00:00",NSW1,161833.85081382,97088.59528055,0.599900
D,CO2EII,PUBLISHING,1,2024,49,"2024/12/01 00:00:00",QLD1,159015.34441536,106752.16401478,0.671300
D,CO2EII,PUBLISHING,1,2024,49,"2024/12/01 00:00:00",SA1,17133.29821689,4215.02182041,0.246000
D,CO2EII,PUBLISHING,1,2024,49,"2024/12/01 00:00:00",TAS1,21391.75556810,0.00000000,0.000000
D,CO2EII,PUBLISHING,1,2024,49,"2024/12/01 00:00:00",VIC1,114154.26764880,68524.19988718,0.600300
D,CO2EII,PUBLISHING,1,2024,49,"2024/12/02 00:00:00",NEM,532074.88589946,296175.53392504,0.556600
D,CO2EII,PUBLISHING,1,2024,49,"2024/12/02 00:00:00",NSW1,182759.05913072,103535.36387848,0.566500
D,CO2EII,PUBLISHING,1,2024,49,"2024/12/02 00:00:00",QLD1,173505.00066012,111514.40402208,0.642700
D,CO2EII,PUBLISHING,1,2024,49,"2024/12/02 00:00:00",SA1,35264.50007666,5311.10006696,0.150600
D,CO2EII,PUBLISHING,1,2024,49,"2024/12/02 00:00:00",TAS1,27097.83345073,62.69918595,0.002300
D,CO2EII,PUBLISHING,1,2024,49,"2024/12/02 00:00:00",VIC1,113448.49258123,75751.96677157,0.667700
D,CO2EII,PUBLISHING,1,2024,49,"2024/12/03 00:00:00",NEM,548272.98724386,317221.12736559,0.578600
D,CO2EII,PUBLISHING,1,2024,49,"2024/12/03 00:00:00",NSW1,191842.95218173,120773.96826210,0.629500
D,CO2EII,PUBLISHING,1,2024,49,"2024/12/03 00:00:00",QLD1,171148.22759853,116996.78548488,0.683600
D,CO2EII,PUBLISHING,1,2024,49,"2024/12/03 00:00:00",SA1,28797.52954313,3741.08540054,0.129900
D,CO2EII,PUBLISHING,1,2024,49,"2024/12/03 00:00:00",TAS1,23802.97485181,0.00000000,0.000000
D,CO2EII,PUBLISHING,1,2024,49,"2024/12/03 00:00:00",VIC1,132681.30306866,75709.28821807,0.570600
D,CO2EII,PUBLISHING,1,2024,49,"2024/12/04 00:00:00",NEM,500824.76640714,316048.78862798,0.631100
D,CO2EII,PUBLISHING,1,2024,49,"2024/12/04 00:00:00",NSW1,175012.87526697,112478.55049112,0.642700
D,CO2EII,PUBLISHING,1,2024,49,"2024/12/04 00:00:00",QLD1,168113.40203477,113376.50714458,0.674400
D,CO2EII,PUBLISHING,1,2024,49,"2024/12/04 00:00:00",SA1,29481.20078878,3760.16851434,0.127500
D,CO2EII,PUBLISHING,1,2024,49,"2024/12/04 00:00:00",TAS1,19575.99517979,5.32694764,0.000300
D,CO2EII,PUBLISHING,1,2024,49,"2024/12/04 00:00:00",VIC1,108641.29313683,86428.23553030,0.795500
D,CO2EII,PUBLISHING,1,2024,49,"2024/12/05 00:00:00",NEM,542055.23854625,330823.37746765,0.610300
D,CO2EII,PUBLISHING,1,2024,49,"2024/12/05 00:00:00",NSW1,183317.00811297,114764.80098018,0.626000
D,CO2EII,PUBLISHING,1,2024,49,"2024/12/05 00:00:00",QLD1,172904.47372528,116615.40082938,0.674400
D,CO2EII,PUBLISHING,1,2024,49,"2024/12/05 00:00:00",SA1,39972.14770279,8440.02354748,0.211100
D,CO2EII,PUBLISHING,1,2024,49,"2024/12/05 00:00:00",TAS1,23831.44754020,0.00000000,0.000000
D,CO2EII,PUBLISHING,1,2024,49,"2024/12/05 00:00:00",VIC1,122030.16146501,91003.15211061,0.745700
D,CO2EII,PUBLISHING,1,2024,49,"2024/12/06 00:00:00",NEM,566258.89445545,335326.41378348,0.592200
D,CO2EII,PUBLISHING,1,2024,49,"2024/12/06 00:00:00",NSW1,193244.45272687,124186.56695814,0.642600
D,CO2EII,PUBLISHING,1,2024,49,"2024/12/06 00:00:00",QLD1,175865.63684811,109837.31358358,0.624600
D,CO2EII,PUBLISHING,1,2024,49,"2024/12/06 00:00:00",SA1,37129.29301488,8140.92032278,0.219300
D,CO2EII,PUBLISHING,1,2024,49,"2024/12/06 00:00:00",TAS1,27751.55445392,0.00000000,0.000000
D,CO2EII,PUBLISHING,1,2024,49,"2024/12/06 00:00:00",VIC1,132267.95741167,93161.61291898,0.704300
D,CO2EII,PUBLISHING,1,2024,49,"2024/12/07 00:00:00",NEM,519207.14971804,294406.57891513,0.567000
D,CO2EII,PUBLISHING,1,2024,49,"2024/12/07 00:00:00",NSW1,190663.94191356,115417.62907921,0.605300
D,CO2EII,PUBLISHING,1,2024,49,"2024/12/07 00:00:00",QLD1,160583.71846336,101504.87087399,0.632100
D,CO2EII,PUBLISHING,1,2024,49,"2024/12/07 00:00:00",SA1,26919.57328008,2372.62103989,0.088100
D,CO2EII,PUBLISHING,1,2024,49,"2024/12/07 00:00:00",TAS1,20138.71340251,0.00000000,0.000000
D,CO2EII,PUBLISHING,1,2024,49,"2024/12/07 00:00:00",VIC1,120901.20265853,75111.45792204,0.621300
D,CO2EII,PUBLISHING,1,2024,50,"2024/12/08 00:00:00",NEM,476669.82312288,274294.41750307,0.575400
D,CO2EII,PUBLISHING,1,2024,50,"2024/12/08 00:00:00",NSW1,176088.26690993,99793.85163694,0.566700
D,CO2EII,PUBLISHING,1,2024,50,"2024/12/08 00:00:00",QLD1,165285.18119410,103056.18093801,0.623500
D,CO2EII,PUBLISHING,1,2024,50,"2024/12/08 00:00:00",SA1,17711.96166707,2196.37777995,0.124000
D,CO2EII,PUBLISHING,1,2024,50,"2024/12/08 00:00:00",TAS1,22291.45527812,0.00000000,0.000000
D,CO2EII,PUBLISHING,1,2024,50,"2024/12/08 00:00:00",VIC1,95292.95807366,69248.00714817,0.726700
D,CO2EII,PUBLISHING,1,2024,50,"2024/12/09 00:00:00",NEM,516434.46981338,326646.43403602,0.632500
D,CO2EII,PUBLISHING,1,2024,50,"2024/12/09 00:00:00",NSW1,179079.16948469,120099.41384758,0.670600
D,CO2EII,PUBLISHING,1,2024,50,"2024/12/09 00:00:00",QLD1,179154.93773667,116272.36132988,0.649000
D,CO2EII,PUBLISHING,1,2024,50,"2024/12/09 00:00:00",SA1,26062.26917278,5414.55494672,0.207800
D,CO2EII,PUBLISHING,1,2024,50,"2024/12/09 00:00:00",TAS1,30795.51935400,0.00000000,0.000000
D,CO2EII,PUBLISHING,1,2024,50,"2024/12/09 00:00:00",VIC1,101342.57406524,84860.10391184,0.837400
D,CO2EII,PUBLISHING,1,2024,50,"2024/12/10 00:00:00",NEM,498478.16643289,304187.23591798,0.610200
D,CO2EII,PUBLISHING,1,2024,50,"2024/12/10 00:00:00",NSW1,169487.87927222,105917.56043685,0.624900
D,CO2EII,PUBLISHING,1,2024,50,"2024/12/10 00:00:00",QLD1,172271.96054444,117574.63688130,0.682500
D,CO2EII,PUBLISHING,1,2024,50,"2024/12/10 00:00:00",SA1,29515.31225592,4241.16237478,0.143700
D,CO2EII,PUBLISHING,1,2024,50,"2024/12/10 00:00:00",TAS1,27582.49124580,0.00000000,0.000000
D,CO2EII,PUBLISHING,1,2024,50,"2024/12/10 00:00:00",VIC1,99620.52311451,76453.87622505,0.767500
D,CO2EII,PUBLISHING,1,2024,50,"2024/12/11 00:00:00",NEM,482195.65123381,282198.89693256,0.585200
D,CO2EII,PUBLISHING,1,2024,50,"2024/12/11 00:00:00",NSW1,175446.91183170,103508.49523130,0.590000
D,CO2EII,PUBLISHING,1,2024,50,"2024/12/11 00:00:00",QLD1,153223.62253683,102185.73841226,0.666900
D,CO2EII,PUBLISHING,1,2024,50,"2024/12/11 00:00:00",SA1,23759.75178451,3750.11588373,0.157800
D,CO2EII,PUBLISHING,1,2024,50,"2024/12/11 00:00:00",TAS1,26297.23388328,0.00000000,0.000000
D,CO2EII,PUBLISHING,1,2024,50,"2024/12/11 00:00:00",VIC1,103468.13119749,72754.54740527,0.703200
D,CO2EII,PUBLISHING,1,2024,50,"2024/12/12 00:00:00",NEM,496600.70687426,291167.49311550,0.586300
D,CO2EII,PUBLISHING,1,2024,50,"2024/12/12 00:00:00",NSW1,166857.39207106,103369.76646255,0.619500
D,CO2EII,PUBLISHING,1,2024,50,"2024/12/12 00:00:00",QLD1,164768.30004550,104643.24848057,0.635100
D,CO2EII,PUBLISHING,1,2024,50,"2024/12/12 00:00:00",SA1,27719.11831316,4942.85794287,0.178300
D,CO2EII,PUBLISHING,1,2024,50,"2024/12/12 00:00:00",TAS1,27451.70217395,0.00000000,0.000000
D,CO2EII,PUBLISHING,1,2024,50,"2024/12/12 00:00:00",VIC1,109804.19427059,78211.62022951,0.712300
D,CO2EII,PUBLISHING,1,2024,50,"2024/12/13 00:00:00",NEM,525421.39278379,306605.91866445,0.583500
D,CO2EII,PUBLISHING,1,2024,50,"2024/12/13 00:00:00",NSW1,189874.66002978,114532.73004824,0.603200
D,CO2EII,PUBLISHING,1,2024,50,"2024/12/13 00:00:00",QLD1,173191.49430986,109113.67327688,0.630000
D,CO2EII,PUBLISHING,1,2024,50,"2024/12/13 00:00:00",SA1,29200.03835261,5603.32876215,0.191900
D,CO2EII,PUBLISHING,1,2024,50,"2024/12/13 00:00:00",TAS1,28611.93643512,182.08221412,0.006400
D,CO2EII,PUBLISHING,1,2024,50,"2024/12/13 00:00:00",VIC1,104543.26365642,77174.10436306,0.738200
D,CO2EII,PUBLISHING,1,2024,50,"2024/12/14 00:00:00",NEM,504228.61665389,302023.36090946,0.599000
D,CO2EII,PUBLISHING,1,2024,50,"2024/12/14 00:00:00",NSW1,177957.41182020,109659.18626054,0.616200
D,CO2EII,PUBLISHING,1,2024,50,"2024/12/14 00:00:00",QLD1,169463.70007382,106607.60201354,0.629100
D,CO2EII,PUBLISHING,1,2024,50,"2024/12/14 00:00:00",SA1,32691.05613876,5511.59911039,0.168600
D,CO2EII,PUBLISHING,1,2024,50,"2024/12/14 00:00:00",TAS1,27498.48037631,211.72823615,0.007700
D,CO2EII,PUBLISHING,1,2024,50,"2024/12/14 00:00:00",VIC1,96617.96824480,80033.24528884,0.828300
D,CO2EII,PUBLISHING,1,2024,51,"2024/12/15 00:00:00",NEM,511726.00001935,299131.79043411,0.584600
D,CO2EII,PUBLISHING,1,2024,51,"2024/12/15 00:00:00",NSW1,184644.06847548,108692.46495360,0.588700
D,CO2EII,PUBLISHING,1,2024,51,"2024/12/15 00:00:00",QLD1,157641.61423994,97501.58509201,0.618500
D,CO2EII,PUBLISHING,1,2024,51,"2024/12/15 00:00:00",SA1,35753.91634577,7121.50904871,0.199200
D,CO2EII,PUBLISHING,1,2024,51,"2024/12/15 00:00:00",TAS1,23612.07732430,122.44030681,0.005200
D,CO2EII,PUBLISHING,1,2024,51,"2024/12/15 00:00:00",VIC1,110074.32363386,85693.79103298,0.778500
D,CO2EII,PUBLISHING,1,2024,51,"2024/12/16 00:00:00",NEM,620178.35203549,331643.67158984,0.534800
D,CO2EII,PUBLISHING,1,2024,51,"2024/12/16 00:00:00",NSW1,204532.56102849,119259.50347730,0.583100
D,CO2EII,PUBLISHING,1,2024,51,"2024/12/16 00:00:00",QLD1,168225.85779256,107782.53551358,0.640700
D,CO2EII,PUBLISHING,1,2024,51,"2024/12/16 00:00:00",SA1,45131.16680356,4677.44159923,0.103600
D,CO2EII,PUBLISHING,1,2024,51,"2024/12/16 00:00:00",TAS1,28385.13893186,456.29887693,0.016100
D,CO2EII,PUBLISHING,1,2024,51,"2024/12/16 00:00:00",VIC1,173903.62747902,99467.89212280,0.572000
D,CO2EII,PUBLISHING,1,2024,51,"2024/12/17 00:00:00",NEM,558051.51517352,308355.56953282,0.552600
D,CO2EII,PUBLISHING,1,2024,51,"2024/12/17 00:00:00",NSW1,206555.89101968,116238.92091375,0.562700
D,CO2EII,PUBLISHING,1,2024,51,"2024/12/17 00:00:00",QLD1,176752.06271772,115986.64081672,0.656200
D,CO2EII,PUBLISHING,1,2024,51,"2024/12/17 00:00:00",SA1,32383.40275794,1093.93324002,0.033800
D,CO2EII,PUBLISHING,1,2024,51,"2024/12/17 00:00:00",TAS1,20622.70571397,0.00000000,0.000000
D,CO2EII,PUBLISHING,1,2024,51,"2024/12/17 00:00:00",VIC1,121737.45296421,75036.07456233,0.616400
D,CO2EII,PUBLISHING,1,2024,51,"2024/12/18 00:00:00",NEM,493086.93155622,283533.23830049,0.575000
D,CO2EII,PUBLISHING,1,2024,51,"2024/12/18 00:00:00",NSW1,177173.55859677,95397.67105125,0.538400
D,CO2EII,PUBLISHING,1,2024,51,"2024/12/18 00:00:00",QLD1,161738.81141000,112246.18119751,0.694000
D,CO2EII,PUBLISHING,1,2024,51,"2024/12/18 00:00:00",SA1,27828.03802893,1021.39250494,0.036700
D,CO2EII,PUBLISHING,1,2024,51,"2024/12/18 00:00:00",TAS1,19634.80003160,0.00000000,0.000000
D,CO2EII,PUBLISHING,1,2024,51,"2024/12/18 00:00:00",VIC1,106711.72348892,74867.99354679,0.701600
D,CO2EII,PUBLISHING,1,2024,51,"2024/12/19 00:00:00",NEM,472975.33688392,273207.33848066,0.577600
D,CO2EII,PUBLISHING,1,2024,51,"2024/12/19 00:00:00",NSW1,168714.46733612,86510.20333636,0.512800
D,CO2EII,PUBLISHING,1,2024,51,"2024/12/19 00:00:00",QLD1,143897.08194778,92702.91319172,0.644200
D,CO2EII,PUBLISHING,1,2024,51,"2024/12/19 00:00:00",SA1,24022.68246022,2593.11395709,0.107900
D,CO2EII,PUBLISHING,1,2024,51,"2024/12/19 00:00:00",TAS1,18619.53828785,0.00000000,0.000000
D,CO2EII,PUBLISHING,1,2024,51,"2024/12/19 00:00:00",VIC1,117721.56685195,91401.10799549,0.776400
D,CO2EII,PUBLISHING,1,2024,51,"2024/12/20 00:00:00",NEM,482099.66756341,275897.02468602,0.572300
D,CO2EII,PUBLISHING,1,2024,51,"2024/12/20 00:00:00",NSW1,156000.58307438,92835.47510577,0.595100
D,CO2EII,PUBLISHING,1,2024,51,"2024/12/20 00:00:00",QLD1,147499.90316452,93325.32142624,0.632700
D,CO2EII,PUBLISHING,1,2024,51,"2024/12/20 00:00:00",SA1,26121.01774243,2022.51759115,0.077400
D,CO2EII,PUBLISHING,1,2024,51,"2024/12/20 00:00:00",TAS1,17157.95670802,0.00000000,0.000000
D,CO2EII,PUBLISHING,1,2024,51,"2024/12/20 00:00:00",VIC1,135320.20687406,87713.71056286,0.648200
D,CO2EII,PUBLISHING,1,2024,51,"2024/12/21 00:00:00",NEM,452595.08654422,262825.94898773,0.580700
D,CO2EII,PUBLISHING,1,2024,51,"2024/12/21 00:00:00",NSW1,161326.45888098,90911.41422905,0.563500
D,CO2EII,PUBLISHING,1,2024,51,"2024/12/21 00:00:00",QLD1,144379.32916162,91557.88696926,0.634100
D,CO2EII,PUBLISHING,1,2024,51,"2024/12/21 00:00:00",SA1,23777.19443541,1044.33175952,0.043900
D,CO2EII,PUBLISHING,1,2024,51,"2024/12/21 00:00:00",TAS1,16291.10344563,0.00000000,0.000000
D,CO2EII,PUBLISHING,1,2024,51,"2024/12/21 00:00:00",VIC1,106821.00062058,79312.31602990,0.742500
D,CO2EII,PUBLISHING,1,2024,52,"2024/12/22 00:00:00",NEM,444630.77140176,260363.26626029,0.585600
D,CO2EII,PUBLISHING,1,2024,52,"2024/12/22 00:00:00",NSW1,160503.54690243,87858.80464467,0.547400
D,CO2EII,PUBLISHING,1,2024,52,"2024/12/22 00:00:00",QLD1,145022.42177230,91708.09618241,0.632400
D,CO2EII,PUBLISHING,1,2024,52,"2024/12/22 00:00:00",SA1,21866.17521242,1030.27732454,0.047100
D,CO2EII,PUBLISHING,1,2024,52,"2024/12/22 00:00:00",TAS1,16647.56247374,0.00000000,0.000000
D,CO2EII,PUBLISHING,1,2024,52,"2024/12/22 00:00:00",VIC1,100591.06504087,79766.08810867,0.793000
D,CO2EII,PUBLISHING,1,2024,52,"2024/12/23 00:00:00",NEM,469423.26087280,251716.08913123,0.536200
D,CO2EII,PUBLISHING,1,2024,52,"2024/12/23 00:00:00",NSW1,167936.50569549,81144.80643930,0.483200
D,CO2EII,PUBLISHING,1,2024,52,"2024/12/23 00:00:00",QLD1,151191.99806804,95601.47230067,0.632300
D,CO2EII,PUBLISHING,1,2024,52,"2024/12/23 00:00:00",SA1,21201.50686084,1029.92585608,0.048600
D,CO2EII,PUBLISHING,1,2024,52,"2024/12/23 00:00:00",TAS1,16600.53879172,0.00000000,0.000000
D,CO2EII,PUBLISHING,1,2024,52,"2024/12/23 00:00:00",VIC1,112492.71145671,73939.88453518,0.657300
D,CO2EII,PUBLISHING,1,2024,52,"2024/12/24 00:00:00",NEM,432318.22612380,258774.02277838,0.598600
D,CO2EII,PUBLISHING,1,2024,52,"2024/12/24 00:00:00",NSW1,140976.46672559,82471.34744335,0.585000
D,CO2EII,PUBLISHING,1,2024,52,"2024/12/24 00:00:00",QLD1,153575.71639605,95945.86768221,0.624700
D,CO2EII,PUBLISHING,1,2024,52,"2024/12/24 00:00:00",SA1,19567.94695651,1766.38331492,0.090300
D,CO2EII,PUBLISHING,1,2024,52,"2024/12/24 00:00:00",TAS1,23163.49962354,0.00000000,0.000000
D,CO2EII,PUBLISHING,1,2024,52,"2024/12/24 00:00:00",VIC1,95034.59642211,78590.42433790,0.827000
D,CO2EII,PUBLISHING,1,2024,52,"2024/12/25 00:00:00",NEM,411036.48084891,244026.85243143,0.593700
D,CO2EII,PUBLISHING,1,2024,52,"2024/12/25 00:00:00",NSW1,122171.12856206,73264.29956353,0.599700
D,CO2EII,PUBLISHING,1,2024,52,"2024/12/25 00:00:00",QLD1,142664.21710187,90770.53119964,0.636300
D,CO2EII,PUBLISHING,1,2024,52,"2024/12/25 00:00:00",SA1,28424.65912194,2045.78505406,0.072000
D,CO2EII,PUBLISHING,1,2024,52,"2024/12/25 00:00:00",TAS1,18173.91016513,0.00000000,0.000000
D,CO2EII,PUBLISHING,1,2024,52,"2024/12/25 00:00:00",VIC1,99602.56589791,77946.23661420,0.782600
D,CO2EII,PUBLISHING,1,2024,52,"2024/12/26 00:00:00",NEM,476619.72525025,236288.18134215,0.495800
D,CO2EII,PUBLISHING,1,2024,52,"2024/12/26 00:00:00",NSW1,138996.20504288,74684.38112772,0.537300
D,CO2EII,PUBLISHING,1,2024,52,"2024/12/26 00:00:00",QLD1,144786.08058734,90453.27148215,0.624700
D,CO2EII,PUBLISHING,1,2024,52,"2024/12/26 00:00:00",SA1,35152.80390110,895.12966746,0.025500
D,CO2EII,PUBLISHING,1,2024,52,"2024/12/26 00:00:00",TAS1,15113.77354364,0.00000000,0.000000
D,CO2EII,PUBLISHING,1,2024,52,"2024/12/26 00:00:00",VIC1,142570.86217529,70255.39906482,0.492800
D,CO2EII,PUBLISHING,1,2024,52,"2024/12/27 00:00:00",NEM,470095.05437960,252795.02626311,0.537800
D,CO2EII,PUBLISHING,1,2024,52,"2024/12/27 00:00:00",NSW1,163820.76543862,88368.52675541,0.539400
D,CO2EII,PUBLISHING,1,2024,52,"2024/12/27 00:00:00",QLD1,155818.85450971,98472.54277315,0.632000
D,CO2EII,PUBLISHING,1,2024,52,"2024/12/27 00:00:00",SA1,25822.85782054,949.43837766,0.036800
D,CO2EII,PUBLISHING,1,2024,52,"2024/12/27 00:00:00",TAS1,17426.51670808,0.00000000,0.000000
D,CO2EII,PUBLISHING,1,2024,52,"2024/12/27 00:00:00",VIC1,107206.05990265,65004.51835689,0.606400
D,CO2EII,PUBLISHING,1,2024,52,"2024/12/28 00:00:00",NEM,455529.03920410,267067.21892660,0.586300
D,CO2EII,PUBLISHING,1,2024,52,"2024/12/28 00:00:00",NSW1,153083.24497870,87732.20136277,0.573100
D,CO2EII,PUBLISHING,1,2024,52,"2024/12/28 00:00:00",QLD1,156649.70536451,103308.04947604,0.659500
D,CO2EII,PUBLISHING,1,2024,52,"2024/12/28 00:00:00",SA1,21017.94968830,1179.75793417,0.056100
D,CO2EII,PUBLISHING,1,2024,52,"2024/12/28 00:00:00",TAS1,19185.53003943,0.00000000,0.000000
D,CO2EII,PUBLISHING,1,2024,52,"2024/12/28 00:00:00",VIC1,105592.60913316,74847.21015362,0.708800
C,"END OF REPORT",2187
