C,SETP.WORLD,CO2EII_RESULTS_SUMMARY_YEAR,NEMMCO,PUBLIC,2012/01/09,12:10:29,0000000234000629,,0000000234000625
I,CO2EII,PUBLISHING,1,CONTRACTYEAR,WEEKNO,SETTLEMENTDATE,REGIONID,TOTAL_SENT_OUT_ENERGY,TOTAL_EMISSIONS,CO2E_INTENSITY_INDEX
D,CO2EII,PUBLISHING,1,2011,26,"2011/06/19 00:00:00",NEM,517176.92329039,478873.84770335,0.9259
D,CO2EII,PUBLISHING,1,2011,26,"2011/06/19 00:00:00",NSW1,184666.51280201,175774.74084255,0.9518
D,CO2EII,PUBLISHING,1,2011,26,"2011/06/19 00:00:00",QLD1,131836.34116538,109354.07016,0.8295
D,CO2EII,PUBLISHING,1,2011,26,"2011/06/19 00:00:00",SA1,38286.094463,15875.88265684,0.4147
D,CO2EII,PUBLISHING,1,2011,26,"2011/06/19 00:00:00",TAS1,28557.118183,3466.79513577,0.1214
D,CO2EII,PUBLISHING,1,2011,26,"2011/06/19 00:00:00",VIC1,133830.856677,174402.35890819,1.3032
D,CO2EII,PUBLISHING,1,2011,26,"2011/06/20 00:00:00",NEM,575680.16621748,509137.69533279,0.8844
D,CO2EII,PUBLISHING,1,2011,26,"2011/06/20 00:00:00",NSW1,207247.719879,193370.75365247,0.933
D,CO2EII,PUBLISHING,1,2011,26,"2011/06/20 00:00:00",QLD1,148345.48596997,122438.48860244,0.8254
D,CO2EII,PUBLISHING,1,2011,26,"2011/06/20 00:00:00",SA1,42221.192804,17060.18807774,0.4041
D,CO2EII,PUBLISHING,1,2011,26,"2011/06/20 00:00:00",TAS1,37618.7583665,2761.75972222,0.0734
D,CO2EII,PUBLISHING,1,2011,26,"2011/06/20 00:00:00",VIC1,140247.00919801,173506.50527792,1.2371
D,CO2EII,PUBLISHING,1,2011,26,"2011/06/21 00:00:00",NEM,590932.00083216,513318.08320331,0.8687
D,CO2EII,PUBLISHING,1,2011,26,"2011/06/21 00:00:00",NSW1,211469.45539932,197300.27725653,0.933
D,CO2EII,PUBLISHING,1,2011,26,"2011/06/21 00:00:00",QLD1,151256.56099182,125876.97778281,0.8322
D,CO2EII,PUBLISHING,1,2011,26,"2011/06/21 00:00:00",SA1,43126.950435,17777.81962074,0.4122
D,CO2EII,PUBLISHING,1,2011,26,"2011/06/21 00:00:00",TAS1,40008.468342,2794.10415043,0.0698
D,CO2EII,PUBLISHING,1,2011,26,"2011/06/21 00:00:00",VIC1,145070.56566402,169568.9043928,1.1689
D,CO2EII,PUBLISHING,1,2011,26,"2011/06/22 00:00:00",NEM,595850.57412776,518939.931877,0.8709
D,CO2EII,PUBLISHING,1,2011,26,"2011/06/22 00:00:00",NSW1,217346.74863324,200832.36236854,0.924
D,CO2EII,PUBLISHING,1,2011,26,"2011/06/22 00:00:00",QLD1,149393.09117553,124469.27824057,0.8332
D,CO2EII,PUBLISHING,1,2011,26,"2011/06/22 00:00:00",SA1,42414.793859,19019.68793796,0.4484
D,CO2EII,PUBLISHING,1,2011,26,"2011/06/22 00:00:00",TAS1,41547.637396,2888.38481066,0.0695
D,CO2EII,PUBLISHING,1,2011,26,"2011/06/22 00:00:00",VIC1,145148.30306399,171730.21851927,1.1831
D,CO2EII,PUBLISHING,1,2011,26,"2011/06/23 00:00:00",NEM,584497.89046196,526601.9893806,0.9009
D,CO2EII,PUBLISHING,1,2011,26,"2011/06/23 00:00:00",NSW1,213133.01576299,199852.68441853,0.9377
D,CO2EII,PUBLISHING,1,2011,26,"2011/06/23 00:00:00",QLD1,153054.87486998,126771.69877616,0.8283
D,CO2EII,PUBLISHING,1,2011,26,"2011/06/23 00:00:00",SA1,34518.283165,21205.93356497,0.6143
D,CO2EII,PUBLISHING,1,2011,26,"2011/06/23 00:00:00",TAS1,42340.392752,2759.70617917,0.0652
D,CO2EII,PUBLISHING,1,2011,26,"2011/06/23 00:00:00",VIC1,141451.32391199,176011.96644177,1.2443
D,CO2EII,PUBLISHING,1,2011,26,"2011/06/24 00:00:00",NEM,574193.86259202,527650.06638034,0.9189
D,CO2EII,PUBLISHING,1,2011,26,"2011/06/24 00:00:00",NSW1,210131.73148099,201407.82117029,0.9585
D,CO2EII,PUBLISHING,1,2011,26,"2011/06/24 00:00:00",QLD1,153106.61773154,127006.31301601,0.8295
D,CO2EII,PUBLISHING,1,2011,26,"2011/06/24 00:00:00",SA1,32966.24303701,20797.35290516,0.6309
D,CO2EII,PUBLISHING,1,2011,26,"2011/06/24 00:00:00",TAS1,39834.86761049,2470.52847168,0.062
D,CO2EII,PUBLISHING,1,2011,26,"2011/06/24 00:00:00",VIC1,138154.40273199,175968.0508172,1.2737
D,CO2EII,PUBLISHING,1,2011,26,"2011/06/25 00:00:00",NEM,522791.82472812,481473.89706683,0.921
D,CO2EII,PUBLISHING,1,2011,26,"2011/06/25 00:00:00",NSW1,179932.59944001,174320.60795913,0.9688
D,CO2EII,PUBLISHING,1,2011,26,"2011/06/25 00:00:00",QLD1,140135.9007146,117301.53514311,0.8371
D,CO2EII,PUBLISHING,1,2011,26,"2011/06/25 00:00:00",SA1,35936.15299599,15591.2544736,0.4339
D,CO2EII,PUBLISHING,1,2011,26,"2011/06/25 00:00:00",TAS1,36098.4963105,2064.71707494,0.0572
D,CO2EII,PUBLISHING,1,2011,26,"2011/06/25 00:00:00",VIC1,130688.67526702,172195.78241605,1.3176
D,CO2EII,PUBLISHING,1,2011,27,"2011/06/26 00:00:00",NEM,513007.43853426,473129.86838051,0.9223
D,CO2EII,PUBLISHING,1,2011,27,"2011/06/26 00:00:00",NSW1,173149.062628,165587.17789826,0.9563
D,CO2EII,PUBLISHING,1,2011,27,"2011/06/26 00:00:00",QLD1,139971.74914327,117003.93690002,0.8359
D,CO2EII,PUBLISHING,1,2011,27,"2011/06/26 00:00:00",SA1,33462.31385601,17526.14305668,0.5238
D,CO2EII,PUBLISHING,1,2011,27,"2011/06/26 00:00:00",TAS1,36916.579532,2296.81528301,0.0622
D,CO2EII,PUBLISHING,1,2011,27,"2011/06/26 00:00:00",VIC1,129507.73337498,170715.79524254,1.3182
D,CO2EII,PUBLISHING,1,2011,27,"2011/06/27 00:00:00",NEM,573494.12673347,526219.98379994,0.9176
D,CO2EII,PUBLISHING,1,2011,27,"2011/06/27 00:00:00",NSW1,203991.73778301,194964.05307574,0.9557
D,CO2EII,PUBLISHING,1,2011,27,"2011/06/27 00:00:00",QLD1,152087.81073747,126853.78822216,0.8341
D,CO2EII,PUBLISHING,1,2011,27,"2011/06/27 00:00:00",SA1,34088.098886,20715.68222127,0.6077
D,CO2EII,PUBLISHING,1,2011,27,"2011/06/27 00:00:00",TAS1,40406.139287,2729.52843088,0.0676
D,CO2EII,PUBLISHING,1,2011,27,"2011/06/27 00:00:00",VIC1,142920.34003999,180956.93184989,1.2661
D,CO2EII,PUBLISHING,1,2011,27,"2011/06/28 00:00:00",NEM,585442.74998113,533822.81368213,0.9118
D,CO2EII,PUBLISHING,1,2011,27,"2011/06/28 00:00:00",NSW1,209750.535208,198882.50031054,0.9482
D,CO2EII,PUBLISHING,1,2011,27,"2011/06/28 00:00:00",QLD1,154920.4968316,127601.22638994,0.8237
D,CO2EII,PUBLISHING,1,2011,27,"2011/06/28 00:00:00",SA1,35774.082964,20447.41962788,0.5716
D,CO2EII,PUBLISHING,1,2011,27,"2011/06/28 00:00:00",TAS1,40020.13745751,2837.68222311,0.0709
D,CO2EII,PUBLISHING,1,2011,27,"2011/06/28 00:00:00",VIC1,144977.49752002,184053.98513066,1.2695
D,CO2EII,PUBLISHING,1,2011,27,"2011/06/29 00:00:00",NEM,579024.84831078,521542.22808459,0.9007
D,CO2EII,PUBLISHING,1,2011,27,"2011/06/29 00:00:00",NSW1,205851.99652,195666.34390951,0.9505
D,CO2EII,PUBLISHING,1,2011,27,"2011/06/29 00:00:00",QLD1,152296.59774179,125426.51035164,0.8236
D,CO2EII,PUBLISHING,1,2011,27,"2011/06/29 00:00:00",SA1,36730.037301,18980.20935017,0.5167
D,CO2EII,PUBLISHING,1,2011,27,"2011/06/29 00:00:00",TAS1,40054.905755,2951.47426478,0.0737
D,CO2EII,PUBLISHING,1,2011,27,"2011/06/29 00:00:00",VIC1,144091.31099299,178517.69020849,1.2389
D,CO2EII,PUBLISHING,1,2011,27,"2011/06/30 00:00:00",NEM,569777.07540898,515055.74462253,0.904
D,CO2EII,PUBLISHING,1,2011,27,"2011/06/30 00:00:00",NSW1,196775.98743,187985.14378943,0.9553
D,CO2EII,PUBLISHING,1,2011,27,"2011/06/30 00:00:00",QLD1,152624.49305347,125665.64101987,0.8234
D,CO2EII,PUBLISHING,1,2011,27,"2011/06/30 00:00:00",SA1,39785.306712,17664.6597108,0.444
D,CO2EII,PUBLISHING,1,2011,27,"2011/06/30 00:00:00",TAS1,37976.7929135,2696.41524041,0.071
D,CO2EII,PUBLISHING,1,2011,27,"2011/06/30 00:00:00",VIC1,142614.49530001,181043.88486202,1.2695
D,CO2EII,PUBLISHING,1,2011,27,"2011/07/01 00:00:00",NEM,563989.42374105,511005.97837517,0.9061
D,CO2EII,PUBLISHING,1,2011,27,"2011/07/01 00:00:00",NSW1,188720.99309799,180463.02466827,0.9562
D,CO2EII,PUBLISHING,1,2011,27,"2011/07/01 00:00:00",QLD1,156321.65583958,128862.92748787,0.8243
D,CO2EII,PUBLISHING,1,2011,27,"2011/07/01 00:00:00",SA1,39367.94637799,16058.55389771,0.4079
D,CO2EII,PUBLISHING,1,2011,27,"2011/07/01 00:00:00",TAS1,37903.8611835,2867.65494302,0.0757
D,CO2EII,PUBLISHING,1,2011,27,"2011/07/01 00:00:00",VIC1,141674.96724199,182753.8173783,1.29
D,CO2EII,PUBLISHING,1,2011,27,"2011/07/02 00:00:00",NEM,519035.19117937,474504.37404348,0.9142
D,CO2EII,PUBLISHING,1,2011,27,"2011/07/02 00:00:00",NSW1,161345.078215,155465.35689164,0.9636
D,CO2EII,PUBLISHING,1,2011,27,"2011/07/02 00:00:00",QLD1,148025.39428335,122703.00573019,0.8289
D,CO2EII,PUBLISHING,1,2011,27,"2011/07/02 00:00:00",SA1,35083.99020899,13858.29824179,0.395
D,CO2EII,PUBLISHING,1,2011,27,"2011/07/02 00:00:00",TAS1,36673.24365,2596.67035615,0.0708
D,CO2EII,PUBLISHING,1,2011,27,"2011/07/02 00:00:00",VIC1,137907.48482203,179881.04282371,1.3044
D,CO2EII,PUBLISHING,1,2011,28,"2011/07/03 00:00:00",NEM,508426.74634414,461767.02919704,0.9082
D,CO2EII,PUBLISHING,1,2011,28,"2011/07/03 00:00:00",NSW1,154201.02002299,145658.34904816,0.9446
D,CO2EII,PUBLISHING,1,2011,28,"2011/07/03 00:00:00",QLD1,146853.59066414,121502.97350254,0.8274
D,CO2EII,PUBLISHING,1,2011,28,"2011/07/03 00:00:00",SA1,35971.919234,15468.89061673,0.43
D,CO2EII,PUBLISHING,1,2011,28,"2011/07/03 00:00:00",TAS1,36877.051654,2589.31857828,0.0702
D,CO2EII,PUBLISHING,1,2011,28,"2011/07/03 00:00:00",VIC1,134523.16476901,176547.49745133,1.3124
D,CO2EII,PUBLISHING,1,2011,28,"2011/07/04 00:00:00",NEM,559306.04147286,495443.98216183,0.8858
D,CO2EII,PUBLISHING,1,2011,28,"2011/07/04 00:00:00",NSW1,179759.770533,167308.28560412,0.9307
D,CO2EII,PUBLISHING,1,2011,28,"2011/07/04 00:00:00",QLD1,153166.30374634,127613.41551927,0.8332
D,CO2EII,PUBLISHING,1,2011,28,"2011/07/04 00:00:00",SA1,42132.924833,16611.03737286,0.3943
D,CO2EII,PUBLISHING,1,2011,28,"2011/07/04 00:00:00",TAS1,39295.2186635,2523.27074299,0.0642
D,CO2EII,PUBLISHING,1,2011,28,"2011/07/04 00:00:00",VIC1,144951.82369702,181387.97292259,1.2514
D,CO2EII,PUBLISHING,1,2011,28,"2011/07/05 00:00:00",NEM,577538.38843052,504643.31716755,0.8738
D,CO2EII,PUBLISHING,1,2011,28,"2011/07/05 00:00:00",NSW1,195263.91051601,182774.97440574,0.936
D,CO2EII,PUBLISHING,1,2011,28,"2011/07/05 00:00:00",QLD1,157316.73756402,129737.33966056,0.8247
D,CO2EII,PUBLISHING,1,2011,28,"2011/07/05 00:00:00",SA1,43311.01305,17508.17458146,0.4042
D,CO2EII,PUBLISHING,1,2011,28,"2011/07/05 00:00:00",TAS1,42460.0907275,2852.03254552,0.0672
D,CO2EII,PUBLISHING,1,2011,28,"2011/07/05 00:00:00",VIC1,139186.63657299,171770.79597427,1.2341
D,CO2EII,PUBLISHING,1,2011,28,"2011/07/06 00:00:00",NEM,577421.98768628,495852.80369348,0.8587
D,CO2EII,PUBLISHING,1,2011,28,"2011/07/06 00:00:00",NSW1,196683.30478401,182031.66161142,0.9255
D,CO2EII,PUBLISHING,1,2011,28,"2011/07/06 00:00:00",QLD1,155577.92395932,128456.2243502,0.8257
D,CO2EII,PUBLISHING,1,2011,28,"2011/07/06 00:00:00",SA1,43016.25403845,17916.96562994,0.4165
D,CO2EII,PUBLISHING,1,2011,28,"2011/07/06 00:00:00",TAS1,43378.9676795,2961.1435141,0.0683
D,CO2EII,PUBLISHING,1,2011,28,"2011/07/06 00:00:00",VIC1,138765.537225,164486.80858782,1.1854
D,CO2EII,PUBLISHING,1,2011,28,"2011/07/07 00:00:00",NEM,583774.45746521,512418.91231533,0.8778
D,CO2EII,PUBLISHING,1,2011,28,"2011/07/07 00:00:00",NSW1,207811.31360199,193516.06815857,0.9312
D,CO2EII,PUBLISHING,1,2011,28,"2011/07/07 00:00:00",QLD1,155271.14007769,127983.18606217,0.8243
D,CO2EII,PUBLISHING,1,2011,28,"2011/07/07 00:00:00",SA1,35515.14734701,22982.65997303,0.6471
D,CO2EII,PUBLISHING,1,2011,28,"2011/07/07 00:00:00",TAS1,44415.6824575,3068.334325,0.0691
D,CO2EII,PUBLISHING,1,2011,28,"2011/07/07 00:00:00",VIC1,140761.17398102,164868.66379656,1.1713
D,CO2EII,PUBLISHING,1,2011,28,"2011/07/08 00:00:00",NEM,586884.55470803,518184.00312746,0.8829
D,CO2EII,PUBLISHING,1,2011,28,"2011/07/08 00:00:00",NSW1,212660.519604,197632.52301919,0.9293
D,CO2EII,PUBLISHING,1,2011,28,"2011/07/08 00:00:00",QLD1,157652.09706101,129420.10326306,0.8209
D,CO2EII,PUBLISHING,1,2011,28,"2011/07/08 00:00:00",SA1,36955.62466501,22162.65074742,0.5997
D,CO2EII,PUBLISHING,1,2011,28,"2011/07/08 00:00:00",TAS1,44718.694713,2878.77128486,0.0644
D,CO2EII,PUBLISHING,1,2011,28,"2011/07/08 00:00:00",VIC1,134897.61866501,166089.95481293,1.2312
D,CO2EII,PUBLISHING,1,2011,28,"2011/07/09 00:00:00",NEM,544099.78715719,488314.06662573,0.8975
D,CO2EII,PUBLISHING,1,2011,28,"2011/07/09 00:00:00",NSW1,192998.70900301,184110.1521767,0.9539
D,CO2EII,PUBLISHING,1,2011,28,"2011/07/09 00:00:00",QLD1,151147.86042366,126031.46283563,0.8338
D,CO2EII,PUBLISHING,1,2011,28,"2011/07/09 00:00:00",SA1,33593.565972,18067.95450453,0.5378
D,CO2EII,PUBLISHING,1,2011,28,"2011/07/09 00:00:00",TAS1,41751.9293605,2950.09356044,0.0707
D,CO2EII,PUBLISHING,1,2011,28,"2011/07/09 00:00:00",VIC1,124607.72239802,157154.40354843,1.2612
D,CO2EII,PUBLISHING,1,2011,29,"2011/07/10 00:00:00",NEM,537056.95198421,473827.74681409,0.8823
D,CO2EII,PUBLISHING,1,2011,29,"2011/07/10 00:00:00",NSW1,185391.13772801,176995.2824075,0.9547
D,CO2EII,PUBLISHING,1,2011,29,"2011/07/10 00:00:00",QLD1,146498.49828467,124632.10599321,0.8507
D,CO2EII,PUBLISHING,1,2011,29,"2011/07/10 00:00:00",SA1,36737.87577201,12645.83829576,0.3442
D,CO2EII,PUBLISHING,1,2011,29,"2011/07/10 00:00:00",TAS1,42154.5889825,2670.43506187,0.0633
D,CO2EII,PUBLISHING,1,2011,29,"2011/07/10 00:00:00",VIC1,126274.85121702,156884.08505575,1.2424
D,CO2EII,PUBLISHING,1,2011,29,"2011/07/11 00:00:00",NEM,591244.42728681,520996.39813674,0.8812
D,CO2EII,PUBLISHING,1,2011,29,"2011/07/11 00:00:00",NSW1,211364.899908,198582.17887857,0.9395
D,CO2EII,PUBLISHING,1,2011,29,"2011/07/11 00:00:00",QLD1,160866.60198031,135871.80632205,0.8446
D,CO2EII,PUBLISHING,1,2011,29,"2011/07/11 00:00:00",SA1,31439.536153,19416.62046527,0.6176
D,CO2EII,PUBLISHING,1,2011,29,"2011/07/11 00:00:00",TAS1,48281.4059455,3285.58174456,0.0681
D,CO2EII,PUBLISHING,1,2011,29,"2011/07/11 00:00:00",VIC1,139291.9833,163840.21072629,1.1762
D,CO2EII,PUBLISHING,1,2011,29,"2011/07/12 00:00:00",NEM,592527.53399111,514199.17347141,0.8678
D,CO2EII,PUBLISHING,1,2011,29,"2011/07/12 00:00:00",NSW1,212238.676297,196031.32784904,0.9236
D,CO2EII,PUBLISHING,1,2011,29,"2011/07/12 00:00:00",QLD1,160717.43037709,135748.00526571,0.8446
D,CO2EII,PUBLISHING,1,2011,29,"2011/07/12 00:00:00",SA1,32521.664107,20166.29119115,0.6201
D,CO2EII,PUBLISHING,1,2011,29,"2011/07/12 00:00:00",TAS1,46605.768747,3014.41665781,0.0647
D,CO2EII,PUBLISHING,1,2011,29,"2011/07/12 00:00:00",VIC1,140443.99446302,159239.1325077,1.1338
D,CO2EII,PUBLISHING,1,2011,29,"2011/07/13 00:00:00",NEM,600127.33793766,521898.3763041,0.8696
D,CO2EII,PUBLISHING,1,2011,29,"2011/07/13 00:00:00",NSW1,217663.56137149,197376.38628062,0.9068
D,CO2EII,PUBLISHING,1,2011,29,"2011/07/13 00:00:00",QLD1,159956.03614766,135917.79579895,0.8497
D,CO2EII,PUBLISHING,1,2011,29,"2011/07/13 00:00:00",SA1,31745.749865,20855.2798152,0.6569
D,CO2EII,PUBLISHING,1,2011,29,"2011/07/13 00:00:00",TAS1,47137.5857675,3193.53606445,0.0677
D,CO2EII,PUBLISHING,1,2011,29,"2011/07/13 00:00:00",VIC1,143624.40478601,164555.37834488,1.1457
D,CO2EII,PUBLISHING,1,2011,29,"2011/07/14 00:00:00",NEM,594103.86478382,525266.58203508,0.8841
D,CO2EII,PUBLISHING,1,2011,29,"2011/07/14 00:00:00",NSW1,215787.989584,201321.16909464,0.933
D,CO2EII,PUBLISHING,1,2011,29,"2011/07/14 00:00:00",QLD1,158276.7250453,134440.08060668,0.8494
D,CO2EII,PUBLISHING,1,2011,29,"2011/07/14 00:00:00",SA1,35715.764601,19010.36950942,0.5323
D,CO2EII,PUBLISHING,1,2011,29,"2011/07/14 00:00:00",TAS1,46053.95653951,3215.88491536,0.0698
D,CO2EII,PUBLISHING,1,2011,29,"2011/07/14 00:00:00",VIC1,138269.42901401,167279.07790898,1.2098
D,CO2EII,PUBLISHING,1,2011,29,"2011/07/15 00:00:00",NEM,598131.13122999,529450.63119768,0.8852
D,CO2EII,PUBLISHING,1,2011,29,"2011/07/15 00:00:00",NSW1,214838.24094401,200240.25367209,0.9321
D,CO2EII,PUBLISHING,1,2011,29,"2011/07/15 00:00:00",QLD1,161411.44015497,134356.89965681,0.8324
D,CO2EII,PUBLISHING,1,2011,29,"2011/07/15 00:00:00",SA1,36025.364476,17091.97433244,0.4744
D,CO2EII,PUBLISHING,1,2011,29,"2011/07/15 00:00:00",TAS1,44276.931064,3191.63393655,0.0721
D,CO2EII,PUBLISHING,1,2011,29,"2011/07/15 00:00:00",VIC1,141579.15459101,174569.86959979,1.233
D,CO2EII,PUBLISHING,1,2011,29,"2011/07/16 00:00:00",NEM,549571.34731934,502280.15347282,0.9139
D,CO2EII,PUBLISHING,1,2011,29,"2011/07/16 00:00:00",NSW1,197387.575757,189643.50284361,0.9608
D,CO2EII,PUBLISHING,1,2011,29,"2011/07/16 00:00:00",QLD1,148169.31359234,123410.09559894,0.8329
D,CO2EII,PUBLISHING,1,2011,29,"2011/07/16 00:00:00",SA1,27422.953137,14572.21751082,0.5314
D,CO2EII,PUBLISHING,1,2011,29,"2011/07/16 00:00:00",TAS1,40588.32976399,2716.17337511,0.0669
D,CO2EII,PUBLISHING,1,2011,29,"2011/07/16 00:00:00",VIC1,136003.17506901,171938.16414434,1.2642
D,CO2EII,PUBLISHING,1,2011,30,"2011/07/17 00:00:00",NEM,526626.01110425,477676.90633627,0.9071
D,CO2EII,PUBLISHING,1,2011,30,"2011/07/17 00:00:00",NSW1,178595.68979901,172015.16311982,0.9632
D,CO2EII,PUBLISHING,1,2011,30,"2011/07/17 00:00:00",QLD1,141543.85416025,117635.02042251,0.8311
D,CO2EII,PUBLISHING,1,2011,30,"2011/07/17 00:00:00",SA1,34700.710956,14561.03344585,0.4196
D,CO2EII,PUBLISHING,1,2011,30,"2011/07/17 00:00:00",TAS1,38652.899017,2569.56408484,0.0665
D,CO2EII,PUBLISHING,1,2011,30,"2011/07/17 00:00:00",VIC1,133132.85717199,170896.12526325,1.2837
D,CO2EII,PUBLISHING,1,2011,30,"2011/07/18 00:00:00",NEM,580351.44043699,527018.70736651,0.9081
D,CO2EII,PUBLISHING,1,2011,30,"2011/07/18 00:00:00",NSW1,202534.44144499,189669.24412909,0.9365
D,CO2EII,PUBLISHING,1,2011,30,"2011/07/18 00:00:00",QLD1,148485.278236,122513.62323249,0.8251
D,CO2EII,PUBLISHING,1,2011,30,"2011/07/18 00:00:00",SA1,34731.88648099,19226.0878679,0.5536
D,CO2EII,PUBLISHING,1,2011,30,"2011/07/18 00:00:00",TAS1,39727.761683,2974.42766546,0.0749
D,CO2EII,PUBLISHING,1,2011,30,"2011/07/18 00:00:00",VIC1,154872.07259201,192635.32447157,1.2438
D,CO2EII,PUBLISHING,1,2011,30,"2011/07/19 00:00:00",NEM,599726.75103265,551531.56555708,0.9196
D,CO2EII,PUBLISHING,1,2011,30,"2011/07/19 00:00:00",NSW1,211900.97363401,199438.1061207,0.9412
D,CO2EII,PUBLISHING,1,2011,30,"2011/07/19 00:00:00",QLD1,159071.47531964,130932.14177589,0.8231
D,CO2EII,PUBLISHING,1,2011,30,"2011/07/19 00:00:00",SA1,33713.142561,23196.86045876,0.6881
D,CO2EII,PUBLISHING,1,2011,30,"2011/07/19 00:00:00",TAS1,40068.211718,3500.89467792,0.0874
D,CO2EII,PUBLISHING,1,2011,30,"2011/07/19 00:00:00",VIC1,154972.9478,194463.56252381,1.2548
D,CO2EII,PUBLISHING,1,2011,30,"2011/07/20 00:00:00",NEM,590726.16536493,540060.67565666,0.9142
D,CO2EII,PUBLISHING,1,2011,30,"2011/07/20 00:00:00",NSW1,209482.478523,196133.96269435,0.9363
D,CO2EII,PUBLISHING,1,2011,30,"2011/07/20 00:00:00",QLD1,155806.4475774,128079.96193357,0.822
D,CO2EII,PUBLISHING,1,2011,30,"2011/07/20 00:00:00",SA1,34005.91275052,22471.33862093,0.6608
D,CO2EII,PUBLISHING,1,2011,30,"2011/07/20 00:00:00",TAS1,36791.543165,3242.0636219,0.0881
D,CO2EII,PUBLISHING,1,2011,30,"2011/07/20 00:00:00",VIC1,154639.78334901,190133.34878591,1.2295
D,CO2EII,PUBLISHING,1,2011,30,"2011/07/21 00:00:00",NEM,596889.38556497,530477.91726559,0.8887
D,CO2EII,PUBLISHING,1,2011,30,"2011/07/21 00:00:00",NSW1,215765.768782,198515.96062756,0.9201
D,CO2EII,PUBLISHING,1,2011,30,"2011/07/21 00:00:00",QLD1,159428.54361847,130542.81645362,0.8188
D,CO2EII,PUBLISHING,1,2011,30,"2011/07/21 00:00:00",SA1,36827.76737301,23745.03829517,0.6448
D,CO2EII,PUBLISHING,1,2011,30,"2011/07/21 00:00:00",TAS1,38724.8929185,3154.71917288,0.0815
D,CO2EII,PUBLISHING,1,2011,30,"2011/07/21 00:00:00",VIC1,146142.41287299,174519.38271636,1.1942
D,CO2EII,PUBLISHING,1,2011,30,"2011/07/22 00:00:00",NEM,586788.95104468,531145.99433982,0.9052
D,CO2EII,PUBLISHING,1,2011,30,"2011/07/22 00:00:00",NSW1,217651.836102,201676.2870552,0.9266
D,CO2EII,PUBLISHING,1,2011,30,"2011/07/22 00:00:00",QLD1,158297.12200469,129683.75361134,0.8192
D,CO2EII,PUBLISHING,1,2011,30,"2011/07/22 00:00:00",SA1,32342.56346999,23518.58355077,0.7272
D,CO2EII,PUBLISHING,1,2011,30,"2011/07/22 00:00:00",TAS1,40365.205785,3800.80644742,0.0942
D,CO2EII,PUBLISHING,1,2011,30,"2011/07/22 00:00:00",VIC1,138132.223683,172466.56367509,1.2486
D,CO2EII,PUBLISHING,1,2011,30,"2011/07/23 00:00:00",NEM,545357.33513898,501038.81044263,0.9187
D,CO2EII,PUBLISHING,1,2011,30,"2011/07/23 00:00:00",NSW1,194761.67537,185532.18121394,0.9526
D,CO2EII,PUBLISHING,1,2011,30,"2011/07/23 00:00:00",QLD1,149900.21259298,123743.84644576,0.8255
D,CO2EII,PUBLISHING,1,2011,30,"2011/07/23 00:00:00",SA1,31239.54174699,19460.28897258,0.6229
D,CO2EII,PUBLISHING,1,2011,30,"2011/07/23 00:00:00",TAS1,39295.55962801,3446.38608236,0.0877
D,CO2EII,PUBLISHING,1,2011,30,"2011/07/23 00:00:00",VIC1,130160.345801,168856.10772799,1.2973
D,CO2EII,PUBLISHING,1,2011,31,"2011/07/24 00:00:00",NEM,538106.70718503,490542.70801876,0.9116
D,CO2EII,PUBLISHING,1,2011,31,"2011/07/24 00:00:00",NSW1,178610.91590168,169283.01084235,0.9478
D,CO2EII,PUBLISHING,1,2011,31,"2011/07/24 00:00:00",QLD1,146990.22724433,120932.38899993,0.8227
D,CO2EII,PUBLISHING,1,2011,31,"2011/07/24 00:00:00",SA1,36040.06042,18382.20874184,0.51
D,CO2EII,PUBLISHING,1,2011,31,"2011/07/24 00:00:00",TAS1,37621.24992,2887.76002314,0.0768
D,CO2EII,PUBLISHING,1,2011,31,"2011/07/24 00:00:00",VIC1,138844.25369902,179057.3394115,1.2896
D,CO2EII,PUBLISHING,1,2011,31,"2011/07/25 00:00:00",NEM,589228.08234001,533896.87288205,0.9061
D,CO2EII,PUBLISHING,1,2011,31,"2011/07/25 00:00:00",NSW1,207499.80639951,186797.86588366,0.9002
D,CO2EII,PUBLISHING,1,2011,31,"2011/07/25 00:00:00",QLD1,159654.59702399,131549.81129731,0.824
D,CO2EII,PUBLISHING,1,2011,31,"2011/07/25 00:00:00",SA1,35185.726387,21634.38029236,0.6149
D,CO2EII,PUBLISHING,1,2011,31,"2011/07/25 00:00:00",TAS1,34037.51663849,3589.97746729,0.1055
D,CO2EII,PUBLISHING,1,2011,31,"2011/07/25 00:00:00",VIC1,152850.43589102,190324.83794143,1.2452
D,CO2EII,PUBLISHING,1,2011,31,"2011/07/26 00:00:00",NEM,591580.33668713,541072.28138135,0.9146
D,CO2EII,PUBLISHING,1,2011,31,"2011/07/26 00:00:00",NSW1,203033.74742512,186363.34772802,0.9179
D,CO2EII,PUBLISHING,1,2011,31,"2011/07/26 00:00:00",QLD1,161808.837516,132842.07546693,0.821
D,CO2EII,PUBLISHING,1,2011,31,"2011/07/26 00:00:00",SA1,35642.277221,25856.97623349,0.7255
D,CO2EII,PUBLISHING,1,2011,31,"2011/07/26 00:00:00",TAS1,38024.97383601,3829.80285546,0.1007
D,CO2EII,PUBLISHING,1,2011,31,"2011/07/26 00:00:00",VIC1,153070.500689,192180.07909745,1.2555
D,CO2EII,PUBLISHING,1,2011,31,"2011/07/27 00:00:00",NEM,587685.71361731,534016.85866222,0.9087
D,CO2EII,PUBLISHING,1,2011,31,"2011/07/27 00:00:00",NSW1,207815.362061,194314.80348441,0.935
D,CO2EII,PUBLISHING,1,2011,31,"2011/07/27 00:00:00",QLD1,157467.81842233,128844.04991871,0.8182
D,CO2EII,PUBLISHING,1,2011,31,"2011/07/27 00:00:00",SA1,40003.786364,23038.5567756,0.5759
D,CO2EII,PUBLISHING,1,2011,31,"2011/07/27 00:00:00",TAS1,35529.432305,3776.23991603,0.1063
D,CO2EII,PUBLISHING,1,2011,31,"2011/07/27 00:00:00",VIC1,146869.31446498,184043.20856747,1.2531
D,CO2EII,PUBLISHING,1,2011,31,"2011/07/28 00:00:00",NEM,577888.68092183,508551.43828556,0.88
D,CO2EII,PUBLISHING,1,2011,31,"2011/07/28 00:00:00",NSW1,207530.915154,191591.85240993,0.9232
D,CO2EII,PUBLISHING,1,2011,31,"2011/07/28 00:00:00",QLD1,149967.01707731,122958.3242065,0.8199
D,CO2EII,PUBLISHING,1,2011,31,"2011/07/28 00:00:00",SA1,41020.03164301,19684.88143542,0.4799
D,CO2EII,PUBLISHING,1,2011,31,"2011/07/28 00:00:00",TAS1,39145.2806865,3434.05918426,0.0877
D,CO2EII,PUBLISHING,1,2011,31,"2011/07/28 00:00:00",VIC1,140225.43636101,170882.32104945,1.2186
D,CO2EII,PUBLISHING,1,2011,31,"2011/07/29 00:00:00",NEM,566626.942273,503682.9548697,0.8889
D,CO2EII,PUBLISHING,1,2011,31,"2011/07/29 00:00:00",NSW1,202366.466856,187592.72768705,0.927
D,CO2EII,PUBLISHING,1,2011,31,"2011/07/29 00:00:00",QLD1,141504.05582899,117129.01673993,0.8277
D,CO2EII,PUBLISHING,1,2011,31,"2011/07/29 00:00:00",SA1,43053.605151,17796.82570259,0.4134
D,CO2EII,PUBLISHING,1,2011,31,"2011/07/29 00:00:00",TAS1,38870.154196,2715.14878832,0.0699
D,CO2EII,PUBLISHING,1,2011,31,"2011/07/29 00:00:00",VIC1,140832.66024101,178449.23595181,1.2671
D,CO2EII,PUBLISHING,1,2011,31,"2011/07/30 00:00:00",NEM,523040.2173537,483909.6171505,0.9252
D,CO2EII,PUBLISHING,1,2011,31,"2011/07/30 00:00:00",NSW1,181707.75658,173243.83616514,0.9534
D,CO2EII,PUBLISHING,1,2011,31,"2011/07/30 00:00:00",QLD1,134156.86399169,109900.4388041,0.8192
D,CO2EII,PUBLISHING,1,2011,31,"2011/07/30 00:00:00",SA1,29157.628107,16257.59941579,0.5576
D,CO2EII,PUBLISHING,1,2011,31,"2011/07/30 00:00:00",TAS1,37594.82698801,2329.19285284,0.062
D,CO2EII,PUBLISHING,1,2011,31,"2011/07/30 00:00:00",VIC1,140423.141687,182178.54991263,1.2974
D,CO2EII,PUBLISHING,1,2011,32,"2011/07/31 00:00:00",NEM,504641.21022778,475222.79309066,0.9417
D,CO2EII,PUBLISHING,1,2011,32,"2011/07/31 00:00:00",NSW1,176649.515352,168414.77684265,0.9534
D,CO2EII,PUBLISHING,1,2011,32,"2011/07/31 00:00:00",QLD1,131255.86040729,107250.88765778,0.8171
D,CO2EII,PUBLISHING,1,2011,32,"2011/07/31 00:00:00",SA1,27063.98075,14571.59158558,0.5384
D,CO2EII,PUBLISHING,1,2011,32,"2011/07/31 00:00:00",TAS1,30573.0287425,1913.71978804,0.0626
D,CO2EII,PUBLISHING,1,2011,32,"2011/07/31 00:00:00",VIC1,139098.82497599,183071.81721661,1.3161
D,CO2EII,PUBLISHING,1,2011,32,"2011/08/01 00:00:00",NEM,551365.86323885,504100.73442668,0.9143
D,CO2EII,PUBLISHING,1,2011,32,"2011/08/01 00:00:00",NSW1,198619.625981,186729.96502569,0.9401
D,CO2EII,PUBLISHING,1,2011,32,"2011/08/01 00:00:00",QLD1,142102.11060533,115022.28888594,0.8094
D,CO2EII,PUBLISHING,1,2011,32,"2011/08/01 00:00:00",SA1,35580.50305799,18385.10652433,0.5167
D,CO2EII,PUBLISHING,1,2011,32,"2011/08/01 00:00:00",TAS1,34514.1857085,2188.61769983,0.0634
D,CO2EII,PUBLISHING,1,2011,32,"2011/08/01 00:00:00",VIC1,140549.43788603,181774.75629089,1.2933
D,CO2EII,PUBLISHING,1,2011,32,"2011/08/02 00:00:00",NEM,548776.7876242,499119.61445261,0.9095
D,CO2EII,PUBLISHING,1,2011,32,"2011/08/02 00:00:00",NSW1,200092.021965,189128.20845885,0.9452
D,CO2EII,PUBLISHING,1,2011,32,"2011/08/02 00:00:00",QLD1,141642.19692469,114984.75178336,0.8118
D,CO2EII,PUBLISHING,1,2011,32,"2011/08/02 00:00:00",SA1,33295.682233,17380.38309641,0.522
D,CO2EII,PUBLISHING,1,2011,32,"2011/08/02 00:00:00",TAS1,39320.0114475,2535.16365358,0.0645
D,CO2EII,PUBLISHING,1,2011,32,"2011/08/02 00:00:00",VIC1,134426.87505401,175091.10746041,1.3025
D,CO2EII,PUBLISHING,1,2011,32,"2011/08/03 00:00:00",NEM,542218.44330964,485232.34182322,0.8949
D,CO2EII,PUBLISHING,1,2011,32,"2011/08/03 00:00:00",NSW1,196922.531652,185761.20454946,0.9433
D,CO2EII,PUBLISHING,1,2011,32,"2011/08/03 00:00:00",QLD1,142182.20265665,115381.3113827,0.8115
D,CO2EII,PUBLISHING,1,2011,32,"2011/08/03 00:00:00",SA1,31613.588975,13146.75299735,0.4159
D,CO2EII,PUBLISHING,1,2011,32,"2011/08/03 00:00:00",TAS1,39145.551513,2464.27515438,0.063
D,CO2EII,PUBLISHING,1,2011,32,"2011/08/03 00:00:00",VIC1,132354.56851299,168478.79773933,1.2729
D,CO2EII,PUBLISHING,1,2011,32,"2011/08/04 00:00:00",NEM,541425.67425563,488243.69173879,0.9018
D,CO2EII,PUBLISHING,1,2011,32,"2011/08/04 00:00:00",NSW1,194987.336567,186600.42126839,0.957
D,CO2EII,PUBLISHING,1,2011,32,"2011/08/04 00:00:00",QLD1,145541.04727813,119633.50385475,0.822
D,CO2EII,PUBLISHING,1,2011,32,"2011/08/04 00:00:00",SA1,32713.98638601,18764.79173559,0.5736
D,CO2EII,PUBLISHING,1,2011,32,"2011/08/04 00:00:00",TAS1,40079.8223285,2834.55278685,0.0707
D,CO2EII,PUBLISHING,1,2011,32,"2011/08/04 00:00:00",VIC1,128103.48169599,160410.42209321,1.2522
D,CO2EII,PUBLISHING,1,2011,32,"2011/08/05 00:00:00",NEM,542160.59162936,478145.98501031,0.8819
D,CO2EII,PUBLISHING,1,2011,32,"2011/08/05 00:00:00",NSW1,196981.446947,185711.7090482,0.9428
D,CO2EII,PUBLISHING,1,2011,32,"2011/08/05 00:00:00",QLD1,146686.83138236,120949.44991343,0.8245
D,CO2EII,PUBLISHING,1,2011,32,"2011/08/05 00:00:00",SA1,34955.606607,18382.10867562,0.5259
D,CO2EII,PUBLISHING,1,2011,32,"2011/08/05 00:00:00",TAS1,40200.615878,2852.22309654,0.0709
D,CO2EII,PUBLISHING,1,2011,32,"2011/08/05 00:00:00",VIC1,123336.090815,150250.49427652,1.2182
D,CO2EII,PUBLISHING,1,2011,32,"2011/08/06 00:00:00",NEM,505430.26537441,449434.1788149,0.8892
D,CO2EII,PUBLISHING,1,2011,32,"2011/08/06 00:00:00",NSW1,186916.23456199,176139.64218817,0.9423
D,CO2EII,PUBLISHING,1,2011,32,"2011/08/06 00:00:00",QLD1,136204.9684519,112683.87044855,0.8273
D,CO2EII,PUBLISHING,1,2011,32,"2011/08/06 00:00:00",SA1,30604.64715501,11131.37946938,0.3637
D,CO2EII,PUBLISHING,1,2011,32,"2011/08/06 00:00:00",TAS1,40259.2016035,3039.67730021,0.0755
D,CO2EII,PUBLISHING,1,2011,32,"2011/08/06 00:00:00",VIC1,111445.21360201,146439.60940859,1.314
D,CO2EII,PUBLISHING,1,2011,33,"2011/08/07 00:00:00",NEM,500941.39843181,453678.50963319,0.9057
D,CO2EII,PUBLISHING,1,2011,33,"2011/08/07 00:00:00",NSW1,179732.111342,171791.91841334,0.9558
D,CO2EII,PUBLISHING,1,2011,33,"2011/08/07 00:00:00",QLD1,135512.64226333,111584.07739852,0.8234
D,CO2EII,PUBLISHING,1,2011,33,"2011/08/07 00:00:00",SA1,29437.271397,11046.24850682,0.3752
D,CO2EII,PUBLISHING,1,2011,33,"2011/08/07 00:00:00",TAS1,38882.99691049,3161.78859521,0.0813
D,CO2EII,PUBLISHING,1,2011,33,"2011/08/07 00:00:00",VIC1,117376.37651899,156094.4767193,1.3299
D,CO2EII,PUBLISHING,1,2011,33,"2011/08/08 00:00:00",NEM,560604.57900353,500023.3189875,0.8919
D,CO2EII,PUBLISHING,1,2011,33,"2011/08/08 00:00:00",NSW1,200630.172614,188429.87528428,0.9392
D,CO2EII,PUBLISHING,1,2011,33,"2011/08/08 00:00:00",QLD1,145163.06612502,118618.06082945,0.8171
D,CO2EII,PUBLISHING,1,2011,33,"2011/08/08 00:00:00",SA1,37324.780948,18145.9045245,0.4862
D,CO2EII,PUBLISHING,1,2011,33,"2011/08/08 00:00:00",TAS1,39698.6506815,3377.54887572,0.0851
D,CO2EII,PUBLISHING,1,2011,33,"2011/08/08 00:00:00",VIC1,137787.90863501,171451.92947355,1.2443
D,CO2EII,PUBLISHING,1,2011,33,"2011/08/09 00:00:00",NEM,579020.93445933,522220.90003097,0.9019
D,CO2EII,PUBLISHING,1,2011,33,"2011/08/09 00:00:00",NSW1,212525.73500301,197568.02254643,0.9296
D,CO2EII,PUBLISHING,1,2011,33,"2011/08/09 00:00:00",QLD1,146666.79588132,119030.98597518,0.8116
D,CO2EII,PUBLISHING,1,2011,33,"2011/08/09 00:00:00",SA1,32366.45096301,21980.73142268,0.6791
D,CO2EII,PUBLISHING,1,2011,33,"2011/08/09 00:00:00",TAS1,39645.241664,3142.62979469,0.0793
D,CO2EII,PUBLISHING,1,2011,33,"2011/08/09 00:00:00",VIC1,147816.71094799,180498.53029199,1.2211
D,CO2EII,PUBLISHING,1,2011,33,"2011/08/10 00:00:00",NEM,575507.83632497,517965.5508802,0.9
D,CO2EII,PUBLISHING,1,2011,33,"2011/08/10 00:00:00",NSW1,208914.957665,192791.23051704,0.9228
D,CO2EII,PUBLISHING,1,2011,33,"2011/08/10 00:00:00",QLD1,149437.640546,122845.23956199,0.8221
D,CO2EII,PUBLISHING,1,2011,33,"2011/08/10 00:00:00",SA1,34466.81338899,20997.79048482,0.6092
D,CO2EII,PUBLISHING,1,2011,33,"2011/08/10 00:00:00",TAS1,36495.93676799,2839.1240609,0.0778
D,CO2EII,PUBLISHING,1,2011,33,"2011/08/10 00:00:00",VIC1,146192.48795699,178492.16625545,1.2209
D,CO2EII,PUBLISHING,1,2011,33,"2011/08/11 00:00:00",NEM,570495.76034385,511394.85555147,0.8964
D,CO2EII,PUBLISHING,1,2011,33,"2011/08/11 00:00:00",NSW1,210394.647815,194139.17145235,0.9227
D,CO2EII,PUBLISHING,1,2011,33,"2011/08/11 00:00:00",QLD1,146322.22623336,118693.52893936,0.8112
D,CO2EII,PUBLISHING,1,2011,33,"2011/08/11 00:00:00",SA1,32257.05025199,20704.45942502,0.6419
D,CO2EII,PUBLISHING,1,2011,33,"2011/08/11 00:00:00",TAS1,38161.3756165,3056.88362351,0.0801
D,CO2EII,PUBLISHING,1,2011,33,"2011/08/11 00:00:00",VIC1,143360.460427,174800.81211123,1.2193
D,CO2EII,PUBLISHING,1,2011,33,"2011/08/12 00:00:00",NEM,566435.51810937,515544.45540155,0.9102
D,CO2EII,PUBLISHING,1,2011,33,"2011/08/12 00:00:00",NSW1,206825.3623917,191667.73246548,0.9267
D,CO2EII,PUBLISHING,1,2011,33,"2011/08/12 00:00:00",QLD1,147646.12020366,120297.52301935,0.8148
D,CO2EII,PUBLISHING,1,2011,33,"2011/08/12 00:00:00",SA1,30721.73092001,21984.27101265,0.7156
D,CO2EII,PUBLISHING,1,2011,33,"2011/08/12 00:00:00",TAS1,38440.665697,3128.0683391,0.0814
D,CO2EII,PUBLISHING,1,2011,33,"2011/08/12 00:00:00",VIC1,142801.638897,178466.86056497,1.2498
D,CO2EII,PUBLISHING,1,2011,33,"2011/08/13 00:00:00",NEM,522041.43445618,489809.61089953,0.9383
D,CO2EII,PUBLISHING,1,2011,33,"2011/08/13 00:00:00",NSW1,191274.880843,182519.18086553,0.9542
D,CO2EII,PUBLISHING,1,2011,33,"2011/08/13 00:00:00",QLD1,134565.48953518,109964.56625376,0.8172
D,CO2EII,PUBLISHING,1,2011,33,"2011/08/13 00:00:00",SA1,25139.537942,17083.79401527,0.6796
D,CO2EII,PUBLISHING,1,2011,33,"2011/08/13 00:00:00",TAS1,34210.090066,2892.34756683,0.0845
D,CO2EII,PUBLISHING,1,2011,33,"2011/08/13 00:00:00",VIC1,136851.43607,177349.72219814,1.2959
D,CO2EII,PUBLISHING,1,2011,34,"2011/08/14 00:00:00",NEM,502420.24986179,470891.71840751,0.9372
D,CO2EII,PUBLISHING,1,2011,34,"2011/08/14 00:00:00",NSW1,181502.728828,172340.60291383,0.9495
D,CO2EII,PUBLISHING,1,2011,34,"2011/08/14 00:00:00",QLD1,130131.85973329,106285.57128455,0.8168
D,CO2EII,PUBLISHING,1,2011,34,"2011/08/14 00:00:00",SA1,23186.897671,13434.49421795,0.5794
D,CO2EII,PUBLISHING,1,2011,34,"2011/08/14 00:00:00",TAS1,31188.1566825,2406.96998706,0.0772
D,CO2EII,PUBLISHING,1,2011,34,"2011/08/14 00:00:00",VIC1,136410.606947,176424.08000412,1.2933
D,CO2EII,PUBLISHING,1,2011,34,"2011/08/15 00:00:00",NEM,559766.73558249,494638.33225708,0.8837
D,CO2EII,PUBLISHING,1,2011,34,"2011/08/15 00:00:00",NSW1,198072.381984,183950.59384452,0.9287
D,CO2EII,PUBLISHING,1,2011,34,"2011/08/15 00:00:00",QLD1,145558.03924199,118246.03092541,0.8124
D,CO2EII,PUBLISHING,1,2011,34,"2011/08/15 00:00:00",SA1,35464.42916,14664.0427761,0.4135
D,CO2EII,PUBLISHING,1,2011,34,"2011/08/15 00:00:00",TAS1,36979.3508485,2869.37451737,0.0776
D,CO2EII,PUBLISHING,1,2011,34,"2011/08/15 00:00:00",VIC1,143692.534348,174908.29019368,1.2172
D,CO2EII,PUBLISHING,1,2011,34,"2011/08/16 00:00:00",NEM,551986.41765281,485916.88014909,0.8803
D,CO2EII,PUBLISHING,1,2011,34,"2011/08/16 00:00:00",NSW1,199494.153539,184972.29033981,0.9272
D,CO2EII,PUBLISHING,1,2011,34,"2011/08/16 00:00:00",QLD1,143880.12170632,116690.16943243,0.811
D,CO2EII,PUBLISHING,1,2011,34,"2011/08/16 00:00:00",SA1,36057.29249999,13367.6651676,0.3707
D,CO2EII,PUBLISHING,1,2011,34,"2011/08/16 00:00:00",TAS1,36514.82993949,2957.34204932,0.081
D,CO2EII,PUBLISHING,1,2011,34,"2011/08/16 00:00:00",VIC1,136040.01996801,167929.41315993,1.2344
D,CO2EII,PUBLISHING,1,2011,34,"2011/08/17 00:00:00",NEM,558880.84988383,489584.42504522,0.876
D,CO2EII,PUBLISHING,1,2011,34,"2011/08/17 00:00:00",NSW1,202652.87161933,185693.05392104,0.9163
D,CO2EII,PUBLISHING,1,2011,34,"2011/08/17 00:00:00",QLD1,145610.946221,118937.07870128,0.8168
D,CO2EII,PUBLISHING,1,2011,34,"2011/08/17 00:00:00",SA1,39479.396056,13155.4403454,0.3332
D,CO2EII,PUBLISHING,1,2011,34,"2011/08/17 00:00:00",TAS1,34478.4955275,2720.55411335,0.0789
D,CO2EII,PUBLISHING,1,2011,34,"2011/08/17 00:00:00",VIC1,136659.14046,169078.29796415,1.2372
D,CO2EII,PUBLISHING,1,2011,34,"2011/08/18 00:00:00",NEM,561986.79764654,501315.63962597,0.892
D,CO2EII,PUBLISHING,1,2011,34,"2011/08/18 00:00:00",NSW1,200095.80713701,184230.43492888,0.9207
D,CO2EII,PUBLISHING,1,2011,34,"2011/08/18 00:00:00",QLD1,147779.33823301,121406.00046041,0.8215
D,CO2EII,PUBLISHING,1,2011,34,"2011/08/18 00:00:00",SA1,38819.649985,12168.37208579,0.3135
D,CO2EII,PUBLISHING,1,2011,34,"2011/08/18 00:00:00",TAS1,32484.60389651,2472.99081948,0.0761
D,CO2EII,PUBLISHING,1,2011,34,"2011/08/18 00:00:00",VIC1,142807.39839501,181037.84133141,1.2677
D,CO2EII,PUBLISHING,1,2011,34,"2011/08/19 00:00:00",NEM,560985.09973215,519340.75842099,0.9258
D,CO2EII,PUBLISHING,1,2011,34,"2011/08/19 00:00:00",NSW1,209851.030668,195027.13798697,0.9294
D,CO2EII,PUBLISHING,1,2011,34,"2011/08/19 00:00:00",QLD1,142500.40603866,115787.73696824,0.8125
D,CO2EII,PUBLISHING,1,2011,34,"2011/08/19 00:00:00",SA1,28077.36166499,15887.57319771,0.5658
D,CO2EII,PUBLISHING,1,2011,34,"2011/08/19 00:00:00",TAS1,31943.9734855,2762.02991893,0.0865
D,CO2EII,PUBLISHING,1,2011,34,"2011/08/19 00:00:00",VIC1,148612.327875,189876.28034914,1.2777
D,CO2EII,PUBLISHING,1,2011,34,"2011/08/20 00:00:00",NEM,507753.006028,485098.19628341,0.9554
D,CO2EII,PUBLISHING,1,2011,34,"2011/08/20 00:00:00",NSW1,190229.100721,177595.85382821,0.9336
D,CO2EII,PUBLISHING,1,2011,34,"2011/08/20 00:00:00",QLD1,128145.36940801,105032.60706932,0.8196
D,CO2EII,PUBLISHING,1,2011,34,"2011/08/20 00:00:00",SA1,20947.221873,13196.16301897,0.63
D,CO2EII,PUBLISHING,1,2011,34,"2011/08/20 00:00:00",TAS1,26861.97257699,2371.85367242,0.0883
D,CO2EII,PUBLISHING,1,2011,34,"2011/08/20 00:00:00",VIC1,141569.341449,186901.71869449,1.3202
D,CO2EII,PUBLISHING,1,2011,35,"2011/08/21 00:00:00",NEM,495754.84033801,470765.04097058,0.9496
D,CO2EII,PUBLISHING,1,2011,35,"2011/08/21 00:00:00",NSW1,174715.581572,164282.06632123,0.9403
D,CO2EII,PUBLISHING,1,2011,35,"2011/08/21 00:00:00",QLD1,131259.14539602,107598.99942603,0.8197
D,CO2EII,PUBLISHING,1,2011,35,"2011/08/21 00:00:00",SA1,21704.459993,10687.1761188,0.4924
D,CO2EII,PUBLISHING,1,2011,35,"2011/08/21 00:00:00",TAS1,27185.691575,2131.27807431,0.0784
D,CO2EII,PUBLISHING,1,2011,35,"2011/08/21 00:00:00",VIC1,140889.96180199,186065.52103021,1.3206
D,CO2EII,PUBLISHING,1,2011,35,"2011/08/22 00:00:00",NEM,549569.67284321,504032.34799995,0.9171
D,CO2EII,PUBLISHING,1,2011,35,"2011/08/22 00:00:00",NSW1,200804.75847302,186538.60431585,0.929
D,CO2EII,PUBLISHING,1,2011,35,"2011/08/22 00:00:00",QLD1,142081.96304567,116080.562493,0.817
D,CO2EII,PUBLISHING,1,2011,35,"2011/08/22 00:00:00",SA1,27488.494388,12605.99618059,0.4586
D,CO2EII,PUBLISHING,1,2011,35,"2011/08/22 00:00:00",TAS1,33663.8533655,2684.00526215,0.0797
D,CO2EII,PUBLISHING,1,2011,35,"2011/08/22 00:00:00",VIC1,145530.60357102,186123.17974836,1.2789
D,CO2EII,PUBLISHING,1,2011,35,"2011/08/23 00:00:00",NEM,546966.43685635,506360.85422466,0.9258
D,CO2EII,PUBLISHING,1,2011,35,"2011/08/23 00:00:00",NSW1,197003.602812,184083.23355648,0.9344
D,CO2EII,PUBLISHING,1,2011,35,"2011/08/23 00:00:00",QLD1,142661.19977335,116669.157625,0.8178
D,CO2EII,PUBLISHING,1,2011,35,"2011/08/23 00:00:00",SA1,29039.077444,13059.96483935,0.4497
D,CO2EII,PUBLISHING,1,2011,35,"2011/08/23 00:00:00",TAS1,31264.28748601,2637.22489203,0.0844
D,CO2EII,PUBLISHING,1,2011,35,"2011/08/23 00:00:00",VIC1,146998.26934099,189911.2733118,1.2919
D,CO2EII,PUBLISHING,1,2011,35,"2011/08/24 00:00:00",NEM,537317.3539865,498323.70041826,0.9274
D,CO2EII,PUBLISHING,1,2011,35,"2011/08/24 00:00:00",NSW1,194373.819361,185635.20847262,0.955
D,CO2EII,PUBLISHING,1,2011,35,"2011/08/24 00:00:00",QLD1,136338.157806,110917.65746138,0.8135
D,CO2EII,PUBLISHING,1,2011,35,"2011/08/24 00:00:00",SA1,29661.814279,12089.75255996,0.4076
D,CO2EII,PUBLISHING,1,2011,35,"2011/08/24 00:00:00",TAS1,29425.4383455,2553.59045039,0.0868
D,CO2EII,PUBLISHING,1,2011,35,"2011/08/24 00:00:00",VIC1,147518.124195,187127.49147391,1.2685
D,CO2EII,PUBLISHING,1,2011,35,"2011/08/25 00:00:00",NEM,537561.40654286,485299.07668046,0.9028
D,CO2EII,PUBLISHING,1,2011,35,"2011/08/25 00:00:00",NSW1,186604.815057,174676.0984937,0.9361
D,CO2EII,PUBLISHING,1,2011,35,"2011/08/25 00:00:00",QLD1,141225.31220834,114951.79365088,0.814
D,CO2EII,PUBLISHING,1,2011,35,"2011/08/25 00:00:00",SA1,33455.32098,15310.7379557,0.4576
D,CO2EII,PUBLISHING,1,2011,35,"2011/08/25 00:00:00",TAS1,34832.12917751,2689.1050446,0.0772
D,CO2EII,PUBLISHING,1,2011,35,"2011/08/25 00:00:00",VIC1,141443.82912001,177671.34153558,1.2561
D,CO2EII,PUBLISHING,1,2011,35,"2011/08/26 00:00:00",NEM,538274.19494617,499459.5106827,0.9279
D,CO2EII,PUBLISHING,1,2011,35,"2011/08/26 00:00:00",NSW1,194542.849694,183995.92432854,0.9458
D,CO2EII,PUBLISHING,1,2011,35,"2011/08/26 00:00:00",QLD1,141015.14524367,116310.91127565,0.8248
D,CO2EII,PUBLISHING,1,2011,35,"2011/08/26 00:00:00",SA1,25673.407447,16602.23856458,0.6467
D,CO2EII,PUBLISHING,1,2011,35,"2011/08/26 00:00:00",TAS1,35020.3124015,2896.14770703,0.0827
D,CO2EII,PUBLISHING,1,2011,35,"2011/08/26 00:00:00",VIC1,142022.48016,179654.2888069,1.265
D,CO2EII,PUBLISHING,1,2011,35,"2011/08/27 00:00:00",NEM,499128.10120582,475397.99418785,0.9525
D,CO2EII,PUBLISHING,1,2011,35,"2011/08/27 00:00:00",NSW1,178510.65133401,172428.34881426,0.9659
D,CO2EII,PUBLISHING,1,2011,35,"2011/08/27 00:00:00",QLD1,129767.15797633,106786.40797824,0.8229
D,CO2EII,PUBLISHING,1,2011,35,"2011/08/27 00:00:00",SA1,21740.916626,13251.98432822,0.6095
D,CO2EII,PUBLISHING,1,2011,35,"2011/08/27 00:00:00",TAS1,30858.6896685,2469.13220678,0.08
D,CO2EII,PUBLISHING,1,2011,35,"2011/08/27 00:00:00",VIC1,138250.68560098,180462.12086035,1.3053
D,CO2EII,PUBLISHING,1,2011,36,"2011/08/28 00:00:00",NEM,478649.92604465,440977.65660767,0.9213
D,CO2EII,PUBLISHING,1,2011,36,"2011/08/28 00:00:00",NSW1,169844.93870701,163041.89609094,0.9599
D,CO2EII,PUBLISHING,1,2011,36,"2011/08/28 00:00:00",QLD1,127646.63941766,104053.08954818,0.8152
D,CO2EII,PUBLISHING,1,2011,36,"2011/08/28 00:00:00",SA1,23777.869609,10375.54716859,0.4364
D,CO2EII,PUBLISHING,1,2011,36,"2011/08/28 00:00:00",TAS1,32173.270964,2380.36001706,0.074
D,CO2EII,PUBLISHING,1,2011,36,"2011/08/28 00:00:00",VIC1,125207.20734698,161126.7637829,1.2869
D,CO2EII,PUBLISHING,1,2011,36,"2011/08/29 00:00:00",NEM,534144.15094765,474619.29724987,0.8886
D,CO2EII,PUBLISHING,1,2011,36,"2011/08/29 00:00:00",NSW1,197289.321777,188482.78375486,0.9554
D,CO2EII,PUBLISHING,1,2011,36,"2011/08/29 00:00:00",QLD1,138860.30107466,112217.6907427,0.8081
D,CO2EII,PUBLISHING,1,2011,36,"2011/08/29 00:00:00",SA1,31472.626145,18736.4195089,0.5953
D,CO2EII,PUBLISHING,1,2011,36,"2011/08/29 00:00:00",TAS1,41318.615379,3121.67379324,0.0756
D,CO2EII,PUBLISHING,1,2011,36,"2011/08/29 00:00:00",VIC1,125203.28657199,152060.72945017,1.2145
D,CO2EII,PUBLISHING,1,2011,36,"2011/08/30 00:00:00",NEM,550021.0168421,501640.16420451,0.912
D,CO2EII,PUBLISHING,1,2011,36,"2011/08/30 00:00:00",NSW1,196191.40261076,190702.97668873,0.972
D,CO2EII,PUBLISHING,1,2011,36,"2011/08/30 00:00:00",QLD1,140579.64744533,112703.11519808,0.8017
D,CO2EII,PUBLISHING,1,2011,36,"2011/08/30 00:00:00",SA1,32831.270631,21386.69274693,0.6514
D,CO2EII,PUBLISHING,1,2011,36,"2011/08/30 00:00:00",TAS1,40137.32267,3021.51342577,0.0753
D,CO2EII,PUBLISHING,1,2011,36,"2011/08/30 00:00:00",VIC1,140281.37348501,173825.866145,1.2391
D,CO2EII,PUBLISHING,1,2011,36,"2011/08/31 00:00:00",NEM,539587.11693616,495062.85956372,0.9175
D,CO2EII,PUBLISHING,1,2011,36,"2011/08/31 00:00:00",NSW1,193483.169421,183333.96523241,0.9475
D,CO2EII,PUBLISHING,1,2011,36,"2011/08/31 00:00:00",QLD1,138856.75006769,111094.42823438,0.8001
D,CO2EII,PUBLISHING,1,2011,36,"2011/08/31 00:00:00",SA1,32166.436288,19726.9236229,0.6133
D,CO2EII,PUBLISHING,1,2011,36,"2011/08/31 00:00:00",TAS1,38022.0653705,2852.10842126,0.075
D,CO2EII,PUBLISHING,1,2011,36,"2011/08/31 00:00:00",VIC1,137058.69578897,178055.43405277,1.2991
D,CO2EII,PUBLISHING,1,2011,36,"2011/09/01 00:00:00",NEM,534737.39235584,493118.09492325,0.9222
D,CO2EII,PUBLISHING,1,2011,36,"2011/09/01 00:00:00",NSW1,187613.033053,178097.3338093,0.9493
D,CO2EII,PUBLISHING,1,2011,36,"2011/09/01 00:00:00",QLD1,138046.27735934,111445.67410049,0.8073
D,CO2EII,PUBLISHING,1,2011,36,"2011/09/01 00:00:00",SA1,33753.22340801,19253.88640166,0.5704
D,CO2EII,PUBLISHING,1,2011,36,"2011/09/01 00:00:00",TAS1,35667.0118225,2951.66079384,0.0828
D,CO2EII,PUBLISHING,1,2011,36,"2011/09/01 00:00:00",VIC1,139657.84671299,181369.53981796,1.2987
D,CO2EII,PUBLISHING,1,2011,36,"2011/09/02 00:00:00",NEM,528349.0206048,483757.96927081,0.9156
D,CO2EII,PUBLISHING,1,2011,36,"2011/09/02 00:00:00",NSW1,182377.24448,174338.65125307,0.9559
D,CO2EII,PUBLISHING,1,2011,36,"2011/09/02 00:00:00",QLD1,132943.98738132,108765.05358168,0.8181
D,CO2EII,PUBLISHING,1,2011,36,"2011/09/02 00:00:00",SA1,34047.08147699,13676.76564791,0.4017
D,CO2EII,PUBLISHING,1,2011,36,"2011/09/02 00:00:00",TAS1,33284.7663025,2904.88315109,0.0873
D,CO2EII,PUBLISHING,1,2011,36,"2011/09/02 00:00:00",VIC1,145695.94096399,184072.61563706,1.2634
D,CO2EII,PUBLISHING,1,2011,36,"2011/09/03 00:00:00",NEM,482816.1258662,448900.9255959,0.9298
D,CO2EII,PUBLISHING,1,2011,36,"2011/09/03 00:00:00",NSW1,154249.411476,148146.7121712,0.9604
D,CO2EII,PUBLISHING,1,2011,36,"2011/09/03 00:00:00",QLD1,126521.79764771,103137.8662098,0.8152
D,CO2EII,PUBLISHING,1,2011,36,"2011/09/03 00:00:00",SA1,35432.518379,12479.97513204,0.3522
D,CO2EII,PUBLISHING,1,2011,36,"2011/09/03 00:00:00",TAS1,25388.5032905,2138.8252296,0.0842
D,CO2EII,PUBLISHING,1,2011,36,"2011/09/03 00:00:00",VIC1,141223.89507299,182997.54685326,1.2958
D,CO2EII,PUBLISHING,1,2011,37,"2011/09/04 00:00:00",NEM,466186.89532105,446609.89338821,0.958
D,CO2EII,PUBLISHING,1,2011,37,"2011/09/04 00:00:00",NSW1,147150.567126,139361.06760983,0.9471
D,CO2EII,PUBLISHING,1,2011,37,"2011/09/04 00:00:00",QLD1,131466.17087856,107138.63249636,0.815
D,CO2EII,PUBLISHING,1,2011,37,"2011/09/04 00:00:00",SA1,23763.942735,13243.69754685,0.5573
D,CO2EII,PUBLISHING,1,2011,37,"2011/09/04 00:00:00",TAS1,24450.1401325,2245.45342275,0.0918
D,CO2EII,PUBLISHING,1,2011,37,"2011/09/04 00:00:00",VIC1,139356.07444899,184621.04231242,1.3248
D,CO2EII,PUBLISHING,1,2011,37,"2011/09/05 00:00:00",NEM,522520.05360393,487171.56661884,0.9323
D,CO2EII,PUBLISHING,1,2011,37,"2011/09/05 00:00:00",NSW1,178586.14413099,169979.35866703,0.9518
D,CO2EII,PUBLISHING,1,2011,37,"2011/09/05 00:00:00",QLD1,141738.70721344,114804.31172551,0.81
D,CO2EII,PUBLISHING,1,2011,37,"2011/09/05 00:00:00",SA1,26548.194002,15989.38143908,0.6023
D,CO2EII,PUBLISHING,1,2011,37,"2011/09/05 00:00:00",TAS1,31194.0970395,2725.183786,0.0874
D,CO2EII,PUBLISHING,1,2011,37,"2011/09/05 00:00:00",VIC1,144452.911218,183673.33100122,1.2715
D,CO2EII,PUBLISHING,1,2011,37,"2011/09/06 00:00:00",NEM,534007.871722,480793.91024065,0.9003
D,CO2EII,PUBLISHING,1,2011,37,"2011/09/06 00:00:00",NSW1,180394.889196,168558.14930944,0.9344
D,CO2EII,PUBLISHING,1,2011,37,"2011/09/06 00:00:00",QLD1,138886.06504802,113547.32434134,0.8176
D,CO2EII,PUBLISHING,1,2011,37,"2011/09/06 00:00:00",SA1,36900.034939,16491.69774567,0.4469
D,CO2EII,PUBLISHING,1,2011,37,"2011/09/06 00:00:00",TAS1,34019.226984,2677.08542671,0.0787
D,CO2EII,PUBLISHING,1,2011,37,"2011/09/06 00:00:00",VIC1,143807.65555498,179519.65341749,1.2483
D,CO2EII,PUBLISHING,1,2011,37,"2011/09/07 00:00:00",NEM,536099.2675418,497117.44966214,0.9273
D,CO2EII,PUBLISHING,1,2011,37,"2011/09/07 00:00:00",NSW1,193919.712674,184968.38575015,0.9538
D,CO2EII,PUBLISHING,1,2011,37,"2011/09/07 00:00:00",QLD1,130708.84161532,105267.6094327,0.8054
D,CO2EII,PUBLISHING,1,2011,37,"2011/09/07 00:00:00",SA1,26783.73129099,17832.12704046,0.6658
D,CO2EII,PUBLISHING,1,2011,37,"2011/09/07 00:00:00",TAS1,35623.7124365,3109.45676716,0.0873
D,CO2EII,PUBLISHING,1,2011,37,"2011/09/07 00:00:00",VIC1,149063.26952499,185939.87067167,1.2474
D,CO2EII,PUBLISHING,1,2011,37,"2011/09/08 00:00:00",NEM,541810.60193317,505480.46023913,0.9329
D,CO2EII,PUBLISHING,1,2011,37,"2011/09/08 00:00:00",NSW1,192243.470472,183450.33191797,0.9543
D,CO2EII,PUBLISHING,1,2011,37,"2011/09/08 00:00:00",QLD1,133054.67431667,108056.00619947,0.8121
D,CO2EII,PUBLISHING,1,2011,37,"2011/09/08 00:00:00",SA1,28406.79798599,18065.38855449,0.636
D,CO2EII,PUBLISHING,1,2011,37,"2011/09/08 00:00:00",TAS1,35318.8493045,2955.15923358,0.0837
D,CO2EII,PUBLISHING,1,2011,37,"2011/09/08 00:00:00",VIC1,152786.80985401,192953.57433362,1.2629
D,CO2EII,PUBLISHING,1,2011,37,"2011/09/09 00:00:00",NEM,555452.25760564,496183.47399987,0.8933
D,CO2EII,PUBLISHING,1,2011,37,"2011/09/09 00:00:00",NSW1,192486.558553,184138.76802615,0.9566
D,CO2EII,PUBLISHING,1,2011,37,"2011/09/09 00:00:00",QLD1,143576.61824864,118359.145322,0.8244
D,CO2EII,PUBLISHING,1,2011,37,"2011/09/09 00:00:00",SA1,35407.69420701,12663.97093541,0.3577
D,CO2EII,PUBLISHING,1,2011,37,"2011/09/09 00:00:00",TAS1,37398.069941,2984.39401091,0.0798
D,CO2EII,PUBLISHING,1,2011,37,"2011/09/09 00:00:00",VIC1,146583.31665599,178037.1957054,1.2146
D,CO2EII,PUBLISHING,1,2011,37,"2011/09/10 00:00:00",NEM,513366.99238745,467388.90402088,0.9104
D,CO2EII,PUBLISHING,1,2011,37,"2011/09/10 00:00:00",NSW1,177633.49300099,169204.35788594,0.9525
D,CO2EII,PUBLISHING,1,2011,37,"2011/09/10 00:00:00",QLD1,136408.44554997,112783.69262019,0.8268
D,CO2EII,PUBLISHING,1,2011,37,"2011/09/10 00:00:00",SA1,30155.861423,12890.62341687,0.4275
D,CO2EII,PUBLISHING,1,2011,37,"2011/09/10 00:00:00",TAS1,36051.71934051,2808.97212166,0.0779
D,CO2EII,PUBLISHING,1,2011,37,"2011/09/10 00:00:00",VIC1,133117.47307298,169701.25797622,1.2748
D,CO2EII,PUBLISHING,1,2011,38,"2011/09/11 00:00:00",NEM,494072.72336983,462052.82780065,0.9352
D,CO2EII,PUBLISHING,1,2011,38,"2011/09/11 00:00:00",NSW1,168236.803957,160809.65464094,0.9559
D,CO2EII,PUBLISHING,1,2011,38,"2011/09/11 00:00:00",QLD1,129185.55634733,106671.13699585,0.8257
D,CO2EII,PUBLISHING,1,2011,38,"2011/09/11 00:00:00",SA1,24838.299274,13760.65431477,0.554
D,CO2EII,PUBLISHING,1,2011,38,"2011/09/11 00:00:00",TAS1,33709.3501715,3766.84940499,0.1117
D,CO2EII,PUBLISHING,1,2011,38,"2011/09/11 00:00:00",VIC1,138102.71362,177044.5324441,1.282
D,CO2EII,PUBLISHING,1,2011,38,"2011/09/12 00:00:00",NEM,547213.11364732,507279.88017835,0.927
D,CO2EII,PUBLISHING,1,2011,38,"2011/09/12 00:00:00",NSW1,192720.582673,184648.42763764,0.9581
D,CO2EII,PUBLISHING,1,2011,38,"2011/09/12 00:00:00",QLD1,143354.87031332,117177.55978021,0.8174
D,CO2EII,PUBLISHING,1,2011,38,"2011/09/12 00:00:00",SA1,27707.506194,20778.70437385,0.7499
D,CO2EII,PUBLISHING,1,2011,38,"2011/09/12 00:00:00",TAS1,38207.81746199,4188.3285951,0.1096
D,CO2EII,PUBLISHING,1,2011,38,"2011/09/12 00:00:00",VIC1,145222.33700501,180486.85979155,1.2428
D,CO2EII,PUBLISHING,1,2011,38,"2011/09/13 00:00:00",NEM,538278.90055417,493904.56828826,0.9176
D,CO2EII,PUBLISHING,1,2011,38,"2011/09/13 00:00:00",NSW1,196400.379045,184561.12765418,0.9397
D,CO2EII,PUBLISHING,1,2011,38,"2011/09/13 00:00:00",QLD1,139474.63237919,113644.12042045,0.8148
D,CO2EII,PUBLISHING,1,2011,38,"2011/09/13 00:00:00",SA1,33699.305785,16158.46573969,0.4795
D,CO2EII,PUBLISHING,1,2011,38,"2011/09/13 00:00:00",TAS1,32133.825799,4452.72304009,0.1386
D,CO2EII,PUBLISHING,1,2011,38,"2011/09/13 00:00:00",VIC1,136570.75754598,175088.13143385,1.282
D,CO2EII,PUBLISHING,1,2011,38,"2011/09/14 00:00:00",NEM,530476.94750661,482767.37255523,0.9101
D,CO2EII,PUBLISHING,1,2011,38,"2011/09/14 00:00:00",NSW1,200150.905784,187150.66007753,0.935
D,CO2EII,PUBLISHING,1,2011,38,"2011/09/14 00:00:00",QLD1,136712.89948212,111102.3415753,0.8127
D,CO2EII,PUBLISHING,1,2011,38,"2011/09/14 00:00:00",SA1,30770.014264,18858.41219674,0.6129
D,CO2EII,PUBLISHING,1,2011,38,"2011/09/14 00:00:00",TAS1,37319.6606535,4390.37261957,0.1176
D,CO2EII,PUBLISHING,1,2011,38,"2011/09/14 00:00:00",VIC1,125523.46732299,161265.58608609,1.2847
D,CO2EII,PUBLISHING,1,2011,38,"2011/09/15 00:00:00",NEM,530966.33722329,482591.42888983,0.9089
D,CO2EII,PUBLISHING,1,2011,38,"2011/09/15 00:00:00",NSW1,190536.74576196,178546.35115383,0.9371
D,CO2EII,PUBLISHING,1,2011,38,"2011/09/15 00:00:00",QLD1,140484.82472884,114742.21020052,0.8168
D,CO2EII,PUBLISHING,1,2011,38,"2011/09/15 00:00:00",SA1,31228.93875399,18053.86687024,0.5781
D,CO2EII,PUBLISHING,1,2011,38,"2011/09/15 00:00:00",TAS1,38167.1311645,4226.29855072,0.1107
D,CO2EII,PUBLISHING,1,2011,38,"2011/09/15 00:00:00",VIC1,130548.696814,167022.70211452,1.2794
D,CO2EII,PUBLISHING,1,2011,38,"2011/09/16 00:00:00",NEM,520540.25868186,467698.56274371,0.8985
D,CO2EII,PUBLISHING,1,2011,38,"2011/09/16 00:00:00",NSW1,180827.729843,165130.78845571,0.9132
D,CO2EII,PUBLISHING,1,2011,38,"2011/09/16 00:00:00",QLD1,140679.16964534,116609.89020062,0.8289
D,CO2EII,PUBLISHING,1,2011,38,"2011/09/16 00:00:00",SA1,31095.257408,17564.79073085,0.5649
D,CO2EII,PUBLISHING,1,2011,38,"2011/09/16 00:00:00",TAS1,39938.4100705,4185.24241653,0.1048
D,CO2EII,PUBLISHING,1,2011,38,"2011/09/16 00:00:00",VIC1,127999.69171502,164207.85094,1.2829
D,CO2EII,PUBLISHING,1,2011,38,"2011/09/17 00:00:00",NEM,476345.74529183,435154.60089014,0.9135
D,CO2EII,PUBLISHING,1,2011,38,"2011/09/17 00:00:00",NSW1,146462.204948,138616.57527562,0.9464
D,CO2EII,PUBLISHING,1,2011,38,"2011/09/17 00:00:00",QLD1,139217.96130868,114625.5084256,0.8234
D,CO2EII,PUBLISHING,1,2011,38,"2011/09/17 00:00:00",SA1,32456.03883267,13742.41951995,0.4234
D,CO2EII,PUBLISHING,1,2011,38,"2011/09/17 00:00:00",TAS1,32513.6100155,3428.6629186,0.1055
D,CO2EII,PUBLISHING,1,2011,38,"2011/09/17 00:00:00",VIC1,125695.93018698,164741.43475037,1.3106
D,CO2EII,PUBLISHING,1,2011,39,"2011/09/18 00:00:00",NEM,460094.93362499,430677.30313362,0.9361
D,CO2EII,PUBLISHING,1,2011,39,"2011/09/18 00:00:00",NSW1,153641.144747,144654.04463212,0.9415
D,CO2EII,PUBLISHING,1,2011,39,"2011/09/18 00:00:00",QLD1,131947.69283099,108213.56120217,0.8201
D,CO2EII,PUBLISHING,1,2011,39,"2011/09/18 00:00:00",SA1,23073.37854552,15620.01584734,0.677
D,CO2EII,PUBLISHING,1,2011,39,"2011/09/18 00:00:00",TAS1,30763.4740575,3547.86511032,0.1153
D,CO2EII,PUBLISHING,1,2011,39,"2011/09/18 00:00:00",VIC1,120669.24344398,158641.81634167,1.3147
D,CO2EII,PUBLISHING,1,2011,39,"2011/09/19 00:00:00",NEM,518397.88757015,458186.98569382,0.8839
D,CO2EII,PUBLISHING,1,2011,39,"2011/09/19 00:00:00",NSW1,172181.932124,160898.36758176,0.9345
D,CO2EII,PUBLISHING,1,2011,39,"2011/09/19 00:00:00",QLD1,139627.44267566,115038.37233705,0.8239
D,CO2EII,PUBLISHING,1,2011,39,"2011/09/19 00:00:00",SA1,37573.509585,13506.29001576,0.3595
D,CO2EII,PUBLISHING,1,2011,39,"2011/09/19 00:00:00",TAS1,32191.6146035,3939.70416863,0.1224
D,CO2EII,PUBLISHING,1,2011,39,"2011/09/19 00:00:00",VIC1,136823.38858199,164804.25159062,1.2045
D,CO2EII,PUBLISHING,1,2011,39,"2011/09/20 00:00:00",NEM,524515.84092169,470436.47666572,0.8969
D,CO2EII,PUBLISHING,1,2011,39,"2011/09/20 00:00:00",NSW1,179855.15097701,168880.89200126,0.939
D,CO2EII,PUBLISHING,1,2011,39,"2011/09/20 00:00:00",QLD1,140894.41259668,117588.29433692,0.8346
D,CO2EII,PUBLISHING,1,2011,39,"2011/09/20 00:00:00",SA1,32455.316528,13718.19976206,0.4227
D,CO2EII,PUBLISHING,1,2011,39,"2011/09/20 00:00:00",TAS1,35569.908528,3945.09536847,0.1109
D,CO2EII,PUBLISHING,1,2011,39,"2011/09/20 00:00:00",VIC1,135741.052292,166303.99519701,1.2252
D,CO2EII,PUBLISHING,1,2011,39,"2011/09/21 00:00:00",NEM,522246.96651657,478249.19083968,0.9158
D,CO2EII,PUBLISHING,1,2011,39,"2011/09/21 00:00:00",NSW1,180130.50056007,165460.0873071,0.9186
D,CO2EII,PUBLISHING,1,2011,39,"2011/09/21 00:00:00",QLD1,140107.286802,117799.40467483,0.8408
D,CO2EII,PUBLISHING,1,2011,39,"2011/09/21 00:00:00",SA1,25631.127562,15911.47451589,0.6208
D,CO2EII,PUBLISHING,1,2011,39,"2011/09/21 00:00:00",TAS1,37622.8576615,4022.23185093,0.1069
D,CO2EII,PUBLISHING,1,2011,39,"2011/09/21 00:00:00",VIC1,138755.193931,175055.99249093,1.2616
D,CO2EII,PUBLISHING,1,2011,39,"2011/09/22 00:00:00",NEM,517055.6229782,466960.24913089,0.9031
D,CO2EII,PUBLISHING,1,2011,39,"2011/09/22 00:00:00",NSW1,168146.48326,158625.73163327,0.9434
D,CO2EII,PUBLISHING,1,2011,39,"2011/09/22 00:00:00",QLD1,142709.41977668,118285.92327097,0.8289
D,CO2EII,PUBLISHING,1,2011,39,"2011/09/22 00:00:00",SA1,33156.891376,11460.71570696,0.3457
D,CO2EII,PUBLISHING,1,2011,39,"2011/09/22 00:00:00",TAS1,35102.29642551,3939.71128651,0.1122
D,CO2EII,PUBLISHING,1,2011,39,"2011/09/22 00:00:00",VIC1,137940.53214001,174648.16723318,1.2661
D,CO2EII,PUBLISHING,1,2011,39,"2011/09/23 00:00:00",NEM,519412.63133633,469722.57278379,0.9043
D,CO2EII,PUBLISHING,1,2011,39,"2011/09/23 00:00:00",NSW1,173159.70284401,161219.11795138,0.931
D,CO2EII,PUBLISHING,1,2011,39,"2011/09/23 00:00:00",QLD1,143233.55185532,118348.41492629,0.8263
D,CO2EII,PUBLISHING,1,2011,39,"2011/09/23 00:00:00",SA1,28068.17495301,17275.49084389,0.6155
D,CO2EII,PUBLISHING,1,2011,39,"2011/09/23 00:00:00",TAS1,39992.566158,4030.17956513,0.1008
D,CO2EII,PUBLISHING,1,2011,39,"2011/09/23 00:00:00",VIC1,134958.63552599,168849.3694971,1.2511
D,CO2EII,PUBLISHING,1,2011,39,"2011/09/24 00:00:00",NEM,483398.95765502,449445.81469276,0.9298
D,CO2EII,PUBLISHING,1,2011,39,"2011/09/24 00:00:00",NSW1,163490.649001,155716.16914745,0.9524
D,CO2EII,PUBLISHING,1,2011,39,"2011/09/24 00:00:00",QLD1,129878.34930499,107786.04116921,0.8299
D,CO2EII,PUBLISHING,1,2011,39,"2011/09/24 00:00:00",SA1,24309.570924,16848.67351396,0.6931
D,CO2EII,PUBLISHING,1,2011,39,"2011/09/24 00:00:00",TAS1,38584.39548501,3767.13062017,0.0976
D,CO2EII,PUBLISHING,1,2011,39,"2011/09/24 00:00:00",VIC1,127135.99294002,165327.80024197,1.3004
D,CO2EII,PUBLISHING,1,2011,40,"2011/09/25 00:00:00",NEM,478678.45964461,444742.53152823,0.9291
D,CO2EII,PUBLISHING,1,2011,40,"2011/09/25 00:00:00",NSW1,149969.29572299,142415.22996023,0.9496
D,CO2EII,PUBLISHING,1,2011,40,"2011/09/25 00:00:00",QLD1,135368.51696165,113556.5187807,0.8389
D,CO2EII,PUBLISHING,1,2011,40,"2011/09/25 00:00:00",SA1,26008.786708,15935.9662353,0.6127
D,CO2EII,PUBLISHING,1,2011,40,"2011/09/25 00:00:00",TAS1,37110.726586,2946.67777742,0.0794
D,CO2EII,PUBLISHING,1,2011,40,"2011/09/25 00:00:00",VIC1,130221.13366597,169888.13877458,1.3046
D,CO2EII,PUBLISHING,1,2011,40,"2011/09/26 00:00:00",NEM,521514.46127665,477201.34155052,0.915
D,CO2EII,PUBLISHING,1,2011,40,"2011/09/26 00:00:00",NSW1,174801.73208599,167647.73698043,0.9591
D,CO2EII,PUBLISHING,1,2011,40,"2011/09/26 00:00:00",QLD1,135658.57384867,113652.76528107,0.8378
D,CO2EII,PUBLISHING,1,2011,40,"2011/09/26 00:00:00",SA1,31685.438069,17187.42491867,0.5424
D,CO2EII,PUBLISHING,1,2011,40,"2011/09/26 00:00:00",TAS1,38491.90866799,3594.0092932,0.0934
D,CO2EII,PUBLISHING,1,2011,40,"2011/09/26 00:00:00",VIC1,140876.808605,175119.40507715,1.2431
D,CO2EII,PUBLISHING,1,2011,40,"2011/09/27 00:00:00",NEM,519011.64812003,466370.26252837,0.8986
D,CO2EII,PUBLISHING,1,2011,40,"2011/09/27 00:00:00",NSW1,173524.97139201,165211.13094076,0.9521
D,CO2EII,PUBLISHING,1,2011,40,"2011/09/27 00:00:00",QLD1,140589.15751402,116344.79094612,0.8276
D,CO2EII,PUBLISHING,1,2011,40,"2011/09/27 00:00:00",SA1,34390.528154,15305.49838375,0.445
D,CO2EII,PUBLISHING,1,2011,40,"2011/09/27 00:00:00",TAS1,36376.43285399,3863.88003408,0.1062
D,CO2EII,PUBLISHING,1,2011,40,"2011/09/27 00:00:00",VIC1,134130.55820601,165644.96222366,1.235
D,CO2EII,PUBLISHING,1,2011,40,"2011/09/28 00:00:00",NEM,526259.14669248,482838.31459392,0.9175
D,CO2EII,PUBLISHING,1,2011,40,"2011/09/28 00:00:00",NSW1,176112.83585801,166399.12693055,0.9448
D,CO2EII,PUBLISHING,1,2011,40,"2011/09/28 00:00:00",QLD1,142278.01440799,117424.84049772,0.8253
D,CO2EII,PUBLISHING,1,2011,40,"2011/09/28 00:00:00",SA1,28809.556714,15147.6607051,0.5258
D,CO2EII,PUBLISHING,1,2011,40,"2011/09/28 00:00:00",TAS1,35240.7615135,4028.84832487,0.1143
D,CO2EII,PUBLISHING,1,2011,40,"2011/09/28 00:00:00",VIC1,143817.97819898,179837.83813568,1.2505
D,CO2EII,PUBLISHING,1,2011,40,"2011/09/29 00:00:00",NEM,531451.51346032,474614.49905408,0.8931
D,CO2EII,PUBLISHING,1,2011,40,"2011/09/29 00:00:00",NSW1,173886.783296,163058.08036066,0.9377
D,CO2EII,PUBLISHING,1,2011,40,"2011/09/29 00:00:00",QLD1,143376.27927632,118282.57480711,0.825
D,CO2EII,PUBLISHING,1,2011,40,"2011/09/29 00:00:00",SA1,34686.267,11805.65131348,0.3404
D,CO2EII,PUBLISHING,1,2011,40,"2011/09/29 00:00:00",TAS1,33236.393407,3945.02458944,0.1187
D,CO2EII,PUBLISHING,1,2011,40,"2011/09/29 00:00:00",VIC1,146265.790481,177523.16798339,1.2137
D,CO2EII,PUBLISHING,1,2011,40,"2011/09/30 00:00:00",NEM,526215.30343182,482032.21933385,0.916
D,CO2EII,PUBLISHING,1,2011,40,"2011/09/30 00:00:00",NSW1,174171.601053,163800.3222783,0.9405
D,CO2EII,PUBLISHING,1,2011,40,"2011/09/30 00:00:00",QLD1,137129.0459318,114139.39495762,0.8324
D,CO2EII,PUBLISHING,1,2011,40,"2011/09/30 00:00:00",SA1,35316.059886,14688.93415245,0.4159
D,CO2EII,PUBLISHING,1,2011,40,"2011/09/30 00:00:00",TAS1,30332.618077,4036.71241531,0.1331
D,CO2EII,PUBLISHING,1,2011,40,"2011/09/30 00:00:00",VIC1,149265.97848402,185366.85553017,1.2419
D,CO2EII,PUBLISHING,1,2011,40,"2011/10/01 00:00:00",NEM,491600.06434316,465536.35776357,0.947
D,CO2EII,PUBLISHING,1,2011,40,"2011/10/01 00:00:00",NSW1,149373.03691701,142848.18970569,0.9563
D,CO2EII,PUBLISHING,1,2011,40,"2011/10/01 00:00:00",QLD1,138994.19432614,115030.14629435,0.8276
D,CO2EII,PUBLISHING,1,2011,40,"2011/10/01 00:00:00",SA1,33360.112604,16144.27416097,0.4839
D,CO2EII,PUBLISHING,1,2011,40,"2011/10/01 00:00:00",TAS1,23489.056263,4160.72630774,0.1771
D,CO2EII,PUBLISHING,1,2011,40,"2011/10/01 00:00:00",VIC1,146383.66423301,187353.02129482,1.2799
D,CO2EII,PUBLISHING,1,2011,41,"2011/10/02 00:00:00",NEM,476794.2502125,459517.21419026,0.9638
D,CO2EII,PUBLISHING,1,2011,41,"2011/10/02 00:00:00",NSW1,148367.66223869,140574.29637973,0.9475
D,CO2EII,PUBLISHING,1,2011,41,"2011/10/02 00:00:00",QLD1,136323.04812733,113296.455189,0.8311
D,CO2EII,PUBLISHING,1,2011,41,"2011/10/02 00:00:00",SA1,25821.471145,15702.41479004,0.6081
D,CO2EII,PUBLISHING,1,2011,41,"2011/10/02 00:00:00",TAS1,22952.80355149,4307.16657308,0.1877
D,CO2EII,PUBLISHING,1,2011,41,"2011/10/02 00:00:00",VIC1,143329.26514999,185636.88125841,1.2952
D,CO2EII,PUBLISHING,1,2011,41,"2011/10/03 00:00:00",NEM,498340.39152767,472919.6492352,0.949
D,CO2EII,PUBLISHING,1,2011,41,"2011/10/03 00:00:00",NSW1,150001.658522,145541.66015495,0.9703
D,CO2EII,PUBLISHING,1,2011,41,"2011/10/03 00:00:00",QLD1,142641.92396368,119285.76692446,0.8363
D,CO2EII,PUBLISHING,1,2011,41,"2011/10/03 00:00:00",SA1,27786.097607,16146.17373129,0.5811
D,CO2EII,PUBLISHING,1,2011,41,"2011/10/03 00:00:00",TAS1,31120.90165,4506.81047866,0.1448
D,CO2EII,PUBLISHING,1,2011,41,"2011/10/03 00:00:00",VIC1,146789.80978499,187439.23794584,1.2769
D,CO2EII,PUBLISHING,1,2011,41,"2011/10/04 00:00:00",NEM,522137.64863784,486451.06912509,0.9317
D,CO2EII,PUBLISHING,1,2011,41,"2011/10/04 00:00:00",NSW1,170311.650984,160038.00287955,0.9397
D,CO2EII,PUBLISHING,1,2011,41,"2011/10/04 00:00:00",QLD1,144958.22722433,119353.67877233,0.8234
D,CO2EII,PUBLISHING,1,2011,41,"2011/10/04 00:00:00",SA1,30742.12787101,14227.82008186,0.4628
D,CO2EII,PUBLISHING,1,2011,41,"2011/10/04 00:00:00",TAS1,26345.5913555,4222.05908396,0.1603
D,CO2EII,PUBLISHING,1,2011,41,"2011/10/04 00:00:00",VIC1,149780.051203,188609.50830739,1.2592
D,CO2EII,PUBLISHING,1,2011,41,"2011/10/05 00:00:00",NEM,519851.96851266,486716.06141187,0.9363
D,CO2EII,PUBLISHING,1,2011,41,"2011/10/05 00:00:00",NSW1,170170.608312,162359.73109757,0.9541
D,CO2EII,PUBLISHING,1,2011,41,"2011/10/05 00:00:00",QLD1,144952.30036369,118428.27643209,0.817
D,CO2EII,PUBLISHING,1,2011,41,"2011/10/05 00:00:00",SA1,27103.57755899,17989.0566446,0.6637
D,CO2EII,PUBLISHING,1,2011,41,"2011/10/05 00:00:00",TAS1,28418.975245,3891.67216278,0.1369
D,CO2EII,PUBLISHING,1,2011,41,"2011/10/05 00:00:00",VIC1,149206.50703298,184047.32507483,1.2335
D,CO2EII,PUBLISHING,1,2011,41,"2011/10/06 00:00:00",NEM,524111.39400167,494254.79237589,0.943
D,CO2EII,PUBLISHING,1,2011,41,"2011/10/06 00:00:00",NSW1,175593.251316,166071.0975972,0.9458
D,CO2EII,PUBLISHING,1,2011,41,"2011/10/06 00:00:00",QLD1,145649.93242467,119350.58617449,0.8194
D,CO2EII,PUBLISHING,1,2011,41,"2011/10/06 00:00:00",SA1,24232.500138,18388.45693559,0.7588
D,CO2EII,PUBLISHING,1,2011,41,"2011/10/06 00:00:00",TAS1,29850.075165,4259.34783321,0.1427
D,CO2EII,PUBLISHING,1,2011,41,"2011/10/06 00:00:00",VIC1,148785.634958,186185.3038354,1.2514
D,CO2EII,PUBLISHING,1,2011,41,"2011/10/07 00:00:00",NEM,515151.03415684,487148.41191494,0.9456
D,CO2EII,PUBLISHING,1,2011,41,"2011/10/07 00:00:00",NSW1,175056.32161,168008.08292616,0.9597
D,CO2EII,PUBLISHING,1,2011,41,"2011/10/07 00:00:00",QLD1,138947.09510532,116076.31341946,0.8354
D,CO2EII,PUBLISHING,1,2011,41,"2011/10/07 00:00:00",SA1,24840.240721,17286.7647809,0.6959
D,CO2EII,PUBLISHING,1,2011,41,"2011/10/07 00:00:00",TAS1,31595.20411651,4448.70024515,0.1408
D,CO2EII,PUBLISHING,1,2011,41,"2011/10/07 00:00:00",VIC1,144712.17260401,181328.55054327,1.253
D,CO2EII,PUBLISHING,1,2011,41,"2011/10/08 00:00:00",NEM,473184.26137735,452629.49286146,0.9566
D,CO2EII,PUBLISHING,1,2011,41,"2011/10/08 00:00:00",NSW1,163274.92489899,158861.56259172,0.973
D,CO2EII,PUBLISHING,1,2011,41,"2011/10/08 00:00:00",QLD1,135018.52024234,111871.7659647,0.8286
D,CO2EII,PUBLISHING,1,2011,41,"2011/10/08 00:00:00",SA1,24090.15777,16859.37541781,0.6998
D,CO2EII,PUBLISHING,1,2011,41,"2011/10/08 00:00:00",TAS1,28747.565235,4506.7883227,0.1568
D,CO2EII,PUBLISHING,1,2011,41,"2011/10/08 00:00:00",VIC1,122053.09323102,160530.00056453,1.3152
D,CO2EII,PUBLISHING,1,2011,42,"2011/10/09 00:00:00",NEM,462427.26430597,439306.5563108,0.95
D,CO2EII,PUBLISHING,1,2011,42,"2011/10/09 00:00:00",NSW1,156137.24288099,148920.69289944,0.9538
D,CO2EII,PUBLISHING,1,2011,42,"2011/10/09 00:00:00",QLD1,129900.99577399,107727.1287657,0.8293
D,CO2EII,PUBLISHING,1,2011,42,"2011/10/09 00:00:00",SA1,26110.790607,16818.66521674,0.6441
D,CO2EII,PUBLISHING,1,2011,42,"2011/10/09 00:00:00",TAS1,25951.377541,4175.55780054,0.1609
D,CO2EII,PUBLISHING,1,2011,42,"2011/10/09 00:00:00",VIC1,124326.85750299,161664.51162838,1.3003
D,CO2EII,PUBLISHING,1,2011,42,"2011/10/10 00:00:00",NEM,524817.20215501,481392.96543303,0.9173
D,CO2EII,PUBLISHING,1,2011,42,"2011/10/10 00:00:00",NSW1,177074.570002,166530.06820113,0.9405
D,CO2EII,PUBLISHING,1,2011,42,"2011/10/10 00:00:00",QLD1,146179.266024,120467.62254689,0.8241
D,CO2EII,PUBLISHING,1,2011,42,"2011/10/10 00:00:00",SA1,33099.940884,19006.93364815,0.5742
D,CO2EII,PUBLISHING,1,2011,42,"2011/10/10 00:00:00",TAS1,33181.122825,4394.69910991,0.1324
D,CO2EII,PUBLISHING,1,2011,42,"2011/10/10 00:00:00",VIC1,135282.30242001,170993.64192695,1.264
D,CO2EII,PUBLISHING,1,2011,42,"2011/10/11 00:00:00",NEM,529403.31575043,490146.43462323,0.9258
D,CO2EII,PUBLISHING,1,2011,42,"2011/10/11 00:00:00",NSW1,178248.070186,166796.80915171,0.9358
D,CO2EII,PUBLISHING,1,2011,42,"2011/10/11 00:00:00",QLD1,146806.76045264,120438.23099127,0.8204
D,CO2EII,PUBLISHING,1,2011,42,"2011/10/11 00:00:00",SA1,28708.69653829,19324.86047697,0.6731
D,CO2EII,PUBLISHING,1,2011,42,"2011/10/11 00:00:00",TAS1,30910.1287095,3857.49954244,0.1248
D,CO2EII,PUBLISHING,1,2011,42,"2011/10/11 00:00:00",VIC1,144729.659864,179729.03446084,1.2418
D,CO2EII,PUBLISHING,1,2011,42,"2011/10/12 00:00:00",NEM,528626.86904596,494129.4783764,0.9347
D,CO2EII,PUBLISHING,1,2011,42,"2011/10/12 00:00:00",NSW1,179277.219979,170430.59736554,0.9507
D,CO2EII,PUBLISHING,1,2011,42,"2011/10/12 00:00:00",QLD1,147014.58636331,121782.76594027,0.8284
D,CO2EII,PUBLISHING,1,2011,42,"2011/10/12 00:00:00",SA1,29416.09055014,19604.63743335,0.6665
D,CO2EII,PUBLISHING,1,2011,42,"2011/10/12 00:00:00",TAS1,31279.2312935,4527.37801978,0.1447
D,CO2EII,PUBLISHING,1,2011,42,"2011/10/12 00:00:00",VIC1,141639.74086001,177784.09961746,1.2552
D,CO2EII,PUBLISHING,1,2011,42,"2011/10/13 00:00:00",NEM,524574.53928615,491782.56643934,0.9375
D,CO2EII,PUBLISHING,1,2011,42,"2011/10/13 00:00:00",NSW1,177138.672242,167635.43663942,0.9464
D,CO2EII,PUBLISHING,1,2011,42,"2011/10/13 00:00:00",QLD1,147144.27271701,122042.11584883,0.8294
D,CO2EII,PUBLISHING,1,2011,42,"2011/10/13 00:00:00",SA1,30039.32146615,18982.78039623,0.6319
D,CO2EII,PUBLISHING,1,2011,42,"2011/10/13 00:00:00",TAS1,29560.81832,4221.96550338,0.1428
D,CO2EII,PUBLISHING,1,2011,42,"2011/10/13 00:00:00",VIC1,140691.45454099,178900.26805148,1.2716
D,CO2EII,PUBLISHING,1,2011,42,"2011/10/14 00:00:00",NEM,520588.97808403,483869.83961204,0.9295
D,CO2EII,PUBLISHING,1,2011,42,"2011/10/14 00:00:00",NSW1,174276.04965601,164283.66764934,0.9427
D,CO2EII,PUBLISHING,1,2011,42,"2011/10/14 00:00:00",QLD1,142690.64505701,120350.67728427,0.8434
D,CO2EII,PUBLISHING,1,2011,42,"2011/10/14 00:00:00",SA1,32996.530988,17242.75637138,0.5226
D,CO2EII,PUBLISHING,1,2011,42,"2011/10/14 00:00:00",TAS1,28592.821347,4148.82334194,0.1451
D,CO2EII,PUBLISHING,1,2011,42,"2011/10/14 00:00:00",VIC1,142032.93103601,177843.91496511,1.2521
D,CO2EII,PUBLISHING,1,2011,42,"2011/10/15 00:00:00",NEM,472848.23990666,439404.97334513,0.9293
D,CO2EII,PUBLISHING,1,2011,42,"2011/10/15 00:00:00",NSW1,155166.930437,146386.5319918,0.9434
D,CO2EII,PUBLISHING,1,2011,42,"2011/10/15 00:00:00",QLD1,128057.47145866,106031.6506935,0.828
D,CO2EII,PUBLISHING,1,2011,42,"2011/10/15 00:00:00",SA1,35366.336413,12731.70199212,0.36
D,CO2EII,PUBLISHING,1,2011,42,"2011/10/15 00:00:00",TAS1,24211.990421,3871.9171319,0.1599
D,CO2EII,PUBLISHING,1,2011,42,"2011/10/15 00:00:00",VIC1,130045.511177,170383.17153581,1.3102
D,CO2EII,PUBLISHING,1,2011,43,"2011/10/16 00:00:00",NEM,462550.75994815,436670.50423029,0.944
D,CO2EII,PUBLISHING,1,2011,43,"2011/10/16 00:00:00",NSW1,140231.151218,130072.08788909,0.9276
D,CO2EII,PUBLISHING,1,2011,43,"2011/10/16 00:00:00",QLD1,134587.73345569,113241.51230556,0.8414
D,CO2EII,PUBLISHING,1,2011,43,"2011/10/16 00:00:00",SA1,27752.081536,13006.19957897,0.4687
D,CO2EII,PUBLISHING,1,2011,43,"2011/10/16 00:00:00",TAS1,22325.21840749,3837.93673848,0.1719
D,CO2EII,PUBLISHING,1,2011,43,"2011/10/16 00:00:00",VIC1,137654.57533097,176512.76771819,1.2823
D,CO2EII,PUBLISHING,1,2011,43,"2011/10/17 00:00:00",NEM,520581.778408,487935.14330282,0.9373
D,CO2EII,PUBLISHING,1,2011,43,"2011/10/17 00:00:00",NSW1,166904.852775,156659.41460875,0.9386
D,CO2EII,PUBLISHING,1,2011,43,"2011/10/17 00:00:00",QLD1,147871.67662802,125236.75533029,0.8469
D,CO2EII,PUBLISHING,1,2011,43,"2011/10/17 00:00:00",SA1,32499.456415,16817.27131235,0.5175
D,CO2EII,PUBLISHING,1,2011,43,"2011/10/17 00:00:00",TAS1,26684.12394299,3959.67376135,0.1484
D,CO2EII,PUBLISHING,1,2011,43,"2011/10/17 00:00:00",VIC1,146621.66864699,185262.02829008,1.2635
D,CO2EII,PUBLISHING,1,2011,43,"2011/10/18 00:00:00",NEM,519194.39782184,485816.57685726,0.9357
D,CO2EII,PUBLISHING,1,2011,43,"2011/10/18 00:00:00",NSW1,168736.3072,159174.95921052,0.9433
D,CO2EII,PUBLISHING,1,2011,43,"2011/10/18 00:00:00",QLD1,146166.43196685,121337.51868781,0.8301
D,CO2EII,PUBLISHING,1,2011,43,"2011/10/18 00:00:00",SA1,35766.813094,17241.24255094,0.482
D,CO2EII,PUBLISHING,1,2011,43,"2011/10/18 00:00:00",TAS1,24883.807534,3951.62542934,0.1588
D,CO2EII,PUBLISHING,1,2011,43,"2011/10/18 00:00:00",VIC1,143641.03802699,184111.23097865,1.2817
D,CO2EII,PUBLISHING,1,2011,43,"2011/10/19 00:00:00",NEM,520166.52378498,488170.18705098,0.9385
D,CO2EII,PUBLISHING,1,2011,43,"2011/10/19 00:00:00",NSW1,161579.25965201,152939.89623129,0.9465
D,CO2EII,PUBLISHING,1,2011,43,"2011/10/19 00:00:00",QLD1,152093.87028699,125982.29277806,0.8283
D,CO2EII,PUBLISHING,1,2011,43,"2011/10/19 00:00:00",SA1,36610.08882999,17234.00016698,0.4707
D,CO2EII,PUBLISHING,1,2011,43,"2011/10/19 00:00:00",TAS1,23356.76973199,4268.98721599,0.1828
D,CO2EII,PUBLISHING,1,2011,43,"2011/10/19 00:00:00",VIC1,146526.535284,187745.01065866,1.2813
D,CO2EII,PUBLISHING,1,2011,43,"2011/10/20 00:00:00",NEM,523408.73584832,493836.63224168,0.9435
D,CO2EII,PUBLISHING,1,2011,43,"2011/10/20 00:00:00",NSW1,164524.026361,154965.47144142,0.9419
D,CO2EII,PUBLISHING,1,2011,43,"2011/10/20 00:00:00",QLD1,150581.11150133,124301.23338456,0.8255
D,CO2EII,PUBLISHING,1,2011,43,"2011/10/20 00:00:00",SA1,31982.687994,18286.74150142,0.5718
D,CO2EII,PUBLISHING,1,2011,43,"2011/10/20 00:00:00",TAS1,27728.903676,3874.20015069,0.1397
D,CO2EII,PUBLISHING,1,2011,43,"2011/10/20 00:00:00",VIC1,148592.00631599,192408.98576359,1.2949
D,CO2EII,PUBLISHING,1,2011,43,"2011/10/21 00:00:00",NEM,520588.86729348,493192.68009597,0.9474
D,CO2EII,PUBLISHING,1,2011,43,"2011/10/21 00:00:00",NSW1,169063.044614,158266.86978143,0.9361
D,CO2EII,PUBLISHING,1,2011,43,"2011/10/21 00:00:00",QLD1,147835.94197066,121429.05186476,0.8214
D,CO2EII,PUBLISHING,1,2011,43,"2011/10/21 00:00:00",SA1,26584.77521831,18822.52182681,0.708
D,CO2EII,PUBLISHING,1,2011,43,"2011/10/21 00:00:00",TAS1,30510.5480845,3928.91152256,0.1288
D,CO2EII,PUBLISHING,1,2011,43,"2011/10/21 00:00:00",VIC1,146594.55740601,190745.32510041,1.3012
D,CO2EII,PUBLISHING,1,2011,43,"2011/10/22 00:00:00",NEM,475157.37779049,461528.00209722,0.9713
D,CO2EII,PUBLISHING,1,2011,43,"2011/10/22 00:00:00",NSW1,158769.371059,153079.15209039,0.9642
D,CO2EII,PUBLISHING,1,2011,43,"2011/10/22 00:00:00",QLD1,130970.99573197,106777.03418158,0.8153
D,CO2EII,PUBLISHING,1,2011,43,"2011/10/22 00:00:00",SA1,21627.833959,17041.97054763,0.788
D,CO2EII,PUBLISHING,1,2011,43,"2011/10/22 00:00:00",TAS1,29333.5359795,4019.50457882,0.137
D,CO2EII,PUBLISHING,1,2011,43,"2011/10/22 00:00:00",VIC1,134455.64106102,180610.3406988,1.3433
D,CO2EII,PUBLISHING,1,2011,44,"2011/10/23 00:00:00",NEM,466346.27640474,452116.64915269,0.9695
D,CO2EII,PUBLISHING,1,2011,44,"2011/10/23 00:00:00",NSW1,143823.76482301,138320.98558814,0.9617
D,CO2EII,PUBLISHING,1,2011,44,"2011/10/23 00:00:00",QLD1,128604.71938373,105934.57565361,0.8237
D,CO2EII,PUBLISHING,1,2011,44,"2011/10/23 00:00:00",SA1,26540.951435,18610.00983361,0.7012
D,CO2EII,PUBLISHING,1,2011,44,"2011/10/23 00:00:00",TAS1,29072.206418,3878.14317409,0.1334
D,CO2EII,PUBLISHING,1,2011,44,"2011/10/23 00:00:00",VIC1,138304.634345,185372.93490324,1.3403
D,CO2EII,PUBLISHING,1,2011,44,"2011/10/24 00:00:00",NEM,533679.54118281,496589.37959836,0.9305
D,CO2EII,PUBLISHING,1,2011,44,"2011/10/24 00:00:00",NSW1,175545.47923999,163673.33910592,0.9324
D,CO2EII,PUBLISHING,1,2011,44,"2011/10/24 00:00:00",QLD1,140843.38518334,114933.04341422,0.816
D,CO2EII,PUBLISHING,1,2011,44,"2011/10/24 00:00:00",SA1,33162.16250602,19018.67468381,0.5735
D,CO2EII,PUBLISHING,1,2011,44,"2011/10/24 00:00:00",TAS1,30830.42275049,4508.90990233,0.1462
D,CO2EII,PUBLISHING,1,2011,44,"2011/10/24 00:00:00",VIC1,153298.09150297,194455.41249208,1.2685
D,CO2EII,PUBLISHING,1,2011,44,"2011/10/25 00:00:00",NEM,525055.69421432,492536.57421575,0.9381
D,CO2EII,PUBLISHING,1,2011,44,"2011/10/25 00:00:00",NSW1,173940.397124,161909.50624642,0.9308
D,CO2EII,PUBLISHING,1,2011,44,"2011/10/25 00:00:00",QLD1,140354.26669632,115366.19855114,0.822
D,CO2EII,PUBLISHING,1,2011,44,"2011/10/25 00:00:00",SA1,29694.710918,17303.00636694,0.5827
D,CO2EII,PUBLISHING,1,2011,44,"2011/10/25 00:00:00",TAS1,26490.620004,4265.73615917,0.161
D,CO2EII,PUBLISHING,1,2011,44,"2011/10/25 00:00:00",VIC1,154575.699472,193692.12689208,1.2531
D,CO2EII,PUBLISHING,1,2011,44,"2011/10/26 00:00:00",NEM,519354.61506034,490450.76504472,0.9443
D,CO2EII,PUBLISHING,1,2011,44,"2011/10/26 00:00:00",NSW1,167541.09421801,155287.59354139,0.9269
D,CO2EII,PUBLISHING,1,2011,44,"2011/10/26 00:00:00",QLD1,143207.09652032,117749.07669325,0.8222
D,CO2EII,PUBLISHING,1,2011,44,"2011/10/26 00:00:00",SA1,28496.517508,16562.19474221,0.5812
D,CO2EII,PUBLISHING,1,2011,44,"2011/10/26 00:00:00",TAS1,26002.856018,4089.40147908,0.1573
D,CO2EII,PUBLISHING,1,2011,44,"2011/10/26 00:00:00",VIC1,154107.05079601,196762.49858879,1.2768
D,CO2EII,PUBLISHING,1,2011,44,"2011/10/27 00:00:00",NEM,522497.7019646,494309.60488219,0.9461
D,CO2EII,PUBLISHING,1,2011,44,"2011/10/27 00:00:00",NSW1,169773.18239702,160303.59573462,0.9442
D,CO2EII,PUBLISHING,1,2011,44,"2011/10/27 00:00:00",QLD1,140885.12655899,116932.42388247,0.83
D,CO2EII,PUBLISHING,1,2011,44,"2011/10/27 00:00:00",SA1,26919.4813146,17637.0771149,0.6552
D,CO2EII,PUBLISHING,1,2011,44,"2011/10/27 00:00:00",TAS1,32445.201173,4171.73129697,0.1286
D,CO2EII,PUBLISHING,1,2011,44,"2011/10/27 00:00:00",VIC1,152474.71052099,195264.77685323,1.2806
D,CO2EII,PUBLISHING,1,2011,44,"2011/10/28 00:00:00",NEM,520398.77735532,483565.79339167,0.9292
D,CO2EII,PUBLISHING,1,2011,44,"2011/10/28 00:00:00",NSW1,169261.47522199,159423.99836291,0.9419
D,CO2EII,PUBLISHING,1,2011,44,"2011/10/28 00:00:00",QLD1,142016.14973298,116460.06466245,0.82
D,CO2EII,PUBLISHING,1,2011,44,"2011/10/28 00:00:00",SA1,32035.36107685,17422.57755722,0.5439
D,CO2EII,PUBLISHING,1,2011,44,"2011/10/28 00:00:00",TAS1,27748.3221795,3969.20056743,0.143
D,CO2EII,PUBLISHING,1,2011,44,"2011/10/28 00:00:00",VIC1,149337.469144,186289.95224166,1.2474
D,CO2EII,PUBLISHING,1,2011,44,"2011/10/29 00:00:00",NEM,476887.93246533,455823.10660885,0.9558
D,CO2EII,PUBLISHING,1,2011,44,"2011/10/29 00:00:00",NSW1,150804.666942,142476.05417137,0.9448
D,CO2EII,PUBLISHING,1,2011,44,"2011/10/29 00:00:00",QLD1,133227.24585832,107822.56049378,0.8093
D,CO2EII,PUBLISHING,1,2011,44,"2011/10/29 00:00:00",SA1,29169.922528,13693.84023651,0.4695
D,CO2EII,PUBLISHING,1,2011,44,"2011/10/29 00:00:00",TAS1,20147.13647,4190.90026122,0.208
D,CO2EII,PUBLISHING,1,2011,44,"2011/10/29 00:00:00",VIC1,143538.96066701,187639.75144597,1.3072
D,CO2EII,PUBLISHING,1,2011,45,"2011/10/30 00:00:00",NEM,466501.19190126,444714.89449663,0.9533
D,CO2EII,PUBLISHING,1,2011,45,"2011/10/30 00:00:00",NSW1,142924.132061,134835.84600261,0.9434
D,CO2EII,PUBLISHING,1,2011,45,"2011/10/30 00:00:00",QLD1,129856.95929977,105821.36474607,0.8149
D,CO2EII,PUBLISHING,1,2011,45,"2011/10/30 00:00:00",SA1,28237.890969,13626.17048938,0.4825
D,CO2EII,PUBLISHING,1,2011,45,"2011/10/30 00:00:00",TAS1,19886.2935045,3936.67746046,0.198
D,CO2EII,PUBLISHING,1,2011,45,"2011/10/30 00:00:00",VIC1,145595.91606699,186494.83579811,1.2809
D,CO2EII,PUBLISHING,1,2011,45,"2011/10/31 00:00:00",NEM,511910.11808651,482578.9810234,0.9427
D,CO2EII,PUBLISHING,1,2011,45,"2011/10/31 00:00:00",NSW1,159358.176193,147903.37212276,0.9281
D,CO2EII,PUBLISHING,1,2011,45,"2011/10/31 00:00:00",QLD1,144553.56224,116352.78238425,0.8049
D,CO2EII,PUBLISHING,1,2011,45,"2011/10/31 00:00:00",SA1,29546.946679,16254.80064116,0.5501
D,CO2EII,PUBLISHING,1,2011,45,"2011/10/31 00:00:00",TAS1,25684.69568151,4261.95323517,0.1659
D,CO2EII,PUBLISHING,1,2011,45,"2011/10/31 00:00:00",VIC1,152766.737293,197806.07264006,1.2948
D,CO2EII,PUBLISHING,1,2011,45,"2011/11/01 00:00:00",NEM,499507.90421599,475603.50024072,0.9521
D,CO2EII,PUBLISHING,1,2011,45,"2011/11/01 00:00:00",NSW1,154096.300793,145983.61218271,0.9474
D,CO2EII,PUBLISHING,1,2011,45,"2011/11/01 00:00:00",QLD1,145964.11634298,118419.07908309,0.8113
D,CO2EII,PUBLISHING,1,2011,45,"2011/11/01 00:00:00",SA1,26507.781588,15954.62804275,0.6019
D,CO2EII,PUBLISHING,1,2011,45,"2011/11/01 00:00:00",TAS1,26932.430957,4586.28147353,0.1703
D,CO2EII,PUBLISHING,1,2011,45,"2011/11/01 00:00:00",VIC1,146007.27453501,190659.89945864,1.3058
D,CO2EII,PUBLISHING,1,2011,45,"2011/11/02 00:00:00",NEM,517225.06039332,481861.62728854,0.9316
D,CO2EII,PUBLISHING,1,2011,45,"2011/11/02 00:00:00",NSW1,161117.732814,152453.44564626,0.9462
D,CO2EII,PUBLISHING,1,2011,45,"2011/11/02 00:00:00",QLD1,146679.21633433,119284.16038855,0.8132
D,CO2EII,PUBLISHING,1,2011,45,"2011/11/02 00:00:00",SA1,26405.050756,16313.15535198,0.6178
D,CO2EII,PUBLISHING,1,2011,45,"2011/11/02 00:00:00",TAS1,33965.695737,4370.27058128,0.1287
D,CO2EII,PUBLISHING,1,2011,45,"2011/11/02 00:00:00",VIC1,149057.36475199,189440.59532047,1.2709
D,CO2EII,PUBLISHING,1,2011,45,"2011/11/03 00:00:00",NEM,521887.66953084,485367.42968969,0.93
D,CO2EII,PUBLISHING,1,2011,45,"2011/11/03 00:00:00",NSW1,161597.515836,152908.93848709,0.9462
D,CO2EII,PUBLISHING,1,2011,45,"2011/11/03 00:00:00",QLD1,149798.37176783,122780.18496249,0.8196
D,CO2EII,PUBLISHING,1,2011,45,"2011/11/03 00:00:00",SA1,26690.23671,16938.7927218,0.6346
D,CO2EII,PUBLISHING,1,2011,45,"2011/11/03 00:00:00",TAS1,35048.75709801,4468.67845872,0.1275
D,CO2EII,PUBLISHING,1,2011,45,"2011/11/03 00:00:00",VIC1,148752.788119,188270.83505959,1.2657
D,CO2EII,PUBLISHING,1,2011,45,"2011/11/04 00:00:00",NEM,519967.08789466,478592.48716988,0.9204
D,CO2EII,PUBLISHING,1,2011,45,"2011/11/04 00:00:00",NSW1,168897.20855101,161222.09967621,0.9546
D,CO2EII,PUBLISHING,1,2011,45,"2011/11/04 00:00:00",QLD1,145144.44096565,119880.60489084,0.8259
D,CO2EII,PUBLISHING,1,2011,45,"2011/11/04 00:00:00",SA1,30732.543016,18267.66301166,0.5944
D,CO2EII,PUBLISHING,1,2011,45,"2011/11/04 00:00:00",TAS1,33514.279651,4519.25197663,0.1348
D,CO2EII,PUBLISHING,1,2011,45,"2011/11/04 00:00:00",VIC1,141678.615711,174702.86761454,1.2331
D,CO2EII,PUBLISHING,1,2011,45,"2011/11/05 00:00:00",NEM,484295.85284884,442524.69602489,0.9137
D,CO2EII,PUBLISHING,1,2011,45,"2011/11/05 00:00:00",NSW1,156911.55426,148422.11158063,0.9459
D,CO2EII,PUBLISHING,1,2011,45,"2011/11/05 00:00:00",QLD1,139571.79329884,114920.87699409,0.8234
D,CO2EII,PUBLISHING,1,2011,45,"2011/11/05 00:00:00",SA1,30877.18672,15755.62402344,0.5103
D,CO2EII,PUBLISHING,1,2011,45,"2011/11/05 00:00:00",TAS1,33844.590513,4504.22930813,0.1331
D,CO2EII,PUBLISHING,1,2011,45,"2011/11/05 00:00:00",VIC1,123090.728057,158921.8541186,1.2911
D,CO2EII,PUBLISHING,1,2011,46,"2011/11/06 00:00:00",NEM,471599.42729262,430376.58036238,0.9126
D,CO2EII,PUBLISHING,1,2011,46,"2011/11/06 00:00:00",NSW1,150828.613627,141001.10061629,0.9348
D,CO2EII,PUBLISHING,1,2011,46,"2011/11/06 00:00:00",QLD1,141268.93847011,116291.87161319,0.8232
D,CO2EII,PUBLISHING,1,2011,46,"2011/11/06 00:00:00",SA1,27384.51136701,16458.75700967,0.601
D,CO2EII,PUBLISHING,1,2011,46,"2011/11/06 00:00:00",TAS1,32625.3663405,4466.77916144,0.1369
D,CO2EII,PUBLISHING,1,2011,46,"2011/11/06 00:00:00",VIC1,119491.997488,152158.07196179,1.2734
D,CO2EII,PUBLISHING,1,2011,46,"2011/11/07 00:00:00",NEM,538107.59094208,482347.9933705,0.8964
D,CO2EII,PUBLISHING,1,2011,46,"2011/11/07 00:00:00",NSW1,183733.516023,167748.63069434,0.913
D,CO2EII,PUBLISHING,1,2011,46,"2011/11/07 00:00:00",QLD1,155633.29145956,126888.11170247,0.8153
D,CO2EII,PUBLISHING,1,2011,46,"2011/11/07 00:00:00",SA1,33792.20813699,20504.60280741,0.6068
D,CO2EII,PUBLISHING,1,2011,46,"2011/11/07 00:00:00",TAS1,31589.4991765,4486.69259084,0.142
D,CO2EII,PUBLISHING,1,2011,46,"2011/11/07 00:00:00",VIC1,133359.07614603,162719.95557544,1.2202
D,CO2EII,PUBLISHING,1,2011,46,"2011/11/08 00:00:00",NEM,549359.33299284,482706.45267228,0.8787
D,CO2EII,PUBLISHING,1,2011,46,"2011/11/08 00:00:00",NSW1,182917.594064,160708.64780131,0.8786
D,CO2EII,PUBLISHING,1,2011,46,"2011/11/08 00:00:00",QLD1,160366.76383833,131519.75303757,0.8201
D,CO2EII,PUBLISHING,1,2011,46,"2011/11/08 00:00:00",SA1,34772.907514,22588.38282746,0.6496
D,CO2EII,PUBLISHING,1,2011,46,"2011/11/08 00:00:00",TAS1,31626.22621449,4471.26420544,0.1414
D,CO2EII,PUBLISHING,1,2011,46,"2011/11/08 00:00:00",VIC1,139675.84136202,163418.4048005,1.17
D,CO2EII,PUBLISHING,1,2011,46,"2011/11/09 00:00:00",NEM,554067.20927953,485731.26295109,0.8767
D,CO2EII,PUBLISHING,1,2011,46,"2011/11/09 00:00:00",NSW1,189644.531583,165000.69583292,0.8701
D,CO2EII,PUBLISHING,1,2011,46,"2011/11/09 00:00:00",QLD1,157450.95083603,128228.58871483,0.8144
D,CO2EII,PUBLISHING,1,2011,46,"2011/11/09 00:00:00",SA1,38406.990945,18874.09670644,0.4914
D,CO2EII,PUBLISHING,1,2011,46,"2011/11/09 00:00:00",TAS1,26890.4705485,4427.63161524,0.1647
D,CO2EII,PUBLISHING,1,2011,46,"2011/11/09 00:00:00",VIC1,141674.265367,169200.25008166,1.1943
D,CO2EII,PUBLISHING,1,2011,46,"2011/11/10 00:00:00",NEM,536657.40824816,493752.78787998,0.9201
D,CO2EII,PUBLISHING,1,2011,46,"2011/11/10 00:00:00",NSW1,180550.006436,166133.91671854,0.9202
D,CO2EII,PUBLISHING,1,2011,46,"2011/11/10 00:00:00",QLD1,152155.00868466,125153.31751084,0.8225
D,CO2EII,PUBLISHING,1,2011,46,"2011/11/10 00:00:00",SA1,32293.988476,18111.70999716,0.5608
D,CO2EII,PUBLISHING,1,2011,46,"2011/11/10 00:00:00",TAS1,23752.1053365,3396.79856279,0.143
D,CO2EII,PUBLISHING,1,2011,46,"2011/11/10 00:00:00",VIC1,147906.299315,180957.04509065,1.2235
D,CO2EII,PUBLISHING,1,2011,46,"2011/11/11 00:00:00",NEM,524745.53301304,490041.37286224,0.9339
D,CO2EII,PUBLISHING,1,2011,46,"2011/11/11 00:00:00",NSW1,178318.116794,165549.57298335,0.9284
D,CO2EII,PUBLISHING,1,2011,46,"2011/11/11 00:00:00",QLD1,151587.75553701,126387.28765262,0.8338
D,CO2EII,PUBLISHING,1,2011,46,"2011/11/11 00:00:00",SA1,29576.502726,19393.62823143,0.6557
D,CO2EII,PUBLISHING,1,2011,46,"2011/11/11 00:00:00",TAS1,20533.82352501,1267.22988161,0.0617
D,CO2EII,PUBLISHING,1,2011,46,"2011/11/11 00:00:00",VIC1,144729.33443102,177443.65411323,1.226
D,CO2EII,PUBLISHING,1,2011,46,"2011/11/12 00:00:00",NEM,482911.53214181,459539.12631812,0.9516
D,CO2EII,PUBLISHING,1,2011,46,"2011/11/12 00:00:00",NSW1,155484.411166,146371.93381429,0.9414
D,CO2EII,PUBLISHING,1,2011,46,"2011/11/12 00:00:00",QLD1,144070.77520232,119722.03118912,0.831
D,CO2EII,PUBLISHING,1,2011,46,"2011/11/12 00:00:00",SA1,27106.621726,17094.57202394,0.6306
D,CO2EII,PUBLISHING,1,2011,46,"2011/11/12 00:00:00",TAS1,19718.1805425,3679.28158518,0.1866
D,CO2EII,PUBLISHING,1,2011,46,"2011/11/12 00:00:00",VIC1,136531.54350499,172671.30770559,1.2647
D,CO2EII,PUBLISHING,1,2011,47,"2011/11/13 00:00:00",NEM,473877.58722996,446330.32445225,0.9419
D,CO2EII,PUBLISHING,1,2011,47,"2011/11/13 00:00:00",NSW1,146500.586938,138006.21014088,0.942
D,CO2EII,PUBLISHING,1,2011,47,"2011/11/13 00:00:00",QLD1,141298.68442497,117240.07990834,0.8297
D,CO2EII,PUBLISHING,1,2011,47,"2011/11/13 00:00:00",SA1,31549.449061,14341.86691905,0.4546
D,CO2EII,PUBLISHING,1,2011,47,"2011/11/13 00:00:00",TAS1,21016.715259,4328.83351623,0.206
D,CO2EII,PUBLISHING,1,2011,47,"2011/11/13 00:00:00",VIC1,133512.15154699,172413.33396775,1.2914
D,CO2EII,PUBLISHING,1,2011,47,"2011/11/14 00:00:00",NEM,555596.93382283,501932.04372589,0.9034
D,CO2EII,PUBLISHING,1,2011,47,"2011/11/14 00:00:00",NSW1,184289.910463,163523.39375187,0.8873
D,CO2EII,PUBLISHING,1,2011,47,"2011/11/14 00:00:00",QLD1,160675.70813234,131051.60913973,0.8156
D,CO2EII,PUBLISHING,1,2011,47,"2011/11/14 00:00:00",SA1,31360.965424,18359.82819967,0.5854
D,CO2EII,PUBLISHING,1,2011,47,"2011/11/14 00:00:00",TAS1,25736.06850149,4505.59737034,0.1751
D,CO2EII,PUBLISHING,1,2011,47,"2011/11/14 00:00:00",VIC1,153534.281302,184491.61526428,1.2016
D,CO2EII,PUBLISHING,1,2011,47,"2011/11/15 00:00:00",NEM,553803.14076736,510263.32533442,0.9214
D,CO2EII,PUBLISHING,1,2011,47,"2011/11/15 00:00:00",NSW1,180492.9257995,162789.88202093,0.9019
D,CO2EII,PUBLISHING,1,2011,47,"2011/11/15 00:00:00",QLD1,156463.38378435,128092.75361126,0.8187
D,CO2EII,PUBLISHING,1,2011,47,"2011/11/15 00:00:00",SA1,33710.52383,20914.18377883,0.6204
D,CO2EII,PUBLISHING,1,2011,47,"2011/11/15 00:00:00",TAS1,29393.3743345,4519.94686352,0.1538
D,CO2EII,PUBLISHING,1,2011,47,"2011/11/15 00:00:00",VIC1,153742.93301901,193946.55905988,1.2615
D,CO2EII,PUBLISHING,1,2011,47,"2011/11/16 00:00:00",NEM,538432.97093583,495215.73645718,0.9197
D,CO2EII,PUBLISHING,1,2011,47,"2011/11/16 00:00:00",NSW1,172294.043665,154616.10607414,0.8974
D,CO2EII,PUBLISHING,1,2011,47,"2011/11/16 00:00:00",QLD1,154032.92623132,126808.06278742,0.8233
D,CO2EII,PUBLISHING,1,2011,47,"2011/11/16 00:00:00",SA1,32155.86626801,18641.95050019,0.5797
D,CO2EII,PUBLISHING,1,2011,47,"2011/11/16 00:00:00",TAS1,27832.51335151,4512.17379729,0.1621
D,CO2EII,PUBLISHING,1,2011,47,"2011/11/16 00:00:00",VIC1,152117.62141999,190637.44329814,1.2532
D,CO2EII,PUBLISHING,1,2011,47,"2011/11/17 00:00:00",NEM,542195.32834516,503747.27453837,0.9291
D,CO2EII,PUBLISHING,1,2011,47,"2011/11/17 00:00:00",NSW1,171531.860395,154814.92430822,0.9025
D,CO2EII,PUBLISHING,1,2011,47,"2011/11/17 00:00:00",QLD1,152714.84160967,127562.68575739,0.8353
D,CO2EII,PUBLISHING,1,2011,47,"2011/11/17 00:00:00",SA1,35903.03338,21752.32165341,0.6059
D,CO2EII,PUBLISHING,1,2011,47,"2011/11/17 00:00:00",TAS1,26924.26957849,4470.56102334,0.166
D,CO2EII,PUBLISHING,1,2011,47,"2011/11/17 00:00:00",VIC1,155121.323382,195146.78179601,1.258
D,CO2EII,PUBLISHING,1,2011,47,"2011/11/18 00:00:00",NEM,559220.26029803,503431.44429956,0.9002
D,CO2EII,PUBLISHING,1,2011,47,"2011/11/18 00:00:00",NSW1,174852.030286,155410.5321053,0.8888
D,CO2EII,PUBLISHING,1,2011,47,"2011/11/18 00:00:00",QLD1,155271.44566153,129577.79440357,0.8345
D,CO2EII,PUBLISHING,1,2011,47,"2011/11/18 00:00:00",SA1,41729.831454,22463.77708914,0.5383
D,CO2EII,PUBLISHING,1,2011,47,"2011/11/18 00:00:00",TAS1,27802.8066425,4497.92142955,0.1618
D,CO2EII,PUBLISHING,1,2011,47,"2011/11/18 00:00:00",VIC1,159564.146254,191481.419272,1.2
D,CO2EII,PUBLISHING,1,2011,47,"2011/11/19 00:00:00",NEM,509189.19850287,484551.51195766,0.9516
D,CO2EII,PUBLISHING,1,2011,47,"2011/11/19 00:00:00",NSW1,163972.223097,151115.30130209,0.9216
D,CO2EII,PUBLISHING,1,2011,47,"2011/11/19 00:00:00",QLD1,152790.67410688,126608.15972028,0.8286
D,CO2EII,PUBLISHING,1,2011,47,"2011/11/19 00:00:00",SA1,29300.2721,18432.13954459,0.6291
D,CO2EII,PUBLISHING,1,2011,47,"2011/11/19 00:00:00",TAS1,22491.270526,4519.54817807,0.2009
D,CO2EII,PUBLISHING,1,2011,47,"2011/11/19 00:00:00",VIC1,140634.75867299,183876.36321263,1.3075
D,CO2EII,PUBLISHING,1,2011,48,"2011/11/20 00:00:00",NEM,481385.2028003,459034.22176302,0.9536
D,CO2EII,PUBLISHING,1,2011,48,"2011/11/20 00:00:00",NSW1,156183.318495,142837.50567659,0.9146
D,CO2EII,PUBLISHING,1,2011,48,"2011/11/20 00:00:00",QLD1,145337.77362034,121015.16281495,0.8326
D,CO2EII,PUBLISHING,1,2011,48,"2011/11/20 00:00:00",SA1,25105.82348896,13946.01188748,0.5555
D,CO2EII,PUBLISHING,1,2011,48,"2011/11/20 00:00:00",TAS1,19572.06198499,4520.64217268,0.231
D,CO2EII,PUBLISHING,1,2011,48,"2011/11/20 00:00:00",VIC1,135186.22521101,176714.89921132,1.3072
D,CO2EII,PUBLISHING,1,2011,48,"2011/11/21 00:00:00",NEM,530065.69567446,494381.19521934,0.9327
D,CO2EII,PUBLISHING,1,2011,48,"2011/11/21 00:00:00",NSW1,169143.06676952,152243.13973893,0.9001
D,CO2EII,PUBLISHING,1,2011,48,"2011/11/21 00:00:00",QLD1,159513.71446068,131206.99229451,0.8225
D,CO2EII,PUBLISHING,1,2011,48,"2011/11/21 00:00:00",SA1,26446.37537476,18035.64628016,0.682
D,CO2EII,PUBLISHING,1,2011,48,"2011/11/21 00:00:00",TAS1,27887.61644851,4522.41763009,0.1622
D,CO2EII,PUBLISHING,1,2011,48,"2011/11/21 00:00:00",VIC1,147074.92262099,188372.99927565,1.2808
D,CO2EII,PUBLISHING,1,2011,48,"2011/11/22 00:00:00",NEM,533309.99166436,496150.27532136,0.9303
D,CO2EII,PUBLISHING,1,2011,48,"2011/11/22 00:00:00",NSW1,168769.151178,153319.60369397,0.9085
D,CO2EII,PUBLISHING,1,2011,48,"2011/11/22 00:00:00",QLD1,160695.60678733,133702.04441317,0.832
D,CO2EII,PUBLISHING,1,2011,48,"2011/11/22 00:00:00",SA1,27761.03169099,16824.24338222,0.606
D,CO2EII,PUBLISHING,1,2011,48,"2011/11/22 00:00:00",TAS1,27225.55190401,4520.25447408,0.166
D,CO2EII,PUBLISHING,1,2011,48,"2011/11/22 00:00:00",VIC1,148858.65010403,187784.12935792,1.2615
D,CO2EII,PUBLISHING,1,2011,48,"2011/11/23 00:00:00",NEM,534224.41010132,485587.93424782,0.909
D,CO2EII,PUBLISHING,1,2011,48,"2011/11/23 00:00:00",NSW1,166721.050405,145751.64222449,0.8742
D,CO2EII,PUBLISHING,1,2011,48,"2011/11/23 00:00:00",QLD1,159328.36914332,130238.30610009,0.8174
D,CO2EII,PUBLISHING,1,2011,48,"2011/11/23 00:00:00",SA1,32688.11917699,16437.33981823,0.5029
D,CO2EII,PUBLISHING,1,2011,48,"2011/11/23 00:00:00",TAS1,25915.848543,4492.03812334,0.1733
D,CO2EII,PUBLISHING,1,2011,48,"2011/11/23 00:00:00",VIC1,149571.02283301,188668.60798167,1.2614
D,CO2EII,PUBLISHING,1,2011,48,"2011/11/24 00:00:00",NEM,529512.79452615,476980.76579384,0.9008
D,CO2EII,PUBLISHING,1,2011,48,"2011/11/24 00:00:00",NSW1,156987.502605,132821.49667068,0.8461
D,CO2EII,PUBLISHING,1,2011,48,"2011/11/24 00:00:00",QLD1,161548.526741,132631.99967521,0.821
D,CO2EII,PUBLISHING,1,2011,48,"2011/11/24 00:00:00",SA1,34595.14932662,17758.65025388,0.5133
D,CO2EII,PUBLISHING,1,2011,48,"2011/11/24 00:00:00",TAS1,25136.3018895,4542.55369822,0.1807
D,CO2EII,PUBLISHING,1,2011,48,"2011/11/24 00:00:00",VIC1,151245.31396403,189226.06549585,1.2511
D,CO2EII,PUBLISHING,1,2011,48,"2011/11/25 00:00:00",NEM,532299.74852219,486786.98951206,0.9145
D,CO2EII,PUBLISHING,1,2011,48,"2011/11/25 00:00:00",NSW1,169944.770317,146523.58788684,0.8622
D,CO2EII,PUBLISHING,1,2011,48,"2011/11/25 00:00:00",QLD1,156401.81321069,128948.10455629,0.8245
D,CO2EII,PUBLISHING,1,2011,48,"2011/11/25 00:00:00",SA1,29752.024062,18681.2849464,0.6279
D,CO2EII,PUBLISHING,1,2011,48,"2011/11/25 00:00:00",TAS1,27343.23840449,4502.58206375,0.1647
D,CO2EII,PUBLISHING,1,2011,48,"2011/11/25 00:00:00",VIC1,148857.90252801,188131.43005878,1.2638
D,CO2EII,PUBLISHING,1,2011,48,"2011/11/26 00:00:00",NEM,490028.93134874,454927.3617814,0.9284
D,CO2EII,PUBLISHING,1,2011,48,"2011/11/26 00:00:00",NSW1,148242.034849,135023.16157039,0.9108
D,CO2EII,PUBLISHING,1,2011,48,"2011/11/26 00:00:00",QLD1,143477.88267976,116943.29598738,0.8151
D,CO2EII,PUBLISHING,1,2011,48,"2011/11/26 00:00:00",SA1,27925.723,13826.78483055,0.4951
D,CO2EII,PUBLISHING,1,2011,48,"2011/11/26 00:00:00",TAS1,21914.84184599,4520.90580788,0.2063
D,CO2EII,PUBLISHING,1,2011,48,"2011/11/26 00:00:00",VIC1,148468.44897399,184613.2135852,1.2435
D,CO2EII,PUBLISHING,1,2011,49,"2011/11/27 00:00:00",NEM,477095.5594821,455858.41094514,0.9555
D,CO2EII,PUBLISHING,1,2011,49,"2011/11/27 00:00:00",NSW1,147431.070612,136173.64221849,0.9236
D,CO2EII,PUBLISHING,1,2011,49,"2011/11/27 00:00:00",QLD1,138877.6661251,112854.81051308,0.8126
D,CO2EII,PUBLISHING,1,2011,49,"2011/11/27 00:00:00",SA1,22004.99870799,16225.16268167,0.7373
D,CO2EII,PUBLISHING,1,2011,49,"2011/11/27 00:00:00",TAS1,22958.922772,4500.93903739,0.196
D,CO2EII,PUBLISHING,1,2011,49,"2011/11/27 00:00:00",VIC1,145822.90126501,186103.85649451,1.2762
D,CO2EII,PUBLISHING,1,2011,49,"2011/11/28 00:00:00",NEM,553714.35538638,510032.96578857,0.9211
D,CO2EII,PUBLISHING,1,2011,49,"2011/11/28 00:00:00",NSW1,169433.303731,158621.88417588,0.9362
D,CO2EII,PUBLISHING,1,2011,49,"2011/11/28 00:00:00",QLD1,158855.26402291,128263.73546748,0.8074
D,CO2EII,PUBLISHING,1,2011,49,"2011/11/28 00:00:00",SA1,37443.48918099,23577.07120572,0.6297
D,CO2EII,PUBLISHING,1,2011,49,"2011/11/28 00:00:00",TAS1,29144.6402915,4264.73651484,0.1463
D,CO2EII,PUBLISHING,1,2011,49,"2011/11/28 00:00:00",VIC1,158837.65815998,195305.53842465,1.2296
D,CO2EII,PUBLISHING,1,2011,49,"2011/11/29 00:00:00",NEM,573358.01647052,512601.60077688,0.894
D,CO2EII,PUBLISHING,1,2011,49,"2011/11/29 00:00:00",NSW1,177469.996681,161756.44701903,0.9115
D,CO2EII,PUBLISHING,1,2011,49,"2011/11/29 00:00:00",QLD1,161124.20898901,130536.57014288,0.8102
D,CO2EII,PUBLISHING,1,2011,49,"2011/11/29 00:00:00",SA1,41404.58923699,23287.02912144,0.5624
D,CO2EII,PUBLISHING,1,2011,49,"2011/11/29 00:00:00",TAS1,29858.32876951,4485.30156626,0.1502
D,CO2EII,PUBLISHING,1,2011,49,"2011/11/29 00:00:00",VIC1,163500.89279401,192536.25292727,1.1776
D,CO2EII,PUBLISHING,1,2011,49,"2011/11/30 00:00:00",NEM,548086.78953239,500472.84967593,0.9131
D,CO2EII,PUBLISHING,1,2011,49,"2011/11/30 00:00:00",NSW1,177074.30554301,161341.31561725,0.9112
D,CO2EII,PUBLISHING,1,2011,49,"2011/11/30 00:00:00",QLD1,158128.44025439,129478.57835223,0.8188
D,CO2EII,PUBLISHING,1,2011,49,"2011/11/30 00:00:00",SA1,35078.18490799,13857.11706593,0.395
D,CO2EII,PUBLISHING,1,2011,49,"2011/11/30 00:00:00",TAS1,26803.767471,4189.42389839,0.1563
D,CO2EII,PUBLISHING,1,2011,49,"2011/11/30 00:00:00",VIC1,151002.091356,191606.41474213,1.2689
D,CO2EII,PUBLISHING,1,2011,49,"2011/12/01 00:00:00",NEM,523723.90755186,488526.69990884,0.9328
D,CO2EII,PUBLISHING,1,2011,49,"2011/12/01 00:00:00",NSW1,166063.435684,154376.39780918,0.9296
D,CO2EII,PUBLISHING,1,2011,49,"2011/12/01 00:00:00",QLD1,146156.02670836,120373.56697751,0.8236
D,CO2EII,PUBLISHING,1,2011,49,"2011/12/01 00:00:00",SA1,30933.274908,16307.77063907,0.5272
D,CO2EII,PUBLISHING,1,2011,49,"2011/12/01 00:00:00",TAS1,30549.8510275,4509.64597572,0.1476
D,CO2EII,PUBLISHING,1,2011,49,"2011/12/01 00:00:00",VIC1,150021.319224,192959.31850736,1.2862
D,CO2EII,PUBLISHING,1,2011,49,"2011/12/02 00:00:00",NEM,512951.14087919,481414.68431054,0.9385
D,CO2EII,PUBLISHING,1,2011,49,"2011/12/02 00:00:00",NSW1,156487.342559,144531.79256103,0.9236
D,CO2EII,PUBLISHING,1,2011,49,"2011/12/02 00:00:00",QLD1,146067.73369167,122001.15352139,0.8352
D,CO2EII,PUBLISHING,1,2011,49,"2011/12/02 00:00:00",SA1,32263.417254,18269.74618542,0.5663
D,CO2EII,PUBLISHING,1,2011,49,"2011/12/02 00:00:00",TAS1,27859.81261451,4520.73586284,0.1623
D,CO2EII,PUBLISHING,1,2011,49,"2011/12/02 00:00:00",VIC1,150272.83476001,192091.25617986,1.2783
D,CO2EII,PUBLISHING,1,2011,49,"2011/12/03 00:00:00",NEM,471940.06214787,445140.70947947,0.9432
D,CO2EII,PUBLISHING,1,2011,49,"2011/12/03 00:00:00",NSW1,137397.925845,128366.07640662,0.9343
D,CO2EII,PUBLISHING,1,2011,49,"2011/12/03 00:00:00",QLD1,138987.90758736,113192.58809966,0.8144
D,CO2EII,PUBLISHING,1,2011,49,"2011/12/03 00:00:00",SA1,29755.542314,15698.48771894,0.5276
D,CO2EII,PUBLISHING,1,2011,49,"2011/12/03 00:00:00",TAS1,24607.0852895,4168.39510008,0.1694
D,CO2EII,PUBLISHING,1,2011,49,"2011/12/03 00:00:00",VIC1,141191.60111201,183715.16215417,1.3012
D,CO2EII,PUBLISHING,1,2011,50,"2011/12/04 00:00:00",NEM,461832.86100853,425758.63746944,0.9219
D,CO2EII,PUBLISHING,1,2011,50,"2011/12/04 00:00:00",NSW1,129014.29254701,118954.12744973,0.922
D,CO2EII,PUBLISHING,1,2011,50,"2011/12/04 00:00:00",QLD1,135912.5574825,110293.03398184,0.8115
D,CO2EII,PUBLISHING,1,2011,50,"2011/12/04 00:00:00",SA1,34878.817055,14598.76151485,0.4186
D,CO2EII,PUBLISHING,1,2011,50,"2011/12/04 00:00:00",TAS1,24134.72780601,4214.59801294,0.1746
D,CO2EII,PUBLISHING,1,2011,50,"2011/12/04 00:00:00",VIC1,137892.46611801,177698.11651008,1.2887
D,CO2EII,PUBLISHING,1,2011,50,"2011/12/05 00:00:00",NEM,514558.60561767,471326.42608197,0.916
D,CO2EII,PUBLISHING,1,2011,50,"2011/12/05 00:00:00",NSW1,156318.97700901,142956.72693113,0.9145
D,CO2EII,PUBLISHING,1,2011,50,"2011/12/05 00:00:00",QLD1,145136.40780167,117783.7619328,0.8115
D,CO2EII,PUBLISHING,1,2011,50,"2011/12/05 00:00:00",SA1,33340.280809,15925.01425722,0.4777
D,CO2EII,PUBLISHING,1,2011,50,"2011/12/05 00:00:00",TAS1,29465.840943,4505.03808462,0.1529
D,CO2EII,PUBLISHING,1,2011,50,"2011/12/05 00:00:00",VIC1,150297.09905499,190155.8848762,1.2652
D,CO2EII,PUBLISHING,1,2011,50,"2011/12/06 00:00:00",NEM,522472.53347688,482530.59475802,0.9236
D,CO2EII,PUBLISHING,1,2011,50,"2011/12/06 00:00:00",NSW1,158927.837777,145742.83258709,0.917
D,CO2EII,PUBLISHING,1,2011,50,"2011/12/06 00:00:00",QLD1,143007.12189638,115845.55940527,0.8101
D,CO2EII,PUBLISHING,1,2011,50,"2011/12/06 00:00:00",SA1,35052.064983,21005.99333545,0.5993
D,CO2EII,PUBLISHING,1,2011,50,"2011/12/06 00:00:00",TAS1,29684.1342315,4554.3121367,0.1534
D,CO2EII,PUBLISHING,1,2011,50,"2011/12/06 00:00:00",VIC1,155801.374589,195381.89729351,1.254
D,CO2EII,PUBLISHING,1,2011,50,"2011/12/07 00:00:00",NEM,529464.19358326,490600.89504347,0.9266
D,CO2EII,PUBLISHING,1,2011,50,"2011/12/07 00:00:00",NSW1,163489.24955801,153381.54929984,0.9382
D,CO2EII,PUBLISHING,1,2011,50,"2011/12/07 00:00:00",QLD1,143577.67659376,116197.67255349,0.8093
D,CO2EII,PUBLISHING,1,2011,50,"2011/12/07 00:00:00",SA1,35519.17765299,23173.82018484,0.6524
D,CO2EII,PUBLISHING,1,2011,50,"2011/12/07 00:00:00",TAS1,29947.3462115,4352.04726305,0.1453
D,CO2EII,PUBLISHING,1,2011,50,"2011/12/07 00:00:00",VIC1,156930.743567,193495.80574225,1.233
D,CO2EII,PUBLISHING,1,2011,50,"2011/12/08 00:00:00",NEM,540402.92590052,486078.75407881,0.8995
D,CO2EII,PUBLISHING,1,2011,50,"2011/12/08 00:00:00",NSW1,163216.934821,153623.10527917,0.9412
D,CO2EII,PUBLISHING,1,2011,50,"2011/12/08 00:00:00",QLD1,150539.777612,121927.38267199,0.8099
D,CO2EII,PUBLISHING,1,2011,50,"2011/12/08 00:00:00",SA1,38489.331622,22013.64054841,0.5719
D,CO2EII,PUBLISHING,1,2011,50,"2011/12/08 00:00:00",TAS1,32108.0816535,4515.71133467,0.1406
D,CO2EII,PUBLISHING,1,2011,50,"2011/12/08 00:00:00",VIC1,156048.80019202,183998.91424457,1.1791
D,CO2EII,PUBLISHING,1,2011,50,"2011/12/09 00:00:00",NEM,539213.54314151,495000.64850184,0.918
D,CO2EII,PUBLISHING,1,2011,50,"2011/12/09 00:00:00",NSW1,172918.567225,160294.09803306,0.927
D,CO2EII,PUBLISHING,1,2011,50,"2011/12/09 00:00:00",QLD1,148291.37267201,122265.49359977,0.8245
D,CO2EII,PUBLISHING,1,2011,50,"2011/12/09 00:00:00",SA1,35590.96196301,23193.90826851,0.6517
D,CO2EII,PUBLISHING,1,2011,50,"2011/12/09 00:00:00",TAS1,31637.5823805,4450.56745638,0.1407
D,CO2EII,PUBLISHING,1,2011,50,"2011/12/09 00:00:00",VIC1,150775.05890099,184796.58114412,1.2256
D,CO2EII,PUBLISHING,1,2011,50,"2011/12/10 00:00:00",NEM,491020.02257135,462956.49541539,0.9428
D,CO2EII,PUBLISHING,1,2011,50,"2011/12/10 00:00:00",NSW1,153414.96858501,144582.9561848,0.9424
D,CO2EII,PUBLISHING,1,2011,50,"2011/12/10 00:00:00",QLD1,142589.93517282,117959.96141506,0.8273
D,CO2EII,PUBLISHING,1,2011,50,"2011/12/10 00:00:00",SA1,32939.70976,19065.75196561,0.5788
D,CO2EII,PUBLISHING,1,2011,50,"2011/12/10 00:00:00",TAS1,27962.0538055,4403.11806158,0.1575
D,CO2EII,PUBLISHING,1,2011,50,"2011/12/10 00:00:00",VIC1,134113.35524802,176944.70778834,1.3194
D,CO2EII,PUBLISHING,1,2011,51,"2011/12/11 00:00:00",NEM,471175.10128348,442447.08756589,0.939
D,CO2EII,PUBLISHING,1,2011,51,"2011/12/11 00:00:00",NSW1,139719.864877,131218.36986282,0.9392
D,CO2EII,PUBLISHING,1,2011,51,"2011/12/11 00:00:00",QLD1,142776.28237,118474.49561637,0.8298
D,CO2EII,PUBLISHING,1,2011,51,"2011/12/11 00:00:00",SA1,30273.81801,17169.58838016,0.5671
D,CO2EII,PUBLISHING,1,2011,51,"2011/12/11 00:00:00",TAS1,24653.5129595,3904.05028579,0.1584
D,CO2EII,PUBLISHING,1,2011,51,"2011/12/11 00:00:00",VIC1,133751.62306698,171680.58342075,1.2836
D,CO2EII,PUBLISHING,1,2011,51,"2011/12/12 00:00:00",NEM,532314.20459066,488500.85539209,0.9177
D,CO2EII,PUBLISHING,1,2011,51,"2011/12/12 00:00:00",NSW1,170187.99777699,155215.35071021,0.912
D,CO2EII,PUBLISHING,1,2011,51,"2011/12/12 00:00:00",QLD1,155904.91260568,127691.76291591,0.819
D,CO2EII,PUBLISHING,1,2011,51,"2011/12/12 00:00:00",SA1,33477.34339,20290.30972154,0.6061
D,CO2EII,PUBLISHING,1,2011,51,"2011/12/12 00:00:00",TAS1,28653.092703,4192.27552212,0.1463
D,CO2EII,PUBLISHING,1,2011,51,"2011/12/12 00:00:00",VIC1,144090.85811499,181111.15652231,1.2569
D,CO2EII,PUBLISHING,1,2011,51,"2011/12/13 00:00:00",NEM,529102.5471902,485981.86397343,0.9185
D,CO2EII,PUBLISHING,1,2011,51,"2011/12/13 00:00:00",NSW1,168412.61625701,153106.08757485,0.9091
D,CO2EII,PUBLISHING,1,2011,51,"2011/12/13 00:00:00",QLD1,153515.87954969,125473.0217239,0.8173
D,CO2EII,PUBLISHING,1,2011,51,"2011/12/13 00:00:00",SA1,32584.66297399,20198.10055193,0.6199
D,CO2EII,PUBLISHING,1,2011,51,"2011/12/13 00:00:00",TAS1,28189.0765655,4478.24587853,0.1589
D,CO2EII,PUBLISHING,1,2011,51,"2011/12/13 00:00:00",VIC1,146400.31184401,182726.40824422,1.2481
D,CO2EII,PUBLISHING,1,2011,51,"2011/12/14 00:00:00",NEM,525521.52904499,480764.37602718,0.9148
D,CO2EII,PUBLISHING,1,2011,51,"2011/12/14 00:00:00",NSW1,165819.144118,149687.36112443,0.9027
D,CO2EII,PUBLISHING,1,2011,51,"2011/12/14 00:00:00",QLD1,151590.882591,123963.26635951,0.8177
D,CO2EII,PUBLISHING,1,2011,51,"2011/12/14 00:00:00",SA1,36084.901544,20641.11986257,0.572
D,CO2EII,PUBLISHING,1,2011,51,"2011/12/14 00:00:00",TAS1,27526.691379,4490.8264617,0.1631
D,CO2EII,PUBLISHING,1,2011,51,"2011/12/14 00:00:00",VIC1,144499.90941299,181981.80221897,1.2594
D,CO2EII,PUBLISHING,1,2011,51,"2011/12/15 00:00:00",NEM,522715.75052634,475055.81323748,0.9088
D,CO2EII,PUBLISHING,1,2011,51,"2011/12/15 00:00:00",NSW1,162294.913215,146830.12392247,0.9047
D,CO2EII,PUBLISHING,1,2011,51,"2011/12/15 00:00:00",QLD1,149688.00981232,122819.80507182,0.8205
D,CO2EII,PUBLISHING,1,2011,51,"2011/12/15 00:00:00",SA1,36238.40986401,19868.85669008,0.5483
D,CO2EII,PUBLISHING,1,2011,51,"2011/12/15 00:00:00",TAS1,27852.073598,4514.84131489,0.1621
D,CO2EII,PUBLISHING,1,2011,51,"2011/12/15 00:00:00",VIC1,146642.34403701,181022.18623822,1.2344
D,CO2EII,PUBLISHING,1,2011,51,"2011/12/16 00:00:00",NEM,523730.04313083,477686.7406937,0.9121
D,CO2EII,PUBLISHING,1,2011,51,"2011/12/16 00:00:00",NSW1,168007.022317,152258.21157219,0.9063
D,CO2EII,PUBLISHING,1,2011,51,"2011/12/16 00:00:00",QLD1,147506.75121532,122123.30060935,0.8279
D,CO2EII,PUBLISHING,1,2011,51,"2011/12/16 00:00:00",SA1,39452.74907501,20393.98296643,0.5169
D,CO2EII,PUBLISHING,1,2011,51,"2011/12/16 00:00:00",TAS1,26352.2186625,4464.04059595,0.1694
D,CO2EII,PUBLISHING,1,2011,51,"2011/12/16 00:00:00",VIC1,142411.301861,178447.20494978,1.253
D,CO2EII,PUBLISHING,1,2011,51,"2011/12/17 00:00:00",NEM,487063.96034639,453299.57298537,0.9307
D,CO2EII,PUBLISHING,1,2011,51,"2011/12/17 00:00:00",NSW1,145893.59411201,136790.0473159,0.9376
D,CO2EII,PUBLISHING,1,2011,51,"2011/12/17 00:00:00",QLD1,142291.0230464,117315.44829981,0.8245
D,CO2EII,PUBLISHING,1,2011,51,"2011/12/17 00:00:00",SA1,36080.663985,17267.36363823,0.4786
D,CO2EII,PUBLISHING,1,2011,51,"2011/12/17 00:00:00",TAS1,26254.21583199,4510.50852142,0.1718
D,CO2EII,PUBLISHING,1,2011,51,"2011/12/17 00:00:00",VIC1,136544.46337099,177416.20521001,1.2993
D,CO2EII,PUBLISHING,1,2011,52,"2011/12/18 00:00:00",NEM,464074.97513292,441804.59623124,0.952
D,CO2EII,PUBLISHING,1,2011,52,"2011/12/18 00:00:00",NSW1,135227.34565601,126571.82167016,0.936
D,CO2EII,PUBLISHING,1,2011,52,"2011/12/18 00:00:00",QLD1,134013.6352879,110738.84750351,0.8263
D,CO2EII,PUBLISHING,1,2011,52,"2011/12/18 00:00:00",SA1,32368.997746,15072.67980381,0.4657
D,CO2EII,PUBLISHING,1,2011,52,"2011/12/18 00:00:00",TAS1,20848.201494,4077.6775702,0.1956
D,CO2EII,PUBLISHING,1,2011,52,"2011/12/18 00:00:00",VIC1,141616.79494901,185343.56968356,1.3088
D,CO2EII,PUBLISHING,1,2011,52,"2011/12/19 00:00:00",NEM,521403.74505567,484551.35858155,0.9293
D,CO2EII,PUBLISHING,1,2011,52,"2011/12/19 00:00:00",NSW1,167557.81693701,148118.16833088,0.884
D,CO2EII,PUBLISHING,1,2011,52,"2011/12/19 00:00:00",QLD1,142687.22690866,116387.56061374,0.8157
D,CO2EII,PUBLISHING,1,2011,52,"2011/12/19 00:00:00",SA1,30732.77322099,19133.69393343,0.6226
D,CO2EII,PUBLISHING,1,2011,52,"2011/12/19 00:00:00",TAS1,26890.788463,4496.1106265,0.1672
D,CO2EII,PUBLISHING,1,2011,52,"2011/12/19 00:00:00",VIC1,153535.13952601,196415.825077,1.2793
D,CO2EII,PUBLISHING,1,2011,52,"2011/12/20 00:00:00",NEM,524507.62389448,494352.80034051,0.9425
D,CO2EII,PUBLISHING,1,2011,52,"2011/12/20 00:00:00",NSW1,166633.598087,152479.87119927,0.9151
D,CO2EII,PUBLISHING,1,2011,52,"2011/12/20 00:00:00",QLD1,154294.405988,126901.88848935,0.8225
D,CO2EII,PUBLISHING,1,2011,52,"2011/12/20 00:00:00",SA1,27011.322083,16419.14736759,0.6079
D,CO2EII,PUBLISHING,1,2011,52,"2011/12/20 00:00:00",TAS1,28250.08408949,4492.33507816,0.159
D,CO2EII,PUBLISHING,1,2011,52,"2011/12/20 00:00:00",VIC1,148318.21364699,194059.55820614,1.3084
D,CO2EII,PUBLISHING,1,2011,52,"2011/12/21 00:00:00",NEM,522667.18805486,480438.11814733,0.9192
D,CO2EII,PUBLISHING,1,2011,52,"2011/12/21 00:00:00",NSW1,172813.43362202,158927.56541992,0.9196
D,CO2EII,PUBLISHING,1,2011,52,"2011/12/21 00:00:00",QLD1,145581.79232133,120719.39409178,0.8292
D,CO2EII,PUBLISHING,1,2011,52,"2011/12/21 00:00:00",SA1,35764.737718,18678.66428811,0.5223
D,CO2EII,PUBLISHING,1,2011,52,"2011/12/21 00:00:00",TAS1,28376.3019805,4725.78900331,0.1665
D,CO2EII,PUBLISHING,1,2011,52,"2011/12/21 00:00:00",VIC1,140130.92241301,177386.70534421,1.2659
D,CO2EII,PUBLISHING,1,2011,52,"2011/12/22 00:00:00",NEM,523362.72587303,486722.19771801,0.93
D,CO2EII,PUBLISHING,1,2011,52,"2011/12/22 00:00:00",NSW1,175879.38566701,158680.45866648,0.9022
D,CO2EII,PUBLISHING,1,2011,52,"2011/12/22 00:00:00",QLD1,145973.36552901,120383.74941635,0.8247
D,CO2EII,PUBLISHING,1,2011,52,"2011/12/22 00:00:00",SA1,34366.478864,20304.83687398,0.5908
D,CO2EII,PUBLISHING,1,2011,52,"2011/12/22 00:00:00",TAS1,26198.876254,4482.76744248,0.1711
D,CO2EII,PUBLISHING,1,2011,52,"2011/12/22 00:00:00",VIC1,140944.61955901,182870.38531872,1.2975
D,CO2EII,PUBLISHING,1,2011,52,"2011/12/23 00:00:00",NEM,520869.40066395,484992.58889726,0.9311
D,CO2EII,PUBLISHING,1,2011,52,"2011/12/23 00:00:00",NSW1,173186.123551,152786.36351927,0.8822
D,CO2EII,PUBLISHING,1,2011,52,"2011/12/23 00:00:00",QLD1,143904.30161795,118325.88439905,0.8223
D,CO2EII,PUBLISHING,1,2011,52,"2011/12/23 00:00:00",SA1,34398.65838,20917.09453235,0.6081
D,CO2EII,PUBLISHING,1,2011,52,"2011/12/23 00:00:00",TAS1,19699.06951599,4452.21194771,0.226
D,CO2EII,PUBLISHING,1,2011,52,"2011/12/23 00:00:00",VIC1,149681.24759901,188511.03449888,1.2594
D,CO2EII,PUBLISHING,1,2011,52,"2011/12/24 00:00:00",NEM,493851.94963482,474153.42268522,0.9601
D,CO2EII,PUBLISHING,1,2011,52,"2011/12/24 00:00:00",NSW1,157324.462632,146323.13820498,0.9301
D,CO2EII,PUBLISHING,1,2011,52,"2011/12/24 00:00:00",QLD1,137128.7553723,111813.58510263,0.8154
D,CO2EII,PUBLISHING,1,2011,52,"2011/12/24 00:00:00",SA1,37429.279966,22469.0175444,0.6003
D,CO2EII,PUBLISHING,1,2011,52,"2011/12/24 00:00:00",TAS1,18626.8884825,4462.10408239,0.2396
D,CO2EII,PUBLISHING,1,2011,52,"2011/12/24 00:00:00",VIC1,143342.56318202,189085.57775082,1.3191
D,CO2EII,PUBLISHING,1,2011,53,"2011/12/25 00:00:00",NEM,431966.82578077,417984.51356057,0.9676
D,CO2EII,PUBLISHING,1,2011,53,"2011/12/25 00:00:00",NSW1,122830.261631,114043.92992544,0.9285
D,CO2EII,PUBLISHING,1,2011,53,"2011/12/25 00:00:00",QLD1,124186.99599026,101560.58769187,0.8178
D,CO2EII,PUBLISHING,1,2011,53,"2011/12/25 00:00:00",SA1,27514.166506,11520.13915986,0.4187
D,CO2EII,PUBLISHING,1,2011,53,"2011/12/25 00:00:00",TAS1,15976.11935451,4447.01743511,0.2784
D,CO2EII,PUBLISHING,1,2011,53,"2011/12/25 00:00:00",VIC1,141459.282299,186412.83934829,1.3178
D,CO2EII,PUBLISHING,1,2011,53,"2011/12/26 00:00:00",NEM,438281.97269065,419552.54613842,0.9573
D,CO2EII,PUBLISHING,1,2011,53,"2011/12/26 00:00:00",NSW1,128701.31595801,118010.72024184,0.9169
D,CO2EII,PUBLISHING,1,2011,53,"2011/12/26 00:00:00",QLD1,128660.24869867,104958.4167784,0.8158
D,CO2EII,PUBLISHING,1,2011,53,"2011/12/26 00:00:00",SA1,24137.231369,9692.93513924,0.4016
D,CO2EII,PUBLISHING,1,2011,53,"2011/12/26 00:00:00",TAS1,17913.888227,4255.8510647,0.2376
D,CO2EII,PUBLISHING,1,2011,53,"2011/12/26 00:00:00",VIC1,138869.28843797,182634.62291424,1.3152
D,CO2EII,PUBLISHING,1,2011,53,"2011/12/27 00:00:00",NEM,451272.79874848,437693.5306363,0.9699
D,CO2EII,PUBLISHING,1,2011,53,"2011/12/27 00:00:00",NSW1,133732.11673499,123816.34480138,0.9259
D,CO2EII,PUBLISHING,1,2011,53,"2011/12/27 00:00:00",QLD1,137100.60040298,110081.98064928,0.8029
D,CO2EII,PUBLISHING,1,2011,53,"2011/12/27 00:00:00",SA1,19329.776013,10069.47848059,0.5209
D,CO2EII,PUBLISHING,1,2011,53,"2011/12/27 00:00:00",TAS1,17771.3488135,4351.29641855,0.2448
D,CO2EII,PUBLISHING,1,2011,53,"2011/12/27 00:00:00",VIC1,143338.95678401,189374.4302865,1.3212
D,CO2EII,PUBLISHING,1,2011,53,"2011/12/28 00:00:00",NEM,471326.79027601,452075.88828788,0.9592
D,CO2EII,PUBLISHING,1,2011,53,"2011/12/28 00:00:00",NSW1,147126.434598,136121.96558413,0.9252
D,CO2EII,PUBLISHING,1,2011,53,"2011/12/28 00:00:00",QLD1,137412.115168,110731.02822567,0.8058
D,CO2EII,PUBLISHING,1,2011,53,"2011/12/28 00:00:00",SA1,24576.19954,11740.22330721,0.4777
D,CO2EII,PUBLISHING,1,2011,53,"2011/12/28 00:00:00",TAS1,18377.947883,4322.90334287,0.2352
D,CO2EII,PUBLISHING,1,2011,53,"2011/12/28 00:00:00",VIC1,143834.09308701,189159.767828,1.3151
D,CO2EII,PUBLISHING,1,2011,53,"2011/12/29 00:00:00",NEM,473608.94907219,451225.46657788,0.9527
D,CO2EII,PUBLISHING,1,2011,53,"2011/12/29 00:00:00",NSW1,147444.294583,135236.38113062,0.9172
D,CO2EII,PUBLISHING,1,2011,53,"2011/12/29 00:00:00",QLD1,138496.97500068,111514.96881325,0.8052
D,CO2EII,PUBLISHING,1,2011,53,"2011/12/29 00:00:00",SA1,28456.026959,14553.85926166,0.5115
D,CO2EII,PUBLISHING,1,2011,53,"2011/12/29 00:00:00",TAS1,16769.0338245,3551.74361386,0.2118
D,CO2EII,PUBLISHING,1,2011,53,"2011/12/29 00:00:00",VIC1,142442.61870501,186368.51375849,1.3084
D,CO2EII,PUBLISHING,1,2011,53,"2011/12/30 00:00:00",NEM,481920.82358883,451980.3309774,0.9379
D,CO2EII,PUBLISHING,1,2011,53,"2011/12/30 00:00:00",NSW1,151287.016331,135885.47710782,0.8982
D,CO2EII,PUBLISHING,1,2011,53,"2011/12/30 00:00:00",QLD1,140717.93082634,113131.2773521,0.804
D,CO2EII,PUBLISHING,1,2011,53,"2011/12/30 00:00:00",SA1,32013.579577,18094.09295874,0.5652
D,CO2EII,PUBLISHING,1,2011,53,"2011/12/30 00:00:00",TAS1,18285.4709675,4553.15811639,0.249
D,CO2EII,PUBLISHING,1,2011,53,"2011/12/30 00:00:00",VIC1,139616.82588699,180316.32544235,1.2915
D,CO2EII,PUBLISHING,1,2011,53,"2011/12/31 00:00:00",NEM,474778.74118868,450743.93473263,0.9494
D,CO2EII,PUBLISHING,1,2011,53,"2011/12/31 00:00:00",NSW1,150029.328467,139066.60552341,0.9269
D,CO2EII,PUBLISHING,1,2011,53,"2011/12/31 00:00:00",QLD1,130715.82705467,104796.90198339,0.8017
D,CO2EII,PUBLISHING,1,2011,53,"2011/12/31 00:00:00",SA1,35363.544248,21891.1995808,0.619
D,CO2EII,PUBLISHING,1,2011,53,"2011/12/31 00:00:00",TAS1,19015.66673401,3426.070969,0.1802
D,CO2EII,PUBLISHING,1,2011,53,"2011/12/31 00:00:00",VIC1,139654.374685,181563.15667603,1.3001
C,"END OF REPORT",1179
