C,SETP.WORLD,CO2EII_RESULTS_SUMMARY_YEAR,AEMO,PUBLIC,09/01/2017,10:18:42,279692491,,279692486,
I,CO2EII,PUBLISHING,1,CONTRACTYEAR,WEEKNO,SETTLEMENTDATE,REGIONID,TOTAL_SENT_OUT_ENERGY,TOTAL_EMISSIONS,CO2E_INTENSITY_INDEX
D,CO2EII,PUBLISHING,1,2016,1,27/12/2015 00:00,NEM,434607.0251,396357.4865,0.912
D,CO2EII,PUBLISHING,1,2016,1,27/12/2015 00:00,NSW1,114898.294,103293.4737,0.899
D,CO2EII,PUBLISHING,1,2016,1,27/12/2015 00:00,QLD1,147376.1622,129707.4457,0.8801
D,CO2EII,PUBLISHING,1,2016,1,27/12/2015 00:00,SA1,22923.49974,7753.114889,0.3382
D,CO2EII,PUBLISHING,1,2016,1,27/12/2015 00:00,TAS1,26983.78498,1.69684387,0.0001
D,CO2EII,PUBLISHING,1,2016,1,27/12/2015 00:00,VIC1,122425.2842,155601.7554,1.271
D,CO2EII,PUBLISHING,1,2016,1,28/12/2015 00:00,NEM,432825.047,401341.4706,0.9273
D,CO2EII,PUBLISHING,1,2016,1,28/12/2015 00:00,NSW1,112525.6041,100344.9029,0.8918
D,CO2EII,PUBLISHING,1,2016,1,28/12/2015 00:00,QLD1,146208.9529,128540.2735,0.8792
D,CO2EII,PUBLISHING,1,2016,1,28/12/2015 00:00,SA1,21125.2068,8978.030372,0.425
D,CO2EII,PUBLISHING,1,2016,1,28/12/2015 00:00,TAS1,27193.77607,575.374022,0.0212
D,CO2EII,PUBLISHING,1,2016,1,28/12/2015 00:00,VIC1,125771.5072,162902.8899,1.2952
D,CO2EII,PUBLISHING,1,2016,1,29/12/2015 00:00,NEM,458624.6653,422820.1563,0.9219
D,CO2EII,PUBLISHING,1,2016,1,29/12/2015 00:00,NSW1,130333.2346,114216.46,0.8763
D,CO2EII,PUBLISHING,1,2016,1,29/12/2015 00:00,QLD1,146716.7112,128681.5483,0.8771
D,CO2EII,PUBLISHING,1,2016,1,29/12/2015 00:00,SA1,25909.2052,13930.75346,0.5377
D,CO2EII,PUBLISHING,1,2016,1,29/12/2015 00:00,TAS1,27035.39334,576.312552,0.0213
D,CO2EII,PUBLISHING,1,2016,1,29/12/2015 00:00,VIC1,128630.121,165415.0819,1.286
D,CO2EII,PUBLISHING,1,2016,1,30/12/2015 00:00,NEM,486993.8503,445520.2376,0.9148
D,CO2EII,PUBLISHING,1,2016,1,30/12/2015 00:00,NSW1,144959.8791,128431.824,0.886
D,CO2EII,PUBLISHING,1,2016,1,30/12/2015 00:00,QLD1,146649.2858,128857.3886,0.8787
D,CO2EII,PUBLISHING,1,2016,1,30/12/2015 00:00,SA1,34884.83731,20190.98676,0.5788
D,CO2EII,PUBLISHING,1,2016,1,30/12/2015 00:00,TAS1,27752.5275,445.0651436,0.016
D,CO2EII,PUBLISHING,1,2016,1,30/12/2015 00:00,VIC1,132747.3206,167594.973,1.2625
D,CO2EII,PUBLISHING,1,2016,1,31/12/2015 00:00,NEM,513168.1987,470731.1051,0.9173
D,CO2EII,PUBLISHING,1,2016,1,31/12/2015 00:00,NSW1,147961.4715,134946.7089,0.912
D,CO2EII,PUBLISHING,1,2016,1,31/12/2015 00:00,QLD1,150297.6702,133027.3486,0.8851
D,CO2EII,PUBLISHING,1,2016,1,31/12/2015 00:00,SA1,35144.57998,22405.97708,0.6375
D,CO2EII,PUBLISHING,1,2016,1,31/12/2015 00:00,TAS1,27168.54445,515.6396353,0.019
D,CO2EII,PUBLISHING,1,2016,1,31/12/2015 00:00,VIC1,152595.9325,179835.4309,1.1785
D,CO2EII,PUBLISHING,1,2016,1,01/01/2016 00:00,NEM,460914.0897,425040.8323,0.9222
D,CO2EII,PUBLISHING,1,2016,1,01/01/2016 00:00,NSW1,126606.9401,114772.3522,0.9065
D,CO2EII,PUBLISHING,1,2016,1,01/01/2016 00:00,QLD1,145578.8953,128854.5172,0.8851
D,CO2EII,PUBLISHING,1,2016,1,01/01/2016 00:00,SA1,29060.0694,13547.25144,0.4662
D,CO2EII,PUBLISHING,1,2016,1,01/01/2016 00:00,TAS1,26760.86419,1.74669166,0.0001
D,CO2EII,PUBLISHING,1,2016,1,01/01/2016 00:00,VIC1,132907.3207,167864.9648,1.263
D,CO2EII,PUBLISHING,1,2016,1,02/01/2016 00:00,NEM,444503.7414,396923.5648,0.893
D,CO2EII,PUBLISHING,1,2016,1,02/01/2016 00:00,NSW1,118773.603,107190.2009,0.9025
D,CO2EII,PUBLISHING,1,2016,1,02/01/2016 00:00,QLD1,145596.7423,130326.3712,0.8951
D,CO2EII,PUBLISHING,1,2016,1,02/01/2016 00:00,SA1,28802.87846,10542.07027,0.366
D,CO2EII,PUBLISHING,1,2016,1,02/01/2016 00:00,TAS1,26600.35455,567.0969554,0.0213
D,CO2EII,PUBLISHING,1,2016,1,02/01/2016 00:00,VIC1,124730.1631,148297.8255,1.1889
D,CO2EII,PUBLISHING,1,2016,2,03/01/2016 00:00,NEM,440807.0593,391733.5106,0.8887
D,CO2EII,PUBLISHING,1,2016,2,03/01/2016 00:00,NSW1,117081.2038,102541.5748,0.8758
D,CO2EII,PUBLISHING,1,2016,2,03/01/2016 00:00,QLD1,145331.332,128511.7067,0.8843
D,CO2EII,PUBLISHING,1,2016,2,03/01/2016 00:00,SA1,28154.01038,9965.920507,0.354
D,CO2EII,PUBLISHING,1,2016,2,03/01/2016 00:00,TAS1,26460.31107,570.4997108,0.0216
D,CO2EII,PUBLISHING,1,2016,2,03/01/2016 00:00,VIC1,123780.2022,150143.8089,1.213
D,CO2EII,PUBLISHING,1,2016,2,04/01/2016 00:00,NEM,485408.8404,431667.0309,0.8893
D,CO2EII,PUBLISHING,1,2016,2,04/01/2016 00:00,NSW1,144281.2601,124782.8384,0.8649
D,CO2EII,PUBLISHING,1,2016,2,04/01/2016 00:00,QLD1,149247.324,130654.9116,0.8754
D,CO2EII,PUBLISHING,1,2016,2,04/01/2016 00:00,SA1,31403.16003,11943.41776,0.3803
D,CO2EII,PUBLISHING,1,2016,2,04/01/2016 00:00,TAS1,27357.8133,571.4178794,0.0209
D,CO2EII,PUBLISHING,1,2016,2,04/01/2016 00:00,VIC1,133119.283,163714.4452,1.2298
D,CO2EII,PUBLISHING,1,2016,2,05/01/2016 00:00,NEM,501270.7038,456415.2103,0.9105
D,CO2EII,PUBLISHING,1,2016,2,05/01/2016 00:00,NSW1,158734.4555,137288.9574,0.8649
D,CO2EII,PUBLISHING,1,2016,2,05/01/2016 00:00,QLD1,150785.4324,131699.7854,0.8734
D,CO2EII,PUBLISHING,1,2016,2,05/01/2016 00:00,SA1,25865.02391,14244.17535,0.5507
D,CO2EII,PUBLISHING,1,2016,2,05/01/2016 00:00,TAS1,26994.13593,507.1746423,0.0188
D,CO2EII,PUBLISHING,1,2016,2,05/01/2016 00:00,VIC1,138891.656,172675.1174,1.2432
D,CO2EII,PUBLISHING,1,2016,2,06/01/2016 00:00,NEM,500594.7099,443879.2532,0.8867
D,CO2EII,PUBLISHING,1,2016,2,06/01/2016 00:00,NSW1,160967.2982,139996.9777,0.8697
D,CO2EII,PUBLISHING,1,2016,2,06/01/2016 00:00,QLD1,151648.3693,131287.4671,0.8657
D,CO2EII,PUBLISHING,1,2016,2,06/01/2016 00:00,SA1,27771.96022,10928.48151,0.3935
D,CO2EII,PUBLISHING,1,2016,2,06/01/2016 00:00,TAS1,27267.86852,572.616033,0.021
D,CO2EII,PUBLISHING,1,2016,2,06/01/2016 00:00,VIC1,132939.2137,161093.7109,1.2118
D,CO2EII,PUBLISHING,1,2016,2,07/01/2016 00:00,NEM,494892.3144,433492.5374,0.8759
D,CO2EII,PUBLISHING,1,2016,2,07/01/2016 00:00,NSW1,164886.9007,145680.6638,0.8835
D,CO2EII,PUBLISHING,1,2016,2,07/01/2016 00:00,QLD1,148387.572,129986.1881,0.876
D,CO2EII,PUBLISHING,1,2016,2,07/01/2016 00:00,SA1,31190.70873,11528.39526,0.3696
D,CO2EII,PUBLISHING,1,2016,2,07/01/2016 00:00,TAS1,27371.42606,569.2356501,0.0208
D,CO2EII,PUBLISHING,1,2016,2,07/01/2016 00:00,VIC1,123055.7069,145728.0546,1.1842
D,CO2EII,PUBLISHING,1,2016,2,08/01/2016 00:00,NEM,491489.7581,440333.1806,0.8959
D,CO2EII,PUBLISHING,1,2016,2,08/01/2016 00:00,NSW1,168783.9736,150914.67,0.8941
D,CO2EII,PUBLISHING,1,2016,2,08/01/2016 00:00,QLD1,148250.9833,129696.7934,0.8748
D,CO2EII,PUBLISHING,1,2016,2,08/01/2016 00:00,SA1,25610.34053,12962.08351,0.5061
D,CO2EII,PUBLISHING,1,2016,2,08/01/2016 00:00,TAS1,26979.21474,1.75850991,0.0001
D,CO2EII,PUBLISHING,1,2016,2,08/01/2016 00:00,VIC1,121865.2459,146757.8752,1.2043
D,CO2EII,PUBLISHING,1,2016,2,09/01/2016 00:00,NEM,470872.5325,432006.9662,0.9175
D,CO2EII,PUBLISHING,1,2016,2,09/01/2016 00:00,NSW1,167401.1814,153018.1059,0.9141
D,CO2EII,PUBLISHING,1,2016,2,09/01/2016 00:00,QLD1,141919.1998,126294.8521,0.8899
D,CO2EII,PUBLISHING,1,2016,2,09/01/2016 00:00,SA1,24716.95265,14605.57642,0.5909
D,CO2EII,PUBLISHING,1,2016,2,09/01/2016 00:00,TAS1,27210.7195,1.68378175,0.0001
D,CO2EII,PUBLISHING,1,2016,2,09/01/2016 00:00,VIC1,109624.4791,138086.748,1.2596
D,CO2EII,PUBLISHING,1,2016,3,10/01/2016 00:00,NEM,483336.9798,443215.5437,0.917
D,CO2EII,PUBLISHING,1,2016,3,10/01/2016 00:00,NSW1,158640.4139,142479.5759,0.8981
D,CO2EII,PUBLISHING,1,2016,3,10/01/2016 00:00,QLD1,147710.8671,131421.2339,0.8897
D,CO2EII,PUBLISHING,1,2016,3,10/01/2016 00:00,SA1,28707.04062,16647.91944,0.5799
D,CO2EII,PUBLISHING,1,2016,3,10/01/2016 00:00,TAS1,26625.22256,1.76094945,0.0001
D,CO2EII,PUBLISHING,1,2016,3,10/01/2016 00:00,VIC1,121653.4356,152665.0535,1.2549
D,CO2EII,PUBLISHING,1,2016,3,11/01/2016 00:00,NEM,576781.1083,501723.787,0.8699
D,CO2EII,PUBLISHING,1,2016,3,11/01/2016 00:00,NSW1,187534.4676,154770.6944,0.8253
D,CO2EII,PUBLISHING,1,2016,3,11/01/2016 00:00,QLD1,166073.4624,144848.8456,0.8722
D,CO2EII,PUBLISHING,1,2016,3,11/01/2016 00:00,SA1,35770.7913,19692.89984,0.5505
D,CO2EII,PUBLISHING,1,2016,3,11/01/2016 00:00,TAS1,27652.04693,801.7166084,0.029
D,CO2EII,PUBLISHING,1,2016,3,11/01/2016 00:00,VIC1,159750.3401,181609.6305,1.1368
D,CO2EII,PUBLISHING,1,2016,3,12/01/2016 00:00,NEM,582602.9345,510169.2816,0.8757
D,CO2EII,PUBLISHING,1,2016,3,12/01/2016 00:00,NSW1,191843.0002,161073.3819,0.8396
D,CO2EII,PUBLISHING,1,2016,3,12/01/2016 00:00,QLD1,167433.0573,144943.494,0.8657
D,CO2EII,PUBLISHING,1,2016,3,12/01/2016 00:00,SA1,38563.55497,26600.40752,0.6898
D,CO2EII,PUBLISHING,1,2016,3,12/01/2016 00:00,TAS1,27331.66329,1203.744535,0.044
D,CO2EII,PUBLISHING,1,2016,3,12/01/2016 00:00,VIC1,157431.6588,176348.2536,1.1202
D,CO2EII,PUBLISHING,1,2016,3,13/01/2016 00:00,NEM,611103.3895,513282.7394,0.8399
D,CO2EII,PUBLISHING,1,2016,3,13/01/2016 00:00,NSW1,198686.2816,170525.2245,0.8583
D,CO2EII,PUBLISHING,1,2016,3,13/01/2016 00:00,QLD1,169391.7812,146910.786,0.8673
D,CO2EII,PUBLISHING,1,2016,3,13/01/2016 00:00,SA1,42347.51989,19032.04629,0.4494
D,CO2EII,PUBLISHING,1,2016,3,13/01/2016 00:00,TAS1,27885.65227,1071.865864,0.0384
D,CO2EII,PUBLISHING,1,2016,3,13/01/2016 00:00,VIC1,172792.1546,175742.8167,1.0171
D,CO2EII,PUBLISHING,1,2016,3,14/01/2016 00:00,NEM,563763.8894,475938.9447,0.8442
D,CO2EII,PUBLISHING,1,2016,3,14/01/2016 00:00,NSW1,199843.5829,161109.8535,0.8062
D,CO2EII,PUBLISHING,1,2016,3,14/01/2016 00:00,QLD1,167266.3125,144505.0169,0.8639
D,CO2EII,PUBLISHING,1,2016,3,14/01/2016 00:00,SA1,33932.57321,11605.6321,0.342
D,CO2EII,PUBLISHING,1,2016,3,14/01/2016 00:00,TAS1,27296.95275,1224.102554,0.0448
D,CO2EII,PUBLISHING,1,2016,3,14/01/2016 00:00,VIC1,135424.4681,157494.3397,1.163
D,CO2EII,PUBLISHING,1,2016,3,15/01/2016 00:00,NEM,510099.8198,446253.2102,0.8748
D,CO2EII,PUBLISHING,1,2016,3,15/01/2016 00:00,NSW1,159522.0673,139988.5578,0.8775
D,CO2EII,PUBLISHING,1,2016,3,15/01/2016 00:00,QLD1,163019.6709,141108.0448,0.8656
D,CO2EII,PUBLISHING,1,2016,3,15/01/2016 00:00,SA1,35402.70358,12550.08345,0.3545
D,CO2EII,PUBLISHING,1,2016,3,15/01/2016 00:00,TAS1,26641.3113,286.2923539,0.0107
D,CO2EII,PUBLISHING,1,2016,3,15/01/2016 00:00,VIC1,125514.0667,152320.2317,1.2136
D,CO2EII,PUBLISHING,1,2016,3,16/01/2016 00:00,NEM,459073.6561,420544.6377,0.9161
D,CO2EII,PUBLISHING,1,2016,3,16/01/2016 00:00,NSW1,131445.3318,117750.6118,0.8958
D,CO2EII,PUBLISHING,1,2016,3,16/01/2016 00:00,QLD1,149032.6067,132655.8459,0.8901
D,CO2EII,PUBLISHING,1,2016,3,16/01/2016 00:00,SA1,32412.12392,17135.36246,0.5287
D,CO2EII,PUBLISHING,1,2016,3,16/01/2016 00:00,TAS1,26867.69726,1.79270519,0.0001
D,CO2EII,PUBLISHING,1,2016,3,16/01/2016 00:00,VIC1,119315.8965,153001.0249,1.2823
D,CO2EII,PUBLISHING,1,2016,4,17/01/2016 00:00,NEM,467176.4866,438387.9701,0.9384
D,CO2EII,PUBLISHING,1,2016,4,17/01/2016 00:00,NSW1,131130.888,119295.0404,0.9097
D,CO2EII,PUBLISHING,1,2016,4,17/01/2016 00:00,QLD1,150969.2141,133320.2529,0.8831
D,CO2EII,PUBLISHING,1,2016,4,17/01/2016 00:00,SA1,28691.05559,19984.82145,0.6966
D,CO2EII,PUBLISHING,1,2016,4,17/01/2016 00:00,TAS1,26686.77198,1.79162317,0.0001
D,CO2EII,PUBLISHING,1,2016,4,17/01/2016 00:00,VIC1,129698.5569,165786.0637,1.2782
D,CO2EII,PUBLISHING,1,2016,4,18/01/2016 00:00,NEM,548491.1927,496142.5805,0.9046
D,CO2EII,PUBLISHING,1,2016,4,18/01/2016 00:00,NSW1,168430.0787,155202.7103,0.9215
D,CO2EII,PUBLISHING,1,2016,4,18/01/2016 00:00,QLD1,157558.2946,137806.2669,0.8746
D,CO2EII,PUBLISHING,1,2016,4,18/01/2016 00:00,SA1,35404.92262,23561.50347,0.6655
D,CO2EII,PUBLISHING,1,2016,4,18/01/2016 00:00,TAS1,27715.15604,931.0716041,0.0336
D,CO2EII,PUBLISHING,1,2016,4,18/01/2016 00:00,VIC1,159382.7408,178641.0283,1.1208
D,CO2EII,PUBLISHING,1,2016,4,19/01/2016 00:00,NEM,574585.1166,519976.1676,0.905
D,CO2EII,PUBLISHING,1,2016,4,19/01/2016 00:00,NSW1,194309.6974,174870.5271,0.9
D,CO2EII,PUBLISHING,1,2016,4,19/01/2016 00:00,QLD1,157302.5673,137420.3551,0.8736
D,CO2EII,PUBLISHING,1,2016,4,19/01/2016 00:00,SA1,39162.46746,24978.77932,0.6378
D,CO2EII,PUBLISHING,1,2016,4,19/01/2016 00:00,TAS1,27745.33071,2182.893171,0.0787
D,CO2EII,PUBLISHING,1,2016,4,19/01/2016 00:00,VIC1,156065.0537,180523.6129,1.1567
D,CO2EII,PUBLISHING,1,2016,4,20/01/2016 00:00,NEM,595175.5796,521107.9494,0.8756
D,CO2EII,PUBLISHING,1,2016,4,20/01/2016 00:00,NSW1,207528.592,174309.9447,0.8399
D,CO2EII,PUBLISHING,1,2016,4,20/01/2016 00:00,QLD1,162320.3224,141982.987,0.8747
D,CO2EII,PUBLISHING,1,2016,4,20/01/2016 00:00,SA1,37476.51786,22381.39173,0.5972
D,CO2EII,PUBLISHING,1,2016,4,20/01/2016 00:00,TAS1,29827.79199,3562.008726,0.1194
D,CO2EII,PUBLISHING,1,2016,4,20/01/2016 00:00,VIC1,158022.3553,178871.6173,1.1319
D,CO2EII,PUBLISHING,1,2016,4,21/01/2016 00:00,NEM,598533.4996,538842.4663,0.9003
D,CO2EII,PUBLISHING,1,2016,4,21/01/2016 00:00,NSW1,208538.6913,178302.278,0.855
D,CO2EII,PUBLISHING,1,2016,4,21/01/2016 00:00,QLD1,170878.7998,148210.8387,0.8673
D,CO2EII,PUBLISHING,1,2016,4,21/01/2016 00:00,SA1,34230.94608,25271.21427,0.7383
D,CO2EII,PUBLISHING,1,2016,4,21/01/2016 00:00,TAS1,29772.75451,4278.911213,0.1437
D,CO2EII,PUBLISHING,1,2016,4,21/01/2016 00:00,VIC1,155112.308,182779.2241,1.1784
D,CO2EII,PUBLISHING,1,2016,4,22/01/2016 00:00,NEM,564865.0587,517512.4008,0.9162
D,CO2EII,PUBLISHING,1,2016,4,22/01/2016 00:00,NSW1,192065.805,172115.0297,0.8961
D,CO2EII,PUBLISHING,1,2016,4,22/01/2016 00:00,QLD1,166756.6526,144767.2394,0.8681
D,CO2EII,PUBLISHING,1,2016,4,22/01/2016 00:00,SA1,27848.32525,19303.85478,0.6932
D,CO2EII,PUBLISHING,1,2016,4,22/01/2016 00:00,TAS1,29995.06659,4147.439545,0.1383
D,CO2EII,PUBLISHING,1,2016,4,22/01/2016 00:00,VIC1,148199.2092,177178.8373,1.1955
D,CO2EII,PUBLISHING,1,2016,4,23/01/2016 00:00,NEM,500149.6634,473389.4948,0.9465
D,CO2EII,PUBLISHING,1,2016,4,23/01/2016 00:00,NSW1,164566.3357,149385.9659,0.9078
D,CO2EII,PUBLISHING,1,2016,4,23/01/2016 00:00,QLD1,153296.4738,135315.7832,0.8827
D,CO2EII,PUBLISHING,1,2016,4,23/01/2016 00:00,SA1,24138.30894,17441.11196,0.7225
D,CO2EII,PUBLISHING,1,2016,4,23/01/2016 00:00,TAS1,28905.65046,4195.385569,0.1451
D,CO2EII,PUBLISHING,1,2016,4,23/01/2016 00:00,VIC1,129242.8945,167051.2482,1.2925
D,CO2EII,PUBLISHING,1,2016,5,24/01/2016 00:00,NEM,474076.566,448257.678,0.9455
D,CO2EII,PUBLISHING,1,2016,5,24/01/2016 00:00,NSW1,142785.8531,130923.1464,0.9169
D,CO2EII,PUBLISHING,1,2016,5,24/01/2016 00:00,QLD1,150511.4616,133325.9564,0.8858
D,CO2EII,PUBLISHING,1,2016,5,24/01/2016 00:00,SA1,25957.58976,17028.30151,0.656
D,CO2EII,PUBLISHING,1,2016,5,24/01/2016 00:00,TAS1,28899.04351,4153.855634,0.1437
D,CO2EII,PUBLISHING,1,2016,5,24/01/2016 00:00,VIC1,125922.6181,162826.418,1.2931
D,CO2EII,PUBLISHING,1,2016,5,25/01/2016 00:00,NEM,520627.9471,474882.4162,0.9121
D,CO2EII,PUBLISHING,1,2016,5,25/01/2016 00:00,NSW1,166410.6944,149469.4547,0.8982
D,CO2EII,PUBLISHING,1,2016,5,25/01/2016 00:00,QLD1,159082.5751,138079.2947,0.868
D,CO2EII,PUBLISHING,1,2016,5,25/01/2016 00:00,SA1,29984.89801,16852.63465,0.562
D,CO2EII,PUBLISHING,1,2016,5,25/01/2016 00:00,TAS1,29895.75963,4227.270036,0.1414
D,CO2EII,PUBLISHING,1,2016,5,25/01/2016 00:00,VIC1,135254.0199,166253.7621,1.2292
D,CO2EII,PUBLISHING,1,2016,5,26/01/2016 00:00,NEM,487264.3656,447884.2702,0.9192
D,CO2EII,PUBLISHING,1,2016,5,26/01/2016 00:00,NSW1,151583.6784,137561.8607,0.9075
D,CO2EII,PUBLISHING,1,2016,5,26/01/2016 00:00,QLD1,147767.916,129389.8841,0.8756
D,CO2EII,PUBLISHING,1,2016,5,26/01/2016 00:00,SA1,29949.14893,17286.0441,0.5772
D,CO2EII,PUBLISHING,1,2016,5,26/01/2016 00:00,TAS1,29266.59629,4254.716318,0.1454
D,CO2EII,PUBLISHING,1,2016,5,26/01/2016 00:00,VIC1,128697.026,159391.7651,1.2385
D,CO2EII,PUBLISHING,1,2016,5,27/01/2016 00:00,NEM,539851.2376,492018.9975,0.9114
D,CO2EII,PUBLISHING,1,2016,5,27/01/2016 00:00,NSW1,171996.6215,158165.6627,0.9196
D,CO2EII,PUBLISHING,1,2016,5,27/01/2016 00:00,QLD1,158472.2083,137887.8443,0.8701
D,CO2EII,PUBLISHING,1,2016,5,27/01/2016 00:00,SA1,30110.88322,18446.69543,0.6126
D,CO2EII,PUBLISHING,1,2016,5,27/01/2016 00:00,TAS1,29443.60919,4226.263923,0.1435
D,CO2EII,PUBLISHING,1,2016,5,27/01/2016 00:00,VIC1,149827.9154,173292.5312,1.1566
D,CO2EII,PUBLISHING,1,2016,5,28/01/2016 00:00,NEM,550613.7994,500734.0533,0.9094
D,CO2EII,PUBLISHING,1,2016,5,28/01/2016 00:00,NSW1,181388.5764,167507.5666,0.9235
D,CO2EII,PUBLISHING,1,2016,5,28/01/2016 00:00,QLD1,159434.9469,139071.9143,0.8723
D,CO2EII,PUBLISHING,1,2016,5,28/01/2016 00:00,SA1,35245.78059,16397.92964,0.4652
D,CO2EII,PUBLISHING,1,2016,5,28/01/2016 00:00,TAS1,28873.71934,4123.970714,0.1428
D,CO2EII,PUBLISHING,1,2016,5,28/01/2016 00:00,VIC1,145670.7761,173632.6721,1.192
D,CO2EII,PUBLISHING,1,2016,5,29/01/2016 00:00,NEM,549607.2782,499059.9314,0.908
D,CO2EII,PUBLISHING,1,2016,5,29/01/2016 00:00,NSW1,181313.6731,168056.6688,0.9269
D,CO2EII,PUBLISHING,1,2016,5,29/01/2016 00:00,QLD1,170900.8343,148255.0837,0.8675
D,CO2EII,PUBLISHING,1,2016,5,29/01/2016 00:00,SA1,36501.148,16087.17928,0.4407
D,CO2EII,PUBLISHING,1,2016,5,29/01/2016 00:00,TAS1,28811.75715,4057.815682,0.1408
D,CO2EII,PUBLISHING,1,2016,5,29/01/2016 00:00,VIC1,132079.8657,162603.184,1.2311
D,CO2EII,PUBLISHING,1,2016,5,30/01/2016 00:00,NEM,491791.073,461578.3543,0.9386
D,CO2EII,PUBLISHING,1,2016,5,30/01/2016 00:00,NSW1,157327.0858,145318.3037,0.9237
D,CO2EII,PUBLISHING,1,2016,5,30/01/2016 00:00,QLD1,156112.535,136097.3164,0.8718
D,CO2EII,PUBLISHING,1,2016,5,30/01/2016 00:00,SA1,31442.33999,16608.49284,0.5282
D,CO2EII,PUBLISHING,1,2016,5,30/01/2016 00:00,TAS1,27434.76246,4161.992071,0.1517
D,CO2EII,PUBLISHING,1,2016,5,30/01/2016 00:00,VIC1,119474.3498,159392.2493,1.3341
D,CO2EII,PUBLISHING,1,2016,6,31/01/2016 00:00,NEM,481694.0308,448281.283,0.9306
D,CO2EII,PUBLISHING,1,2016,6,31/01/2016 00:00,NSW1,153892.7772,140581.9577,0.9135
D,CO2EII,PUBLISHING,1,2016,6,31/01/2016 00:00,QLD1,153874.915,134364.0194,0.8732
D,CO2EII,PUBLISHING,1,2016,6,31/01/2016 00:00,SA1,27849.88835,16328.33881,0.5863
D,CO2EII,PUBLISHING,1,2016,6,31/01/2016 00:00,TAS1,28011.73062,3978.74462,0.142
D,CO2EII,PUBLISHING,1,2016,6,31/01/2016 00:00,VIC1,118064.7198,153028.2224,1.2961
D,CO2EII,PUBLISHING,1,2016,6,01/02/2016 00:00,NEM,545243.854,502247.9608,0.9211
D,CO2EII,PUBLISHING,1,2016,6,01/02/2016 00:00,NSW1,179308.6067,166256.2766,0.9272
D,CO2EII,PUBLISHING,1,2016,6,01/02/2016 00:00,QLD1,174781.3426,151350.8259,0.8659
D,CO2EII,PUBLISHING,1,2016,6,01/02/2016 00:00,SA1,27623.81842,18965.28992,0.6866
D,CO2EII,PUBLISHING,1,2016,6,01/02/2016 00:00,TAS1,28980.97113,3805.020267,0.1313
D,CO2EII,PUBLISHING,1,2016,6,01/02/2016 00:00,VIC1,134549.1151,161870.5482,1.2031
D,CO2EII,PUBLISHING,1,2016,6,02/02/2016 00:00,NEM,564146.9663,502454.0557,0.8906
D,CO2EII,PUBLISHING,1,2016,6,02/02/2016 00:00,NSW1,180465.7616,164340.864,0.9106
D,CO2EII,PUBLISHING,1,2016,6,02/02/2016 00:00,QLD1,180660.8578,155897.8342,0.8629
D,CO2EII,PUBLISHING,1,2016,6,02/02/2016 00:00,SA1,40903.93014,16952.73989,0.4145
D,CO2EII,PUBLISHING,1,2016,6,02/02/2016 00:00,TAS1,29227.70628,3770.267219,0.129
D,CO2EII,PUBLISHING,1,2016,6,02/02/2016 00:00,VIC1,132888.7104,161492.3504,1.2152
D,CO2EII,PUBLISHING,1,2016,6,03/02/2016 00:00,NEM,555890.473,494549.4577,0.8897
D,CO2EII,PUBLISHING,1,2016,6,03/02/2016 00:00,NSW1,183052.2451,166329.5547,0.9086
D,CO2EII,PUBLISHING,1,2016,6,03/02/2016 00:00,QLD1,172307.0796,148866.4262,0.864
D,CO2EII,PUBLISHING,1,2016,6,03/02/2016 00:00,SA1,36412.4983,15754.75349,0.4327
D,CO2EII,PUBLISHING,1,2016,6,03/02/2016 00:00,TAS1,29176.07412,3755.887821,0.1287
D,CO2EII,PUBLISHING,1,2016,6,03/02/2016 00:00,VIC1,134942.5759,159842.8355,1.1845
D,CO2EII,PUBLISHING,1,2016,6,04/02/2016 00:00,NEM,527654.6476,477806.8431,0.9055
D,CO2EII,PUBLISHING,1,2016,6,04/02/2016 00:00,NSW1,166303.8303,152230.1437,0.9154
D,CO2EII,PUBLISHING,1,2016,6,04/02/2016 00:00,QLD1,160972.7229,140249.2897,0.8713
D,CO2EII,PUBLISHING,1,2016,6,04/02/2016 00:00,SA1,37844.09704,15676.90871,0.4142
D,CO2EII,PUBLISHING,1,2016,6,04/02/2016 00:00,TAS1,29143.82824,3923.76313,0.1346
D,CO2EII,PUBLISHING,1,2016,6,04/02/2016 00:00,VIC1,133390.1691,165726.7379,1.2424
D,CO2EII,PUBLISHING,1,2016,6,05/02/2016 00:00,NEM,517671.8374,476666.113,0.9208
D,CO2EII,PUBLISHING,1,2016,6,05/02/2016 00:00,NSW1,169102.1515,153106.0265,0.9054
D,CO2EII,PUBLISHING,1,2016,6,05/02/2016 00:00,QLD1,151577.0559,132884.2209,0.8767
D,CO2EII,PUBLISHING,1,2016,6,05/02/2016 00:00,SA1,33249.96292,16338.67171,0.4914
D,CO2EII,PUBLISHING,1,2016,6,05/02/2016 00:00,TAS1,29185.93295,4117.512037,0.1411
D,CO2EII,PUBLISHING,1,2016,6,05/02/2016 00:00,VIC1,134556.7342,170219.6818,1.265
D,CO2EII,PUBLISHING,1,2016,6,06/02/2016 00:00,NEM,485963.9286,460392.3341,0.9474
D,CO2EII,PUBLISHING,1,2016,6,06/02/2016 00:00,NSW1,158546.6267,147764.9148,0.932
D,CO2EII,PUBLISHING,1,2016,6,06/02/2016 00:00,QLD1,138157.8273,121926.6912,0.8825
D,CO2EII,PUBLISHING,1,2016,6,06/02/2016 00:00,SA1,26206.20914,16475.14012,0.6287
D,CO2EII,PUBLISHING,1,2016,6,06/02/2016 00:00,TAS1,28177.80329,4072.631016,0.1445
D,CO2EII,PUBLISHING,1,2016,6,06/02/2016 00:00,VIC1,134875.4622,170152.9569,1.2616
D,CO2EII,PUBLISHING,1,2016,7,07/02/2016 00:00,NEM,483367.4858,462162.0213,0.9561
D,CO2EII,PUBLISHING,1,2016,7,07/02/2016 00:00,NSW1,161071.8757,152013.1141,0.9438
D,CO2EII,PUBLISHING,1,2016,7,07/02/2016 00:00,QLD1,138391.3953,123504.9856,0.8924
D,CO2EII,PUBLISHING,1,2016,7,07/02/2016 00:00,SA1,25193.06947,16263.366,0.6455
D,CO2EII,PUBLISHING,1,2016,7,07/02/2016 00:00,TAS1,27880.47943,3986.371027,0.143
D,CO2EII,PUBLISHING,1,2016,7,07/02/2016 00:00,VIC1,130830.666,166394.1846,1.2718
D,CO2EII,PUBLISHING,1,2016,7,08/02/2016 00:00,NEM,535467.7724,492849.7025,0.9204
D,CO2EII,PUBLISHING,1,2016,7,08/02/2016 00:00,NSW1,182848.9907,169142.2056,0.925
D,CO2EII,PUBLISHING,1,2016,7,08/02/2016 00:00,QLD1,152425.68,133923.6552,0.8786
D,CO2EII,PUBLISHING,1,2016,7,08/02/2016 00:00,SA1,28962.05246,16940.36703,0.5849
D,CO2EII,PUBLISHING,1,2016,7,08/02/2016 00:00,TAS1,28924.41745,4055.035487,0.1402
D,CO2EII,PUBLISHING,1,2016,7,08/02/2016 00:00,VIC1,142306.6318,168788.4392,1.1861
D,CO2EII,PUBLISHING,1,2016,7,09/02/2016 00:00,NEM,540070.5691,496536.1481,0.9194
D,CO2EII,PUBLISHING,1,2016,7,09/02/2016 00:00,NSW1,186328.2315,169836.9214,0.9115
D,CO2EII,PUBLISHING,1,2016,7,09/02/2016 00:00,QLD1,152119.0371,134145.8806,0.8818
D,CO2EII,PUBLISHING,1,2016,7,09/02/2016 00:00,SA1,32764.82325,19627.27969,0.599
D,CO2EII,PUBLISHING,1,2016,7,09/02/2016 00:00,TAS1,28595.95254,4064.498774,0.1421
D,CO2EII,PUBLISHING,1,2016,7,09/02/2016 00:00,VIC1,140262.5247,168861.5676,1.2039
D,CO2EII,PUBLISHING,1,2016,7,10/02/2016 00:00,NEM,545351.8276,502776.951,0.9219
D,CO2EII,PUBLISHING,1,2016,7,10/02/2016 00:00,NSW1,191768.9152,175308.1332,0.9142
D,CO2EII,PUBLISHING,1,2016,7,10/02/2016 00:00,QLD1,155416.9118,135760.4882,0.8735
D,CO2EII,PUBLISHING,1,2016,7,10/02/2016 00:00,SA1,29279.97696,19086.38341,0.6519
D,CO2EII,PUBLISHING,1,2016,7,10/02/2016 00:00,TAS1,28125.2418,4005.200419,0.1424
D,CO2EII,PUBLISHING,1,2016,7,10/02/2016 00:00,VIC1,140760.7819,168616.7459,1.1979
D,CO2EII,PUBLISHING,1,2016,7,11/02/2016 00:00,NEM,546186.0805,498551.6029,0.9128
D,CO2EII,PUBLISHING,1,2016,7,11/02/2016 00:00,NSW1,183429.6551,168207.1629,0.917
D,CO2EII,PUBLISHING,1,2016,7,11/02/2016 00:00,QLD1,159011.7139,138493.9601,0.871
D,CO2EII,PUBLISHING,1,2016,7,11/02/2016 00:00,SA1,32415.67828,17952.32392,0.5538
D,CO2EII,PUBLISHING,1,2016,7,11/02/2016 00:00,TAS1,28426.46633,4055.102744,0.1427
D,CO2EII,PUBLISHING,1,2016,7,11/02/2016 00:00,VIC1,142902.5669,169843.0532,1.1885
D,CO2EII,PUBLISHING,1,2016,7,12/02/2016 00:00,NEM,553949.8827,507939.4535,0.9169
D,CO2EII,PUBLISHING,1,2016,7,12/02/2016 00:00,NSW1,187514.4074,173557.5513,0.9256
D,CO2EII,PUBLISHING,1,2016,7,12/02/2016 00:00,QLD1,164541.2313,142269.1561,0.8646
D,CO2EII,PUBLISHING,1,2016,7,12/02/2016 00:00,SA1,27863.04238,20328.10637,0.7296
D,CO2EII,PUBLISHING,1,2016,7,12/02/2016 00:00,TAS1,28658.80982,4077.58294,0.1423
D,CO2EII,PUBLISHING,1,2016,7,12/02/2016 00:00,VIC1,145372.3919,167707.0567,1.1536
D,CO2EII,PUBLISHING,1,2016,7,13/02/2016 00:00,NEM,510615.7057,477251.2119,0.9347
D,CO2EII,PUBLISHING,1,2016,7,13/02/2016 00:00,NSW1,171116.2679,157461.316,0.9202
D,CO2EII,PUBLISHING,1,2016,7,13/02/2016 00:00,QLD1,154504.844,135112.8888,0.8745
D,CO2EII,PUBLISHING,1,2016,7,13/02/2016 00:00,SA1,25502.89053,16798.94268,0.6587
D,CO2EII,PUBLISHING,1,2016,7,13/02/2016 00:00,TAS1,28112.08538,4037.356776,0.1436
D,CO2EII,PUBLISHING,1,2016,7,13/02/2016 00:00,VIC1,131379.6179,163840.7076,1.2471
D,CO2EII,PUBLISHING,1,2016,8,14/02/2016 00:00,NEM,495607.3081,458122.7553,0.9244
D,CO2EII,PUBLISHING,1,2016,8,14/02/2016 00:00,NSW1,170851.7742,152151.2514,0.8905
D,CO2EII,PUBLISHING,1,2016,8,14/02/2016 00:00,QLD1,148357.922,129207.11,0.8709
D,CO2EII,PUBLISHING,1,2016,8,14/02/2016 00:00,SA1,22986.65694,14815.32899,0.6445
D,CO2EII,PUBLISHING,1,2016,8,14/02/2016 00:00,TAS1,28205.16902,4159.075887,0.1475
D,CO2EII,PUBLISHING,1,2016,8,14/02/2016 00:00,VIC1,125205.7859,157789.989,1.2602
D,CO2EII,PUBLISHING,1,2016,8,15/02/2016 00:00,NEM,556593.3656,500231.2077,0.8987
D,CO2EII,PUBLISHING,1,2016,8,15/02/2016 00:00,NSW1,198318.8816,173952.2562,0.8771
D,CO2EII,PUBLISHING,1,2016,8,15/02/2016 00:00,QLD1,165193.6564,143543.4343,0.8689
D,CO2EII,PUBLISHING,1,2016,8,15/02/2016 00:00,SA1,26465.32494,15777.09331,0.5961
D,CO2EII,PUBLISHING,1,2016,8,15/02/2016 00:00,TAS1,29491.33758,4085.541921,0.1385
D,CO2EII,PUBLISHING,1,2016,8,15/02/2016 00:00,VIC1,137124.1651,162872.8819,1.1878
D,CO2EII,PUBLISHING,1,2016,8,16/02/2016 00:00,NEM,543812.8797,490518.0239,0.902
D,CO2EII,PUBLISHING,1,2016,8,16/02/2016 00:00,NSW1,180686.0405,165754.6307,0.9174
D,CO2EII,PUBLISHING,1,2016,8,16/02/2016 00:00,QLD1,169676.9986,147229.8385,0.8677
D,CO2EII,PUBLISHING,1,2016,8,16/02/2016 00:00,SA1,28709.42554,16058.04006,0.5593
D,CO2EII,PUBLISHING,1,2016,8,16/02/2016 00:00,TAS1,29344.36411,4159.240348,0.1417
D,CO2EII,PUBLISHING,1,2016,8,16/02/2016 00:00,VIC1,135396.0509,157316.2743,1.1619
D,CO2EII,PUBLISHING,1,2016,8,17/02/2016 00:00,NEM,536131.2104,484091.7952,0.9029
D,CO2EII,PUBLISHING,1,2016,8,17/02/2016 00:00,NSW1,183144.8572,169127.1221,0.9235
D,CO2EII,PUBLISHING,1,2016,8,17/02/2016 00:00,QLD1,167784.6381,144640.2927,0.8621
D,CO2EII,PUBLISHING,1,2016,8,17/02/2016 00:00,SA1,27739.19167,15673.44872,0.565
D,CO2EII,PUBLISHING,1,2016,8,17/02/2016 00:00,TAS1,28534.9195,3918.423034,0.1373
D,CO2EII,PUBLISHING,1,2016,8,17/02/2016 00:00,VIC1,128927.6039,150732.5087,1.1691
D,CO2EII,PUBLISHING,1,2016,8,18/02/2016 00:00,NEM,549856.9187,504283.6739,0.9171
D,CO2EII,PUBLISHING,1,2016,8,18/02/2016 00:00,NSW1,192236.4656,179225.5186,0.9323
D,CO2EII,PUBLISHING,1,2016,8,18/02/2016 00:00,QLD1,171912.1535,148580.0985,0.8643
D,CO2EII,PUBLISHING,1,2016,8,18/02/2016 00:00,SA1,23885.31129,17965.77769,0.7522
D,CO2EII,PUBLISHING,1,2016,8,18/02/2016 00:00,TAS1,28470.06253,3839.543562,0.1349
D,CO2EII,PUBLISHING,1,2016,8,18/02/2016 00:00,VIC1,133352.9258,154672.7355,1.1599
D,CO2EII,PUBLISHING,1,2016,8,19/02/2016 00:00,NEM,567177.547,511248.4058,0.9014
D,CO2EII,PUBLISHING,1,2016,8,19/02/2016 00:00,NSW1,202777.2082,180973.9501,0.8925
D,CO2EII,PUBLISHING,1,2016,8,19/02/2016 00:00,QLD1,171598.5323,148344.1564,0.8645
D,CO2EII,PUBLISHING,1,2016,8,19/02/2016 00:00,SA1,27536.41043,17259.76087,0.6268
D,CO2EII,PUBLISHING,1,2016,8,19/02/2016 00:00,TAS1,28791.89581,4157.487518,0.1444
D,CO2EII,PUBLISHING,1,2016,8,19/02/2016 00:00,VIC1,136473.5002,160513.0509,1.1761
D,CO2EII,PUBLISHING,1,2016,8,20/02/2016 00:00,NEM,504901.5229,477545.089,0.9458
D,CO2EII,PUBLISHING,1,2016,8,20/02/2016 00:00,NSW1,167164.4999,161511.8278,0.9662
D,CO2EII,PUBLISHING,1,2016,8,20/02/2016 00:00,QLD1,157217.9357,137390.6867,0.8739
D,CO2EII,PUBLISHING,1,2016,8,20/02/2016 00:00,SA1,31097.54953,16023.62619,0.5153
D,CO2EII,PUBLISHING,1,2016,8,20/02/2016 00:00,TAS1,27972.61795,4166.422752,0.1489
D,CO2EII,PUBLISHING,1,2016,8,20/02/2016 00:00,VIC1,121448.9198,158452.5255,1.3047
D,CO2EII,PUBLISHING,1,2016,9,21/02/2016 00:00,NEM,494669.5605,470854.439,0.9519
D,CO2EII,PUBLISHING,1,2016,9,21/02/2016 00:00,NSW1,167754.0915,159247.9972,0.9493
D,CO2EII,PUBLISHING,1,2016,9,21/02/2016 00:00,QLD1,144805.0381,128416.7945,0.8868
D,CO2EII,PUBLISHING,1,2016,9,21/02/2016 00:00,SA1,31507.78021,18224.06316,0.5784
D,CO2EII,PUBLISHING,1,2016,9,21/02/2016 00:00,TAS1,27791.80904,4172.088757,0.1501
D,CO2EII,PUBLISHING,1,2016,9,21/02/2016 00:00,VIC1,122810.8416,160793.4954,1.3093
D,CO2EII,PUBLISHING,1,2016,9,22/02/2016 00:00,NEM,569967.9981,515435.5144,0.9043
D,CO2EII,PUBLISHING,1,2016,9,22/02/2016 00:00,NSW1,194576.0788,176525.4072,0.9072
D,CO2EII,PUBLISHING,1,2016,9,22/02/2016 00:00,QLD1,162988.4348,142211.1217,0.8725
D,CO2EII,PUBLISHING,1,2016,9,22/02/2016 00:00,SA1,39431.12414,25599.44458,0.6492
D,CO2EII,PUBLISHING,1,2016,9,22/02/2016 00:00,TAS1,28620.57875,4132.813009,0.1444
D,CO2EII,PUBLISHING,1,2016,9,22/02/2016 00:00,VIC1,144351.7815,166966.7279,1.1567
D,CO2EII,PUBLISHING,1,2016,9,23/02/2016 00:00,NEM,599854.0198,526309.5067,0.8774
D,CO2EII,PUBLISHING,1,2016,9,23/02/2016 00:00,NSW1,203808.4713,181156.6473,0.8889
D,CO2EII,PUBLISHING,1,2016,9,23/02/2016 00:00,QLD1,164380.1564,143485.8829,0.8729
D,CO2EII,PUBLISHING,1,2016,9,23/02/2016 00:00,SA1,41891.13077,25093.9874,0.599
D,CO2EII,PUBLISHING,1,2016,9,23/02/2016 00:00,TAS1,28593.80014,3970.628888,0.1389
D,CO2EII,PUBLISHING,1,2016,9,23/02/2016 00:00,VIC1,161180.4611,172602.3602,1.0709
D,CO2EII,PUBLISHING,1,2016,9,24/02/2016 00:00,NEM,595511.9813,533344.6946,0.8956
D,CO2EII,PUBLISHING,1,2016,9,24/02/2016 00:00,NSW1,215747.0727,188253.6302,0.8726
D,CO2EII,PUBLISHING,1,2016,9,24/02/2016 00:00,QLD1,161596.9008,140956.0531,0.8723
D,CO2EII,PUBLISHING,1,2016,9,24/02/2016 00:00,SA1,33303.71277,22964.90012,0.6896
D,CO2EII,PUBLISHING,1,2016,9,24/02/2016 00:00,TAS1,28576.60676,3967.701861,0.1388
D,CO2EII,PUBLISHING,1,2016,9,24/02/2016 00:00,VIC1,156287.6883,177202.4093,1.1338
D,CO2EII,PUBLISHING,1,2016,9,25/02/2016 00:00,NEM,594170.4485,524326.0425,0.8825
D,CO2EII,PUBLISHING,1,2016,9,25/02/2016 00:00,NSW1,224608.624,187790.527,0.8361
D,CO2EII,PUBLISHING,1,2016,9,25/02/2016 00:00,QLD1,163305.6448,143123.915,0.8764
D,CO2EII,PUBLISHING,1,2016,9,25/02/2016 00:00,SA1,31022.34949,17966.47562,0.5791
D,CO2EII,PUBLISHING,1,2016,9,25/02/2016 00:00,TAS1,28243.18387,3842.406703,0.136
D,CO2EII,PUBLISHING,1,2016,9,25/02/2016 00:00,VIC1,146990.6465,171602.7182,1.1674
D,CO2EII,PUBLISHING,1,2016,9,26/02/2016 00:00,NEM,549597.6888,496931.0435,0.9042
D,CO2EII,PUBLISHING,1,2016,9,26/02/2016 00:00,NSW1,190743.1789,171231.977,0.8977
D,CO2EII,PUBLISHING,1,2016,9,26/02/2016 00:00,QLD1,165103.0724,145149.8106,0.8791
D,CO2EII,PUBLISHING,1,2016,9,26/02/2016 00:00,SA1,25773.74611,16618.67692,0.6448
D,CO2EII,PUBLISHING,1,2016,9,26/02/2016 00:00,TAS1,28136.21395,4070.22718,0.1447
D,CO2EII,PUBLISHING,1,2016,9,26/02/2016 00:00,VIC1,139841.4774,159860.3518,1.1432
D,CO2EII,PUBLISHING,1,2016,9,27/02/2016 00:00,NEM,499423.5643,471695.7732,0.9445
D,CO2EII,PUBLISHING,1,2016,9,27/02/2016 00:00,NSW1,174626.6718,159145.4859,0.9113
D,CO2EII,PUBLISHING,1,2016,9,27/02/2016 00:00,QLD1,155473.6492,136624.5986,0.8788
D,CO2EII,PUBLISHING,1,2016,9,27/02/2016 00:00,SA1,26468.11049,16810.34312,0.6351
D,CO2EII,PUBLISHING,1,2016,9,27/02/2016 00:00,TAS1,26171.44618,4170.611108,0.1594
D,CO2EII,PUBLISHING,1,2016,9,27/02/2016 00:00,VIC1,116683.6866,154944.7344,1.3279
D,CO2EII,PUBLISHING,1,2016,10,28/02/2016 00:00,NEM,491829.473,469113.1209,0.9538
D,CO2EII,PUBLISHING,1,2016,10,28/02/2016 00:00,NSW1,168804.0588,158637.3485,0.9398
D,CO2EII,PUBLISHING,1,2016,10,28/02/2016 00:00,QLD1,152997.2442,135700.3479,0.8869
D,CO2EII,PUBLISHING,1,2016,10,28/02/2016 00:00,SA1,24912.75532,16101.95508,0.6463
D,CO2EII,PUBLISHING,1,2016,10,28/02/2016 00:00,TAS1,26830.49217,4172.872786,0.1555
D,CO2EII,PUBLISHING,1,2016,10,28/02/2016 00:00,VIC1,118284.9226,154500.5966,1.3062
D,CO2EII,PUBLISHING,1,2016,10,29/02/2016 00:00,NEM,546058.6523,502202.5905,0.9197
D,CO2EII,PUBLISHING,1,2016,10,29/02/2016 00:00,NSW1,188796.6107,170545.269,0.9033
D,CO2EII,PUBLISHING,1,2016,10,29/02/2016 00:00,QLD1,166221.9657,145444.274,0.875
D,CO2EII,PUBLISHING,1,2016,10,29/02/2016 00:00,SA1,24953.11219,17645.90616,0.7072
D,CO2EII,PUBLISHING,1,2016,10,29/02/2016 00:00,TAS1,26748.36578,4080.856192,0.1526
D,CO2EII,PUBLISHING,1,2016,10,29/02/2016 00:00,VIC1,139338.5979,164486.2851,1.1805
D,CO2EII,PUBLISHING,1,2016,10,01/03/2016 00:00,NEM,565533.9422,515569.139,0.9117
D,CO2EII,PUBLISHING,1,2016,10,01/03/2016 00:00,NSW1,196550.5421,177371.4271,0.9024
D,CO2EII,PUBLISHING,1,2016,10,01/03/2016 00:00,QLD1,162109.1356,142327.617,0.878
D,CO2EII,PUBLISHING,1,2016,10,01/03/2016 00:00,SA1,32081.9291,21446.01442,0.6685
D,CO2EII,PUBLISHING,1,2016,10,01/03/2016 00:00,TAS1,25908.14528,3850.397409,0.1486
D,CO2EII,PUBLISHING,1,2016,10,01/03/2016 00:00,VIC1,148884.1901,170573.6831,1.1457
D,CO2EII,PUBLISHING,1,2016,10,02/03/2016 00:00,NEM,577861.6538,525873.0182,0.91
D,CO2EII,PUBLISHING,1,2016,10,02/03/2016 00:00,NSW1,199200.6567,180922.7884,0.9082
D,CO2EII,PUBLISHING,1,2016,10,02/03/2016 00:00,QLD1,165754.6524,145134.6913,0.8756
D,CO2EII,PUBLISHING,1,2016,10,02/03/2016 00:00,SA1,31919.31031,21054.26564,0.6596
D,CO2EII,PUBLISHING,1,2016,10,02/03/2016 00:00,TAS1,27633.58706,3893.48195,0.1409
D,CO2EII,PUBLISHING,1,2016,10,02/03/2016 00:00,VIC1,153353.4472,174867.7909,1.1403
D,CO2EII,PUBLISHING,1,2016,10,03/03/2016 00:00,NEM,570355.0929,523759.7259,0.9183
D,CO2EII,PUBLISHING,1,2016,10,03/03/2016 00:00,NSW1,203795.0621,181707.8072,0.8916
D,CO2EII,PUBLISHING,1,2016,10,03/03/2016 00:00,QLD1,161225.9306,141441.7457,0.8773
D,CO2EII,PUBLISHING,1,2016,10,03/03/2016 00:00,SA1,29795.65794,18899.88857,0.6343
D,CO2EII,PUBLISHING,1,2016,10,03/03/2016 00:00,TAS1,27745.69067,4137.186131,0.1491
D,CO2EII,PUBLISHING,1,2016,10,03/03/2016 00:00,VIC1,147792.7516,177573.0983,1.2015
D,CO2EII,PUBLISHING,1,2016,10,04/03/2016 00:00,NEM,570423.1654,525670.1875,0.9215
D,CO2EII,PUBLISHING,1,2016,10,04/03/2016 00:00,NSW1,193316.1298,174704.9543,0.9037
D,CO2EII,PUBLISHING,1,2016,10,04/03/2016 00:00,QLD1,160262.8896,140934.2487,0.8794
D,CO2EII,PUBLISHING,1,2016,10,04/03/2016 00:00,SA1,31249.33916,21287.35354,0.6812
D,CO2EII,PUBLISHING,1,2016,10,04/03/2016 00:00,TAS1,26889.79091,4131.754865,0.1537
D,CO2EII,PUBLISHING,1,2016,10,04/03/2016 00:00,VIC1,158705.0159,184611.8761,1.1632
D,CO2EII,PUBLISHING,1,2016,10,05/03/2016 00:00,NEM,509641.3473,485569.7461,0.9528
D,CO2EII,PUBLISHING,1,2016,10,05/03/2016 00:00,NSW1,173447.7541,159169.7527,0.9177
D,CO2EII,PUBLISHING,1,2016,10,05/03/2016 00:00,QLD1,144945.049,129198.1503,0.8914
D,CO2EII,PUBLISHING,1,2016,10,05/03/2016 00:00,SA1,34948.12567,20883.73331,0.5976
D,CO2EII,PUBLISHING,1,2016,10,05/03/2016 00:00,TAS1,25804.08168,4151.703839,0.1609
D,CO2EII,PUBLISHING,1,2016,10,05/03/2016 00:00,VIC1,130496.3369,172166.4059,1.3193
D,CO2EII,PUBLISHING,1,2016,11,06/03/2016 00:00,NEM,500095.0683,470803.4179,0.9414
D,CO2EII,PUBLISHING,1,2016,11,06/03/2016 00:00,NSW1,166418.9028,151404.4464,0.9098
D,CO2EII,PUBLISHING,1,2016,11,06/03/2016 00:00,QLD1,148420.2202,133149.6976,0.8971
D,CO2EII,PUBLISHING,1,2016,11,06/03/2016 00:00,SA1,35348.27905,21848.14995,0.6181
D,CO2EII,PUBLISHING,1,2016,11,06/03/2016 00:00,TAS1,24869.75178,4133.55675,0.1662
D,CO2EII,PUBLISHING,1,2016,11,06/03/2016 00:00,VIC1,125037.9145,160267.5672,1.2818
D,CO2EII,PUBLISHING,1,2016,11,07/03/2016 00:00,NEM,557966.2661,496569.8513,0.89
D,CO2EII,PUBLISHING,1,2016,11,07/03/2016 00:00,NSW1,192163.3563,169185.0424,0.8804
D,CO2EII,PUBLISHING,1,2016,11,07/03/2016 00:00,QLD1,159039.3234,140306.8788,0.8822
D,CO2EII,PUBLISHING,1,2016,11,07/03/2016 00:00,SA1,42281.31258,22153.57485,0.524
D,CO2EII,PUBLISHING,1,2016,11,07/03/2016 00:00,TAS1,25740.76683,4026.30841,0.1564
D,CO2EII,PUBLISHING,1,2016,11,07/03/2016 00:00,VIC1,138741.5069,160898.0469,1.1597
D,CO2EII,PUBLISHING,1,2016,11,08/03/2016 00:00,NEM,595206.8911,524039.7238,0.8804
D,CO2EII,PUBLISHING,1,2016,11,08/03/2016 00:00,NSW1,201831.8514,175092.1011,0.8675
D,CO2EII,PUBLISHING,1,2016,11,08/03/2016 00:00,QLD1,165186.8206,144737.7054,0.8762
D,CO2EII,PUBLISHING,1,2016,11,08/03/2016 00:00,SA1,43111.12212,26667.18204,0.6186
D,CO2EII,PUBLISHING,1,2016,11,08/03/2016 00:00,TAS1,25583.41116,3814.568384,0.1491
D,CO2EII,PUBLISHING,1,2016,11,08/03/2016 00:00,VIC1,159493.6858,173728.1669,1.0892
D,CO2EII,PUBLISHING,1,2016,11,09/03/2016 00:00,NEM,594873.8099,525184.0754,0.8828
D,CO2EII,PUBLISHING,1,2016,11,09/03/2016 00:00,NSW1,210351.6693,179236.4931,0.8521
D,CO2EII,PUBLISHING,1,2016,11,09/03/2016 00:00,QLD1,166412.1054,145665.8719,0.8753
D,CO2EII,PUBLISHING,1,2016,11,09/03/2016 00:00,SA1,35022.3709,24425.67471,0.6974
D,CO2EII,PUBLISHING,1,2016,11,09/03/2016 00:00,TAS1,25732.67824,4037.548751,0.1569
D,CO2EII,PUBLISHING,1,2016,11,09/03/2016 00:00,VIC1,157354.9861,171818.4869,1.0919
D,CO2EII,PUBLISHING,1,2016,11,10/03/2016 00:00,NEM,568519.2101,522837.9203,0.9196
D,CO2EII,PUBLISHING,1,2016,11,10/03/2016 00:00,NSW1,196900.946,174697.0797,0.8872
D,CO2EII,PUBLISHING,1,2016,11,10/03/2016 00:00,QLD1,164481.2164,144303.8674,0.8773
D,CO2EII,PUBLISHING,1,2016,11,10/03/2016 00:00,SA1,33546.54699,21529.64211,0.6418
D,CO2EII,PUBLISHING,1,2016,11,10/03/2016 00:00,TAS1,25633.28146,4045.638456,0.1578
D,CO2EII,PUBLISHING,1,2016,11,10/03/2016 00:00,VIC1,147957.2193,178261.6926,1.2048
D,CO2EII,PUBLISHING,1,2016,11,11/03/2016 00:00,NEM,565804.8026,519686.6657,0.9185
D,CO2EII,PUBLISHING,1,2016,11,11/03/2016 00:00,NSW1,188205.4927,168615.124,0.8959
D,CO2EII,PUBLISHING,1,2016,11,11/03/2016 00:00,QLD1,165968.8231,146097.0212,0.8803
D,CO2EII,PUBLISHING,1,2016,11,11/03/2016 00:00,SA1,33192.41945,24550.75378,0.7396
D,CO2EII,PUBLISHING,1,2016,11,11/03/2016 00:00,TAS1,25739.7014,4137.0384,0.1607
D,CO2EII,PUBLISHING,1,2016,11,11/03/2016 00:00,VIC1,152698.3659,176286.7283,1.1545
D,CO2EII,PUBLISHING,1,2016,11,12/03/2016 00:00,NEM,510904.5343,489030.1792,0.9572
D,CO2EII,PUBLISHING,1,2016,11,12/03/2016 00:00,NSW1,170070.2594,156267.1351,0.9188
D,CO2EII,PUBLISHING,1,2016,11,12/03/2016 00:00,QLD1,151084.9812,133650.1865,0.8846
D,CO2EII,PUBLISHING,1,2016,11,12/03/2016 00:00,SA1,28939.14701,18377.85364,0.6351
D,CO2EII,PUBLISHING,1,2016,11,12/03/2016 00:00,TAS1,25391.40353,4266.280707,0.168
D,CO2EII,PUBLISHING,1,2016,11,12/03/2016 00:00,VIC1,135418.7433,176468.7233,1.3031
D,CO2EII,PUBLISHING,1,2016,12,13/03/2016 00:00,NEM,495798.5532,478261.7429,0.9646
D,CO2EII,PUBLISHING,1,2016,12,13/03/2016 00:00,NSW1,158976.5523,145984.5517,0.9183
D,CO2EII,PUBLISHING,1,2016,12,13/03/2016 00:00,QLD1,151801.4265,135521.6789,0.8928
D,CO2EII,PUBLISHING,1,2016,12,13/03/2016 00:00,SA1,28074.85911,18183.56279,0.6477
D,CO2EII,PUBLISHING,1,2016,12,13/03/2016 00:00,TAS1,25614.39583,4330.514191,0.1691
D,CO2EII,PUBLISHING,1,2016,12,13/03/2016 00:00,VIC1,131331.3194,174241.4353,1.3267
D,CO2EII,PUBLISHING,1,2016,12,14/03/2016 00:00,NEM,524851.3589,478311.8076,0.9113
D,CO2EII,PUBLISHING,1,2016,12,14/03/2016 00:00,NSW1,178509.2066,155669.2807,0.8721
D,CO2EII,PUBLISHING,1,2016,12,14/03/2016 00:00,QLD1,161997.7698,141845.1114,0.8756
D,CO2EII,PUBLISHING,1,2016,12,14/03/2016 00:00,SA1,29396.32242,14367.52996,0.4888
D,CO2EII,PUBLISHING,1,2016,12,14/03/2016 00:00,TAS1,25880.17603,4382.126227,0.1693
D,CO2EII,PUBLISHING,1,2016,12,14/03/2016 00:00,VIC1,129067.884,162047.7593,1.2555
D,CO2EII,PUBLISHING,1,2016,12,15/03/2016 00:00,NEM,535073.044,480291.3774,0.8976
D,CO2EII,PUBLISHING,1,2016,12,15/03/2016 00:00,NSW1,175571.7958,151374.0003,0.8622
D,CO2EII,PUBLISHING,1,2016,12,15/03/2016 00:00,QLD1,159836.5724,139466.5485,0.8726
D,CO2EII,PUBLISHING,1,2016,12,15/03/2016 00:00,SA1,31345.68411,16651.0319,0.5312
D,CO2EII,PUBLISHING,1,2016,12,15/03/2016 00:00,TAS1,27123.01774,4364.485393,0.1609
D,CO2EII,PUBLISHING,1,2016,12,15/03/2016 00:00,VIC1,141195.9739,168435.3112,1.1929
D,CO2EII,PUBLISHING,1,2016,12,16/03/2016 00:00,NEM,544991.4191,491532.7364,0.9019
D,CO2EII,PUBLISHING,1,2016,12,16/03/2016 00:00,NSW1,173447.0575,150401.3482,0.8671
D,CO2EII,PUBLISHING,1,2016,12,16/03/2016 00:00,QLD1,159753.0594,139962.8253,0.8761
D,CO2EII,PUBLISHING,1,2016,12,16/03/2016 00:00,SA1,31992.6988,21316.67626,0.6663
D,CO2EII,PUBLISHING,1,2016,12,16/03/2016 00:00,TAS1,26816.87591,4344.674078,0.162
D,CO2EII,PUBLISHING,1,2016,12,16/03/2016 00:00,VIC1,152981.7275,175507.2126,1.1472
D,CO2EII,PUBLISHING,1,2016,12,17/03/2016 00:00,NEM,556481.8043,487023.013,0.8752
D,CO2EII,PUBLISHING,1,2016,12,17/03/2016 00:00,NSW1,174000.516,151418.9387,0.8702
D,CO2EII,PUBLISHING,1,2016,12,17/03/2016 00:00,QLD1,159905.2217,138715.8846,0.8675
D,CO2EII,PUBLISHING,1,2016,12,17/03/2016 00:00,SA1,39192.09295,22533.41693,0.5749
D,CO2EII,PUBLISHING,1,2016,12,17/03/2016 00:00,TAS1,25922.94896,4260.905613,0.1644
D,CO2EII,PUBLISHING,1,2016,12,17/03/2016 00:00,VIC1,157461.0248,170093.8672,1.0802
D,CO2EII,PUBLISHING,1,2016,12,18/03/2016 00:00,NEM,524160.64,440244.1026,0.8399
D,CO2EII,PUBLISHING,1,2016,12,18/03/2016 00:00,NSW1,175634.6017,144140.1109,0.8207
D,CO2EII,PUBLISHING,1,2016,12,18/03/2016 00:00,QLD1,156118.3796,135237.932,0.8663
D,CO2EII,PUBLISHING,1,2016,12,18/03/2016 00:00,SA1,34324.92764,12630.94077,0.368
D,CO2EII,PUBLISHING,1,2016,12,18/03/2016 00:00,TAS1,27731.87444,4178.471748,0.1507
D,CO2EII,PUBLISHING,1,2016,12,18/03/2016 00:00,VIC1,130350.8566,144056.6472,1.1051
D,CO2EII,PUBLISHING,1,2016,12,19/03/2016 00:00,NEM,471717.4883,435344.9811,0.9229
D,CO2EII,PUBLISHING,1,2016,12,19/03/2016 00:00,NSW1,163793.1379,147604.4943,0.9012
D,CO2EII,PUBLISHING,1,2016,12,19/03/2016 00:00,QLD1,146888.9981,127017.0092,0.8647
D,CO2EII,PUBLISHING,1,2016,12,19/03/2016 00:00,SA1,17651.67087,11292.31149,0.6397
D,CO2EII,PUBLISHING,1,2016,12,19/03/2016 00:00,TAS1,26496.86943,4448.589985,0.1679
D,CO2EII,PUBLISHING,1,2016,12,19/03/2016 00:00,VIC1,116886.8121,144982.5761,1.2404
D,CO2EII,PUBLISHING,1,2016,13,20/03/2016 00:00,NEM,455274.2566,417644.8281,0.9173
D,CO2EII,PUBLISHING,1,2016,13,20/03/2016 00:00,NSW1,154034.5292,132867.0402,0.8626
D,CO2EII,PUBLISHING,1,2016,13,20/03/2016 00:00,QLD1,143598.4327,127910.9478,0.8908
D,CO2EII,PUBLISHING,1,2016,13,20/03/2016 00:00,SA1,16100.24211,8745.81031,0.5432
D,CO2EII,PUBLISHING,1,2016,13,20/03/2016 00:00,TAS1,26788.33634,4451.961216,0.1662
D,CO2EII,PUBLISHING,1,2016,13,20/03/2016 00:00,VIC1,114752.7162,143669.0686,1.252
D,CO2EII,PUBLISHING,1,2016,13,21/03/2016 00:00,NEM,508731.9643,451799.4627,0.8881
D,CO2EII,PUBLISHING,1,2016,13,21/03/2016 00:00,NSW1,170350.8917,150460.1236,0.8832
D,CO2EII,PUBLISHING,1,2016,13,21/03/2016 00:00,QLD1,156013.0308,138498.3769,0.8877
D,CO2EII,PUBLISHING,1,2016,13,21/03/2016 00:00,SA1,24230.61012,16039.33319,0.6619
D,CO2EII,PUBLISHING,1,2016,13,21/03/2016 00:00,TAS1,27596.65835,4454.92239,0.1614
D,CO2EII,PUBLISHING,1,2016,13,21/03/2016 00:00,VIC1,130540.7733,142346.7065,1.0904
D,CO2EII,PUBLISHING,1,2016,13,22/03/2016 00:00,NEM,510125.5022,459460.2343,0.9007
D,CO2EII,PUBLISHING,1,2016,13,22/03/2016 00:00,NSW1,174173.797,155824.4523,0.8946
D,CO2EII,PUBLISHING,1,2016,13,22/03/2016 00:00,QLD1,153097.848,135852.073,0.8874
D,CO2EII,PUBLISHING,1,2016,13,22/03/2016 00:00,SA1,25842.62278,20591.65674,0.7968
D,CO2EII,PUBLISHING,1,2016,13,22/03/2016 00:00,TAS1,26646.05369,4355.299377,0.1635
D,CO2EII,PUBLISHING,1,2016,13,22/03/2016 00:00,VIC1,130365.1806,142836.7528,1.0957
D,CO2EII,PUBLISHING,1,2016,13,23/03/2016 00:00,NEM,517390.542,473935.0806,0.916
D,CO2EII,PUBLISHING,1,2016,13,23/03/2016 00:00,NSW1,178716.0654,160901.4926,0.9003
D,CO2EII,PUBLISHING,1,2016,13,23/03/2016 00:00,QLD1,157174.7054,138352.6032,0.8802
D,CO2EII,PUBLISHING,1,2016,13,23/03/2016 00:00,SA1,27188.90833,20759.81864,0.7635
D,CO2EII,PUBLISHING,1,2016,13,23/03/2016 00:00,TAS1,27524.28185,4318.190745,0.1569
D,CO2EII,PUBLISHING,1,2016,13,23/03/2016 00:00,VIC1,126786.5809,149602.9754,1.18
D,CO2EII,PUBLISHING,1,2016,13,24/03/2016 00:00,NEM,516330.1557,472335.5378,0.9148
D,CO2EII,PUBLISHING,1,2016,13,24/03/2016 00:00,NSW1,173246.4498,152315.892,0.8792
D,CO2EII,PUBLISHING,1,2016,13,24/03/2016 00:00,QLD1,158004.4247,138951.9472,0.8794
D,CO2EII,PUBLISHING,1,2016,13,24/03/2016 00:00,SA1,25926.92202,19483.14239,0.7515
D,CO2EII,PUBLISHING,1,2016,13,24/03/2016 00:00,TAS1,27007.36524,4387.865842,0.1625
D,CO2EII,PUBLISHING,1,2016,13,24/03/2016 00:00,VIC1,132144.994,157196.6904,1.1896
D,CO2EII,PUBLISHING,1,2016,13,25/03/2016 00:00,NEM,442334.457,426350.4166,0.9639
D,CO2EII,PUBLISHING,1,2016,13,25/03/2016 00:00,NSW1,132982.4669,125238.2259,0.9418
D,CO2EII,PUBLISHING,1,2016,13,25/03/2016 00:00,QLD1,141948.3757,127076.7478,0.8952
D,CO2EII,PUBLISHING,1,2016,13,25/03/2016 00:00,SA1,21125.81279,14206.46931,0.6725
D,CO2EII,PUBLISHING,1,2016,13,25/03/2016 00:00,TAS1,26849.04238,4415.358107,0.1645
D,CO2EII,PUBLISHING,1,2016,13,25/03/2016 00:00,VIC1,119428.7592,155413.6154,1.3013
D,CO2EII,PUBLISHING,1,2016,13,26/03/2016 00:00,NEM,447709.1515,432173.9388,0.9653
D,CO2EII,PUBLISHING,1,2016,13,26/03/2016 00:00,NSW1,138099.4896,128657.4348,0.9316
D,CO2EII,PUBLISHING,1,2016,13,26/03/2016 00:00,QLD1,142590.9131,127846.0933,0.8966
D,CO2EII,PUBLISHING,1,2016,13,26/03/2016 00:00,SA1,18747.17594,15200.38396,0.8108
D,CO2EII,PUBLISHING,1,2016,13,26/03/2016 00:00,TAS1,26923.65679,4399.033544,0.1634
D,CO2EII,PUBLISHING,1,2016,13,26/03/2016 00:00,VIC1,121347.916,156070.9933,1.2861
D,CO2EII,PUBLISHING,1,2016,14,27/03/2016 00:00,NEM,437044.0875,424725.6013,0.9718
D,CO2EII,PUBLISHING,1,2016,14,27/03/2016 00:00,NSW1,129429.9411,123334.4506,0.9529
D,CO2EII,PUBLISHING,1,2016,14,27/03/2016 00:00,QLD1,139126.4661,125147.8509,0.8995
D,CO2EII,PUBLISHING,1,2016,14,27/03/2016 00:00,SA1,21773.662,15013.06991,0.6895
D,CO2EII,PUBLISHING,1,2016,14,27/03/2016 00:00,TAS1,26940.68538,4411.953662,0.1638
D,CO2EII,PUBLISHING,1,2016,14,27/03/2016 00:00,VIC1,119773.3329,156818.2763,1.3093
D,CO2EII,PUBLISHING,1,2016,14,28/03/2016 00:00,NEM,455803.0015,441184.6798,0.9679
D,CO2EII,PUBLISHING,1,2016,14,28/03/2016 00:00,NSW1,139118.3115,132777.2718,0.9544
D,CO2EII,PUBLISHING,1,2016,14,28/03/2016 00:00,QLD1,144385.4299,129457.1355,0.8966
D,CO2EII,PUBLISHING,1,2016,14,28/03/2016 00:00,SA1,21641.82455,12268.158,0.5669
D,CO2EII,PUBLISHING,1,2016,14,28/03/2016 00:00,TAS1,26380.03663,4573.72057,0.1734
D,CO2EII,PUBLISHING,1,2016,14,28/03/2016 00:00,VIC1,124277.3989,162108.3939,1.3044
D,CO2EII,PUBLISHING,1,2016,14,29/03/2016 00:00,NEM,510370.6355,476590.1342,0.9338
D,CO2EII,PUBLISHING,1,2016,14,29/03/2016 00:00,NSW1,161664.8466,148467.3105,0.9184
D,CO2EII,PUBLISHING,1,2016,14,29/03/2016 00:00,QLD1,157772.6987,139666.9092,0.8852
D,CO2EII,PUBLISHING,1,2016,14,29/03/2016 00:00,SA1,22030.81943,14616.32586,0.6634
D,CO2EII,PUBLISHING,1,2016,14,29/03/2016 00:00,TAS1,27621.14262,4591.416785,0.1662
D,CO2EII,PUBLISHING,1,2016,14,29/03/2016 00:00,VIC1,141281.1281,169248.1718,1.198
D,CO2EII,PUBLISHING,1,2016,14,30/03/2016 00:00,NEM,514801.5173,492359.221,0.9564
D,CO2EII,PUBLISHING,1,2016,14,30/03/2016 00:00,NSW1,163499.9798,146174.7945,0.894
D,CO2EII,PUBLISHING,1,2016,14,30/03/2016 00:00,QLD1,159621.0871,140779.66,0.882
D,CO2EII,PUBLISHING,1,2016,14,30/03/2016 00:00,SA1,20717.27602,16956.26624,0.8185
D,CO2EII,PUBLISHING,1,2016,14,30/03/2016 00:00,TAS1,28464.00448,4569.350878,0.1605
D,CO2EII,PUBLISHING,1,2016,14,30/03/2016 00:00,VIC1,142499.17,183879.1494,1.2904
D,CO2EII,PUBLISHING,1,2016,14,31/03/2016 00:00,NEM,509307.4153,495565.8097,0.973
D,CO2EII,PUBLISHING,1,2016,14,31/03/2016 00:00,NSW1,159379.8113,146874.4414,0.9215
D,CO2EII,PUBLISHING,1,2016,14,31/03/2016 00:00,QLD1,161189.1075,140852.604,0.8738
D,CO2EII,PUBLISHING,1,2016,14,31/03/2016 00:00,SA1,19577.30114,17058.55345,0.8713
D,CO2EII,PUBLISHING,1,2016,14,31/03/2016 00:00,TAS1,27287.6376,4886.611988,0.1791
D,CO2EII,PUBLISHING,1,2016,14,31/03/2016 00:00,VIC1,141873.5577,185893.5989,1.3103
D,CO2EII,PUBLISHING,1,2016,14,01/04/2016 00:00,NEM,506141.7123,461795.1702,0.9124
D,CO2EII,PUBLISHING,1,2016,14,01/04/2016 00:00,NSW1,154424.9065,138180.4523,0.8948
D,CO2EII,PUBLISHING,1,2016,14,01/04/2016 00:00,QLD1,162445.6734,144640.4861,0.8904
D,CO2EII,PUBLISHING,1,2016,14,01/04/2016 00:00,SA1,31106.31476,12852.11312,0.4132
D,CO2EII,PUBLISHING,1,2016,14,01/04/2016 00:00,TAS1,27552.65066,5421.705242,0.1968
D,CO2EII,PUBLISHING,1,2016,14,01/04/2016 00:00,VIC1,130612.167,160700.4135,1.2304
D,CO2EII,PUBLISHING,1,2016,14,02/04/2016 00:00,NEM,467997.3848,438753.9943,0.9375
D,CO2EII,PUBLISHING,1,2016,14,02/04/2016 00:00,NSW1,135107.3587,117796.0865,0.8719
D,CO2EII,PUBLISHING,1,2016,14,02/04/2016 00:00,QLD1,158350.3819,141455.0214,0.8933
D,CO2EII,PUBLISHING,1,2016,14,02/04/2016 00:00,SA1,23152.03822,15602.40878,0.6739
D,CO2EII,PUBLISHING,1,2016,14,02/04/2016 00:00,TAS1,27635.59385,5576.301308,0.2018
D,CO2EII,PUBLISHING,1,2016,14,02/04/2016 00:00,VIC1,123752.0121,158324.1763,1.2794
D,CO2EII,PUBLISHING,1,2016,15,03/04/2016 00:00,NEM,456344.7265,442579.8621,0.9698
D,CO2EII,PUBLISHING,1,2016,15,03/04/2016 00:00,NSW1,128392.0349,116822.0632,0.9099
D,CO2EII,PUBLISHING,1,2016,15,03/04/2016 00:00,QLD1,153892.006,138680.9892,0.9012
D,CO2EII,PUBLISHING,1,2016,15,03/04/2016 00:00,SA1,23570.47873,15545.30606,0.6595
D,CO2EII,PUBLISHING,1,2016,15,03/04/2016 00:00,TAS1,27607.72964,5770.078703,0.209
D,CO2EII,PUBLISHING,1,2016,15,03/04/2016 00:00,VIC1,122882.4773,165761.4249,1.3489
D,CO2EII,PUBLISHING,1,2016,15,04/04/2016 00:00,NEM,509148.9816,485699.4174,0.9539
D,CO2EII,PUBLISHING,1,2016,15,04/04/2016 00:00,NSW1,150067.3546,130500.7854,0.8696
D,CO2EII,PUBLISHING,1,2016,15,04/04/2016 00:00,QLD1,166727.5224,148508.4513,0.8907
D,CO2EII,PUBLISHING,1,2016,15,04/04/2016 00:00,SA1,25533.79452,19179.12841,0.7511
D,CO2EII,PUBLISHING,1,2016,15,04/04/2016 00:00,TAS1,27060.75817,5789.31628,0.2139
D,CO2EII,PUBLISHING,1,2016,15,04/04/2016 00:00,VIC1,139759.5519,181721.7359,1.3002
D,CO2EII,PUBLISHING,1,2016,15,05/04/2016 00:00,NEM,517383.2992,468694.9142,0.9059
D,CO2EII,PUBLISHING,1,2016,15,05/04/2016 00:00,NSW1,151935.3591,128665.3268,0.8468
D,CO2EII,PUBLISHING,1,2016,15,05/04/2016 00:00,QLD1,170807.4242,152022.0313,0.89
D,CO2EII,PUBLISHING,1,2016,15,05/04/2016 00:00,SA1,32033.50521,17052.65521,0.5323
D,CO2EII,PUBLISHING,1,2016,15,05/04/2016 00:00,TAS1,26212.23595,5866.430064,0.2238
D,CO2EII,PUBLISHING,1,2016,15,05/04/2016 00:00,VIC1,136394.7748,165088.4708,1.2104
D,CO2EII,PUBLISHING,1,2016,15,06/04/2016 00:00,NEM,528749.1009,480935.3606,0.9096
D,CO2EII,PUBLISHING,1,2016,15,06/04/2016 00:00,NSW1,158966.1385,128748.864,0.8099
D,CO2EII,PUBLISHING,1,2016,15,06/04/2016 00:00,QLD1,169995.3424,151201.885,0.8894
D,CO2EII,PUBLISHING,1,2016,15,06/04/2016 00:00,SA1,26796.16925,16455.2672,0.6141
D,CO2EII,PUBLISHING,1,2016,15,06/04/2016 00:00,TAS1,26961.52251,5827.996087,0.2162
D,CO2EII,PUBLISHING,1,2016,15,06/04/2016 00:00,VIC1,146029.9282,178701.3483,1.2237
D,CO2EII,PUBLISHING,1,2016,15,07/04/2016 00:00,NEM,515687.5621,483614.9752,0.9378
D,CO2EII,PUBLISHING,1,2016,15,07/04/2016 00:00,NSW1,152155.2605,133715.1742,0.8788
D,CO2EII,PUBLISHING,1,2016,15,07/04/2016 00:00,QLD1,168519.1698,150294.6214,0.8919
D,CO2EII,PUBLISHING,1,2016,15,07/04/2016 00:00,SA1,25073.51365,18364.15017,0.7324
D,CO2EII,PUBLISHING,1,2016,15,07/04/2016 00:00,TAS1,27376.71822,5942.021929,0.217
D,CO2EII,PUBLISHING,1,2016,15,07/04/2016 00:00,VIC1,142562.9,175299.0075,1.2296
D,CO2EII,PUBLISHING,1,2016,15,08/04/2016 00:00,NEM,510128.9636,479748.202,0.9404
D,CO2EII,PUBLISHING,1,2016,15,08/04/2016 00:00,NSW1,154129.9085,132453.0793,0.8594
D,CO2EII,PUBLISHING,1,2016,15,08/04/2016 00:00,QLD1,163039.4117,144704.2881,0.8875
D,CO2EII,PUBLISHING,1,2016,15,08/04/2016 00:00,SA1,26255.4364,19809.11339,0.7545
D,CO2EII,PUBLISHING,1,2016,15,08/04/2016 00:00,TAS1,26612.94326,6224.680287,0.2339
D,CO2EII,PUBLISHING,1,2016,15,08/04/2016 00:00,VIC1,140091.2638,176557.0409,1.2603
D,CO2EII,PUBLISHING,1,2016,15,09/04/2016 00:00,NEM,464608.7128,452841.1662,0.9747
D,CO2EII,PUBLISHING,1,2016,15,09/04/2016 00:00,NSW1,138301.8892,125287.3968,0.9059
D,CO2EII,PUBLISHING,1,2016,15,09/04/2016 00:00,QLD1,150575.6227,139306.7416,0.9252
D,CO2EII,PUBLISHING,1,2016,15,09/04/2016 00:00,SA1,24629.38285,18304.0409,0.7432
D,CO2EII,PUBLISHING,1,2016,15,09/04/2016 00:00,TAS1,25989.82067,6087.157104,0.2342
D,CO2EII,PUBLISHING,1,2016,15,09/04/2016 00:00,VIC1,125111.9974,163855.8298,1.3097
D,CO2EII,PUBLISHING,1,2016,16,10/04/2016 00:00,NEM,452049.0216,428384.3664,0.9477
D,CO2EII,PUBLISHING,1,2016,16,10/04/2016 00:00,NSW1,142935.5987,127899.8955,0.8948
D,CO2EII,PUBLISHING,1,2016,16,10/04/2016 00:00,QLD1,138806.2015,129312.25,0.9316
D,CO2EII,PUBLISHING,1,2016,16,10/04/2016 00:00,SA1,20265.48797,11581.73224,0.5715
D,CO2EII,PUBLISHING,1,2016,16,10/04/2016 00:00,TAS1,26295.10905,6282.973784,0.2389
D,CO2EII,PUBLISHING,1,2016,16,10/04/2016 00:00,VIC1,123746.6244,153307.5149,1.2389
D,CO2EII,PUBLISHING,1,2016,16,11/04/2016 00:00,NEM,508873.9319,470496.8564,0.9246
D,CO2EII,PUBLISHING,1,2016,16,11/04/2016 00:00,NSW1,157803.9659,139594.4361,0.8846
D,CO2EII,PUBLISHING,1,2016,16,11/04/2016 00:00,QLD1,155848.0512,142542.619,0.9146
D,CO2EII,PUBLISHING,1,2016,16,11/04/2016 00:00,SA1,29321.63224,17582.66378,0.5996
D,CO2EII,PUBLISHING,1,2016,16,11/04/2016 00:00,TAS1,28502.45221,6241.816453,0.219
D,CO2EII,PUBLISHING,1,2016,16,11/04/2016 00:00,VIC1,137397.8304,164535.3211,1.1975
D,CO2EII,PUBLISHING,1,2016,16,12/04/2016 00:00,NEM,512181.2626,478783.5048,0.9348
D,CO2EII,PUBLISHING,1,2016,16,12/04/2016 00:00,NSW1,158635.4658,142523.0991,0.8984
D,CO2EII,PUBLISHING,1,2016,16,12/04/2016 00:00,QLD1,157706.2853,143403.7328,0.9093
D,CO2EII,PUBLISHING,1,2016,16,12/04/2016 00:00,SA1,28991.96688,18093.39318,0.6241
D,CO2EII,PUBLISHING,1,2016,16,12/04/2016 00:00,TAS1,29304.44127,6187.440424,0.2111
D,CO2EII,PUBLISHING,1,2016,16,12/04/2016 00:00,VIC1,137543.1033,168575.8393,1.2256
D,CO2EII,PUBLISHING,1,2016,16,13/04/2016 00:00,NEM,506543.9409,473432.0821,0.9346
D,CO2EII,PUBLISHING,1,2016,16,13/04/2016 00:00,NSW1,158006.9377,140441.6629,0.8888
D,CO2EII,PUBLISHING,1,2016,16,13/04/2016 00:00,QLD1,155553.0948,141123.0118,0.9072
D,CO2EII,PUBLISHING,1,2016,16,13/04/2016 00:00,SA1,29702.0433,18351.63822,0.6179
D,CO2EII,PUBLISHING,1,2016,16,13/04/2016 00:00,TAS1,29309.94441,5967.723241,0.2036
D,CO2EII,PUBLISHING,1,2016,16,13/04/2016 00:00,VIC1,133971.9207,167548.0459,1.2506
D,CO2EII,PUBLISHING,1,2016,16,14/04/2016 00:00,NEM,509646.9915,473987.4772,0.93
D,CO2EII,PUBLISHING,1,2016,16,14/04/2016 00:00,NSW1,152138.076,131028.1505,0.8612
D,CO2EII,PUBLISHING,1,2016,16,14/04/2016 00:00,QLD1,158697.4779,144901.5912,0.9131
D,CO2EII,PUBLISHING,1,2016,16,14/04/2016 00:00,SA1,30390.05701,21244.07448,0.699
D,CO2EII,PUBLISHING,1,2016,16,14/04/2016 00:00,TAS1,29549.13722,5564.421361,0.1883
D,CO2EII,PUBLISHING,1,2016,16,14/04/2016 00:00,VIC1,138872.2433,171249.2397,1.2331
D,CO2EII,PUBLISHING,1,2016,16,15/04/2016 00:00,NEM,505095.001,479592.4971,0.9495
D,CO2EII,PUBLISHING,1,2016,16,15/04/2016 00:00,NSW1,155125.4664,137513.0811,0.8865
D,CO2EII,PUBLISHING,1,2016,16,15/04/2016 00:00,QLD1,157175.0204,143811.0264,0.915
D,CO2EII,PUBLISHING,1,2016,16,15/04/2016 00:00,SA1,25589.2471,18283.7022,0.7145
D,CO2EII,PUBLISHING,1,2016,16,15/04/2016 00:00,TAS1,29158.40856,5829.296728,0.1999
D,CO2EII,PUBLISHING,1,2016,16,15/04/2016 00:00,VIC1,138046.8585,174155.3906,1.2616
D,CO2EII,PUBLISHING,1,2016,16,16/04/2016 00:00,NEM,461531.9378,441879.6251,0.9574
D,CO2EII,PUBLISHING,1,2016,16,16/04/2016 00:00,NSW1,142333.9876,130787.6447,0.9189
D,CO2EII,PUBLISHING,1,2016,16,16/04/2016 00:00,QLD1,140602.594,129526.6384,0.9212
D,CO2EII,PUBLISHING,1,2016,16,16/04/2016 00:00,SA1,25231.11774,12547.79271,0.4973
D,CO2EII,PUBLISHING,1,2016,16,16/04/2016 00:00,TAS1,28451.01588,6003.000386,0.211
D,CO2EII,PUBLISHING,1,2016,16,16/04/2016 00:00,VIC1,124913.2227,163014.5489,1.305
D,CO2EII,PUBLISHING,1,2016,17,17/04/2016 00:00,NEM,449124.9411,425200.2933,0.9467
D,CO2EII,PUBLISHING,1,2016,17,17/04/2016 00:00,NSW1,131704.4654,118876.342,0.9026
D,CO2EII,PUBLISHING,1,2016,17,17/04/2016 00:00,QLD1,138600.0926,129266.1493,0.9327
D,CO2EII,PUBLISHING,1,2016,17,17/04/2016 00:00,SA1,25321.11287,11966.87188,0.4726
D,CO2EII,PUBLISHING,1,2016,17,17/04/2016 00:00,TAS1,28917.49893,6041.741107,0.2089
D,CO2EII,PUBLISHING,1,2016,17,17/04/2016 00:00,VIC1,124581.7713,159049.1889,1.2767
D,CO2EII,PUBLISHING,1,2016,17,18/04/2016 00:00,NEM,505064.9584,477983.0141,0.9464
D,CO2EII,PUBLISHING,1,2016,17,18/04/2016 00:00,NSW1,151635.1354,136660.8067,0.9012
D,CO2EII,PUBLISHING,1,2016,17,18/04/2016 00:00,QLD1,155603.6794,143453.7801,0.9219
D,CO2EII,PUBLISHING,1,2016,17,18/04/2016 00:00,SA1,23808.18413,16171.10099,0.6792
D,CO2EII,PUBLISHING,1,2016,17,18/04/2016 00:00,TAS1,29304.13011,5650.55777,0.1928
D,CO2EII,PUBLISHING,1,2016,17,18/04/2016 00:00,VIC1,144713.8293,176046.7685,1.2165
D,CO2EII,PUBLISHING,1,2016,17,19/04/2016 00:00,NEM,511513.3654,485988.8275,0.9501
D,CO2EII,PUBLISHING,1,2016,17,19/04/2016 00:00,NSW1,155720.3658,140825.5946,0.9043
D,CO2EII,PUBLISHING,1,2016,17,19/04/2016 00:00,QLD1,154921.807,142652.9221,0.9208
D,CO2EII,PUBLISHING,1,2016,17,19/04/2016 00:00,SA1,27483.45964,18899.44895,0.6877
D,CO2EII,PUBLISHING,1,2016,17,19/04/2016 00:00,TAS1,28813.08103,5908.809754,0.2051
D,CO2EII,PUBLISHING,1,2016,17,19/04/2016 00:00,VIC1,144574.6519,177702.0521,1.2291
D,CO2EII,PUBLISHING,1,2016,17,20/04/2016 00:00,NEM,511632.824,478549.6503,0.9353
D,CO2EII,PUBLISHING,1,2016,17,20/04/2016 00:00,NSW1,163058.9053,146878.7568,0.9008
D,CO2EII,PUBLISHING,1,2016,17,20/04/2016 00:00,QLD1,149058.6087,137304.1608,0.9211
D,CO2EII,PUBLISHING,1,2016,17,20/04/2016 00:00,SA1,31653.23826,18151.59518,0.5735
D,CO2EII,PUBLISHING,1,2016,17,20/04/2016 00:00,TAS1,28317.20957,5808.356603,0.2051
D,CO2EII,PUBLISHING,1,2016,17,20/04/2016 00:00,VIC1,139544.8622,170406.7808,1.2212
D,CO2EII,PUBLISHING,1,2016,17,21/04/2016 00:00,NEM,513589.7048,476043.2255,0.9269
D,CO2EII,PUBLISHING,1,2016,17,21/04/2016 00:00,NSW1,166646.397,149244.0496,0.8956
D,CO2EII,PUBLISHING,1,2016,17,21/04/2016 00:00,QLD1,152441.8119,139775.3159,0.9169
D,CO2EII,PUBLISHING,1,2016,17,21/04/2016 00:00,SA1,29343.04172,20653.37929,0.7039
D,CO2EII,PUBLISHING,1,2016,17,21/04/2016 00:00,TAS1,29431.49321,5514.744333,0.1874
D,CO2EII,PUBLISHING,1,2016,17,21/04/2016 00:00,VIC1,135726.9609,160855.7364,1.1851
D,CO2EII,PUBLISHING,1,2016,17,22/04/2016 00:00,NEM,508430.1644,464034.955,0.9127
D,CO2EII,PUBLISHING,1,2016,17,22/04/2016 00:00,NSW1,160571.8813,137759.6223,0.8579
D,CO2EII,PUBLISHING,1,2016,17,22/04/2016 00:00,QLD1,148921.2953,135573.4397,0.9104
D,CO2EII,PUBLISHING,1,2016,17,22/04/2016 00:00,SA1,33155.75413,18633.37305,0.562
D,CO2EII,PUBLISHING,1,2016,17,22/04/2016 00:00,TAS1,29769.17621,5759.856515,0.1935
D,CO2EII,PUBLISHING,1,2016,17,22/04/2016 00:00,VIC1,136012.0574,166308.6633,1.2227
D,CO2EII,PUBLISHING,1,2016,17,23/04/2016 00:00,NEM,464711.5992,440072.6801,0.947
D,CO2EII,PUBLISHING,1,2016,17,23/04/2016 00:00,NSW1,136967.4285,120897.1843,0.8827
D,CO2EII,PUBLISHING,1,2016,17,23/04/2016 00:00,QLD1,141347.1465,130251.0457,0.9215
D,CO2EII,PUBLISHING,1,2016,17,23/04/2016 00:00,SA1,30831.11062,15516.35261,0.5033
D,CO2EII,PUBLISHING,1,2016,17,23/04/2016 00:00,TAS1,29212.62273,6503.53962,0.2226
D,CO2EII,PUBLISHING,1,2016,17,23/04/2016 00:00,VIC1,126353.2909,166904.5579,1.3209
D,CO2EII,PUBLISHING,1,2016,18,24/04/2016 00:00,NEM,445833.6538,433914.6316,0.9733
D,CO2EII,PUBLISHING,1,2016,18,24/04/2016 00:00,NSW1,127537.0652,114680.7694,0.8992
D,CO2EII,PUBLISHING,1,2016,18,24/04/2016 00:00,QLD1,139771.5166,129568.4816,0.927
D,CO2EII,PUBLISHING,1,2016,18,24/04/2016 00:00,SA1,25877.56439,15314.39646,0.5918
D,CO2EII,PUBLISHING,1,2016,18,24/04/2016 00:00,TAS1,28988.23417,6588.996152,0.2273
D,CO2EII,PUBLISHING,1,2016,18,24/04/2016 00:00,VIC1,123659.2734,167761.9881,1.3566
D,CO2EII,PUBLISHING,1,2016,18,25/04/2016 00:00,NEM,446906.6066,428376.7818,0.9585
D,CO2EII,PUBLISHING,1,2016,18,25/04/2016 00:00,NSW1,128675.8774,119968.7318,0.9323
D,CO2EII,PUBLISHING,1,2016,18,25/04/2016 00:00,QLD1,138290.8639,128012.8522,0.9257
D,CO2EII,PUBLISHING,1,2016,18,25/04/2016 00:00,SA1,27384.37091,15498.49457,0.566
D,CO2EII,PUBLISHING,1,2016,18,25/04/2016 00:00,TAS1,29133.34029,6697.896037,0.2299
D,CO2EII,PUBLISHING,1,2016,18,25/04/2016 00:00,VIC1,123422.1541,158198.8072,1.2818
D,CO2EII,PUBLISHING,1,2016,18,26/04/2016 00:00,NEM,505431.5531,455901.6245,0.902
D,CO2EII,PUBLISHING,1,2016,18,26/04/2016 00:00,NSW1,155833.7541,136812.8428,0.8779
D,CO2EII,PUBLISHING,1,2016,18,26/04/2016 00:00,QLD1,154183.342,140984.2637,0.9144
D,CO2EII,PUBLISHING,1,2016,18,26/04/2016 00:00,SA1,36281.4065,17154.33685,0.4728
D,CO2EII,PUBLISHING,1,2016,18,26/04/2016 00:00,TAS1,29736.53509,6638.634134,0.2232
D,CO2EII,PUBLISHING,1,2016,18,26/04/2016 00:00,VIC1,129396.5154,154311.547,1.1925
D,CO2EII,PUBLISHING,1,2016,18,27/04/2016 00:00,NEM,510373.6331,453824.5165,0.8892
D,CO2EII,PUBLISHING,1,2016,18,27/04/2016 00:00,NSW1,159142.6886,136502.9624,0.8577
D,CO2EII,PUBLISHING,1,2016,18,27/04/2016 00:00,QLD1,153641.8211,140324.2038,0.9133
D,CO2EII,PUBLISHING,1,2016,18,27/04/2016 00:00,SA1,35604.73924,13115.94135,0.3684
D,CO2EII,PUBLISHING,1,2016,18,27/04/2016 00:00,TAS1,29767.69777,5863.337074,0.197
D,CO2EII,PUBLISHING,1,2016,18,27/04/2016 00:00,VIC1,132216.6864,158018.0719,1.1951
D,CO2EII,PUBLISHING,1,2016,18,28/04/2016 00:00,NEM,513716.2935,479662.5776,0.9337
D,CO2EII,PUBLISHING,1,2016,18,28/04/2016 00:00,NSW1,156770.7293,138180.9543,0.8814
D,CO2EII,PUBLISHING,1,2016,18,28/04/2016 00:00,QLD1,156202.3425,142873.0451,0.9147
D,CO2EII,PUBLISHING,1,2016,18,28/04/2016 00:00,SA1,30179.29515,19038.99996,0.6309
D,CO2EII,PUBLISHING,1,2016,18,28/04/2016 00:00,TAS1,29795.36251,4699.375381,0.1577
D,CO2EII,PUBLISHING,1,2016,18,28/04/2016 00:00,VIC1,140768.5641,174870.2028,1.2423
D,CO2EII,PUBLISHING,1,2016,18,29/04/2016 00:00,NEM,511120.9235,461768.8221,0.9034
D,CO2EII,PUBLISHING,1,2016,18,29/04/2016 00:00,NSW1,165540.5176,148634.6199,0.8979
D,CO2EII,PUBLISHING,1,2016,18,29/04/2016 00:00,QLD1,151727.7572,138512.6286,0.9129
D,CO2EII,PUBLISHING,1,2016,18,29/04/2016 00:00,SA1,27344.86858,12767.62107,0.4669
D,CO2EII,PUBLISHING,1,2016,18,29/04/2016 00:00,TAS1,29348.43029,4313.404443,0.147
D,CO2EII,PUBLISHING,1,2016,18,29/04/2016 00:00,VIC1,137159.3498,157540.548,1.1486
D,CO2EII,PUBLISHING,1,2016,18,30/04/2016 00:00,NEM,465709.6449,430571.1673,0.9245
D,CO2EII,PUBLISHING,1,2016,18,30/04/2016 00:00,NSW1,151977.8539,142226.2337,0.9358
D,CO2EII,PUBLISHING,1,2016,18,30/04/2016 00:00,QLD1,138894.3945,128612.0568,0.926
D,CO2EII,PUBLISHING,1,2016,18,30/04/2016 00:00,SA1,26831.63108,9010.737564,0.3358
D,CO2EII,PUBLISHING,1,2016,18,30/04/2016 00:00,TAS1,27433.69686,4326.99198,0.1577
D,CO2EII,PUBLISHING,1,2016,18,30/04/2016 00:00,VIC1,120572.0685,146395.1473,1.2142
D,CO2EII,PUBLISHING,1,2016,19,01/05/2016 00:00,NEM,456451.8634,406673.9218,0.8909
D,CO2EII,PUBLISHING,1,2016,19,01/05/2016 00:00,NSW1,144366.8334,126304.5403,0.8749
D,CO2EII,PUBLISHING,1,2016,19,01/05/2016 00:00,QLD1,140352.0619,130957.4591,0.9331
D,CO2EII,PUBLISHING,1,2016,19,01/05/2016 00:00,SA1,29704.81321,12923.92152,0.4351
D,CO2EII,PUBLISHING,1,2016,19,01/05/2016 00:00,TAS1,27820.80009,4173.041712,0.15
D,CO2EII,PUBLISHING,1,2016,19,01/05/2016 00:00,VIC1,114207.3548,132314.9591,1.1586
D,CO2EII,PUBLISHING,1,2016,19,02/05/2016 00:00,NEM,496756.3673,439705.2519,0.8852
D,CO2EII,PUBLISHING,1,2016,19,02/05/2016 00:00,NSW1,168014.091,150500.3325,0.8958
D,CO2EII,PUBLISHING,1,2016,19,02/05/2016 00:00,QLD1,138546.1058,129305.0434,0.9333
D,CO2EII,PUBLISHING,1,2016,19,02/05/2016 00:00,SA1,36112.33502,15112.87102,0.4185
D,CO2EII,PUBLISHING,1,2016,19,02/05/2016 00:00,TAS1,29261.15427,3289.497073,0.1124
D,CO2EII,PUBLISHING,1,2016,19,02/05/2016 00:00,VIC1,124822.6812,141497.508,1.1336
D,CO2EII,PUBLISHING,1,2016,19,03/05/2016 00:00,NEM,515070.5038,442067.5596,0.8583
D,CO2EII,PUBLISHING,1,2016,19,03/05/2016 00:00,NSW1,171881.3715,149899.6042,0.8721
D,CO2EII,PUBLISHING,1,2016,19,03/05/2016 00:00,QLD1,146191.0379,132938.6569,0.9093
D,CO2EII,PUBLISHING,1,2016,19,03/05/2016 00:00,SA1,40849.03673,12829.22506,0.3141
D,CO2EII,PUBLISHING,1,2016,19,03/05/2016 00:00,TAS1,29583.22127,3070.668495,0.1038
D,CO2EII,PUBLISHING,1,2016,19,03/05/2016 00:00,VIC1,126565.8364,143329.405,1.1324
D,CO2EII,PUBLISHING,1,2016,19,04/05/2016 00:00,NEM,510809.9301,462483.5743,0.9054
D,CO2EII,PUBLISHING,1,2016,19,04/05/2016 00:00,NSW1,169394.1334,153710.6625,0.9074
D,CO2EII,PUBLISHING,1,2016,19,04/05/2016 00:00,QLD1,145135.4111,128296.1103,0.884
D,CO2EII,PUBLISHING,1,2016,19,04/05/2016 00:00,SA1,27739.32908,17628.5271,0.6355
D,CO2EII,PUBLISHING,1,2016,19,04/05/2016 00:00,TAS1,30742.67499,3027.119527,0.0985
D,CO2EII,PUBLISHING,1,2016,19,04/05/2016 00:00,VIC1,137798.3815,159821.1549,1.1598
D,CO2EII,PUBLISHING,1,2016,19,05/05/2016 00:00,NEM,505064.0881,449161.6033,0.8893
D,CO2EII,PUBLISHING,1,2016,19,05/05/2016 00:00,NSW1,170841.4877,155141.7824,0.9081
D,CO2EII,PUBLISHING,1,2016,19,05/05/2016 00:00,QLD1,143374.5542,129068.3544,0.9002
D,CO2EII,PUBLISHING,1,2016,19,05/05/2016 00:00,SA1,34844.31034,14841.0919,0.4259
D,CO2EII,PUBLISHING,1,2016,19,05/05/2016 00:00,TAS1,27230.65384,2083.558583,0.0765
D,CO2EII,PUBLISHING,1,2016,19,05/05/2016 00:00,VIC1,128773.082,148026.816,1.1495
D,CO2EII,PUBLISHING,1,2016,19,06/05/2016 00:00,NEM,502077.9331,460500.151,0.9172
D,CO2EII,PUBLISHING,1,2016,19,06/05/2016 00:00,NSW1,165434.301,154584.3683,0.9344
D,CO2EII,PUBLISHING,1,2016,19,06/05/2016 00:00,QLD1,145222.209,128985.918,0.8882
D,CO2EII,PUBLISHING,1,2016,19,06/05/2016 00:00,SA1,27755.93866,13598.18119,0.4899
D,CO2EII,PUBLISHING,1,2016,19,06/05/2016 00:00,TAS1,27328.82178,1871.792521,0.0685
D,CO2EII,PUBLISHING,1,2016,19,06/05/2016 00:00,VIC1,136336.6626,161459.891,1.1843
D,CO2EII,PUBLISHING,1,2016,19,07/05/2016 00:00,NEM,464640.1907,428685.1823,0.9226
D,CO2EII,PUBLISHING,1,2016,19,07/05/2016 00:00,NSW1,143669.168,130731.3589,0.9099
D,CO2EII,PUBLISHING,1,2016,19,07/05/2016 00:00,QLD1,141334.0647,127037.4338,0.8988
D,CO2EII,PUBLISHING,1,2016,19,07/05/2016 00:00,SA1,25630.1132,8592.163272,0.3352
D,CO2EII,PUBLISHING,1,2016,19,07/05/2016 00:00,TAS1,27606.24732,1865.477549,0.0676
D,CO2EII,PUBLISHING,1,2016,19,07/05/2016 00:00,VIC1,126400.5975,160458.7488,1.2694
D,CO2EII,PUBLISHING,1,2016,20,08/05/2016 00:00,NEM,459267.2856,409210.4211,0.891
D,CO2EII,PUBLISHING,1,2016,20,08/05/2016 00:00,NSW1,139524.9201,127815.1837,0.9161
D,CO2EII,PUBLISHING,1,2016,20,08/05/2016 00:00,QLD1,141045.7099,127825.5809,0.9063
D,CO2EII,PUBLISHING,1,2016,20,08/05/2016 00:00,SA1,31431.90774,8140.771564,0.259
D,CO2EII,PUBLISHING,1,2016,20,08/05/2016 00:00,TAS1,27458.25105,1864.897184,0.0679
D,CO2EII,PUBLISHING,1,2016,20,08/05/2016 00:00,VIC1,119806.4968,143563.9878,1.1983
D,CO2EII,PUBLISHING,1,2016,20,09/05/2016 00:00,NEM,516316.8612,448435.8641,0.8685
D,CO2EII,PUBLISHING,1,2016,20,09/05/2016 00:00,NSW1,172709.0298,152640.6121,0.8838
D,CO2EII,PUBLISHING,1,2016,20,09/05/2016 00:00,QLD1,152520.9053,136060.4675,0.8921
D,CO2EII,PUBLISHING,1,2016,20,09/05/2016 00:00,SA1,30903.86938,9209.072413,0.298
D,CO2EII,PUBLISHING,1,2016,20,09/05/2016 00:00,TAS1,27095.67533,1866.370771,0.0689
D,CO2EII,PUBLISHING,1,2016,20,09/05/2016 00:00,VIC1,133087.3813,148659.3413,1.117
D,CO2EII,PUBLISHING,1,2016,20,10/05/2016 00:00,NEM,519677.2002,435802.3639,0.8386
D,CO2EII,PUBLISHING,1,2016,20,10/05/2016 00:00,NSW1,170301.7425,150346.6129,0.8828
D,CO2EII,PUBLISHING,1,2016,20,10/05/2016 00:00,QLD1,148211.6725,132654.9666,0.895
D,CO2EII,PUBLISHING,1,2016,20,10/05/2016 00:00,SA1,31936.62135,5973.011746,0.187
D,CO2EII,PUBLISHING,1,2016,20,10/05/2016 00:00,TAS1,28332.78995,1865.872816,0.0659
D,CO2EII,PUBLISHING,1,2016,20,10/05/2016 00:00,VIC1,140894.3739,144961.8998,1.0289
D,CO2EII,PUBLISHING,1,2016,20,11/05/2016 00:00,NEM,515748.9215,427176.5855,0.8283
D,CO2EII,PUBLISHING,1,2016,20,11/05/2016 00:00,NSW1,173813.4106,149910.5161,0.8625
D,CO2EII,PUBLISHING,1,2016,20,11/05/2016 00:00,QLD1,148542.0106,133295.0949,0.8974
D,CO2EII,PUBLISHING,1,2016,20,11/05/2016 00:00,SA1,37385.77227,6853.81795,0.1833
D,CO2EII,PUBLISHING,1,2016,20,11/05/2016 00:00,TAS1,28898.98868,828.3412544,0.0287
D,CO2EII,PUBLISHING,1,2016,20,11/05/2016 00:00,VIC1,127108.7394,136288.8153,1.0722
D,CO2EII,PUBLISHING,1,2016,20,12/05/2016 00:00,NEM,505766.4793,426189.5152,0.8427
D,CO2EII,PUBLISHING,1,2016,20,12/05/2016 00:00,NSW1,176691.713,152891.3085,0.8653
D,CO2EII,PUBLISHING,1,2016,20,12/05/2016 00:00,QLD1,144431.4693,129292.8158,0.8952
D,CO2EII,PUBLISHING,1,2016,20,12/05/2016 00:00,SA1,32613.91204,8450.577165,0.2591
D,CO2EII,PUBLISHING,1,2016,20,12/05/2016 00:00,TAS1,27402.19277,1.97006394,0.0001
D,CO2EII,PUBLISHING,1,2016,20,12/05/2016 00:00,VIC1,124627.1923,135552.8436,1.0877
D,CO2EII,PUBLISHING,1,2016,20,13/05/2016 00:00,NEM,498749.0057,439495.992,0.8812
D,CO2EII,PUBLISHING,1,2016,20,13/05/2016 00:00,NSW1,171441.377,153689.8664,0.8965
D,CO2EII,PUBLISHING,1,2016,20,13/05/2016 00:00,QLD1,147699.9733,130439.9574,0.8831
D,CO2EII,PUBLISHING,1,2016,20,13/05/2016 00:00,SA1,24478.02013,8503.01994,0.3474
D,CO2EII,PUBLISHING,1,2016,20,13/05/2016 00:00,TAS1,27519.25906,1.88652292,0.0001
D,CO2EII,PUBLISHING,1,2016,20,13/05/2016 00:00,VIC1,127610.3762,146861.2617,1.1509
D,CO2EII,PUBLISHING,1,2016,20,14/05/2016 00:00,NEM,457879.7074,400118.5969,0.8739
D,CO2EII,PUBLISHING,1,2016,20,14/05/2016 00:00,NSW1,142496.5056,132336.1351,0.9287
D,CO2EII,PUBLISHING,1,2016,20,14/05/2016 00:00,QLD1,138263.5151,122507.6198,0.886
D,CO2EII,PUBLISHING,1,2016,20,14/05/2016 00:00,SA1,31856.05322,5270.410347,0.1654
D,CO2EII,PUBLISHING,1,2016,20,14/05/2016 00:00,TAS1,26222.65604,1.93090406,0.0001
D,CO2EII,PUBLISHING,1,2016,20,14/05/2016 00:00,VIC1,119040.9775,140002.5007,1.1761
D,CO2EII,PUBLISHING,1,2016,21,15/05/2016 00:00,NEM,448304.9362,399187.3261,0.8904
D,CO2EII,PUBLISHING,1,2016,21,15/05/2016 00:00,NSW1,144419.0235,129451.7871,0.8964
D,CO2EII,PUBLISHING,1,2016,21,15/05/2016 00:00,QLD1,137044.0948,122058.6889,0.8907
D,CO2EII,PUBLISHING,1,2016,21,15/05/2016 00:00,SA1,22153.97945,8516.706145,0.3844
D,CO2EII,PUBLISHING,1,2016,21,15/05/2016 00:00,TAS1,26952.51044,1.92272365,0.0001
D,CO2EII,PUBLISHING,1,2016,21,15/05/2016 00:00,VIC1,117735.328,139158.2212,1.182
D,CO2EII,PUBLISHING,1,2016,21,16/05/2016 00:00,NEM,502937.7174,447141.3288,0.8891
D,CO2EII,PUBLISHING,1,2016,21,16/05/2016 00:00,NSW1,167440.0303,154262.7658,0.9213
D,CO2EII,PUBLISHING,1,2016,21,16/05/2016 00:00,QLD1,142348.676,127150.2139,0.8932
D,CO2EII,PUBLISHING,1,2016,21,16/05/2016 00:00,SA1,27795.73821,8179.280457,0.2943
D,CO2EII,PUBLISHING,1,2016,21,16/05/2016 00:00,TAS1,29504.74493,1305.843396,0.0443
D,CO2EII,PUBLISHING,1,2016,21,16/05/2016 00:00,VIC1,135848.5279,156243.2253,1.1501
D,CO2EII,PUBLISHING,1,2016,21,17/05/2016 00:00,NEM,508549.0209,449613.5795,0.8841
D,CO2EII,PUBLISHING,1,2016,21,17/05/2016 00:00,NSW1,173316.7365,151429.7745,0.8737
D,CO2EII,PUBLISHING,1,2016,21,17/05/2016 00:00,QLD1,149702.4029,133776.7113,0.8936
D,CO2EII,PUBLISHING,1,2016,21,17/05/2016 00:00,SA1,26699.65958,15628.07106,0.5853
D,CO2EII,PUBLISHING,1,2016,21,17/05/2016 00:00,TAS1,28978.55656,1866.355686,0.0644
D,CO2EII,PUBLISHING,1,2016,21,17/05/2016 00:00,VIC1,129851.6654,146912.667,1.1314
D,CO2EII,PUBLISHING,1,2016,21,18/05/2016 00:00,NEM,509395.9581,454312.9055,0.8919
D,CO2EII,PUBLISHING,1,2016,21,18/05/2016 00:00,NSW1,173467.0787,152585.1581,0.8796
D,CO2EII,PUBLISHING,1,2016,21,18/05/2016 00:00,QLD1,151673.646,134956.5447,0.8898
D,CO2EII,PUBLISHING,1,2016,21,18/05/2016 00:00,SA1,28800.37399,17461.40786,0.6063
D,CO2EII,PUBLISHING,1,2016,21,18/05/2016 00:00,TAS1,27856.21865,1886.125399,0.0677
D,CO2EII,PUBLISHING,1,2016,21,18/05/2016 00:00,VIC1,127598.6407,147423.6695,1.1554
D,CO2EII,PUBLISHING,1,2016,21,19/05/2016 00:00,NEM,514442.8579,439489.303,0.8543
D,CO2EII,PUBLISHING,1,2016,21,19/05/2016 00:00,NSW1,168964.7272,142278.4078,0.8421
D,CO2EII,PUBLISHING,1,2016,21,19/05/2016 00:00,QLD1,146925.8659,130427.6491,0.8877
D,CO2EII,PUBLISHING,1,2016,21,19/05/2016 00:00,SA1,30315.47268,11395.51053,0.3759
D,CO2EII,PUBLISHING,1,2016,21,19/05/2016 00:00,TAS1,29173.14559,745.355583,0.0255
D,CO2EII,PUBLISHING,1,2016,21,19/05/2016 00:00,VIC1,139063.6466,154642.38,1.112
D,CO2EII,PUBLISHING,1,2016,21,20/05/2016 00:00,NEM,507189.824,461929.3821,0.9108
D,CO2EII,PUBLISHING,1,2016,21,20/05/2016 00:00,NSW1,173336.4406,150175.9768,0.8664
D,CO2EII,PUBLISHING,1,2016,21,20/05/2016 00:00,QLD1,146369.0322,129510.5966,0.8848
D,CO2EII,PUBLISHING,1,2016,21,20/05/2016 00:00,SA1,18756.00906,11935.37602,0.6363
D,CO2EII,PUBLISHING,1,2016,21,20/05/2016 00:00,TAS1,28898.16872,1.85061185,0.0001
D,CO2EII,PUBLISHING,1,2016,21,20/05/2016 00:00,VIC1,139830.1734,170305.5821,1.2179
D,CO2EII,PUBLISHING,1,2016,21,21/05/2016 00:00,NEM,466914.9212,426986.3434,0.9145
D,CO2EII,PUBLISHING,1,2016,21,21/05/2016 00:00,NSW1,144060.9401,133753.885,0.9285
D,CO2EII,PUBLISHING,1,2016,21,21/05/2016 00:00,QLD1,138652.4906,122693.1276,0.8849
D,CO2EII,PUBLISHING,1,2016,21,21/05/2016 00:00,SA1,27974.63244,6135.050793,0.2193
D,CO2EII,PUBLISHING,1,2016,21,21/05/2016 00:00,TAS1,27166.3644,1.96176799,0.0001
D,CO2EII,PUBLISHING,1,2016,21,21/05/2016 00:00,VIC1,129060.4936,164402.3183,1.2738
D,CO2EII,PUBLISHING,1,2016,22,22/05/2016 00:00,NEM,459749.9838,399159.5212,0.8682
D,CO2EII,PUBLISHING,1,2016,22,22/05/2016 00:00,NSW1,141234.8862,129710.4793,0.9184
D,CO2EII,PUBLISHING,1,2016,22,22/05/2016 00:00,QLD1,134619.2148,118368.8088,0.8793
D,CO2EII,PUBLISHING,1,2016,22,22/05/2016 00:00,SA1,32432.60418,2140.361403,0.066
D,CO2EII,PUBLISHING,1,2016,22,22/05/2016 00:00,TAS1,27725.98489,1.96310212,0.0001
D,CO2EII,PUBLISHING,1,2016,22,22/05/2016 00:00,VIC1,123737.2937,148937.9086,1.2037
D,CO2EII,PUBLISHING,1,2016,22,23/05/2016 00:00,NEM,511741.0991,444437.6307,0.8685
D,CO2EII,PUBLISHING,1,2016,22,23/05/2016 00:00,NSW1,165282.1155,136051.3428,0.8231
D,CO2EII,PUBLISHING,1,2016,22,23/05/2016 00:00,QLD1,153964.0217,133972.0379,0.8702
D,CO2EII,PUBLISHING,1,2016,22,23/05/2016 00:00,SA1,24415.69156,9496.587228,0.389
D,CO2EII,PUBLISHING,1,2016,22,23/05/2016 00:00,TAS1,30145.70352,36.25214002,0.0012
D,CO2EII,PUBLISHING,1,2016,22,23/05/2016 00:00,VIC1,137933.5668,164881.4107,1.1954
D,CO2EII,PUBLISHING,1,2016,22,24/05/2016 00:00,NEM,519471.4128,469750.7448,0.9043
D,CO2EII,PUBLISHING,1,2016,22,24/05/2016 00:00,NSW1,172435.6145,147936.5963,0.8579
D,CO2EII,PUBLISHING,1,2016,22,24/05/2016 00:00,QLD1,148723.9781,130155.9177,0.8752
D,CO2EII,PUBLISHING,1,2016,22,24/05/2016 00:00,SA1,22472.37376,9437.80705,0.42
D,CO2EII,PUBLISHING,1,2016,22,24/05/2016 00:00,TAS1,30337.63861,8.57038033,0.0003
D,CO2EII,PUBLISHING,1,2016,22,24/05/2016 00:00,VIC1,145501.8079,182211.8534,1.2523
D,CO2EII,PUBLISHING,1,2016,22,25/05/2016 00:00,NEM,533086.7815,449181.7096,0.8426
D,CO2EII,PUBLISHING,1,2016,22,25/05/2016 00:00,NSW1,166791.359,146533.4731,0.8785
D,CO2EII,PUBLISHING,1,2016,22,25/05/2016 00:00,QLD1,155194.698,135494.9847,0.8731
D,CO2EII,PUBLISHING,1,2016,22,25/05/2016 00:00,SA1,36743.99942,8298.538032,0.2258
D,CO2EII,PUBLISHING,1,2016,22,25/05/2016 00:00,TAS1,32353.44449,275.702766,0.0085
D,CO2EII,PUBLISHING,1,2016,22,25/05/2016 00:00,VIC1,142003.2805,158579.011,1.1167
D,CO2EII,PUBLISHING,1,2016,22,26/05/2016 00:00,NEM,536718.3288,461472.6216,0.8598
D,CO2EII,PUBLISHING,1,2016,22,26/05/2016 00:00,NSW1,176934.4551,149909.2794,0.8473
D,CO2EII,PUBLISHING,1,2016,22,26/05/2016 00:00,QLD1,159151.1132,137805.8755,0.8659
D,CO2EII,PUBLISHING,1,2016,22,26/05/2016 00:00,SA1,27234.76684,12713.03758,0.4668
D,CO2EII,PUBLISHING,1,2016,22,26/05/2016 00:00,TAS1,31199.48817,352.6155539,0.0113
D,CO2EII,PUBLISHING,1,2016,22,26/05/2016 00:00,VIC1,142198.5054,160691.8136,1.1301
D,CO2EII,PUBLISHING,1,2016,22,27/05/2016 00:00,NEM,531752.7107,446521.8347,0.8397
D,CO2EII,PUBLISHING,1,2016,22,27/05/2016 00:00,NSW1,175915.4445,143727.4964,0.817
D,CO2EII,PUBLISHING,1,2016,22,27/05/2016 00:00,QLD1,151744.2912,132685.8238,0.8744
D,CO2EII,PUBLISHING,1,2016,22,27/05/2016 00:00,SA1,33739.50339,8186.780885,0.2426
D,CO2EII,PUBLISHING,1,2016,22,27/05/2016 00:00,TAS1,31117.1364,355.9502565,0.0114
D,CO2EII,PUBLISHING,1,2016,22,27/05/2016 00:00,VIC1,139236.3352,161565.7833,1.1604
D,CO2EII,PUBLISHING,1,2016,22,28/05/2016 00:00,NEM,502217.9873,449090.4529,0.8942
D,CO2EII,PUBLISHING,1,2016,22,28/05/2016 00:00,NSW1,154261.9424,137856.2827,0.8937
D,CO2EII,PUBLISHING,1,2016,22,28/05/2016 00:00,QLD1,152585.3421,135877.4529,0.8905
D,CO2EII,PUBLISHING,1,2016,22,28/05/2016 00:00,SA1,26638.2984,12530.04175,0.4704
D,CO2EII,PUBLISHING,1,2016,22,28/05/2016 00:00,TAS1,29614.87566,1.97841784,0.0001
D,CO2EII,PUBLISHING,1,2016,22,28/05/2016 00:00,VIC1,139117.5288,162824.6971,1.1704
D,CO2EII,PUBLISHING,1,2016,23,29/05/2016 00:00,NEM,490514.4938,446518.3111,0.9103
D,CO2EII,PUBLISHING,1,2016,23,29/05/2016 00:00,NSW1,157170.2614,140465.128,0.8937
D,CO2EII,PUBLISHING,1,2016,23,29/05/2016 00:00,QLD1,152584.4232,136400.9552,0.8939
D,CO2EII,PUBLISHING,1,2016,23,29/05/2016 00:00,SA1,23146.8563,10787.36555,0.466
D,CO2EII,PUBLISHING,1,2016,23,29/05/2016 00:00,TAS1,29452.06932,154.4758237,0.0052
D,CO2EII,PUBLISHING,1,2016,23,29/05/2016 00:00,VIC1,128160.8835,158710.3866,1.2384
D,CO2EII,PUBLISHING,1,2016,23,30/05/2016 00:00,NEM,548520.0667,464072.6918,0.846
D,CO2EII,PUBLISHING,1,2016,23,30/05/2016 00:00,NSW1,171112.4601,147648.4896,0.8629
D,CO2EII,PUBLISHING,1,2016,23,30/05/2016 00:00,QLD1,166790.0666,145501.0597,0.8724
D,CO2EII,PUBLISHING,1,2016,23,30/05/2016 00:00,SA1,34570.55604,12080.88715,0.3495
D,CO2EII,PUBLISHING,1,2016,23,30/05/2016 00:00,TAS1,31801.8766,621.9009393,0.0196
D,CO2EII,PUBLISHING,1,2016,23,30/05/2016 00:00,VIC1,144245.1074,158220.3543,1.0969
D,CO2EII,PUBLISHING,1,2016,23,31/05/2016 00:00,NEM,561575.2108,484928.7772,0.8635
D,CO2EII,PUBLISHING,1,2016,23,31/05/2016 00:00,NSW1,176753.5214,153498.504,0.8684
D,CO2EII,PUBLISHING,1,2016,23,31/05/2016 00:00,QLD1,174107.3711,151591.5888,0.8707
D,CO2EII,PUBLISHING,1,2016,23,31/05/2016 00:00,SA1,30499.07832,13422.21638,0.4401
D,CO2EII,PUBLISHING,1,2016,23,31/05/2016 00:00,TAS1,33055.31481,563.8090727,0.0171
D,CO2EII,PUBLISHING,1,2016,23,31/05/2016 00:00,VIC1,147159.9252,165852.6589,1.127
D,CO2EII,PUBLISHING,1,2016,23,01/06/2016 00:00,NEM,556839.4219,500274.1239,0.8984
D,CO2EII,PUBLISHING,1,2016,23,01/06/2016 00:00,NSW1,173777.7401,156990.169,0.9034
D,CO2EII,PUBLISHING,1,2016,23,01/06/2016 00:00,QLD1,178118.7336,155133.3343,0.871
D,CO2EII,PUBLISHING,1,2016,23,01/06/2016 00:00,SA1,23438.65706,14977.23605,0.639
D,CO2EII,PUBLISHING,1,2016,23,01/06/2016 00:00,TAS1,33031.98529,665.1251452,0.0201
D,CO2EII,PUBLISHING,1,2016,23,01/06/2016 00:00,VIC1,148472.3058,172508.2594,1.1619
D,CO2EII,PUBLISHING,1,2016,23,02/06/2016 00:00,NEM,554397.2567,496635.0729,0.8958
D,CO2EII,PUBLISHING,1,2016,23,02/06/2016 00:00,NSW1,175974.8321,159354.4992,0.9056
D,CO2EII,PUBLISHING,1,2016,23,02/06/2016 00:00,QLD1,176631.6614,154269.6439,0.8734
D,CO2EII,PUBLISHING,1,2016,23,02/06/2016 00:00,SA1,25380.94203,15926.2913,0.6275
D,CO2EII,PUBLISHING,1,2016,23,02/06/2016 00:00,TAS1,32655.05769,568.8247988,0.0174
D,CO2EII,PUBLISHING,1,2016,23,02/06/2016 00:00,VIC1,143754.7635,166515.8137,1.1583
D,CO2EII,PUBLISHING,1,2016,23,03/06/2016 00:00,NEM,546901.9269,485911.8664,0.8885
D,CO2EII,PUBLISHING,1,2016,23,03/06/2016 00:00,NSW1,177357.2129,159272.4875,0.898
D,CO2EII,PUBLISHING,1,2016,23,03/06/2016 00:00,QLD1,167653.001,143626.9844,0.8567
D,CO2EII,PUBLISHING,1,2016,23,03/06/2016 00:00,SA1,24460.10543,16257.62183,0.6647
D,CO2EII,PUBLISHING,1,2016,23,03/06/2016 00:00,TAS1,33098.88551,476.708851,0.0144
D,CO2EII,PUBLISHING,1,2016,23,03/06/2016 00:00,VIC1,144332.7221,166278.0638,1.152
D,CO2EII,PUBLISHING,1,2016,23,04/06/2016 00:00,NEM,513117.2683,466358.7864,0.9089
D,CO2EII,PUBLISHING,1,2016,23,04/06/2016 00:00,NSW1,173608.5396,153921.7012,0.8866
D,CO2EII,PUBLISHING,1,2016,23,04/06/2016 00:00,QLD1,158524.1671,139192.13,0.878
D,CO2EII,PUBLISHING,1,2016,23,04/06/2016 00:00,SA1,19878.17251,13181.83237,0.6631
D,CO2EII,PUBLISHING,1,2016,23,04/06/2016 00:00,TAS1,32364.51301,29.36748256,0.0009
D,CO2EII,PUBLISHING,1,2016,23,04/06/2016 00:00,VIC1,128741.876,160033.7553,1.2431
D,CO2EII,PUBLISHING,1,2016,24,05/06/2016 00:00,NEM,494355.2061,431595.963,0.873
D,CO2EII,PUBLISHING,1,2016,24,05/06/2016 00:00,NSW1,166152.3924,149605.2027,0.9004
D,CO2EII,PUBLISHING,1,2016,24,05/06/2016 00:00,QLD1,150750.6848,133773.9969,0.8874
D,CO2EII,PUBLISHING,1,2016,24,05/06/2016 00:00,SA1,34586.46293,9472.636713,0.2739
D,CO2EII,PUBLISHING,1,2016,24,05/06/2016 00:00,TAS1,29946.569,116.8900465,0.0039
D,CO2EII,PUBLISHING,1,2016,24,05/06/2016 00:00,VIC1,112919.097,138627.2366,1.2277
D,CO2EII,PUBLISHING,1,2016,24,06/06/2016 00:00,NEM,546173.4503,454354.2872,0.8319
D,CO2EII,PUBLISHING,1,2016,24,06/06/2016 00:00,NSW1,183756.1636,156375.7623,0.851
D,CO2EII,PUBLISHING,1,2016,24,06/06/2016 00:00,QLD1,162435.1832,142274.6251,0.8759
D,CO2EII,PUBLISHING,1,2016,24,06/06/2016 00:00,SA1,36219.25087,9650.218986,0.2664
D,CO2EII,PUBLISHING,1,2016,24,06/06/2016 00:00,TAS1,30179.28388,207.5705899,0.0069
D,CO2EII,PUBLISHING,1,2016,24,06/06/2016 00:00,VIC1,133583.5687,145846.1102,1.0918
D,CO2EII,PUBLISHING,1,2016,24,07/06/2016 00:00,NEM,551948.821,468699.3298,0.8492
D,CO2EII,PUBLISHING,1,2016,24,07/06/2016 00:00,NSW1,171097.2078,145836.0762,0.8524
D,CO2EII,PUBLISHING,1,2016,24,07/06/2016 00:00,QLD1,167876.9992,147185.2253,0.8767
D,CO2EII,PUBLISHING,1,2016,24,07/06/2016 00:00,SA1,27269.57978,13016.96313,0.4773
D,CO2EII,PUBLISHING,1,2016,24,07/06/2016 00:00,TAS1,29716.76873,225.9532929,0.0076
D,CO2EII,PUBLISHING,1,2016,24,07/06/2016 00:00,VIC1,155988.2654,162435.1119,1.0413
D,CO2EII,PUBLISHING,1,2016,24,08/06/2016 00:00,NEM,544541.0317,447767.2371,0.8223
D,CO2EII,PUBLISHING,1,2016,24,08/06/2016 00:00,NSW1,180207.9147,149937.5711,0.832
D,CO2EII,PUBLISHING,1,2016,24,08/06/2016 00:00,QLD1,161694.284,141920.8501,0.8777
D,CO2EII,PUBLISHING,1,2016,24,08/06/2016 00:00,SA1,34510.31433,8164.598423,0.2366
D,CO2EII,PUBLISHING,1,2016,24,08/06/2016 00:00,TAS1,29665.79247,1.89092397,0.0001
D,CO2EII,PUBLISHING,1,2016,24,08/06/2016 00:00,VIC1,138462.7262,147742.3266,1.067
D,CO2EII,PUBLISHING,1,2016,24,09/06/2016 00:00,NEM,536576.1304,461182.416,0.8595
D,CO2EII,PUBLISHING,1,2016,24,09/06/2016 00:00,NSW1,170740.348,146432.4765,0.8576
D,CO2EII,PUBLISHING,1,2016,24,09/06/2016 00:00,QLD1,155774.1048,137592.6562,0.8833
D,CO2EII,PUBLISHING,1,2016,24,09/06/2016 00:00,SA1,31891.25369,7091.122334,0.2224
D,CO2EII,PUBLISHING,1,2016,24,09/06/2016 00:00,TAS1,30253.34234,238.55712,0.0079
D,CO2EII,PUBLISHING,1,2016,24,09/06/2016 00:00,VIC1,147917.0816,169827.6039,1.1481
D,CO2EII,PUBLISHING,1,2016,24,10/06/2016 00:00,NEM,528919.6377,466443.0806,0.8819
D,CO2EII,PUBLISHING,1,2016,24,10/06/2016 00:00,NSW1,169133.4795,152589.2623,0.9022
D,CO2EII,PUBLISHING,1,2016,24,10/06/2016 00:00,QLD1,151021.8971,134398.0012,0.8899
D,CO2EII,PUBLISHING,1,2016,24,10/06/2016 00:00,SA1,29064.9441,7608.357906,0.2618
D,CO2EII,PUBLISHING,1,2016,24,10/06/2016 00:00,TAS1,31777.86265,121.9048053,0.0038
D,CO2EII,PUBLISHING,1,2016,24,10/06/2016 00:00,VIC1,147921.4544,171725.5544,1.1609
D,CO2EII,PUBLISHING,1,2016,24,11/06/2016 00:00,NEM,497603.6498,446114.6657,0.8965
D,CO2EII,PUBLISHING,1,2016,24,11/06/2016 00:00,NSW1,157998.7111,142380.2041,0.9011
D,CO2EII,PUBLISHING,1,2016,24,11/06/2016 00:00,QLD1,143351.5479,128125.329,0.8938
D,CO2EII,PUBLISHING,1,2016,24,11/06/2016 00:00,SA1,22990.64118,10872.41403,0.4729
D,CO2EII,PUBLISHING,1,2016,24,11/06/2016 00:00,TAS1,32691.59914,240.5371501,0.0074
D,CO2EII,PUBLISHING,1,2016,24,11/06/2016 00:00,VIC1,140571.1504,164496.1813,1.1702
D,CO2EII,PUBLISHING,1,2016,25,12/06/2016 00:00,NEM,499779.3243,469447.2467,0.9393
D,CO2EII,PUBLISHING,1,2016,25,12/06/2016 00:00,NSW1,163884.8925,155357.7169,0.948
D,CO2EII,PUBLISHING,1,2016,25,12/06/2016 00:00,QLD1,148354.6778,132682.6961,0.8944
D,CO2EII,PUBLISHING,1,2016,25,12/06/2016 00:00,SA1,20015.86278,11636.50394,0.5814
D,CO2EII,PUBLISHING,1,2016,25,12/06/2016 00:00,TAS1,32451.19839,148.9983215,0.0046
D,CO2EII,PUBLISHING,1,2016,25,12/06/2016 00:00,VIC1,135072.6929,169621.3314,1.2558
D,CO2EII,PUBLISHING,1,2016,25,13/06/2016 00:00,NEM,515721.7774,458686.4036,0.8894
D,CO2EII,PUBLISHING,1,2016,25,13/06/2016 00:00,NSW1,162461.1259,150653.6128,0.9273
D,CO2EII,PUBLISHING,1,2016,25,13/06/2016 00:00,QLD1,158060.4285,139838.0772,0.8847
D,CO2EII,PUBLISHING,1,2016,25,13/06/2016 00:00,SA1,28329.28544,11014.70616,0.3888
D,CO2EII,PUBLISHING,1,2016,25,13/06/2016 00:00,TAS1,32923.46622,279.7623446,0.0085
D,CO2EII,PUBLISHING,1,2016,25,13/06/2016 00:00,VIC1,133947.4714,156900.2451,1.1714
D,CO2EII,PUBLISHING,1,2016,25,14/06/2016 00:00,NEM,553702.8136,470470.2025,0.8497
D,CO2EII,PUBLISHING,1,2016,25,14/06/2016 00:00,NSW1,179996.9586,159912.0571,0.8884
D,CO2EII,PUBLISHING,1,2016,25,14/06/2016 00:00,QLD1,160646.383,140847.7544,0.8768
D,CO2EII,PUBLISHING,1,2016,25,14/06/2016 00:00,SA1,28712.81503,12064.43382,0.4202
D,CO2EII,PUBLISHING,1,2016,25,14/06/2016 00:00,TAS1,36707.70345,416.7358438,0.0114
D,CO2EII,PUBLISHING,1,2016,25,14/06/2016 00:00,VIC1,147638.9535,157229.2213,1.065
D,CO2EII,PUBLISHING,1,2016,25,15/06/2016 00:00,NEM,553674.5134,481745.4722,0.8701
D,CO2EII,PUBLISHING,1,2016,25,15/06/2016 00:00,NSW1,177453.0152,160797.8507,0.9061
D,CO2EII,PUBLISHING,1,2016,25,15/06/2016 00:00,QLD1,159226.7076,139619.0172,0.8769
D,CO2EII,PUBLISHING,1,2016,25,15/06/2016 00:00,SA1,27512.75212,9170.774044,0.3333
D,CO2EII,PUBLISHING,1,2016,25,15/06/2016 00:00,TAS1,35668.49388,768.6651573,0.0216
D,CO2EII,PUBLISHING,1,2016,25,15/06/2016 00:00,VIC1,153813.5446,171389.165,1.1143
D,CO2EII,PUBLISHING,1,2016,25,16/06/2016 00:00,NEM,552557.3278,462804.4631,0.8376
D,CO2EII,PUBLISHING,1,2016,25,16/06/2016 00:00,NSW1,182620.1244,162035.0463,0.8873
D,CO2EII,PUBLISHING,1,2016,25,16/06/2016 00:00,QLD1,154293.4159,136047.0367,0.8817
D,CO2EII,PUBLISHING,1,2016,25,16/06/2016 00:00,SA1,31700.65331,11308.85129,0.3567
D,CO2EII,PUBLISHING,1,2016,25,16/06/2016 00:00,TAS1,35251.79765,379.2317475,0.0108
D,CO2EII,PUBLISHING,1,2016,25,16/06/2016 00:00,VIC1,148691.3366,153034.2971,1.0292
D,CO2EII,PUBLISHING,1,2016,25,17/06/2016 00:00,NEM,546070.2631,484239.1773,0.8868
D,CO2EII,PUBLISHING,1,2016,25,17/06/2016 00:00,NSW1,184956.5951,161666.3193,0.8741
D,CO2EII,PUBLISHING,1,2016,25,17/06/2016 00:00,QLD1,156395.9109,136237.537,0.8711
D,CO2EII,PUBLISHING,1,2016,25,17/06/2016 00:00,SA1,23919.70398,13113.01799,0.5482
D,CO2EII,PUBLISHING,1,2016,25,17/06/2016 00:00,TAS1,34025.75641,398.5009465,0.0117
D,CO2EII,PUBLISHING,1,2016,25,17/06/2016 00:00,VIC1,146772.2967,172823.8021,1.1775
D,CO2EII,PUBLISHING,1,2016,25,18/06/2016 00:00,NEM,502912.9317,465208.2952,0.925
D,CO2EII,PUBLISHING,1,2016,25,18/06/2016 00:00,NSW1,158406.2973,152512.5082,0.9628
D,CO2EII,PUBLISHING,1,2016,25,18/06/2016 00:00,QLD1,149774.6488,132045.2511,0.8816
D,CO2EII,PUBLISHING,1,2016,25,18/06/2016 00:00,SA1,23462.02271,8249.088529,0.3516
D,CO2EII,PUBLISHING,1,2016,25,18/06/2016 00:00,TAS1,32823.01423,93.71868106,0.0029
D,CO2EII,PUBLISHING,1,2016,25,18/06/2016 00:00,VIC1,138446.9487,172307.7287,1.2446
D,CO2EII,PUBLISHING,1,2016,26,19/06/2016 00:00,NEM,507072.811,464636.9653,0.9163
D,CO2EII,PUBLISHING,1,2016,26,19/06/2016 00:00,NSW1,163188.7266,152146.2617,0.9323
D,CO2EII,PUBLISHING,1,2016,26,19/06/2016 00:00,QLD1,161115.6097,144543.2493,0.8971
D,CO2EII,PUBLISHING,1,2016,26,19/06/2016 00:00,SA1,19987.12686,10524.3538,0.5266
D,CO2EII,PUBLISHING,1,2016,26,19/06/2016 00:00,TAS1,34411.04966,412.915097,0.012
D,CO2EII,PUBLISHING,1,2016,26,19/06/2016 00:00,VIC1,128370.2982,157010.1854,1.2231
D,CO2EII,PUBLISHING,1,2016,26,20/06/2016 00:00,NEM,547259.9258,465792.6617,0.8511
D,CO2EII,PUBLISHING,1,2016,26,20/06/2016 00:00,NSW1,180609.9437,158654.319,0.8784
D,CO2EII,PUBLISHING,1,2016,26,20/06/2016 00:00,QLD1,167080.692,147736.4381,0.8842
D,CO2EII,PUBLISHING,1,2016,26,20/06/2016 00:00,SA1,28136.78255,13665.47236,0.4857
D,CO2EII,PUBLISHING,1,2016,26,20/06/2016 00:00,TAS1,38011.40712,410.9306193,0.0108
D,CO2EII,PUBLISHING,1,2016,26,20/06/2016 00:00,VIC1,133421.1004,145325.5016,1.0892
D,CO2EII,PUBLISHING,1,2016,26,21/06/2016 00:00,NEM,557283.4759,461305.2442,0.8278
D,CO2EII,PUBLISHING,1,2016,26,21/06/2016 00:00,NSW1,181558.5876,157681.4489,0.8685
D,CO2EII,PUBLISHING,1,2016,26,21/06/2016 00:00,QLD1,158306.7111,139247.2447,0.8796
D,CO2EII,PUBLISHING,1,2016,26,21/06/2016 00:00,SA1,37991.71914,7594.296601,0.1999
D,CO2EII,PUBLISHING,1,2016,26,21/06/2016 00:00,TAS1,36721.67552,66.42009649,0.0018
D,CO2EII,PUBLISHING,1,2016,26,21/06/2016 00:00,VIC1,142704.7825,156715.8339,1.0982
D,CO2EII,PUBLISHING,1,2016,26,22/06/2016 00:00,NEM,550729.2654,458697.0956,0.8329
D,CO2EII,PUBLISHING,1,2016,26,22/06/2016 00:00,NSW1,177916.704,155170.5562,0.8722
D,CO2EII,PUBLISHING,1,2016,26,22/06/2016 00:00,QLD1,160507.2232,140268.151,0.8739
D,CO2EII,PUBLISHING,1,2016,26,22/06/2016 00:00,SA1,34650.34223,8597.598032,0.2481
D,CO2EII,PUBLISHING,1,2016,26,22/06/2016 00:00,TAS1,33329.66616,141.8021363,0.0043
D,CO2EII,PUBLISHING,1,2016,26,22/06/2016 00:00,VIC1,144325.3298,154518.9883,1.0706
D,CO2EII,PUBLISHING,1,2016,26,23/06/2016 00:00,NEM,569038.3394,471374.1684,0.8284
D,CO2EII,PUBLISHING,1,2016,26,23/06/2016 00:00,NSW1,177531.7469,157553.9864,0.8875
D,CO2EII,PUBLISHING,1,2016,26,23/06/2016 00:00,QLD1,169809.5354,149618.556,0.8811
D,CO2EII,PUBLISHING,1,2016,26,23/06/2016 00:00,SA1,36426.55554,7100.056415,0.1949
D,CO2EII,PUBLISHING,1,2016,26,23/06/2016 00:00,TAS1,34708.1636,2.09187479,0.0001
D,CO2EII,PUBLISHING,1,2016,26,23/06/2016 00:00,VIC1,150562.338,157099.4778,1.0434
D,CO2EII,PUBLISHING,1,2016,26,24/06/2016 00:00,NEM,573523.3108,478860.2538,0.8349
D,CO2EII,PUBLISHING,1,2016,26,24/06/2016 00:00,NSW1,183652.6535,156498.2936,0.8521
D,CO2EII,PUBLISHING,1,2016,26,24/06/2016 00:00,QLD1,161214.0756,142403.4743,0.8833
D,CO2EII,PUBLISHING,1,2016,26,24/06/2016 00:00,SA1,33959.74716,10444.21159,0.3075
D,CO2EII,PUBLISHING,1,2016,26,24/06/2016 00:00,TAS1,38053.41229,408.7087771,0.0107
D,CO2EII,PUBLISHING,1,2016,26,24/06/2016 00:00,VIC1,156643.4223,169105.5655,1.0796
D,CO2EII,PUBLISHING,1,2016,26,25/06/2016 00:00,NEM,539965.198,491398.7024,0.9101
D,CO2EII,PUBLISHING,1,2016,26,25/06/2016 00:00,NSW1,178586.3651,160398.7999,0.8982
D,CO2EII,PUBLISHING,1,2016,26,25/06/2016 00:00,QLD1,161002.4898,141072.3672,0.8762
D,CO2EII,PUBLISHING,1,2016,26,25/06/2016 00:00,SA1,19825.51448,13424.94448,0.6772
D,CO2EII,PUBLISHING,1,2016,26,25/06/2016 00:00,TAS1,38027.99056,323.6183292,0.0085
D,CO2EII,PUBLISHING,1,2016,26,25/06/2016 00:00,VIC1,142522.838,176178.9725,1.2361
D,CO2EII,PUBLISHING,1,2016,27,26/06/2016 00:00,NEM,537965.3399,478854.9025,0.8901
D,CO2EII,PUBLISHING,1,2016,27,26/06/2016 00:00,NSW1,177768.4821,166690.3829,0.9377
D,CO2EII,PUBLISHING,1,2016,27,26/06/2016 00:00,QLD1,160048.657,142859.1698,0.8926
D,CO2EII,PUBLISHING,1,2016,27,26/06/2016 00:00,SA1,23805.51195,10786.82741,0.4531
D,CO2EII,PUBLISHING,1,2016,27,26/06/2016 00:00,TAS1,38082.63796,412.2548414,0.0108
D,CO2EII,PUBLISHING,1,2016,27,26/06/2016 00:00,VIC1,138260.0509,158106.2676,1.1435
D,CO2EII,PUBLISHING,1,2016,27,27/06/2016 00:00,NEM,600051.2236,514740.6389,0.8578
D,CO2EII,PUBLISHING,1,2016,27,27/06/2016 00:00,NSW1,198778.3891,171155.6285,0.861
D,CO2EII,PUBLISHING,1,2016,27,27/06/2016 00:00,QLD1,177260.7343,157391.3056,0.8879
D,CO2EII,PUBLISHING,1,2016,27,27/06/2016 00:00,SA1,28242.29625,15212.5396,0.5386
D,CO2EII,PUBLISHING,1,2016,27,27/06/2016 00:00,TAS1,38815.90982,497.5677972,0.0128
D,CO2EII,PUBLISHING,1,2016,27,27/06/2016 00:00,VIC1,156953.8941,170483.5975,1.0862
D,CO2EII,PUBLISHING,1,2016,27,28/06/2016 00:00,NEM,585852.7945,506084.0916,0.8638
D,CO2EII,PUBLISHING,1,2016,27,28/06/2016 00:00,NSW1,192512.2039,176944.1051,0.9191
D,CO2EII,PUBLISHING,1,2016,27,28/06/2016 00:00,QLD1,176619.7257,155616.8165,0.8811
D,CO2EII,PUBLISHING,1,2016,27,28/06/2016 00:00,SA1,30494.2631,16027.64141,0.5256
D,CO2EII,PUBLISHING,1,2016,27,28/06/2016 00:00,TAS1,39894.10338,637.7041373,0.016
D,CO2EII,PUBLISHING,1,2016,27,28/06/2016 00:00,VIC1,146332.4985,156857.8244,1.0719
D,CO2EII,PUBLISHING,1,2016,27,29/06/2016 00:00,NEM,577565.2749,493180.9562,0.8539
D,CO2EII,PUBLISHING,1,2016,27,29/06/2016 00:00,NSW1,187753.164,170536.1398,0.9083
D,CO2EII,PUBLISHING,1,2016,27,29/06/2016 00:00,QLD1,166550.3656,147690.0078,0.8868
D,CO2EII,PUBLISHING,1,2016,27,29/06/2016 00:00,SA1,37637.35728,8656.570558,0.23
D,CO2EII,PUBLISHING,1,2016,27,29/06/2016 00:00,TAS1,39162.04912,143.2868257,0.0037
D,CO2EII,PUBLISHING,1,2016,27,29/06/2016 00:00,VIC1,146462.3389,166154.9512,1.1345
D,CO2EII,PUBLISHING,1,2016,27,30/06/2016 00:00,NEM,591517.5836,480531.3098,0.8124
D,CO2EII,PUBLISHING,1,2016,27,30/06/2016 00:00,NSW1,190603.7251,159161.89,0.835
D,CO2EII,PUBLISHING,1,2016,27,30/06/2016 00:00,QLD1,170026.6191,149817.1558,0.8811
D,CO2EII,PUBLISHING,1,2016,27,30/06/2016 00:00,SA1,42405.35413,10491.99627,0.2474
D,CO2EII,PUBLISHING,1,2016,27,30/06/2016 00:00,TAS1,39081.27081,348.0651717,0.0089
D,CO2EII,PUBLISHING,1,2016,27,30/06/2016 00:00,VIC1,149400.6144,160712.2026,1.0757
D,CO2EII,PUBLISHING,1,2016,27,01/07/2016 00:00,NEM,565959.4684,480295.2447,0.8486
D,CO2EII,PUBLISHING,1,2016,27,01/07/2016 00:00,NSW1,184221.4814,157025.0244,0.8524
D,CO2EII,PUBLISHING,1,2016,27,01/07/2016 00:00,QLD1,165258.5598,144985.9528,0.8773
D,CO2EII,PUBLISHING,1,2016,27,01/07/2016 00:00,SA1,29408.00909,14185.62492,0.4824
D,CO2EII,PUBLISHING,1,2016,27,01/07/2016 00:00,TAS1,38341.1802,315.8738177,0.0082
D,CO2EII,PUBLISHING,1,2016,27,01/07/2016 00:00,VIC1,148730.2379,163782.7687,1.1012
D,CO2EII,PUBLISHING,1,2016,27,02/07/2016 00:00,NEM,518688.7712,450141.8116,0.8678
D,CO2EII,PUBLISHING,1,2016,27,02/07/2016 00:00,NSW1,161368.8577,138701.7423,0.8595
D,CO2EII,PUBLISHING,1,2016,27,02/07/2016 00:00,QLD1,163629.604,144090.203,0.8806
D,CO2EII,PUBLISHING,1,2016,27,02/07/2016 00:00,SA1,22590.12277,11039.81216,0.4887
D,CO2EII,PUBLISHING,1,2016,27,02/07/2016 00:00,TAS1,40089.85677,44.88069375,0.0011
D,CO2EII,PUBLISHING,1,2016,27,02/07/2016 00:00,VIC1,131010.33,156265.1734,1.1928
D,CO2EII,PUBLISHING,1,2016,28,03/07/2016 00:00,NEM,508425.0124,453041.5509,0.8911
D,CO2EII,PUBLISHING,1,2016,28,03/07/2016 00:00,NSW1,168699.1152,153288.4661,0.9087
D,CO2EII,PUBLISHING,1,2016,28,03/07/2016 00:00,QLD1,158363.6473,140942.5783,0.89
D,CO2EII,PUBLISHING,1,2016,28,03/07/2016 00:00,SA1,20648.95804,10277.04011,0.4977
D,CO2EII,PUBLISHING,1,2016,28,03/07/2016 00:00,TAS1,33221.84721,76.17689348,0.0023
D,CO2EII,PUBLISHING,1,2016,28,03/07/2016 00:00,VIC1,127491.4447,148457.2895,1.1644
D,CO2EII,PUBLISHING,1,2016,28,04/07/2016 00:00,NEM,576484.5948,493281.46,0.8557
D,CO2EII,PUBLISHING,1,2016,28,04/07/2016 00:00,NSW1,186821.7999,169093.5891,0.9051
D,CO2EII,PUBLISHING,1,2016,28,04/07/2016 00:00,QLD1,164046.2164,144483.2512,0.8807
D,CO2EII,PUBLISHING,1,2016,28,04/07/2016 00:00,SA1,36297.80234,14428.05477,0.3975
D,CO2EII,PUBLISHING,1,2016,28,04/07/2016 00:00,TAS1,32382.56092,293.6952709,0.0091
D,CO2EII,PUBLISHING,1,2016,28,04/07/2016 00:00,VIC1,156936.2152,164982.8696,1.0513
D,CO2EII,PUBLISHING,1,2016,28,05/07/2016 00:00,NEM,581244.1901,477591.1915,0.8217
D,CO2EII,PUBLISHING,1,2016,28,05/07/2016 00:00,NSW1,196179.5925,174041.8077,0.8872
D,CO2EII,PUBLISHING,1,2016,28,05/07/2016 00:00,QLD1,164681.6179,143716.4992,0.8727
D,CO2EII,PUBLISHING,1,2016,28,05/07/2016 00:00,SA1,38617.82391,11700.26124,0.303
D,CO2EII,PUBLISHING,1,2016,28,05/07/2016 00:00,TAS1,39933.71395,543.4807554,0.0136
D,CO2EII,PUBLISHING,1,2016,28,05/07/2016 00:00,VIC1,141831.4419,147589.1427,1.0406
D,CO2EII,PUBLISHING,1,2016,28,06/07/2016 00:00,NEM,573267.6169,465446.4653,0.8119
D,CO2EII,PUBLISHING,1,2016,28,06/07/2016 00:00,NSW1,200940.8846,169767.1939,0.8449
D,CO2EII,PUBLISHING,1,2016,28,06/07/2016 00:00,QLD1,162370.3494,143015.1285,0.8808
D,CO2EII,PUBLISHING,1,2016,28,06/07/2016 00:00,SA1,36394.69221,22584.33721,0.6205
D,CO2EII,PUBLISHING,1,2016,28,06/07/2016 00:00,TAS1,39748.45459,327.1050991,0.0082
D,CO2EII,PUBLISHING,1,2016,28,06/07/2016 00:00,VIC1,133813.2361,129752.7007,0.9697
D,CO2EII,PUBLISHING,1,2016,28,07/07/2016 00:00,NEM,567525.8884,480095.6005,0.8459
D,CO2EII,PUBLISHING,1,2016,28,07/07/2016 00:00,NSW1,190039.6874,175595.8282,0.924
D,CO2EII,PUBLISHING,1,2016,28,07/07/2016 00:00,QLD1,169362.5485,148788.1323,0.8785
D,CO2EII,PUBLISHING,1,2016,28,07/07/2016 00:00,SA1,36292.52063,26504.11028,0.7303
D,CO2EII,PUBLISHING,1,2016,28,07/07/2016 00:00,TAS1,39562.2625,123.0596522,0.0031
D,CO2EII,PUBLISHING,1,2016,28,07/07/2016 00:00,VIC1,132268.8694,129084.47,0.9759
D,CO2EII,PUBLISHING,1,2016,28,08/07/2016 00:00,NEM,559249.1553,496427.2746,0.8877
D,CO2EII,PUBLISHING,1,2016,28,08/07/2016 00:00,NSW1,195446.7383,187000.1163,0.9568
D,CO2EII,PUBLISHING,1,2016,28,08/07/2016 00:00,QLD1,161597.2574,142712.8514,0.8831
D,CO2EII,PUBLISHING,1,2016,28,08/07/2016 00:00,SA1,34529.98286,25517.02319,0.739
D,CO2EII,PUBLISHING,1,2016,28,08/07/2016 00:00,TAS1,37482.59873,2.09468673,0.0001
D,CO2EII,PUBLISHING,1,2016,28,08/07/2016 00:00,VIC1,130192.5779,141195.189,1.0845
D,CO2EII,PUBLISHING,1,2016,28,09/07/2016 00:00,NEM,516991.5178,458063.0843,0.886
D,CO2EII,PUBLISHING,1,2016,28,09/07/2016 00:00,NSW1,179083.2348,177138.0771,0.9891
D,CO2EII,PUBLISHING,1,2016,28,09/07/2016 00:00,QLD1,158516.3462,141082.2971,0.89
D,CO2EII,PUBLISHING,1,2016,28,09/07/2016 00:00,SA1,31831.0579,9410.770418,0.2956
D,CO2EII,PUBLISHING,1,2016,28,09/07/2016 00:00,TAS1,35267.91272,2.09875311,0.0001
D,CO2EII,PUBLISHING,1,2016,28,09/07/2016 00:00,VIC1,112292.9662,130429.8409,1.1615
D,CO2EII,PUBLISHING,1,2016,29,10/07/2016 00:00,NEM,507124.1803,430963.6216,0.8498
D,CO2EII,PUBLISHING,1,2016,29,10/07/2016 00:00,NSW1,157873.6322,153010.6262,0.9692
D,CO2EII,PUBLISHING,1,2016,29,10/07/2016 00:00,QLD1,152985.852,135706.5288,0.8871
D,CO2EII,PUBLISHING,1,2016,29,10/07/2016 00:00,SA1,38196.33796,5300.57135,0.1388
D,CO2EII,PUBLISHING,1,2016,29,10/07/2016 00:00,TAS1,36449.58758,2.09857882,0.0001
D,CO2EII,PUBLISHING,1,2016,29,10/07/2016 00:00,VIC1,121618.7706,136943.7967,1.126
D,CO2EII,PUBLISHING,1,2016,29,11/07/2016 00:00,NEM,548881.6924,447177.9037,0.8147
D,CO2EII,PUBLISHING,1,2016,29,11/07/2016 00:00,NSW1,177701.127,158368.9667,0.8912
D,CO2EII,PUBLISHING,1,2016,29,11/07/2016 00:00,QLD1,158658.461,141430.2816,0.8914
D,CO2EII,PUBLISHING,1,2016,29,11/07/2016 00:00,SA1,40085.14867,7063.689048,0.1762
D,CO2EII,PUBLISHING,1,2016,29,11/07/2016 00:00,TAS1,38393.96442,2.08056897,0.0001
D,CO2EII,PUBLISHING,1,2016,29,11/07/2016 00:00,VIC1,134042.9914,140312.8857,1.0468
D,CO2EII,PUBLISHING,1,2016,29,12/07/2016 00:00,NEM,560058.3776,465263.0109,0.8307
D,CO2EII,PUBLISHING,1,2016,29,12/07/2016 00:00,NSW1,176049.9586,160548.989,0.912
D,CO2EII,PUBLISHING,1,2016,29,12/07/2016 00:00,QLD1,157698.5896,140595.1902,0.8915
D,CO2EII,PUBLISHING,1,2016,29,12/07/2016 00:00,SA1,42485.55255,11950.73703,0.2813
D,CO2EII,PUBLISHING,1,2016,29,12/07/2016 00:00,TAS1,36952.24553,2.1133349,0.0001
D,CO2EII,PUBLISHING,1,2016,29,12/07/2016 00:00,VIC1,146872.0314,152165.9813,1.036
D,CO2EII,PUBLISHING,1,2016,29,13/07/2016 00:00,NEM,582628.7757,487829.6628,0.8373
D,CO2EII,PUBLISHING,1,2016,29,13/07/2016 00:00,NSW1,186160.14,164256.5071,0.8823
D,CO2EII,PUBLISHING,1,2016,29,13/07/2016 00:00,QLD1,166339.8744,147182.567,0.8848
D,CO2EII,PUBLISHING,1,2016,29,13/07/2016 00:00,SA1,40367.80104,18639.92444,0.4618
D,CO2EII,PUBLISHING,1,2016,29,13/07/2016 00:00,TAS1,39715.38119,2.01811697,0.0001
D,CO2EII,PUBLISHING,1,2016,29,13/07/2016 00:00,VIC1,150045.5791,157748.6461,1.0513
D,CO2EII,PUBLISHING,1,2016,29,14/07/2016 00:00,NEM,589183.5677,507736.7945,0.8618
D,CO2EII,PUBLISHING,1,2016,29,14/07/2016 00:00,NSW1,197863.9966,177430.5279,0.8967
D,CO2EII,PUBLISHING,1,2016,29,14/07/2016 00:00,QLD1,170146.1004,150045.1253,0.8819
D,CO2EII,PUBLISHING,1,2016,29,14/07/2016 00:00,SA1,37985.47907,24405.60824,0.6425
D,CO2EII,PUBLISHING,1,2016,29,14/07/2016 00:00,TAS1,38762.93085,2.17921548,0.0001
D,CO2EII,PUBLISHING,1,2016,29,14/07/2016 00:00,VIC1,144425.0608,155853.3538,1.0791
D,CO2EII,PUBLISHING,1,2016,29,15/07/2016 00:00,NEM,580455.1222,514343.801,0.8861
D,CO2EII,PUBLISHING,1,2016,29,15/07/2016 00:00,NSW1,199421.1632,185695.0263,0.9312
D,CO2EII,PUBLISHING,1,2016,29,15/07/2016 00:00,QLD1,171546.5738,149294.4994,0.8703
D,CO2EII,PUBLISHING,1,2016,29,15/07/2016 00:00,SA1,23950.11323,14502.7691,0.6055
D,CO2EII,PUBLISHING,1,2016,29,15/07/2016 00:00,TAS1,40318.07449,2.02177682,0.0001
D,CO2EII,PUBLISHING,1,2016,29,15/07/2016 00:00,VIC1,145219.1974,164849.4844,1.1352
D,CO2EII,PUBLISHING,1,2016,29,16/07/2016 00:00,NEM,528787.9489,473551.7557,0.8955
D,CO2EII,PUBLISHING,1,2016,29,16/07/2016 00:00,NSW1,188988.7007,180075.2406,0.9528
D,CO2EII,PUBLISHING,1,2016,29,16/07/2016 00:00,QLD1,157173.1553,137956.9665,0.8777
D,CO2EII,PUBLISHING,1,2016,29,16/07/2016 00:00,SA1,27945.24855,15657.10536,0.5603
D,CO2EII,PUBLISHING,1,2016,29,16/07/2016 00:00,TAS1,39628.36133,2.17822752,0.0001
D,CO2EII,PUBLISHING,1,2016,29,16/07/2016 00:00,VIC1,115052.483,139860.265,1.2156
D,CO2EII,PUBLISHING,1,2016,30,17/07/2016 00:00,NEM,502338.4479,434469.7465,0.8649
D,CO2EII,PUBLISHING,1,2016,30,17/07/2016 00:00,NSW1,169481.9508,163883.7056,0.967
D,CO2EII,PUBLISHING,1,2016,30,17/07/2016 00:00,QLD1,148780.1392,131630.2453,0.8847
D,CO2EII,PUBLISHING,1,2016,30,17/07/2016 00:00,SA1,33848.01944,9210.532332,0.2721
D,CO2EII,PUBLISHING,1,2016,30,17/07/2016 00:00,TAS1,32304.21888,2.13204182,0.0001
D,CO2EII,PUBLISHING,1,2016,30,17/07/2016 00:00,VIC1,117924.1196,129743.1312,1.1002
D,CO2EII,PUBLISHING,1,2016,30,18/07/2016 00:00,NEM,538276.1227,451670.1668,0.8391
D,CO2EII,PUBLISHING,1,2016,30,18/07/2016 00:00,NSW1,176334.8568,161580.3387,0.9163
D,CO2EII,PUBLISHING,1,2016,30,18/07/2016 00:00,QLD1,151780.7753,132914.5052,0.8757
D,CO2EII,PUBLISHING,1,2016,30,18/07/2016 00:00,SA1,35880.98067,13688.29153,0.3815
D,CO2EII,PUBLISHING,1,2016,30,18/07/2016 00:00,TAS1,41283.14385,2.16289037,0.0001
D,CO2EII,PUBLISHING,1,2016,30,18/07/2016 00:00,VIC1,132996.366,143484.8686,1.0789
D,CO2EII,PUBLISHING,1,2016,30,19/07/2016 00:00,NEM,536829.8447,481718.4733,0.8973
D,CO2EII,PUBLISHING,1,2016,30,19/07/2016 00:00,NSW1,170308.7162,160758.217,0.9439
D,CO2EII,PUBLISHING,1,2016,30,19/07/2016 00:00,QLD1,155910.7734,136287.2471,0.8741
D,CO2EII,PUBLISHING,1,2016,30,19/07/2016 00:00,SA1,33181.92534,20953.91041,0.6315
D,CO2EII,PUBLISHING,1,2016,30,19/07/2016 00:00,TAS1,41013.87128,2.20803057,0.0001
D,CO2EII,PUBLISHING,1,2016,30,19/07/2016 00:00,VIC1,136414.5586,163716.8907,1.2001
D,CO2EII,PUBLISHING,1,2016,30,20/07/2016 00:00,NEM,539788.9075,495867.6129,0.9186
D,CO2EII,PUBLISHING,1,2016,30,20/07/2016 00:00,NSW1,173884.8879,168695.7766,0.9702
D,CO2EII,PUBLISHING,1,2016,30,20/07/2016 00:00,QLD1,158469.9371,137767.9246,0.8694
D,CO2EII,PUBLISHING,1,2016,30,20/07/2016 00:00,SA1,31056.86486,20970.53569,0.6752
D,CO2EII,PUBLISHING,1,2016,30,20/07/2016 00:00,TAS1,38171.14834,2.20733343,0.0001
D,CO2EII,PUBLISHING,1,2016,30,20/07/2016 00:00,VIC1,138206.0693,168431.1686,1.2187
D,CO2EII,PUBLISHING,1,2016,30,21/07/2016 00:00,NEM,538541.3681,467606.3896,0.8683
D,CO2EII,PUBLISHING,1,2016,30,21/07/2016 00:00,NSW1,167998.6469,161994.8376,0.9643
D,CO2EII,PUBLISHING,1,2016,30,21/07/2016 00:00,QLD1,152145.1565,134020.9663,0.8809
D,CO2EII,PUBLISHING,1,2016,30,21/07/2016 00:00,SA1,33206.98352,8615.507653,0.2594
D,CO2EII,PUBLISHING,1,2016,30,21/07/2016 00:00,TAS1,38918.57524,2.13082197,0.0001
D,CO2EII,PUBLISHING,1,2016,30,21/07/2016 00:00,VIC1,146272.0059,162972.9472,1.1142
D,CO2EII,PUBLISHING,1,2016,30,22/07/2016 00:00,NEM,527310.2586,433141.8475,0.8214
D,CO2EII,PUBLISHING,1,2016,30,22/07/2016 00:00,NSW1,162849.2242,147423.5597,0.9053
D,CO2EII,PUBLISHING,1,2016,30,22/07/2016 00:00,QLD1,143820.1499,126109.9224,0.8769
D,CO2EII,PUBLISHING,1,2016,30,22/07/2016 00:00,SA1,37792.81948,8419.996675,0.2228
D,CO2EII,PUBLISHING,1,2016,30,22/07/2016 00:00,TAS1,40645.74299,2.25694656,0.0001
D,CO2EII,PUBLISHING,1,2016,30,22/07/2016 00:00,VIC1,142202.322,151186.1118,1.0632
D,CO2EII,PUBLISHING,1,2016,30,23/07/2016 00:00,NEM,501500.5235,412942.1483,0.8234
D,CO2EII,PUBLISHING,1,2016,30,23/07/2016 00:00,NSW1,163310.0106,148445.7841,0.909
D,CO2EII,PUBLISHING,1,2016,30,23/07/2016 00:00,QLD1,143396.0147,126936.7522,0.8852
D,CO2EII,PUBLISHING,1,2016,30,23/07/2016 00:00,SA1,28905.63618,10572.4852,0.3658
D,CO2EII,PUBLISHING,1,2016,30,23/07/2016 00:00,TAS1,41781.4043,2.28994525,0.0001
D,CO2EII,PUBLISHING,1,2016,30,23/07/2016 00:00,VIC1,124107.4576,126984.8369,1.0232
D,CO2EII,PUBLISHING,1,2016,31,24/07/2016 00:00,NEM,518123.9895,435214.5811,0.84
D,CO2EII,PUBLISHING,1,2016,31,24/07/2016 00:00,NSW1,177636.1268,166603.5578,0.9379
D,CO2EII,PUBLISHING,1,2016,31,24/07/2016 00:00,QLD1,150006.975,132866.7416,0.8857
D,CO2EII,PUBLISHING,1,2016,31,24/07/2016 00:00,SA1,34087.74595,5571.137545,0.1634
D,CO2EII,PUBLISHING,1,2016,31,24/07/2016 00:00,TAS1,38870.08077,1.54835775,0
D,CO2EII,PUBLISHING,1,2016,31,24/07/2016 00:00,VIC1,117523.0609,130171.5958,1.1076
D,CO2EII,PUBLISHING,1,2016,31,25/07/2016 00:00,NEM,562644.6569,468305.4496,0.8323
D,CO2EII,PUBLISHING,1,2016,31,25/07/2016 00:00,NSW1,185106.0414,167013.8543,0.9023
D,CO2EII,PUBLISHING,1,2016,31,25/07/2016 00:00,QLD1,151441.317,134494.342,0.8881
D,CO2EII,PUBLISHING,1,2016,31,25/07/2016 00:00,SA1,38447.95457,6955.951815,0.1809
D,CO2EII,PUBLISHING,1,2016,31,25/07/2016 00:00,TAS1,40712.87298,2.30406204,0.0001
D,CO2EII,PUBLISHING,1,2016,31,25/07/2016 00:00,VIC1,146936.471,159838.9974,1.0878
D,CO2EII,PUBLISHING,1,2016,31,26/07/2016 00:00,NEM,574990.9706,481730.4096,0.8378
D,CO2EII,PUBLISHING,1,2016,31,26/07/2016 00:00,NSW1,191725.1289,173395.3409,0.9044
D,CO2EII,PUBLISHING,1,2016,31,26/07/2016 00:00,QLD1,154590.0537,136373.1982,0.8822
D,CO2EII,PUBLISHING,1,2016,31,26/07/2016 00:00,SA1,36378.16085,7801.694733,0.2145
D,CO2EII,PUBLISHING,1,2016,31,26/07/2016 00:00,TAS1,41719.95887,2.31794721,0.0001
D,CO2EII,PUBLISHING,1,2016,31,26/07/2016 00:00,VIC1,150577.6683,164157.8578,1.0902
D,CO2EII,PUBLISHING,1,2016,31,27/07/2016 00:00,NEM,568088.6864,485105.2755,0.8539
D,CO2EII,PUBLISHING,1,2016,31,27/07/2016 00:00,NSW1,191993.2413,173895.2531,0.9057
D,CO2EII,PUBLISHING,1,2016,31,27/07/2016 00:00,QLD1,153196.2435,135558.7718,0.8849
D,CO2EII,PUBLISHING,1,2016,31,27/07/2016 00:00,SA1,33141.65673,9277.649617,0.2799
D,CO2EII,PUBLISHING,1,2016,31,27/07/2016 00:00,TAS1,41912.65946,2.31986431,0.0001
D,CO2EII,PUBLISHING,1,2016,31,27/07/2016 00:00,VIC1,147844.8853,166371.2811,1.1253
D,CO2EII,PUBLISHING,1,2016,31,28/07/2016 00:00,NEM,563584.3675,492683.0074,0.8742
D,CO2EII,PUBLISHING,1,2016,31,28/07/2016 00:00,NSW1,182597.8868,168713.5488,0.924
D,CO2EII,PUBLISHING,1,2016,31,28/07/2016 00:00,QLD1,157942.7066,138905.4824,0.8795
D,CO2EII,PUBLISHING,1,2016,31,28/07/2016 00:00,SA1,29513.25176,13793.78936,0.4674
D,CO2EII,PUBLISHING,1,2016,31,28/07/2016 00:00,TAS1,41621.3155,2.17474168,0.0001
D,CO2EII,PUBLISHING,1,2016,31,28/07/2016 00:00,VIC1,151909.2069,171268.0121,1.1274
D,CO2EII,PUBLISHING,1,2016,31,29/07/2016 00:00,NEM,558131.1,488525.9602,0.8753
D,CO2EII,PUBLISHING,1,2016,31,29/07/2016 00:00,NSW1,181523.5586,167823.4737,0.9245
D,CO2EII,PUBLISHING,1,2016,31,29/07/2016 00:00,QLD1,157126.0426,136345.2822,0.8677
D,CO2EII,PUBLISHING,1,2016,31,29/07/2016 00:00,SA1,25126.8416,11532.0156,0.459
D,CO2EII,PUBLISHING,1,2016,31,29/07/2016 00:00,TAS1,42442.59399,2.16823548,0.0001
D,CO2EII,PUBLISHING,1,2016,31,29/07/2016 00:00,VIC1,151912.0633,172823.0204,1.1377
D,CO2EII,PUBLISHING,1,2016,31,30/07/2016 00:00,NEM,512669.4193,448791.7642,0.8754
D,CO2EII,PUBLISHING,1,2016,31,30/07/2016 00:00,NSW1,165514.6261,158175.2058,0.9557
D,CO2EII,PUBLISHING,1,2016,31,30/07/2016 00:00,QLD1,143258.909,126940.108,0.8861
D,CO2EII,PUBLISHING,1,2016,31,30/07/2016 00:00,SA1,32268.18957,5014.160328,0.1554
D,CO2EII,PUBLISHING,1,2016,31,30/07/2016 00:00,TAS1,38769.49647,2.3202705,0.0001
D,CO2EII,PUBLISHING,1,2016,31,30/07/2016 00:00,VIC1,132858.1982,158659.9697,1.1942
D,CO2EII,PUBLISHING,1,2016,32,31/07/2016 00:00,NEM,489118.9995,438997.6751,0.8975
D,CO2EII,PUBLISHING,1,2016,32,31/07/2016 00:00,NSW1,157186.3445,147053.2613,0.9355
D,CO2EII,PUBLISHING,1,2016,32,31/07/2016 00:00,QLD1,141175.3034,124896.8055,0.8847
D,CO2EII,PUBLISHING,1,2016,32,31/07/2016 00:00,SA1,21224.49781,5883.410795,0.2772
D,CO2EII,PUBLISHING,1,2016,32,31/07/2016 00:00,TAS1,39742.98224,2.07534096,0.0001
D,CO2EII,PUBLISHING,1,2016,32,31/07/2016 00:00,VIC1,129789.8716,161162.1221,1.2417
D,CO2EII,PUBLISHING,1,2016,32,01/08/2016 00:00,NEM,555580.6768,481656.3156,0.8669
D,CO2EII,PUBLISHING,1,2016,32,01/08/2016 00:00,NSW1,185802.5489,174013.7876,0.9366
D,CO2EII,PUBLISHING,1,2016,32,01/08/2016 00:00,QLD1,148566.9681,131662.2449,0.8862
D,CO2EII,PUBLISHING,1,2016,32,01/08/2016 00:00,SA1,31475.184,8860.152744,0.2815
D,CO2EII,PUBLISHING,1,2016,32,01/08/2016 00:00,TAS1,39917.90119,2.31998026,0.0001
D,CO2EII,PUBLISHING,1,2016,32,01/08/2016 00:00,VIC1,149818.0746,167117.8104,1.1155
D,CO2EII,PUBLISHING,1,2016,32,02/08/2016 00:00,NEM,566016.126,495924.8955,0.8762
D,CO2EII,PUBLISHING,1,2016,32,02/08/2016 00:00,NSW1,192618.1391,180839.0934,0.9388
D,CO2EII,PUBLISHING,1,2016,32,02/08/2016 00:00,QLD1,150103.7685,133147.3199,0.887
D,CO2EII,PUBLISHING,1,2016,32,02/08/2016 00:00,SA1,29420.45916,10000.16798,0.3399
D,CO2EII,PUBLISHING,1,2016,32,02/08/2016 00:00,TAS1,39272.4206,2.2891896,0.0001
D,CO2EII,PUBLISHING,1,2016,32,02/08/2016 00:00,VIC1,154601.3386,171936.0249,1.1121
D,CO2EII,PUBLISHING,1,2016,32,03/08/2016 00:00,NEM,572762.1487,509146.1048,0.8889
D,CO2EII,PUBLISHING,1,2016,32,03/08/2016 00:00,NSW1,195956.11,183856.9684,0.9383
D,CO2EII,PUBLISHING,1,2016,32,03/08/2016 00:00,QLD1,156257.7562,137413.3246,0.8794
D,CO2EII,PUBLISHING,1,2016,32,03/08/2016 00:00,SA1,27522.74279,14368.72455,0.5221
D,CO2EII,PUBLISHING,1,2016,32,03/08/2016 00:00,TAS1,38831.874,2.2511956,0.0001
D,CO2EII,PUBLISHING,1,2016,32,03/08/2016 00:00,VIC1,154193.6658,173504.8361,1.1252
D,CO2EII,PUBLISHING,1,2016,32,04/08/2016 00:00,NEM,569973.9653,510760.1441,0.8961
D,CO2EII,PUBLISHING,1,2016,32,04/08/2016 00:00,NSW1,195152.3789,181082.5463,0.9279
D,CO2EII,PUBLISHING,1,2016,32,04/08/2016 00:00,QLD1,158874.0093,139835.3948,0.8802
D,CO2EII,PUBLISHING,1,2016,32,04/08/2016 00:00,SA1,27807.5037,15497.01066,0.5573
D,CO2EII,PUBLISHING,1,2016,32,04/08/2016 00:00,TAS1,37824.42062,2.10479524,0.0001
D,CO2EII,PUBLISHING,1,2016,32,04/08/2016 00:00,VIC1,150315.6528,174343.0876,1.1598
D,CO2EII,PUBLISHING,1,2016,32,05/08/2016 00:00,NEM,562123.7304,507019.6826,0.902
D,CO2EII,PUBLISHING,1,2016,32,05/08/2016 00:00,NSW1,192855.6805,185323.4739,0.9609
D,CO2EII,PUBLISHING,1,2016,32,05/08/2016 00:00,QLD1,158344.292,141014.6551,0.8906
D,CO2EII,PUBLISHING,1,2016,32,05/08/2016 00:00,SA1,30211.9112,15311.19634,0.5068
D,CO2EII,PUBLISHING,1,2016,32,05/08/2016 00:00,TAS1,38267.34772,2.09073577,0.0001
D,CO2EII,PUBLISHING,1,2016,32,05/08/2016 00:00,VIC1,142444.4989,165368.2666,1.1609
D,CO2EII,PUBLISHING,1,2016,32,06/08/2016 00:00,NEM,521155.6971,490965.3869,0.9421
D,CO2EII,PUBLISHING,1,2016,32,06/08/2016 00:00,NSW1,173869.4483,169038.8636,0.9722
D,CO2EII,PUBLISHING,1,2016,32,06/08/2016 00:00,QLD1,154196.8473,137258.8402,0.8902
D,CO2EII,PUBLISHING,1,2016,32,06/08/2016 00:00,SA1,18134.28474,9295.430226,0.5126
D,CO2EII,PUBLISHING,1,2016,32,06/08/2016 00:00,TAS1,36988.67784,2.23481255,0.0001
D,CO2EII,PUBLISHING,1,2016,32,06/08/2016 00:00,VIC1,137966.4389,175370.0182,1.2711
D,CO2EII,PUBLISHING,1,2016,33,07/08/2016 00:00,NEM,498741.1214,460855.5048,0.924
D,CO2EII,PUBLISHING,1,2016,33,07/08/2016 00:00,NSW1,152219.3878,148102.5944,0.973
D,CO2EII,PUBLISHING,1,2016,33,07/08/2016 00:00,QLD1,150372.3195,134654.6533,0.8955
D,CO2EII,PUBLISHING,1,2016,33,07/08/2016 00:00,SA1,25475.77428,4920.910763,0.1932
D,CO2EII,PUBLISHING,1,2016,33,07/08/2016 00:00,TAS1,36928.48812,2.23301151,0.0001
D,CO2EII,PUBLISHING,1,2016,33,07/08/2016 00:00,VIC1,133745.1516,173175.1133,1.2948
D,CO2EII,PUBLISHING,1,2016,33,08/08/2016 00:00,NEM,543632.7013,477671.8738,0.8787
D,CO2EII,PUBLISHING,1,2016,33,08/08/2016 00:00,NSW1,171931.0435,165017.2978,0.9598
D,CO2EII,PUBLISHING,1,2016,33,08/08/2016 00:00,QLD1,151313.1701,136866.6231,0.9045
D,CO2EII,PUBLISHING,1,2016,33,08/08/2016 00:00,SA1,32180.45102,4877.417981,0.1516
D,CO2EII,PUBLISHING,1,2016,33,08/08/2016 00:00,TAS1,37808.71873,97.09993138,0.0026
D,CO2EII,PUBLISHING,1,2016,33,08/08/2016 00:00,VIC1,150399.318,170813.4349,1.1357
D,CO2EII,PUBLISHING,1,2016,33,09/08/2016 00:00,NEM,544293.0342,469850.2195,0.8632
D,CO2EII,PUBLISHING,1,2016,33,09/08/2016 00:00,NSW1,175467.2331,162743.6485,0.9275
D,CO2EII,PUBLISHING,1,2016,33,09/08/2016 00:00,QLD1,150308.0512,136739.698,0.9097
D,CO2EII,PUBLISHING,1,2016,33,09/08/2016 00:00,SA1,33702.56511,4487.13431,0.1331
D,CO2EII,PUBLISHING,1,2016,33,09/08/2016 00:00,TAS1,37789.19831,2.16248377,0.0001
D,CO2EII,PUBLISHING,1,2016,33,09/08/2016 00:00,VIC1,147025.9865,165877.5762,1.1282
D,CO2EII,PUBLISHING,1,2016,33,10/08/2016 00:00,NEM,530597.0194,446836.6583,0.8421
D,CO2EII,PUBLISHING,1,2016,33,10/08/2016 00:00,NSW1,167317.4135,150976.0723,0.9023
D,CO2EII,PUBLISHING,1,2016,33,10/08/2016 00:00,QLD1,146640.6201,133642.4409,0.9114
D,CO2EII,PUBLISHING,1,2016,33,10/08/2016 00:00,SA1,37905.8835,6282.631521,0.1657
D,CO2EII,PUBLISHING,1,2016,33,10/08/2016 00:00,TAS1,38494.08356,2.23475455,0.0001
D,CO2EII,PUBLISHING,1,2016,33,10/08/2016 00:00,VIC1,140239.0188,155933.2788,1.1119
D,CO2EII,PUBLISHING,1,2016,33,11/08/2016 00:00,NEM,537113.4406,471688.569,0.8782
D,CO2EII,PUBLISHING,1,2016,33,11/08/2016 00:00,NSW1,172172.875,160207.3695,0.9305
D,CO2EII,PUBLISHING,1,2016,33,11/08/2016 00:00,QLD1,151925.697,137530.0965,0.9052
D,CO2EII,PUBLISHING,1,2016,33,11/08/2016 00:00,SA1,30475.66562,14209.1888,0.4662
D,CO2EII,PUBLISHING,1,2016,33,11/08/2016 00:00,TAS1,40026.03667,2.04129688,0.0001
D,CO2EII,PUBLISHING,1,2016,33,11/08/2016 00:00,VIC1,142513.1663,159739.8728,1.1209
D,CO2EII,PUBLISHING,1,2016,33,12/08/2016 00:00,NEM,542051.5049,463465.6828,0.855
D,CO2EII,PUBLISHING,1,2016,33,12/08/2016 00:00,NSW1,175393.4564,164935.823,0.9404
D,CO2EII,PUBLISHING,1,2016,33,12/08/2016 00:00,QLD1,154318.5165,138681.2846,0.8987
D,CO2EII,PUBLISHING,1,2016,33,12/08/2016 00:00,SA1,29832.7725,8923.237432,0.2991
D,CO2EII,PUBLISHING,1,2016,33,12/08/2016 00:00,TAS1,41424.78503,2.19025325,0.0001
D,CO2EII,PUBLISHING,1,2016,33,12/08/2016 00:00,VIC1,141081.9744,150923.1475,1.0698
D,CO2EII,PUBLISHING,1,2016,33,13/08/2016 00:00,NEM,499476.5165,440268.3422,0.8815
D,CO2EII,PUBLISHING,1,2016,33,13/08/2016 00:00,NSW1,172399.9065,160566.2986,0.9314
D,CO2EII,PUBLISHING,1,2016,33,13/08/2016 00:00,QLD1,143949.1452,130654.0667,0.9076
D,CO2EII,PUBLISHING,1,2016,33,13/08/2016 00:00,SA1,20084.01622,8066.723981,0.4016
D,CO2EII,PUBLISHING,1,2016,33,13/08/2016 00:00,TAS1,42103.91226,2.23580004,0.0001
D,CO2EII,PUBLISHING,1,2016,33,13/08/2016 00:00,VIC1,120939.5363,140979.017,1.1657
D,CO2EII,PUBLISHING,1,2016,34,14/08/2016 00:00,NEM,483845.3425,447586.68,0.9251
D,CO2EII,PUBLISHING,1,2016,34,14/08/2016 00:00,NSW1,155811.5719,151746.6554,0.9739
D,CO2EII,PUBLISHING,1,2016,34,14/08/2016 00:00,QLD1,144269.1935,130852.4285,0.907
D,CO2EII,PUBLISHING,1,2016,34,14/08/2016 00:00,SA1,16471.47197,10033.44751,0.6091
D,CO2EII,PUBLISHING,1,2016,34,14/08/2016 00:00,TAS1,42029.54182,2.23458025,0.0001
D,CO2EII,PUBLISHING,1,2016,34,14/08/2016 00:00,VIC1,125263.5634,154951.914,1.237
D,CO2EII,PUBLISHING,1,2016,34,15/08/2016 00:00,NEM,525551.7142,476537.0301,0.9067
D,CO2EII,PUBLISHING,1,2016,34,15/08/2016 00:00,NSW1,170505.0188,165940.9705,0.9732
D,CO2EII,PUBLISHING,1,2016,34,15/08/2016 00:00,QLD1,150434.7642,135685.0887,0.902
D,CO2EII,PUBLISHING,1,2016,34,15/08/2016 00:00,SA1,23148.58828,8106.228056,0.3502
D,CO2EII,PUBLISHING,1,2016,34,15/08/2016 00:00,TAS1,40330.43615,2.23341875,0.0001
D,CO2EII,PUBLISHING,1,2016,34,15/08/2016 00:00,VIC1,141132.9068,166802.5095,1.1819
D,CO2EII,PUBLISHING,1,2016,34,16/08/2016 00:00,NEM,522656.2513,452138.1729,0.8651
D,CO2EII,PUBLISHING,1,2016,34,16/08/2016 00:00,NSW1,167876.8704,158468.1163,0.944
D,CO2EII,PUBLISHING,1,2016,34,16/08/2016 00:00,QLD1,149651.5533,134054.1404,0.8958
D,CO2EII,PUBLISHING,1,2016,34,16/08/2016 00:00,SA1,32989.91755,6949.63918,0.2107
D,CO2EII,PUBLISHING,1,2016,34,16/08/2016 00:00,TAS1,37805.51031,2.23347675,0.0001
D,CO2EII,PUBLISHING,1,2016,34,16/08/2016 00:00,VIC1,134332.3998,152664.0435,1.1365
D,CO2EII,PUBLISHING,1,2016,34,17/08/2016 00:00,NEM,524562.7329,475559.8153,0.9066
D,CO2EII,PUBLISHING,1,2016,34,17/08/2016 00:00,NSW1,170748.4115,159960.4578,0.9368
D,CO2EII,PUBLISHING,1,2016,34,17/08/2016 00:00,QLD1,152086.2403,136541.8581,0.8978
D,CO2EII,PUBLISHING,1,2016,34,17/08/2016 00:00,SA1,21137.99018,10339.7874,0.4892
D,CO2EII,PUBLISHING,1,2016,34,17/08/2016 00:00,TAS1,36031.72789,2.23382523,0.0001
D,CO2EII,PUBLISHING,1,2016,34,17/08/2016 00:00,VIC1,144558.363,168715.4781,1.1671
D,CO2EII,PUBLISHING,1,2016,34,18/08/2016 00:00,NEM,518423.3746,445560.4129,0.8595
D,CO2EII,PUBLISHING,1,2016,34,18/08/2016 00:00,NSW1,163730.853,155193.6592,0.9479
D,CO2EII,PUBLISHING,1,2016,34,18/08/2016 00:00,QLD1,146293.0224,133048.7998,0.9095
D,CO2EII,PUBLISHING,1,2016,34,18/08/2016 00:00,SA1,31075.41871,2767.389041,0.0891
D,CO2EII,PUBLISHING,1,2016,34,18/08/2016 00:00,TAS1,37127.38503,2.23394124,0.0001
D,CO2EII,PUBLISHING,1,2016,34,18/08/2016 00:00,VIC1,140196.6954,154548.3309,1.1024
D,CO2EII,PUBLISHING,1,2016,34,19/08/2016 00:00,NEM,526238.3458,453399.181,0.8616
D,CO2EII,PUBLISHING,1,2016,34,19/08/2016 00:00,NSW1,166270.5282,153696.896,0.9244
D,CO2EII,PUBLISHING,1,2016,34,19/08/2016 00:00,QLD1,145605.7344,132997.5438,0.9134
D,CO2EII,PUBLISHING,1,2016,34,19/08/2016 00:00,SA1,30056.53154,2906.242431,0.0967
D,CO2EII,PUBLISHING,1,2016,34,19/08/2016 00:00,TAS1,38381.17848,2.23394124,0.0001
D,CO2EII,PUBLISHING,1,2016,34,19/08/2016 00:00,VIC1,145924.3731,163796.2649,1.1225
D,CO2EII,PUBLISHING,1,2016,34,20/08/2016 00:00,NEM,495519.4565,431212.3545,0.8702
D,CO2EII,PUBLISHING,1,2016,34,20/08/2016 00:00,NSW1,159078.4241,144632.0937,0.9092
D,CO2EII,PUBLISHING,1,2016,34,20/08/2016 00:00,QLD1,134942.9995,125247.7513,0.9282
D,CO2EII,PUBLISHING,1,2016,34,20/08/2016 00:00,SA1,27103.2166,5094.631186,0.188
D,CO2EII,PUBLISHING,1,2016,34,20/08/2016 00:00,TAS1,38672.62968,2.23434783,0.0001
D,CO2EII,PUBLISHING,1,2016,34,20/08/2016 00:00,VIC1,135722.1866,156235.6439,1.1511
D,CO2EII,PUBLISHING,1,2016,35,21/08/2016 00:00,NEM,483673.0215,447662.3615,0.9255
D,CO2EII,PUBLISHING,1,2016,35,21/08/2016 00:00,NSW1,160840.334,149639.6052,0.9304
D,CO2EII,PUBLISHING,1,2016,35,21/08/2016 00:00,QLD1,134770.5531,125371.9725,0.9303
D,CO2EII,PUBLISHING,1,2016,35,21/08/2016 00:00,SA1,17680.90439,9360.078268,0.5294
D,CO2EII,PUBLISHING,1,2016,35,21/08/2016 00:00,TAS1,38041.99214,2.23568358,0.0001
D,CO2EII,PUBLISHING,1,2016,35,21/08/2016 00:00,VIC1,132339.2379,163288.4699,1.2339
D,CO2EII,PUBLISHING,1,2016,35,22/08/2016 00:00,NEM,553983.2328,512955.4083,0.9259
D,CO2EII,PUBLISHING,1,2016,35,22/08/2016 00:00,NSW1,191080.7045,183895.6332,0.9624
D,CO2EII,PUBLISHING,1,2016,35,22/08/2016 00:00,QLD1,148633.9383,138284.7823,0.9304
D,CO2EII,PUBLISHING,1,2016,35,22/08/2016 00:00,SA1,22807.86402,15259.96217,0.6691
D,CO2EII,PUBLISHING,1,2016,35,22/08/2016 00:00,TAS1,37607.84134,2.16428486,0.0001
D,CO2EII,PUBLISHING,1,2016,35,22/08/2016 00:00,VIC1,153852.8847,175512.8663,1.1408
D,CO2EII,PUBLISHING,1,2016,35,23/08/2016 00:00,NEM,546734.842,495616.5646,0.9065
D,CO2EII,PUBLISHING,1,2016,35,23/08/2016 00:00,NSW1,197324.4238,192496.558,0.9755
D,CO2EII,PUBLISHING,1,2016,35,23/08/2016 00:00,QLD1,149787.9187,138249.3092,0.923
D,CO2EII,PUBLISHING,1,2016,35,23/08/2016 00:00,SA1,25130.24822,15154.32757,0.603
D,CO2EII,PUBLISHING,1,2016,35,23/08/2016 00:00,TAS1,36486.83613,205.3717046,0.0056
D,CO2EII,PUBLISHING,1,2016,35,23/08/2016 00:00,VIC1,138005.4151,149510.9981,1.0834
D,CO2EII,PUBLISHING,1,2016,35,24/08/2016 00:00,NEM,566444.5756,488811.6086,0.8629
D,CO2EII,PUBLISHING,1,2016,35,24/08/2016 00:00,NSW1,194882.3516,179260.3798,0.9198
D,CO2EII,PUBLISHING,1,2016,35,24/08/2016 00:00,QLD1,161767.7072,142770.6663,0.8826
D,CO2EII,PUBLISHING,1,2016,35,24/08/2016 00:00,SA1,29846.73056,19198.22551,0.6432
D,CO2EII,PUBLISHING,1,2016,35,24/08/2016 00:00,TAS1,39369.39575,179.0122262,0.0045
D,CO2EII,PUBLISHING,1,2016,35,24/08/2016 00:00,VIC1,140578.3905,147403.3248,1.0485
D,CO2EII,PUBLISHING,1,2016,35,25/08/2016 00:00,NEM,553802.8336,484304.1425,0.8745
D,CO2EII,PUBLISHING,1,2016,35,25/08/2016 00:00,NSW1,197480.0104,184102.4647,0.9323
D,CO2EII,PUBLISHING,1,2016,35,25/08/2016 00:00,QLD1,149208.465,133490.1216,0.8947
D,CO2EII,PUBLISHING,1,2016,35,25/08/2016 00:00,SA1,25656.07091,14248.15972,0.5554
D,CO2EII,PUBLISHING,1,2016,35,25/08/2016 00:00,TAS1,37265.39075,30.73605914,0.0008
D,CO2EII,PUBLISHING,1,2016,35,25/08/2016 00:00,VIC1,144192.8966,152432.6605,1.0571
D,CO2EII,PUBLISHING,1,2016,35,26/08/2016 00:00,NEM,554453.119,502768.0426,0.9068
D,CO2EII,PUBLISHING,1,2016,35,26/08/2016 00:00,NSW1,196405.3661,186013.7593,0.9471
D,CO2EII,PUBLISHING,1,2016,35,26/08/2016 00:00,QLD1,147757.4116,133674.2836,0.9047
D,CO2EII,PUBLISHING,1,2016,35,26/08/2016 00:00,SA1,24170.06334,14954.70647,0.6187
D,CO2EII,PUBLISHING,1,2016,35,26/08/2016 00:00,TAS1,38415.05757,2.10822278,0.0001
D,CO2EII,PUBLISHING,1,2016,35,26/08/2016 00:00,VIC1,147705.2204,168123.1851,1.1382
D,CO2EII,PUBLISHING,1,2016,35,27/08/2016 00:00,NEM,500655.8275,452873.3027,0.9046
D,CO2EII,PUBLISHING,1,2016,35,27/08/2016 00:00,NSW1,165444.8297,157860.9245,0.9542
D,CO2EII,PUBLISHING,1,2016,35,27/08/2016 00:00,QLD1,137764.7643,125085.6103,0.908
D,CO2EII,PUBLISHING,1,2016,35,27/08/2016 00:00,SA1,21580.44213,4661.008024,0.216
D,CO2EII,PUBLISHING,1,2016,35,27/08/2016 00:00,TAS1,35811.82233,2.23272104,0.0001
D,CO2EII,PUBLISHING,1,2016,35,27/08/2016 00:00,VIC1,140053.969,165263.5271,1.18
D,CO2EII,PUBLISHING,1,2016,36,28/08/2016 00:00,NEM,479797.1647,434477.781,0.9055
D,CO2EII,PUBLISHING,1,2016,36,28/08/2016 00:00,NSW1,154212.8923,146416.9571,0.9494
D,CO2EII,PUBLISHING,1,2016,36,28/08/2016 00:00,QLD1,133236.1073,120603.5134,0.9052
D,CO2EII,PUBLISHING,1,2016,36,28/08/2016 00:00,SA1,25977.05777,2798.449431,0.1077
D,CO2EII,PUBLISHING,1,2016,36,28/08/2016 00:00,TAS1,34294.49052,2.23469637,0.0001
D,CO2EII,PUBLISHING,1,2016,36,28/08/2016 00:00,VIC1,132076.6168,164656.6264,1.2467
D,CO2EII,PUBLISHING,1,2016,36,29/08/2016 00:00,NEM,525128.8633,464156.5511,0.8839
D,CO2EII,PUBLISHING,1,2016,36,29/08/2016 00:00,NSW1,170950.4172,166244.0798,0.9725
D,CO2EII,PUBLISHING,1,2016,36,29/08/2016 00:00,QLD1,138951.7923,125973.675,0.9066
D,CO2EII,PUBLISHING,1,2016,36,29/08/2016 00:00,SA1,29625.33545,2617.696256,0.0884
D,CO2EII,PUBLISHING,1,2016,36,29/08/2016 00:00,TAS1,34731.27041,2.18920717,0.0001
D,CO2EII,PUBLISHING,1,2016,36,29/08/2016 00:00,VIC1,150870.0479,169318.9108,1.1223
D,CO2EII,PUBLISHING,1,2016,36,30/08/2016 00:00,NEM,534118.0562,468243.1865,0.8767
D,CO2EII,PUBLISHING,1,2016,36,30/08/2016 00:00,NSW1,183556.7057,176239.4243,0.9601
D,CO2EII,PUBLISHING,1,2016,36,30/08/2016 00:00,QLD1,142204.2408,128914.9314,0.9065
D,CO2EII,PUBLISHING,1,2016,36,30/08/2016 00:00,SA1,24613.91556,4979.791324,0.2023
D,CO2EII,PUBLISHING,1,2016,36,30/08/2016 00:00,TAS1,35654.49826,2.1778791,0.0001
D,CO2EII,PUBLISHING,1,2016,36,30/08/2016 00:00,VIC1,148088.6959,158106.8616,1.0676
D,CO2EII,PUBLISHING,1,2016,36,31/08/2016 00:00,NEM,521715.4483,471429.9951,0.9036
D,CO2EII,PUBLISHING,1,2016,36,31/08/2016 00:00,NSW1,177894.0927,162475.4838,0.9133
D,CO2EII,PUBLISHING,1,2016,36,31/08/2016 00:00,QLD1,138477.9466,126011.7398,0.91
D,CO2EII,PUBLISHING,1,2016,36,31/08/2016 00:00,SA1,24445.90133,9573.023663,0.3916
D,CO2EII,PUBLISHING,1,2016,36,31/08/2016 00:00,TAS1,34114.08309,2.17938954,0.0001
D,CO2EII,PUBLISHING,1,2016,36,31/08/2016 00:00,VIC1,146783.4246,173367.5684,1.1811
D,CO2EII,PUBLISHING,1,2016,36,01/09/2016 00:00,NEM,516338.4424,478550.6347,0.9268
D,CO2EII,PUBLISHING,1,2016,36,01/09/2016 00:00,NSW1,162839.2619,153338.7104,0.9417
D,CO2EII,PUBLISHING,1,2016,36,01/09/2016 00:00,QLD1,147006.5286,132262.6609,0.8997
D,CO2EII,PUBLISHING,1,2016,36,01/09/2016 00:00,SA1,21960.82965,11795.75354,0.5371
D,CO2EII,PUBLISHING,1,2016,36,01/09/2016 00:00,TAS1,33909.66057,1.89547736,0.0001
D,CO2EII,PUBLISHING,1,2016,36,01/09/2016 00:00,VIC1,150622.1617,181151.6143,1.2027
D,CO2EII,PUBLISHING,1,2016,36,02/09/2016 00:00,NEM,526136.2911,477889.1728,0.9083
D,CO2EII,PUBLISHING,1,2016,36,02/09/2016 00:00,NSW1,169747.741,156920.7427,0.9244
D,CO2EII,PUBLISHING,1,2016,36,02/09/2016 00:00,QLD1,145037.4661,129968.3306,0.8961
D,CO2EII,PUBLISHING,1,2016,36,02/09/2016 00:00,SA1,25032.65791,10528.57173,0.4206
D,CO2EII,PUBLISHING,1,2016,36,02/09/2016 00:00,TAS1,34472.59657,2.06581283,0.0001
D,CO2EII,PUBLISHING,1,2016,36,02/09/2016 00:00,VIC1,151845.8294,180469.4619,1.1885
D,CO2EII,PUBLISHING,1,2016,36,03/09/2016 00:00,NEM,478372.6936,436345.4395,0.9121
D,CO2EII,PUBLISHING,1,2016,36,03/09/2016 00:00,NSW1,154162.4153,138907.436,0.901
D,CO2EII,PUBLISHING,1,2016,36,03/09/2016 00:00,QLD1,127149.9586,116498.5578,0.9162
D,CO2EII,PUBLISHING,1,2016,36,03/09/2016 00:00,SA1,29492.03263,4951.46313,0.1679
D,CO2EII,PUBLISHING,1,2016,36,03/09/2016 00:00,TAS1,26765.69473,2.17886671,0.0001
D,CO2EII,PUBLISHING,1,2016,36,03/09/2016 00:00,VIC1,140802.5923,175985.8038,1.2499
D,CO2EII,PUBLISHING,1,2016,37,04/09/2016 00:00,NEM,461604.2161,435093.3335,0.9426
D,CO2EII,PUBLISHING,1,2016,37,04/09/2016 00:00,NSW1,151374.776,137662.4263,0.9094
D,CO2EII,PUBLISHING,1,2016,37,04/09/2016 00:00,QLD1,126338.3909,115722.5673,0.916
D,CO2EII,PUBLISHING,1,2016,37,04/09/2016 00:00,SA1,15669.4951,6837.009418,0.4363
D,CO2EII,PUBLISHING,1,2016,37,04/09/2016 00:00,TAS1,25228.94276,2.17543882,0.0001
D,CO2EII,PUBLISHING,1,2016,37,04/09/2016 00:00,VIC1,142992.6114,174869.155,1.2229
D,CO2EII,PUBLISHING,1,2016,37,05/09/2016 00:00,NEM,510846.6173,476600.4962,0.933
D,CO2EII,PUBLISHING,1,2016,37,05/09/2016 00:00,NSW1,168967.7142,163754.3951,0.9691
D,CO2EII,PUBLISHING,1,2016,37,05/09/2016 00:00,QLD1,135600.4167,123647.153,0.9118
D,CO2EII,PUBLISHING,1,2016,37,05/09/2016 00:00,SA1,17435.68675,9633.91958,0.5525
D,CO2EII,PUBLISHING,1,2016,37,05/09/2016 00:00,TAS1,33517.10779,2.14348666,0.0001
D,CO2EII,PUBLISHING,1,2016,37,05/09/2016 00:00,VIC1,155325.6919,179562.885,1.156
D,CO2EII,PUBLISHING,1,2016,37,06/09/2016 00:00,NEM,511768.9616,475361.8642,0.9289
D,CO2EII,PUBLISHING,1,2016,37,06/09/2016 00:00,NSW1,165435.7974,159923.9186,0.9667
D,CO2EII,PUBLISHING,1,2016,37,06/09/2016 00:00,QLD1,137542.1946,124025.4126,0.9017
D,CO2EII,PUBLISHING,1,2016,37,06/09/2016 00:00,SA1,23103.02532,10991.41765,0.4758
D,CO2EII,PUBLISHING,1,2016,37,06/09/2016 00:00,TAS1,32959.75977,2.07377234,0.0001
D,CO2EII,PUBLISHING,1,2016,37,06/09/2016 00:00,VIC1,152728.1845,180419.0416,1.1813
D,CO2EII,PUBLISHING,1,2016,37,07/09/2016 00:00,NEM,504359.4087,446587.2899,0.8855
D,CO2EII,PUBLISHING,1,2016,37,07/09/2016 00:00,NSW1,161777.8801,154323.5622,0.9539
D,CO2EII,PUBLISHING,1,2016,37,07/09/2016 00:00,QLD1,136268.6477,123606.794,0.9071
D,CO2EII,PUBLISHING,1,2016,37,07/09/2016 00:00,SA1,31075.51351,5474.750301,0.1762
D,CO2EII,PUBLISHING,1,2016,37,07/09/2016 00:00,TAS1,35337.58157,2.13628285,0.0001
D,CO2EII,PUBLISHING,1,2016,37,07/09/2016 00:00,VIC1,139899.7858,163180.0471,1.1664
D,CO2EII,PUBLISHING,1,2016,37,08/09/2016 00:00,NEM,502404.1383,437761.3209,0.8713
D,CO2EII,PUBLISHING,1,2016,37,08/09/2016 00:00,NSW1,159086.2902,149918.5436,0.9424
D,CO2EII,PUBLISHING,1,2016,37,08/09/2016 00:00,QLD1,134836.2423,122268.514,0.9068
D,CO2EII,PUBLISHING,1,2016,37,08/09/2016 00:00,SA1,32204.57682,6071.751937,0.1885
D,CO2EII,PUBLISHING,1,2016,37,08/09/2016 00:00,TAS1,32953.58938,1.95647714,0.0001
D,CO2EII,PUBLISHING,1,2016,37,08/09/2016 00:00,VIC1,143323.4397,159500.5548,1.1129
D,CO2EII,PUBLISHING,1,2016,37,09/09/2016 00:00,NEM,504963.8923,443419.0139,0.8781
D,CO2EII,PUBLISHING,1,2016,37,09/09/2016 00:00,NSW1,160550.3072,146606.6314,0.9132
D,CO2EII,PUBLISHING,1,2016,37,09/09/2016 00:00,QLD1,136376.4083,123762.5656,0.9075
D,CO2EII,PUBLISHING,1,2016,37,09/09/2016 00:00,SA1,31308.8464,8332.970336,0.2662
D,CO2EII,PUBLISHING,1,2016,37,09/09/2016 00:00,TAS1,32508.46544,2.09654588,0.0001
D,CO2EII,PUBLISHING,1,2016,37,09/09/2016 00:00,VIC1,144219.8649,164714.75,1.1421
D,CO2EII,PUBLISHING,1,2016,37,10/09/2016 00:00,NEM,467807.8861,414225.5904,0.8855
D,CO2EII,PUBLISHING,1,2016,37,10/09/2016 00:00,NSW1,166404.4904,146102.2781,0.878
D,CO2EII,PUBLISHING,1,2016,37,10/09/2016 00:00,QLD1,129928.0155,118675.0862,0.9134
D,CO2EII,PUBLISHING,1,2016,37,10/09/2016 00:00,SA1,20894.46108,10502.10702,0.5026
D,CO2EII,PUBLISHING,1,2016,37,10/09/2016 00:00,TAS1,32554.67944,2.11792424,0.0001
D,CO2EII,PUBLISHING,1,2016,37,10/09/2016 00:00,VIC1,118026.2397,138944.0012,1.1772
D,CO2EII,PUBLISHING,1,2016,38,11/09/2016 00:00,NEM,451577.9961,413541.9552,0.9158
D,CO2EII,PUBLISHING,1,2016,38,11/09/2016 00:00,NSW1,150214.509,135285.2484,0.9006
D,CO2EII,PUBLISHING,1,2016,38,11/09/2016 00:00,QLD1,135906.7268,124553.8585,0.9165
D,CO2EII,PUBLISHING,1,2016,38,11/09/2016 00:00,SA1,14614.52164,8014.275905,0.5484
D,CO2EII,PUBLISHING,1,2016,38,11/09/2016 00:00,TAS1,31578.88077,2.1180407,0.0001
D,CO2EII,PUBLISHING,1,2016,38,11/09/2016 00:00,VIC1,119263.3579,145686.4543,1.2216
D,CO2EII,PUBLISHING,1,2016,38,12/09/2016 00:00,NEM,513604.9311,460112.3043,0.8958
D,CO2EII,PUBLISHING,1,2016,38,12/09/2016 00:00,NSW1,182047.6762,166624.0962,0.9153
D,CO2EII,PUBLISHING,1,2016,38,12/09/2016 00:00,QLD1,144903.9738,130506.2453,0.9006
D,CO2EII,PUBLISHING,1,2016,38,12/09/2016 00:00,SA1,22659.70239,12678.9284,0.5595
D,CO2EII,PUBLISHING,1,2016,38,12/09/2016 00:00,TAS1,32146.26736,2.11920255,0.0001
D,CO2EII,PUBLISHING,1,2016,38,12/09/2016 00:00,VIC1,131847.3113,150300.9152,1.14
D,CO2EII,PUBLISHING,1,2016,38,13/09/2016 00:00,NEM,524109.6344,455509.8205,0.8691
D,CO2EII,PUBLISHING,1,2016,38,13/09/2016 00:00,NSW1,182435.4346,166541.4744,0.9129
D,CO2EII,PUBLISHING,1,2016,38,13/09/2016 00:00,QLD1,150078.8761,133250.7027,0.8879
D,CO2EII,PUBLISHING,1,2016,38,13/09/2016 00:00,SA1,29206.92626,14036.13987,0.4806
D,CO2EII,PUBLISHING,1,2016,38,13/09/2016 00:00,TAS1,28598.04996,2.11862131,0.0001
D,CO2EII,PUBLISHING,1,2016,38,13/09/2016 00:00,VIC1,133790.3475,141679.3848,1.059
D,CO2EII,PUBLISHING,1,2016,38,14/09/2016 00:00,NEM,525026.5075,439011.8177,0.8362
D,CO2EII,PUBLISHING,1,2016,38,14/09/2016 00:00,NSW1,176904.7526,158579.7761,0.8964
D,CO2EII,PUBLISHING,1,2016,38,14/09/2016 00:00,QLD1,146834.0227,130545.0987,0.8891
D,CO2EII,PUBLISHING,1,2016,38,14/09/2016 00:00,SA1,40037.12893,9633.193674,0.2406
D,CO2EII,PUBLISHING,1,2016,38,14/09/2016 00:00,TAS1,26742.0069,2.11798247,0.0001
D,CO2EII,PUBLISHING,1,2016,38,14/09/2016 00:00,VIC1,134508.5964,140251.6312,1.0427
D,CO2EII,PUBLISHING,1,2016,38,15/09/2016 00:00,NEM,527292.9915,460008.3465,0.8724
D,CO2EII,PUBLISHING,1,2016,38,15/09/2016 00:00,NSW1,180950.0557,156618.5153,0.8655
D,CO2EII,PUBLISHING,1,2016,38,15/09/2016 00:00,QLD1,144609.0376,127893.1327,0.8844
D,CO2EII,PUBLISHING,1,2016,38,15/09/2016 00:00,SA1,25974.13203,10622.95934,0.409
D,CO2EII,PUBLISHING,1,2016,38,15/09/2016 00:00,TAS1,26058.22483,2.0193946,0.0001
D,CO2EII,PUBLISHING,1,2016,38,15/09/2016 00:00,VIC1,149701.5414,164871.7198,1.1013
D,CO2EII,PUBLISHING,1,2016,38,16/09/2016 00:00,NEM,507561.2813,447768.0934,0.8822
D,CO2EII,PUBLISHING,1,2016,38,16/09/2016 00:00,NSW1,163602.9567,144161.8712,0.8812
D,CO2EII,PUBLISHING,1,2016,38,16/09/2016 00:00,QLD1,148078.9066,131022.4643,0.8848
D,CO2EII,PUBLISHING,1,2016,38,16/09/2016 00:00,SA1,24487.86479,10414.54781,0.4253
D,CO2EII,PUBLISHING,1,2016,38,16/09/2016 00:00,TAS1,27646.02848,2.13936152,0.0001
D,CO2EII,PUBLISHING,1,2016,38,16/09/2016 00:00,VIC1,143745.5248,162167.0707,1.1282
D,CO2EII,PUBLISHING,1,2016,38,17/09/2016 00:00,NEM,458140.6988,412492.1939,0.9004
D,CO2EII,PUBLISHING,1,2016,38,17/09/2016 00:00,NSW1,149494.4872,137247.6315,0.9181
D,CO2EII,PUBLISHING,1,2016,38,17/09/2016 00:00,QLD1,139535.3916,125289.9225,0.8979
D,CO2EII,PUBLISHING,1,2016,38,17/09/2016 00:00,SA1,27768.83845,6104.344155,0.2198
D,CO2EII,PUBLISHING,1,2016,38,17/09/2016 00:00,TAS1,19351.64347,2.17758902,0.0001
D,CO2EII,PUBLISHING,1,2016,38,17/09/2016 00:00,VIC1,121990.3381,143848.1181,1.1792
D,CO2EII,PUBLISHING,1,2016,39,18/09/2016 00:00,NEM,476733.0699,428403.1315,0.8986
D,CO2EII,PUBLISHING,1,2016,39,18/09/2016 00:00,NSW1,153473.1012,142639.4891,0.9294
D,CO2EII,PUBLISHING,1,2016,39,18/09/2016 00:00,QLD1,148207.0291,132979.5142,0.8973
D,CO2EII,PUBLISHING,1,2016,39,18/09/2016 00:00,SA1,24038.55563,8585.725036,0.3572
D,CO2EII,PUBLISHING,1,2016,39,18/09/2016 00:00,TAS1,26802.8871,2.17671731,0.0001
D,CO2EII,PUBLISHING,1,2016,39,18/09/2016 00:00,VIC1,124211.4969,144196.2264,1.1609
D,CO2EII,PUBLISHING,1,2016,39,19/09/2016 00:00,NEM,508324.7753,444091.4169,0.8736
D,CO2EII,PUBLISHING,1,2016,39,19/09/2016 00:00,NSW1,169068.1751,149365.6082,0.8835
D,CO2EII,PUBLISHING,1,2016,39,19/09/2016 00:00,QLD1,151680.1093,136237.2717,0.8982
D,CO2EII,PUBLISHING,1,2016,39,19/09/2016 00:00,SA1,21413.52814,8933.443588,0.4172
D,CO2EII,PUBLISHING,1,2016,39,19/09/2016 00:00,TAS1,29195.62226,2.06598701,0.0001
D,CO2EII,PUBLISHING,1,2016,39,19/09/2016 00:00,VIC1,136967.3406,149553.0274,1.0919
D,CO2EII,PUBLISHING,1,2016,39,20/09/2016 00:00,NEM,509748.3357,442510.2709,0.8681
D,CO2EII,PUBLISHING,1,2016,39,20/09/2016 00:00,NSW1,156801.5729,142255.6257,0.9072
D,CO2EII,PUBLISHING,1,2016,39,20/09/2016 00:00,QLD1,152000.4212,135450.9908,0.8911
D,CO2EII,PUBLISHING,1,2016,39,20/09/2016 00:00,SA1,27527.32233,6323.952625,0.2297
D,CO2EII,PUBLISHING,1,2016,39,20/09/2016 00:00,TAS1,24481.61795,2.11780812,0.0001
D,CO2EII,PUBLISHING,1,2016,39,20/09/2016 00:00,VIC1,148937.4013,158477.5839,1.0641
D,CO2EII,PUBLISHING,1,2016,39,21/09/2016 00:00,NEM,520268.9842,449336.9191,0.8637
D,CO2EII,PUBLISHING,1,2016,39,21/09/2016 00:00,NSW1,159245.3742,143311.0268,0.8999
D,CO2EII,PUBLISHING,1,2016,39,21/09/2016 00:00,QLD1,162664.8002,143189.4704,0.8803
D,CO2EII,PUBLISHING,1,2016,39,21/09/2016 00:00,SA1,33665.93838,8597.357468,0.2554
D,CO2EII,PUBLISHING,1,2016,39,21/09/2016 00:00,TAS1,24183.49204,10.77114218,0.0004
D,CO2EII,PUBLISHING,1,2016,39,21/09/2016 00:00,VIC1,140509.3794,154228.2933,1.0976
D,CO2EII,PUBLISHING,1,2016,39,22/09/2016 00:00,NEM,519256.3731,457066.8894,0.8802
D,CO2EII,PUBLISHING,1,2016,39,22/09/2016 00:00,NSW1,160190.9812,139832.8395,0.8729
D,CO2EII,PUBLISHING,1,2016,39,22/09/2016 00:00,QLD1,161240.4761,141656.4803,0.8785
D,CO2EII,PUBLISHING,1,2016,39,22/09/2016 00:00,SA1,20421.19995,12084.90425,0.5918
D,CO2EII,PUBLISHING,1,2016,39,22/09/2016 00:00,TAS1,27700.89037,2.16974546,0.0001
D,CO2EII,PUBLISHING,1,2016,39,22/09/2016 00:00,VIC1,149702.8255,163490.4956,1.0921
D,CO2EII,PUBLISHING,1,2016,39,23/09/2016 00:00,NEM,497508.1938,451261.977,0.907
D,CO2EII,PUBLISHING,1,2016,39,23/09/2016 00:00,NSW1,157116.2863,144157.4546,0.9175
D,CO2EII,PUBLISHING,1,2016,39,23/09/2016 00:00,QLD1,157455.423,140189.1178,0.8903
D,CO2EII,PUBLISHING,1,2016,39,23/09/2016 00:00,SA1,22464.97602,6331.568629,0.2818
D,CO2EII,PUBLISHING,1,2016,39,23/09/2016 00:00,TAS1,21705.6882,2.13517866,0.0001
D,CO2EII,PUBLISHING,1,2016,39,23/09/2016 00:00,VIC1,138765.8203,160581.7007,1.1572
D,CO2EII,PUBLISHING,1,2016,39,24/09/2016 00:00,NEM,456857.475,412620.52,0.9032
D,CO2EII,PUBLISHING,1,2016,39,24/09/2016 00:00,NSW1,141436.8459,131394.9239,0.929
D,CO2EII,PUBLISHING,1,2016,39,24/09/2016 00:00,QLD1,148131.8065,132951.9842,0.8975
D,CO2EII,PUBLISHING,1,2016,39,24/09/2016 00:00,SA1,23409.89103,4562.495877,0.1949
D,CO2EII,PUBLISHING,1,2016,39,24/09/2016 00:00,TAS1,19535.74465,2.11740169,0.0001
D,CO2EII,PUBLISHING,1,2016,39,24/09/2016 00:00,VIC1,124343.187,143708.9986,1.1557
D,CO2EII,PUBLISHING,1,2016,40,25/09/2016 00:00,NEM,452709.55,420788.615,0.9295
D,CO2EII,PUBLISHING,1,2016,40,25/09/2016 00:00,NSW1,142316.1869,128136.2337,0.9004
D,CO2EII,PUBLISHING,1,2016,40,25/09/2016 00:00,QLD1,146352.0586,131348.6465,0.8975
D,CO2EII,PUBLISHING,1,2016,40,25/09/2016 00:00,SA1,14628.52337,6332.455222,0.4329
D,CO2EII,PUBLISHING,1,2016,40,25/09/2016 00:00,TAS1,21154.57676,2.11844719,0.0001
D,CO2EII,PUBLISHING,1,2016,40,25/09/2016 00:00,VIC1,128258.2043,154969.1611,1.2083
D,CO2EII,PUBLISHING,1,2016,40,26/09/2016 00:00,NEM,497197.5742,430650.9169,0.8662
D,CO2EII,PUBLISHING,1,2016,40,26/09/2016 00:00,NSW1,158156.2974,141337.9163,0.8937
D,CO2EII,PUBLISHING,1,2016,40,26/09/2016 00:00,QLD1,152611.6802,136820.9634,0.8965
D,CO2EII,PUBLISHING,1,2016,40,26/09/2016 00:00,SA1,28755.36962,5896.190505,0.205
D,CO2EII,PUBLISHING,1,2016,40,26/09/2016 00:00,TAS1,24922.15304,2.08388022,0.0001
D,CO2EII,PUBLISHING,1,2016,40,26/09/2016 00:00,VIC1,132752.074,146593.7628,1.1043
D,CO2EII,PUBLISHING,1,2016,40,27/09/2016 00:00,NEM,504561.3022,444191.7949,0.8804
D,CO2EII,PUBLISHING,1,2016,40,27/09/2016 00:00,NSW1,161875.7366,139994.6885,0.8648
D,CO2EII,PUBLISHING,1,2016,40,27/09/2016 00:00,QLD1,153357.2025,137173.69,0.8945
D,CO2EII,PUBLISHING,1,2016,40,27/09/2016 00:00,SA1,21487.21842,10022.76114,0.4665
D,CO2EII,PUBLISHING,1,2016,40,27/09/2016 00:00,TAS1,26573.03793,2.11774988,0.0001
D,CO2EII,PUBLISHING,1,2016,40,27/09/2016 00:00,VIC1,141268.1068,156998.5375,1.1114
D,CO2EII,PUBLISHING,1,2016,40,28/09/2016 00:00,NEM,487722.45,440314.9588,0.9028
D,CO2EII,PUBLISHING,1,2016,40,28/09/2016 00:00,NSW1,157753.2444,141795.8712,0.8988
D,CO2EII,PUBLISHING,1,2016,40,28/09/2016 00:00,QLD1,146494.3897,131616.2446,0.8984
D,CO2EII,PUBLISHING,1,2016,40,28/09/2016 00:00,SA1,17842.32998,3395.418506,0.1903
D,CO2EII,PUBLISHING,1,2016,40,28/09/2016 00:00,TAS1,21288.71064,1.95217839,0.0001
D,CO2EII,PUBLISHING,1,2016,40,28/09/2016 00:00,VIC1,144343.7753,163505.4723,1.1328
D,CO2EII,PUBLISHING,1,2016,40,29/09/2016 00:00,NEM,509192.6575,451640.1141,0.887
D,CO2EII,PUBLISHING,1,2016,40,29/09/2016 00:00,NSW1,158733.3196,137219.1402,0.8645
D,CO2EII,PUBLISHING,1,2016,40,29/09/2016 00:00,QLD1,150743.1248,134262.8172,0.8907
D,CO2EII,PUBLISHING,1,2016,40,29/09/2016 00:00,SA1,25399.10988,16373.00996,0.6446
D,CO2EII,PUBLISHING,1,2016,40,29/09/2016 00:00,TAS1,28639.09704,43.67421218,0.0015
D,CO2EII,PUBLISHING,1,2016,40,29/09/2016 00:00,VIC1,145678.0062,163741.4725,1.124
D,CO2EII,PUBLISHING,1,2016,40,30/09/2016 00:00,NEM,489331.628,440823.4486,0.9009
D,CO2EII,PUBLISHING,1,2016,40,30/09/2016 00:00,NSW1,158033.4716,137361.2963,0.8692
D,CO2EII,PUBLISHING,1,2016,40,30/09/2016 00:00,QLD1,142000.247,127397.8672,0.8972
D,CO2EII,PUBLISHING,1,2016,40,30/09/2016 00:00,SA1,19786.51651,10277.23411,0.5194
D,CO2EII,PUBLISHING,1,2016,40,30/09/2016 00:00,TAS1,28242.66906,2.17561317,0.0001
D,CO2EII,PUBLISHING,1,2016,40,30/09/2016 00:00,VIC1,141268.7238,165784.8754,1.1735
D,CO2EII,PUBLISHING,1,2016,40,01/10/2016 00:00,NEM,453145.2494,399332.4696,0.8812
D,CO2EII,PUBLISHING,1,2016,40,01/10/2016 00:00,NSW1,135237.6317,113515.1596,0.8394
D,CO2EII,PUBLISHING,1,2016,40,01/10/2016 00:00,QLD1,133039.6619,120446.5836,0.9053
D,CO2EII,PUBLISHING,1,2016,40,01/10/2016 00:00,SA1,15929.28973,8187.543677,0.514
D,CO2EII,PUBLISHING,1,2016,40,01/10/2016 00:00,TAS1,31360.92075,2.17520646,0.0001
D,CO2EII,PUBLISHING,1,2016,40,01/10/2016 00:00,VIC1,137577.7454,157181.0075,1.1425
D,CO2EII,PUBLISHING,1,2016,41,02/10/2016 00:00,NEM,432601.1562,373907.6075,0.8643
D,CO2EII,PUBLISHING,1,2016,41,02/10/2016 00:00,NSW1,128133.5443,106778.3472,0.8333
D,CO2EII,PUBLISHING,1,2016,41,02/10/2016 00:00,QLD1,129756.1908,117148.2995,0.9028
D,CO2EII,PUBLISHING,1,2016,41,02/10/2016 00:00,SA1,14237.2245,6460.59771,0.4538
D,CO2EII,PUBLISHING,1,2016,41,02/10/2016 00:00,TAS1,32831.66649,2.17468368,0.0001
D,CO2EII,PUBLISHING,1,2016,41,02/10/2016 00:00,VIC1,127642.5301,143518.1884,1.1244
D,CO2EII,PUBLISHING,1,2016,41,03/10/2016 00:00,NEM,467437.5872,382117.8985,0.8175
D,CO2EII,PUBLISHING,1,2016,41,03/10/2016 00:00,NSW1,138439.5228,104911.9379,0.7578
D,CO2EII,PUBLISHING,1,2016,41,03/10/2016 00:00,QLD1,135529.5941,122829.2027,0.9063
D,CO2EII,PUBLISHING,1,2016,41,03/10/2016 00:00,SA1,17120.36428,7024.149061,0.4103
D,CO2EII,PUBLISHING,1,2016,41,03/10/2016 00:00,TAS1,35950.86081,2.17462608,0.0001
D,CO2EII,PUBLISHING,1,2016,41,03/10/2016 00:00,VIC1,140397.2452,147350.4342,1.0495
D,CO2EII,PUBLISHING,1,2016,41,04/10/2016 00:00,NEM,496982.5851,391154.3044,0.7871
D,CO2EII,PUBLISHING,1,2016,41,04/10/2016 00:00,NSW1,153770.4539,117023.7843,0.761
D,CO2EII,PUBLISHING,1,2016,41,04/10/2016 00:00,QLD1,141036.7325,127520.0941,0.9042
D,CO2EII,PUBLISHING,1,2016,41,04/10/2016 00:00,SA1,27215.08652,6716.274765,0.2468
D,CO2EII,PUBLISHING,1,2016,41,04/10/2016 00:00,TAS1,39706.19621,2.04251685,0.0001
D,CO2EII,PUBLISHING,1,2016,41,04/10/2016 00:00,VIC1,135254.116,139892.1088,1.0343
D,CO2EII,PUBLISHING,1,2016,41,05/10/2016 00:00,NEM,499750.615,398857.3134,0.7981
D,CO2EII,PUBLISHING,1,2016,41,05/10/2016 00:00,NSW1,147689.2652,112987.9364,0.765
D,CO2EII,PUBLISHING,1,2016,41,05/10/2016 00:00,QLD1,144526.8348,129354.0487,0.895
D,CO2EII,PUBLISHING,1,2016,41,05/10/2016 00:00,SA1,22559.87584,6116.256356,0.2711
D,CO2EII,PUBLISHING,1,2016,41,05/10/2016 00:00,TAS1,40198.47904,2.02793489,0.0001
D,CO2EII,PUBLISHING,1,2016,41,05/10/2016 00:00,VIC1,144776.1602,150397.044,1.0388
D,CO2EII,PUBLISHING,1,2016,41,06/10/2016 00:00,NEM,483899.0981,397321.2262,0.8211
D,CO2EII,PUBLISHING,1,2016,41,06/10/2016 00:00,NSW1,148736.104,123191.1556,0.8283
D,CO2EII,PUBLISHING,1,2016,41,06/10/2016 00:00,QLD1,143943.4441,130056.4485,0.9035
D,CO2EII,PUBLISHING,1,2016,41,06/10/2016 00:00,SA1,24046.45984,3974.449713,0.1653
D,CO2EII,PUBLISHING,1,2016,41,06/10/2016 00:00,TAS1,40040.94132,2.08690145,0.0001
D,CO2EII,PUBLISHING,1,2016,41,06/10/2016 00:00,VIC1,127132.1489,140097.0855,1.102
D,CO2EII,PUBLISHING,1,2016,41,07/10/2016 00:00,NEM,484973.836,391849.5287,0.808
D,CO2EII,PUBLISHING,1,2016,41,07/10/2016 00:00,NSW1,161986.3057,128525.0722,0.7934
D,CO2EII,PUBLISHING,1,2016,41,07/10/2016 00:00,QLD1,140656.3137,127141.9746,0.9039
D,CO2EII,PUBLISHING,1,2016,41,07/10/2016 00:00,SA1,22971.18677,6061.296983,0.2639
D,CO2EII,PUBLISHING,1,2016,41,07/10/2016 00:00,TAS1,40682.92779,2.17119761,0.0001
D,CO2EII,PUBLISHING,1,2016,41,07/10/2016 00:00,VIC1,118677.1021,130119.0137,1.0964
D,CO2EII,PUBLISHING,1,2016,41,08/10/2016 00:00,NEM,441938.553,376237.5309,0.8513
D,CO2EII,PUBLISHING,1,2016,41,08/10/2016 00:00,NSW1,148599.9162,125974.6481,0.8477
D,CO2EII,PUBLISHING,1,2016,41,08/10/2016 00:00,QLD1,135988.8229,123280.2805,0.9065
D,CO2EII,PUBLISHING,1,2016,41,08/10/2016 00:00,SA1,14823.6721,4126.850894,0.2784
D,CO2EII,PUBLISHING,1,2016,41,08/10/2016 00:00,TAS1,38158.41292,2.17445103,0.0001
D,CO2EII,PUBLISHING,1,2016,41,08/10/2016 00:00,VIC1,104367.7288,122853.5769,1.1771
D,CO2EII,PUBLISHING,1,2016,42,09/10/2016 00:00,NEM,437266.7677,353032.3721,0.8074
D,CO2EII,PUBLISHING,1,2016,42,09/10/2016 00:00,NSW1,131264.236,108423.0602,0.826
D,CO2EII,PUBLISHING,1,2016,42,09/10/2016 00:00,QLD1,132246.8197,118714.7761,0.8977
D,CO2EII,PUBLISHING,1,2016,42,09/10/2016 00:00,SA1,24201.90348,2964.739609,0.1225
D,CO2EII,PUBLISHING,1,2016,42,09/10/2016 00:00,TAS1,40334.78832,2.17381167,0.0001
D,CO2EII,PUBLISHING,1,2016,42,09/10/2016 00:00,VIC1,109219.0202,122927.6224,1.1255
D,CO2EII,PUBLISHING,1,2016,42,10/10/2016 00:00,NEM,495091.009,402985.8422,0.814
D,CO2EII,PUBLISHING,1,2016,42,10/10/2016 00:00,NSW1,149409.3523,117114.3072,0.7838
D,CO2EII,PUBLISHING,1,2016,42,10/10/2016 00:00,QLD1,145504.7345,130302.4362,0.8955
D,CO2EII,PUBLISHING,1,2016,42,10/10/2016 00:00,SA1,27322.83251,4199.59087,0.1537
D,CO2EII,PUBLISHING,1,2016,42,10/10/2016 00:00,TAS1,41033.29157,2.17450927,0.0001
D,CO2EII,PUBLISHING,1,2016,42,10/10/2016 00:00,VIC1,131820.7981,151367.3335,1.1483
D,CO2EII,PUBLISHING,1,2016,42,11/10/2016 00:00,NEM,500046.7447,411557.4872,0.823
D,CO2EII,PUBLISHING,1,2016,42,11/10/2016 00:00,NSW1,141234.4624,107371.8023,0.7602
D,CO2EII,PUBLISHING,1,2016,42,11/10/2016 00:00,QLD1,152615.6152,135812.2418,0.8899
D,CO2EII,PUBLISHING,1,2016,42,11/10/2016 00:00,SA1,23850.67892,6085.718771,0.2552
D,CO2EII,PUBLISHING,1,2016,42,11/10/2016 00:00,TAS1,40961.1309,2.17665953,0.0001
D,CO2EII,PUBLISHING,1,2016,42,11/10/2016 00:00,VIC1,141384.8572,162285.5476,1.1478
D,CO2EII,PUBLISHING,1,2016,42,12/10/2016 00:00,NEM,505082.8709,428024.8687,0.8474
D,CO2EII,PUBLISHING,1,2016,42,12/10/2016 00:00,NSW1,141728.9409,115265.3834,0.8133
D,CO2EII,PUBLISHING,1,2016,42,12/10/2016 00:00,QLD1,154493.3788,137242.1994,0.8883
D,CO2EII,PUBLISHING,1,2016,42,12/10/2016 00:00,SA1,19276.38117,7796.094259,0.4044
D,CO2EII,PUBLISHING,1,2016,42,12/10/2016 00:00,TAS1,40132.74724,2.17357983,0.0001
D,CO2EII,PUBLISHING,1,2016,42,12/10/2016 00:00,VIC1,149451.4229,167719.0181,1.1222
D,CO2EII,PUBLISHING,1,2016,42,13/10/2016 00:00,NEM,507093.6904,434923.4716,0.8577
D,CO2EII,PUBLISHING,1,2016,42,13/10/2016 00:00,NSW1,144005.7759,118365.1918,0.8219
D,CO2EII,PUBLISHING,1,2016,42,13/10/2016 00:00,QLD1,158217.4253,139926.8262,0.8844
D,CO2EII,PUBLISHING,1,2016,42,13/10/2016 00:00,SA1,17731.63003,8448.018959,0.4764
D,CO2EII,PUBLISHING,1,2016,42,13/10/2016 00:00,TAS1,38408.28411,1.91668211,0
D,CO2EII,PUBLISHING,1,2016,42,13/10/2016 00:00,VIC1,148730.5751,168181.518,1.1308
D,CO2EII,PUBLISHING,1,2016,42,14/10/2016 00:00,NEM,495828.6902,423900.8257,0.8549
D,CO2EII,PUBLISHING,1,2016,42,14/10/2016 00:00,NSW1,143402.0633,119946.5612,0.8364
D,CO2EII,PUBLISHING,1,2016,42,14/10/2016 00:00,QLD1,148153.1574,132514.4468,0.8944
D,CO2EII,PUBLISHING,1,2016,42,14/10/2016 00:00,SA1,19113.01578,5387.877277,0.2819
D,CO2EII,PUBLISHING,1,2016,42,14/10/2016 00:00,TAS1,38350.83133,2.1054342,0.0001
D,CO2EII,PUBLISHING,1,2016,42,14/10/2016 00:00,VIC1,146809.6224,166049.8349,1.1311
D,CO2EII,PUBLISHING,1,2016,42,15/10/2016 00:00,NEM,447927.9417,366082.509,0.8173
D,CO2EII,PUBLISHING,1,2016,42,15/10/2016 00:00,NSW1,124671.742,107202.7174,0.8599
D,CO2EII,PUBLISHING,1,2016,42,15/10/2016 00:00,QLD1,139871.756,127916.858,0.9145
D,CO2EII,PUBLISHING,1,2016,42,15/10/2016 00:00,SA1,31487.53477,1624.697475,0.0516
D,CO2EII,PUBLISHING,1,2016,42,15/10/2016 00:00,TAS1,36734.9435,2.17154667,0.0001
D,CO2EII,PUBLISHING,1,2016,42,15/10/2016 00:00,VIC1,115161.9655,129336.0645,1.1231
D,CO2EII,PUBLISHING,1,2016,43,16/10/2016 00:00,NEM,446577.0776,372656.9713,0.8345
D,CO2EII,PUBLISHING,1,2016,43,16/10/2016 00:00,NSW1,123127.6865,100083.8218,0.8128
D,CO2EII,PUBLISHING,1,2016,43,16/10/2016 00:00,QLD1,136331.7472,123645.8224,0.9069
D,CO2EII,PUBLISHING,1,2016,43,16/10/2016 00:00,SA1,23769.54361,2237.071547,0.0941
D,CO2EII,PUBLISHING,1,2016,43,16/10/2016 00:00,TAS1,38159.85198,2.17166239,0.0001
D,CO2EII,PUBLISHING,1,2016,43,16/10/2016 00:00,VIC1,125188.2482,146688.0838,1.1717
D,CO2EII,PUBLISHING,1,2016,43,17/10/2016 00:00,NEM,500282.7696,407522.4718,0.8146
D,CO2EII,PUBLISHING,1,2016,43,17/10/2016 00:00,NSW1,147270.3267,112296.0417,0.7625
D,CO2EII,PUBLISHING,1,2016,43,17/10/2016 00:00,QLD1,148187.046,134931.1592,0.9105
D,CO2EII,PUBLISHING,1,2016,43,17/10/2016 00:00,SA1,27076.21969,3703.888236,0.1368
D,CO2EII,PUBLISHING,1,2016,43,17/10/2016 00:00,TAS1,38266.5178,2.17357932,0.0001
D,CO2EII,PUBLISHING,1,2016,43,17/10/2016 00:00,VIC1,139482.6595,156589.2091,1.1226
D,CO2EII,PUBLISHING,1,2016,43,18/10/2016 00:00,NEM,501822.0326,406717.3295,0.8105
D,CO2EII,PUBLISHING,1,2016,43,18/10/2016 00:00,NSW1,143857.086,111016.5109,0.7717
D,CO2EII,PUBLISHING,1,2016,43,18/10/2016 00:00,QLD1,146290.5809,132982.0437,0.909
D,CO2EII,PUBLISHING,1,2016,43,18/10/2016 00:00,SA1,34629.22751,7237.493577,0.209
D,CO2EII,PUBLISHING,1,2016,43,18/10/2016 00:00,TAS1,38299.87923,2.17340508,0.0001
D,CO2EII,PUBLISHING,1,2016,43,18/10/2016 00:00,VIC1,138745.2589,155479.1079,1.1206
D,CO2EII,PUBLISHING,1,2016,43,19/10/2016 00:00,NEM,504251.3532,427763.5652,0.8483
D,CO2EII,PUBLISHING,1,2016,43,19/10/2016 00:00,NSW1,140595.0795,112738.6444,0.8019
D,CO2EII,PUBLISHING,1,2016,43,19/10/2016 00:00,QLD1,157244.9589,140587.4188,0.8941
D,CO2EII,PUBLISHING,1,2016,43,19/10/2016 00:00,SA1,23412.48311,14082.88483,0.6015
D,CO2EII,PUBLISHING,1,2016,43,19/10/2016 00:00,TAS1,38762.0817,2.17270817,0.0001
D,CO2EII,PUBLISHING,1,2016,43,19/10/2016 00:00,VIC1,144236.75,160352.4445,1.1117
D,CO2EII,PUBLISHING,1,2016,43,20/10/2016 00:00,NEM,498943.0874,402892.5383,0.8075
D,CO2EII,PUBLISHING,1,2016,43,20/10/2016 00:00,NSW1,141720.2396,111705.4776,0.7882
D,CO2EII,PUBLISHING,1,2016,43,20/10/2016 00:00,QLD1,153673.7648,137614.2577,0.8955
D,CO2EII,PUBLISHING,1,2016,43,20/10/2016 00:00,SA1,34422.01112,7690.67701,0.2234
D,CO2EII,PUBLISHING,1,2016,43,20/10/2016 00:00,TAS1,35807.27192,2.09381478,0.0001
D,CO2EII,PUBLISHING,1,2016,43,20/10/2016 00:00,VIC1,133319.7999,145880.0322,1.0942
D,CO2EII,PUBLISHING,1,2016,43,21/10/2016 00:00,NEM,507225.6799,413226.1878,0.8147
D,CO2EII,PUBLISHING,1,2016,43,21/10/2016 00:00,NSW1,143880.9861,113396.8811,0.7881
D,CO2EII,PUBLISHING,1,2016,43,21/10/2016 00:00,QLD1,153773.9517,138008.8782,0.8975
D,CO2EII,PUBLISHING,1,2016,43,21/10/2016 00:00,SA1,31083.80942,8954.421604,0.2881
D,CO2EII,PUBLISHING,1,2016,43,21/10/2016 00:00,TAS1,36249.85943,5.20038474,0.0001
D,CO2EII,PUBLISHING,1,2016,43,21/10/2016 00:00,VIC1,142237.0733,152860.8065,1.0747
D,CO2EII,PUBLISHING,1,2016,43,22/10/2016 00:00,NEM,479568.4027,400817.6139,0.8358
D,CO2EII,PUBLISHING,1,2016,43,22/10/2016 00:00,NSW1,133973.5897,107970.9152,0.8059
D,CO2EII,PUBLISHING,1,2016,43,22/10/2016 00:00,QLD1,144647.8916,131072.4013,0.9061
D,CO2EII,PUBLISHING,1,2016,43,22/10/2016 00:00,SA1,23037.2503,7074.204072,0.3071
D,CO2EII,PUBLISHING,1,2016,43,22/10/2016 00:00,TAS1,37423.59186,2.06436084,0.0001
D,CO2EII,PUBLISHING,1,2016,43,22/10/2016 00:00,VIC1,140486.0794,154698.029,1.1012
D,CO2EII,PUBLISHING,1,2016,44,23/10/2016 00:00,NEM,459179.3582,401720.3633,0.8749
D,CO2EII,PUBLISHING,1,2016,44,23/10/2016 00:00,NSW1,126971.3089,106593.7786,0.8395
D,CO2EII,PUBLISHING,1,2016,44,23/10/2016 00:00,QLD1,147274.8168,134140.622,0.9108
D,CO2EII,PUBLISHING,1,2016,44,23/10/2016 00:00,SA1,15303.61318,6511.735377,0.4255
D,CO2EII,PUBLISHING,1,2016,44,23/10/2016 00:00,TAS1,37030.93705,2.06122349,0.0001
D,CO2EII,PUBLISHING,1,2016,44,23/10/2016 00:00,VIC1,132598.6822,154472.166,1.165
D,CO2EII,PUBLISHING,1,2016,44,24/10/2016 00:00,NEM,491969.3882,418605.5371,0.8509
D,CO2EII,PUBLISHING,1,2016,44,24/10/2016 00:00,NSW1,142852.9634,118596.6551,0.8302
D,CO2EII,PUBLISHING,1,2016,44,24/10/2016 00:00,QLD1,150296.8498,136814.0283,0.9103
D,CO2EII,PUBLISHING,1,2016,44,24/10/2016 00:00,SA1,21044.35035,7502.328575,0.3565
D,CO2EII,PUBLISHING,1,2016,44,24/10/2016 00:00,TAS1,37579.6757,2.0253786,0.0001
D,CO2EII,PUBLISHING,1,2016,44,24/10/2016 00:00,VIC1,140195.549,155690.4997,1.1105
D,CO2EII,PUBLISHING,1,2016,44,25/10/2016 00:00,NEM,490486.5118,406931.7544,0.8296
D,CO2EII,PUBLISHING,1,2016,44,25/10/2016 00:00,NSW1,142999.8047,117656.0432,0.8228
D,CO2EII,PUBLISHING,1,2016,44,25/10/2016 00:00,QLD1,146782.0901,134067.5382,0.9134
D,CO2EII,PUBLISHING,1,2016,44,25/10/2016 00:00,SA1,27738.2414,3789.119228,0.1366
D,CO2EII,PUBLISHING,1,2016,44,25/10/2016 00:00,TAS1,33981.32721,2.00184958,0.0001
D,CO2EII,PUBLISHING,1,2016,44,25/10/2016 00:00,VIC1,138985.0484,151417.052,1.0894
D,CO2EII,PUBLISHING,1,2016,44,26/10/2016 00:00,NEM,494233.4332,415133.3351,0.84
D,CO2EII,PUBLISHING,1,2016,44,26/10/2016 00:00,NSW1,148016.8836,115727.7355,0.7819
D,CO2EII,PUBLISHING,1,2016,44,26/10/2016 00:00,QLD1,153036.4557,137955.8433,0.9015
D,CO2EII,PUBLISHING,1,2016,44,26/10/2016 00:00,SA1,18493.28866,7425.768206,0.4015
D,CO2EII,PUBLISHING,1,2016,44,26/10/2016 00:00,TAS1,37991.4772,2.01201638,0.0001
D,CO2EII,PUBLISHING,1,2016,44,26/10/2016 00:00,VIC1,136695.3281,154021.9761,1.1268
D,CO2EII,PUBLISHING,1,2016,44,27/10/2016 00:00,NEM,494008.6005,417408.91,0.8449
D,CO2EII,PUBLISHING,1,2016,44,27/10/2016 00:00,NSW1,145317.9799,114554.3265,0.7883
D,CO2EII,PUBLISHING,1,2016,44,27/10/2016 00:00,QLD1,151177.4963,136407.6668,0.9023
D,CO2EII,PUBLISHING,1,2016,44,27/10/2016 00:00,SA1,17844.75406,6525.198117,0.3657
D,CO2EII,PUBLISHING,1,2016,44,27/10/2016 00:00,TAS1,35619.66431,2.01922024,0.0001
D,CO2EII,PUBLISHING,1,2016,44,27/10/2016 00:00,VIC1,144048.7059,159919.6994,1.1102
D,CO2EII,PUBLISHING,1,2016,44,28/10/2016 00:00,NEM,491824.9281,417074.7944,0.848
D,CO2EII,PUBLISHING,1,2016,44,28/10/2016 00:00,NSW1,143520.8739,115167.5554,0.8024
D,CO2EII,PUBLISHING,1,2016,44,28/10/2016 00:00,QLD1,153852.9152,138674.3431,0.9013
D,CO2EII,PUBLISHING,1,2016,44,28/10/2016 00:00,SA1,14723.12003,7540.530069,0.5122
D,CO2EII,PUBLISHING,1,2016,44,28/10/2016 00:00,TAS1,35036.37705,2.01933636,0.0001
D,CO2EII,PUBLISHING,1,2016,44,28/10/2016 00:00,VIC1,144691.6419,155690.3465,1.076
D,CO2EII,PUBLISHING,1,2016,44,29/10/2016 00:00,NEM,449754.2189,388672.328,0.8642
D,CO2EII,PUBLISHING,1,2016,44,29/10/2016 00:00,NSW1,126195.3572,106705.348,0.8456
D,CO2EII,PUBLISHING,1,2016,44,29/10/2016 00:00,QLD1,142948.7171,130068.629,0.9099
D,CO2EII,PUBLISHING,1,2016,44,29/10/2016 00:00,SA1,22531.72677,2075.292828,0.0921
D,CO2EII,PUBLISHING,1,2016,44,29/10/2016 00:00,TAS1,31736.76602,2.0167223,0.0001
D,CO2EII,PUBLISHING,1,2016,44,29/10/2016 00:00,VIC1,126341.6518,149821.0415,1.1858
D,CO2EII,PUBLISHING,1,2016,45,30/10/2016 00:00,NEM,443660.7405,354489.7982,0.799
D,CO2EII,PUBLISHING,1,2016,45,30/10/2016 00:00,NSW1,128102.6068,100579.6032,0.7851
D,CO2EII,PUBLISHING,1,2016,45,30/10/2016 00:00,QLD1,140051.9788,127482.3495,0.9103
D,CO2EII,PUBLISHING,1,2016,45,30/10/2016 00:00,SA1,30199.7273,1650.623654,0.0547
D,CO2EII,PUBLISHING,1,2016,45,30/10/2016 00:00,TAS1,30931.46746,2.01596728,0.0001
D,CO2EII,PUBLISHING,1,2016,45,30/10/2016 00:00,VIC1,114374.9601,124775.2059,1.0909
D,CO2EII,PUBLISHING,1,2016,45,31/10/2016 00:00,NEM,491674.3037,401486.9369,0.8166
D,CO2EII,PUBLISHING,1,2016,45,31/10/2016 00:00,NSW1,145458.5722,108353.0576,0.7449
D,CO2EII,PUBLISHING,1,2016,45,31/10/2016 00:00,QLD1,151346.9805,136082.5146,0.8991
D,CO2EII,PUBLISHING,1,2016,45,31/10/2016 00:00,SA1,20232.93174,5014.098992,0.2478
D,CO2EII,PUBLISHING,1,2016,45,31/10/2016 00:00,TAS1,34661.82567,1.94108256,0.0001
D,CO2EII,PUBLISHING,1,2016,45,31/10/2016 00:00,VIC1,139973.9935,152035.3247,1.0862
D,CO2EII,PUBLISHING,1,2016,45,01/11/2016 00:00,NEM,491383.2387,414811.6905,0.8442
D,CO2EII,PUBLISHING,1,2016,45,01/11/2016 00:00,NSW1,146879.5472,119087.3787,0.8108
D,CO2EII,PUBLISHING,1,2016,45,01/11/2016 00:00,QLD1,157114.9315,139489.1324,0.8878
D,CO2EII,PUBLISHING,1,2016,45,01/11/2016 00:00,SA1,20378.82102,6066.172831,0.2977
D,CO2EII,PUBLISHING,1,2016,45,01/11/2016 00:00,TAS1,35475.09644,7.1418322,0.0002
D,CO2EII,PUBLISHING,1,2016,45,01/11/2016 00:00,VIC1,131534.8426,150161.8647,1.1416
D,CO2EII,PUBLISHING,1,2016,45,02/11/2016 00:00,NEM,495683.6753,411797.1198,0.8308
D,CO2EII,PUBLISHING,1,2016,45,02/11/2016 00:00,NSW1,141522.8121,114269.3277,0.8074
D,CO2EII,PUBLISHING,1,2016,45,02/11/2016 00:00,QLD1,156690.0811,138487.3461,0.8838
D,CO2EII,PUBLISHING,1,2016,45,02/11/2016 00:00,SA1,19141.73132,8975.500519,0.4689
D,CO2EII,PUBLISHING,1,2016,45,02/11/2016 00:00,TAS1,38068.94816,17.13434652,0.0005
D,CO2EII,PUBLISHING,1,2016,45,02/11/2016 00:00,VIC1,140260.1026,150047.8111,1.0698
D,CO2EII,PUBLISHING,1,2016,45,03/11/2016 00:00,NEM,496808.6027,424408.5882,0.8543
D,CO2EII,PUBLISHING,1,2016,45,03/11/2016 00:00,NSW1,147549.4106,122950.4777,0.8333
D,CO2EII,PUBLISHING,1,2016,45,03/11/2016 00:00,QLD1,165358.5569,144081.1175,0.8713
D,CO2EII,PUBLISHING,1,2016,45,03/11/2016 00:00,SA1,19009.80244,10135.11382,0.5332
D,CO2EII,PUBLISHING,1,2016,45,03/11/2016 00:00,TAS1,36526.64354,2.01201673,0.0001
D,CO2EII,PUBLISHING,1,2016,45,03/11/2016 00:00,VIC1,128364.1892,147239.8671,1.147
D,CO2EII,PUBLISHING,1,2016,45,04/11/2016 00:00,NEM,499730.4226,402983.2973,0.8064
D,CO2EII,PUBLISHING,1,2016,45,04/11/2016 00:00,NSW1,145145.2438,115132.5054,0.7932
D,CO2EII,PUBLISHING,1,2016,45,04/11/2016 00:00,QLD1,159391.0435,139941.9157,0.878
D,CO2EII,PUBLISHING,1,2016,45,04/11/2016 00:00,SA1,25841.35154,4115.207252,0.1592
D,CO2EII,PUBLISHING,1,2016,45,04/11/2016 00:00,TAS1,36892.31596,1.99098599,0.0001
D,CO2EII,PUBLISHING,1,2016,45,04/11/2016 00:00,VIC1,132460.4678,143791.678,1.0855
D,CO2EII,PUBLISHING,1,2016,45,05/11/2016 00:00,NEM,462292.3078,380845.6103,0.8238
D,CO2EII,PUBLISHING,1,2016,45,05/11/2016 00:00,NSW1,132710.494,103723.7127,0.7816
D,CO2EII,PUBLISHING,1,2016,45,05/11/2016 00:00,QLD1,146694.6477,130102.2266,0.8869
D,CO2EII,PUBLISHING,1,2016,45,05/11/2016 00:00,SA1,19604.8038,4211.908882,0.2148
D,CO2EII,PUBLISHING,1,2016,45,05/11/2016 00:00,TAS1,37681.45884,2.00917014,0.0001
D,CO2EII,PUBLISHING,1,2016,45,05/11/2016 00:00,VIC1,125600.9035,142805.7529,1.137
D,CO2EII,PUBLISHING,1,2016,46,06/11/2016 00:00,NEM,446923.5267,379391.9319,0.8489
D,CO2EII,PUBLISHING,1,2016,46,06/11/2016 00:00,NSW1,127153.1518,101185.2976,0.7958
D,CO2EII,PUBLISHING,1,2016,46,06/11/2016 00:00,QLD1,143779.0662,128255.1364,0.892
D,CO2EII,PUBLISHING,1,2016,46,06/11/2016 00:00,SA1,14365.50844,5022.600501,0.3496
D,CO2EII,PUBLISHING,1,2016,46,06/11/2016 00:00,TAS1,40302.50591,1.95519951,0
D,CO2EII,PUBLISHING,1,2016,46,06/11/2016 00:00,VIC1,121323.2943,144926.9422,1.1946
D,CO2EII,PUBLISHING,1,2016,46,07/11/2016 00:00,NEM,513747.9671,423644.4399,0.8246
D,CO2EII,PUBLISHING,1,2016,46,07/11/2016 00:00,NSW1,152497.5755,121451.8445,0.7964
D,CO2EII,PUBLISHING,1,2016,46,07/11/2016 00:00,QLD1,162121.1864,142081.3589,0.8764
D,CO2EII,PUBLISHING,1,2016,46,07/11/2016 00:00,SA1,27832.26581,5744.909234,0.2064
D,CO2EII,PUBLISHING,1,2016,46,07/11/2016 00:00,TAS1,39391.05819,2.01248139,0.0001
D,CO2EII,PUBLISHING,1,2016,46,07/11/2016 00:00,VIC1,131905.8812,154364.3147,1.1703
D,CO2EII,PUBLISHING,1,2016,46,08/11/2016 00:00,NEM,523375.775,437293.5821,0.8355
D,CO2EII,PUBLISHING,1,2016,46,08/11/2016 00:00,NSW1,155326.1606,116493.4737,0.75
D,CO2EII,PUBLISHING,1,2016,46,08/11/2016 00:00,QLD1,176310.0174,152906.1163,0.8673
D,CO2EII,PUBLISHING,1,2016,46,08/11/2016 00:00,SA1,22103.04879,10496.23249,0.4749
D,CO2EII,PUBLISHING,1,2016,46,08/11/2016 00:00,TAS1,38884.45827,1.82506596,0
D,CO2EII,PUBLISHING,1,2016,46,08/11/2016 00:00,VIC1,130752.0898,157395.9345,1.2038
D,CO2EII,PUBLISHING,1,2016,46,09/11/2016 00:00,NEM,519082.1697,451690.9972,0.8702
D,CO2EII,PUBLISHING,1,2016,46,09/11/2016 00:00,NSW1,149467.2143,124917.7663,0.8358
D,CO2EII,PUBLISHING,1,2016,46,09/11/2016 00:00,QLD1,170273.3203,148417.9538,0.8716
D,CO2EII,PUBLISHING,1,2016,46,09/11/2016 00:00,SA1,23708.64834,11112.90234,0.4687
D,CO2EII,PUBLISHING,1,2016,46,09/11/2016 00:00,TAS1,35368.87129,2.01224909,0.0001
D,CO2EII,PUBLISHING,1,2016,46,09/11/2016 00:00,VIC1,140264.1156,167240.3625,1.1923
D,CO2EII,PUBLISHING,1,2016,46,10/11/2016 00:00,NEM,524348.5686,452523.9134,0.863
D,CO2EII,PUBLISHING,1,2016,46,10/11/2016 00:00,NSW1,155024.1217,125982.7942,0.8127
D,CO2EII,PUBLISHING,1,2016,46,10/11/2016 00:00,QLD1,170560.1805,147739.0308,0.8662
D,CO2EII,PUBLISHING,1,2016,46,10/11/2016 00:00,SA1,21149.59644,8622.940707,0.4077
D,CO2EII,PUBLISHING,1,2016,46,10/11/2016 00:00,TAS1,35479.28237,1.98000599,0.0001
D,CO2EII,PUBLISHING,1,2016,46,10/11/2016 00:00,VIC1,142135.3876,170177.1677,1.1973
D,CO2EII,PUBLISHING,1,2016,46,11/11/2016 00:00,NEM,516301.6994,441308.1072,0.8547
D,CO2EII,PUBLISHING,1,2016,46,11/11/2016 00:00,NSW1,156366.3813,128785.6006,0.8236
D,CO2EII,PUBLISHING,1,2016,46,11/11/2016 00:00,QLD1,163381.0221,142049.4686,0.8694
D,CO2EII,PUBLISHING,1,2016,46,11/11/2016 00:00,SA1,28683.09401,4577.067036,0.1596
D,CO2EII,PUBLISHING,1,2016,46,11/11/2016 00:00,TAS1,33271.43182,26.09607112,0.0008
D,CO2EII,PUBLISHING,1,2016,46,11/11/2016 00:00,VIC1,134599.7701,165869.8749,1.2323
D,CO2EII,PUBLISHING,1,2016,46,12/11/2016 00:00,NEM,487955.0778,395525.9822,0.8106
D,CO2EII,PUBLISHING,1,2016,46,12/11/2016 00:00,NSW1,151387.1532,123511.0949,0.8159
D,CO2EII,PUBLISHING,1,2016,46,12/11/2016 00:00,QLD1,159659.7941,139866.0984,0.876
D,CO2EII,PUBLISHING,1,2016,46,12/11/2016 00:00,SA1,27822.62637,1609.52196,0.0578
D,CO2EII,PUBLISHING,1,2016,46,12/11/2016 00:00,TAS1,34064.24226,2.0105644,0.0001
D,CO2EII,PUBLISHING,1,2016,46,12/11/2016 00:00,VIC1,115021.262,130537.2563,1.1349
D,CO2EII,PUBLISHING,1,2016,47,13/11/2016 00:00,NEM,472946.5738,381674.6128,0.807
D,CO2EII,PUBLISHING,1,2016,47,13/11/2016 00:00,NSW1,141461.501,114065.512,0.8063
D,CO2EII,PUBLISHING,1,2016,47,13/11/2016 00:00,QLD1,156268.8418,137292.5747,0.8786
D,CO2EII,PUBLISHING,1,2016,47,13/11/2016 00:00,SA1,28872.42097,1534.554178,0.0531
D,CO2EII,PUBLISHING,1,2016,47,13/11/2016 00:00,TAS1,28172.24915,2.01323687,0.0001
D,CO2EII,PUBLISHING,1,2016,47,13/11/2016 00:00,VIC1,118171.5609,128779.9587,1.0898
D,CO2EII,PUBLISHING,1,2016,47,14/11/2016 00:00,NEM,502549.3867,427816.1368,0.8513
D,CO2EII,PUBLISHING,1,2016,47,14/11/2016 00:00,NSW1,147825.0215,120968.0701,0.8183
D,CO2EII,PUBLISHING,1,2016,47,14/11/2016 00:00,QLD1,158162.8064,138232.2575,0.874
D,CO2EII,PUBLISHING,1,2016,47,14/11/2016 00:00,SA1,22732.73274,7612.434201,0.3349
D,CO2EII,PUBLISHING,1,2016,47,14/11/2016 00:00,TAS1,30436.33817,2.00864713,0.0001
D,CO2EII,PUBLISHING,1,2016,47,14/11/2016 00:00,VIC1,143392.4879,161001.3664,1.1228
D,CO2EII,PUBLISHING,1,2016,47,15/11/2016 00:00,NEM,498247.0231,440387.0786,0.8839
D,CO2EII,PUBLISHING,1,2016,47,15/11/2016 00:00,NSW1,148083.3242,123735.6213,0.8356
D,CO2EII,PUBLISHING,1,2016,47,15/11/2016 00:00,QLD1,153359.1744,134471.1859,0.8768
D,CO2EII,PUBLISHING,1,2016,47,15/11/2016 00:00,SA1,20122.45161,10767.94535,0.5351
D,CO2EII,PUBLISHING,1,2016,47,15/11/2016 00:00,TAS1,33049.46433,2.01062212,0.0001
D,CO2EII,PUBLISHING,1,2016,47,15/11/2016 00:00,VIC1,143632.6086,171410.3154,1.1934
D,CO2EII,PUBLISHING,1,2016,47,16/11/2016 00:00,NEM,498883.0489,448887.9672,0.8998
D,CO2EII,PUBLISHING,1,2016,47,16/11/2016 00:00,NSW1,149424.3116,126678.531,0.8478
D,CO2EII,PUBLISHING,1,2016,47,16/11/2016 00:00,QLD1,155647.7475,136969.8509,0.88
D,CO2EII,PUBLISHING,1,2016,47,16/11/2016 00:00,SA1,22483.72107,10425.60403,0.4637
D,CO2EII,PUBLISHING,1,2016,47,16/11/2016 00:00,TAS1,29122.22382,2.01282987,0.0001
D,CO2EII,PUBLISHING,1,2016,47,16/11/2016 00:00,VIC1,142205.0449,174811.9685,1.2293
D,CO2EII,PUBLISHING,1,2016,47,17/11/2016 00:00,NEM,510657.2095,445005.4914,0.8714
D,CO2EII,PUBLISHING,1,2016,47,17/11/2016 00:00,NSW1,149787.9711,124751.8045,0.8329
D,CO2EII,PUBLISHING,1,2016,47,17/11/2016 00:00,QLD1,159575.8939,140662.7914,0.8815
D,CO2EII,PUBLISHING,1,2016,47,17/11/2016 00:00,SA1,28443.14198,7512.467493,0.2641
D,CO2EII,PUBLISHING,1,2016,47,17/11/2016 00:00,TAS1,25255.78922,2.01590905,0.0001
D,CO2EII,PUBLISHING,1,2016,47,17/11/2016 00:00,VIC1,147594.4134,172076.4121,1.1659
D,CO2EII,PUBLISHING,1,2016,47,18/11/2016 00:00,NEM,518933.1002,452697.2253,0.8724
D,CO2EII,PUBLISHING,1,2016,47,18/11/2016 00:00,NSW1,161134.1927,125508.4404,0.7789
D,CO2EII,PUBLISHING,1,2016,47,18/11/2016 00:00,QLD1,164119.6007,143445.3322,0.874
D,CO2EII,PUBLISHING,1,2016,47,18/11/2016 00:00,SA1,21055.22159,8434.691748,0.4006
D,CO2EII,PUBLISHING,1,2016,47,18/11/2016 00:00,TAS1,32108.4333,9.62763969,0.0003
D,CO2EII,PUBLISHING,1,2016,47,18/11/2016 00:00,VIC1,140515.6519,175299.1333,1.2475
D,CO2EII,PUBLISHING,1,2016,47,19/11/2016 00:00,NEM,463631.8082,424049.8427,0.9146
D,CO2EII,PUBLISHING,1,2016,47,19/11/2016 00:00,NSW1,142303.7779,120751.0965,0.8485
D,CO2EII,PUBLISHING,1,2016,47,19/11/2016 00:00,QLD1,147165.5988,130998.7943,0.8901
D,CO2EII,PUBLISHING,1,2016,47,19/11/2016 00:00,SA1,17984.28611,4475.584201,0.2489
D,CO2EII,PUBLISHING,1,2016,47,19/11/2016 00:00,TAS1,29390.18663,2.0152118,0.0001
D,CO2EII,PUBLISHING,1,2016,47,19/11/2016 00:00,VIC1,126787.9587,167822.3525,1.3236
D,CO2EII,PUBLISHING,1,2016,48,20/11/2016 00:00,NEM,468978.0077,434358.9591,0.9262
D,CO2EII,PUBLISHING,1,2016,48,20/11/2016 00:00,NSW1,144274.0466,124854.6016,0.8654
D,CO2EII,PUBLISHING,1,2016,48,20/11/2016 00:00,QLD1,146495.9877,130206.2937,0.8888
D,CO2EII,PUBLISHING,1,2016,48,20/11/2016 00:00,SA1,20028.98784,8531.730063,0.426
D,CO2EII,PUBLISHING,1,2016,48,20/11/2016 00:00,TAS1,24251.10112,2.01515368,0.0001
D,CO2EII,PUBLISHING,1,2016,48,20/11/2016 00:00,VIC1,133927.8844,170764.3187,1.275
D,CO2EII,PUBLISHING,1,2016,48,21/11/2016 00:00,NEM,543440.9238,463402.2012,0.8527
D,CO2EII,PUBLISHING,1,2016,48,21/11/2016 00:00,NSW1,180134.8622,150286.5248,0.8343
D,CO2EII,PUBLISHING,1,2016,48,21/11/2016 00:00,QLD1,156123.0747,137759.3518,0.8824
D,CO2EII,PUBLISHING,1,2016,48,21/11/2016 00:00,SA1,28596.26641,7633.430374,0.2669
D,CO2EII,PUBLISHING,1,2016,48,21/11/2016 00:00,TAS1,23996.06734,1.94497442,0.0001
D,CO2EII,PUBLISHING,1,2016,48,21/11/2016 00:00,VIC1,154590.6531,167720.9492,1.0849
D,CO2EII,PUBLISHING,1,2016,48,22/11/2016 00:00,NEM,528981.4121,481287.4239,0.9098
D,CO2EII,PUBLISHING,1,2016,48,22/11/2016 00:00,NSW1,182247.0931,157152.4549,0.8623
D,CO2EII,PUBLISHING,1,2016,48,22/11/2016 00:00,QLD1,155558.092,138196.3493,0.8884
D,CO2EII,PUBLISHING,1,2016,48,22/11/2016 00:00,SA1,23606.28745,9938.922363,0.421
D,CO2EII,PUBLISHING,1,2016,48,22/11/2016 00:00,TAS1,23868.8062,26.62620641,0.0011
D,CO2EII,PUBLISHING,1,2016,48,22/11/2016 00:00,VIC1,143701.1334,175973.0712,1.2246
D,CO2EII,PUBLISHING,1,2016,48,23/11/2016 00:00,NEM,516246.6117,454492.6552,0.8804
D,CO2EII,PUBLISHING,1,2016,48,23/11/2016 00:00,NSW1,173579.9365,148619.8875,0.8562
D,CO2EII,PUBLISHING,1,2016,48,23/11/2016 00:00,QLD1,152273.1225,136555.0232,0.8968
D,CO2EII,PUBLISHING,1,2016,48,23/11/2016 00:00,SA1,25331.33927,8769.340895,0.3462
D,CO2EII,PUBLISHING,1,2016,48,23/11/2016 00:00,TAS1,22197.79514,34.35761329,0.0015
D,CO2EII,PUBLISHING,1,2016,48,23/11/2016 00:00,VIC1,142864.4183,160514.046,1.1235
D,CO2EII,PUBLISHING,1,2016,48,24/11/2016 00:00,NEM,505787.9441,458532.5824,0.9066
D,CO2EII,PUBLISHING,1,2016,48,24/11/2016 00:00,NSW1,154890.1369,132632.07,0.8563
D,CO2EII,PUBLISHING,1,2016,48,24/11/2016 00:00,QLD1,160068.2046,143378.8401,0.8957
D,CO2EII,PUBLISHING,1,2016,48,24/11/2016 00:00,SA1,23118.22075,9832.514339,0.4253
D,CO2EII,PUBLISHING,1,2016,48,24/11/2016 00:00,TAS1,23897.0115,1.85695995,0.0001
D,CO2EII,PUBLISHING,1,2016,48,24/11/2016 00:00,VIC1,143814.3704,172687.301,1.2008
D,CO2EII,PUBLISHING,1,2016,48,25/11/2016 00:00,NEM,500518.1595,442235.253,0.8836
D,CO2EII,PUBLISHING,1,2016,48,25/11/2016 00:00,NSW1,151713.7631,127557.885,0.8408
D,CO2EII,PUBLISHING,1,2016,48,25/11/2016 00:00,QLD1,155043.293,139272.6613,0.8983
D,CO2EII,PUBLISHING,1,2016,48,25/11/2016 00:00,SA1,25147.65616,8667.240623,0.3447
D,CO2EII,PUBLISHING,1,2016,48,25/11/2016 00:00,TAS1,27381.86529,2.01550245,0.0001
D,CO2EII,PUBLISHING,1,2016,48,25/11/2016 00:00,VIC1,141231.582,166735.4506,1.1806
D,CO2EII,PUBLISHING,1,2016,48,26/11/2016 00:00,NEM,465144.956,428807.0636,0.9219
D,CO2EII,PUBLISHING,1,2016,48,26/11/2016 00:00,NSW1,137578.3016,123724.0745,0.8993
D,CO2EII,PUBLISHING,1,2016,48,26/11/2016 00:00,QLD1,154980.5931,138831.5866,0.8958
D,CO2EII,PUBLISHING,1,2016,48,26/11/2016 00:00,SA1,19508.44404,5787.917577,0.2967
D,CO2EII,PUBLISHING,1,2016,48,26/11/2016 00:00,TAS1,24914.02364,2.01416613,0.0001
D,CO2EII,PUBLISHING,1,2016,48,26/11/2016 00:00,VIC1,128163.5936,160461.4707,1.252
D,CO2EII,PUBLISHING,1,2016,49,27/11/2016 00:00,NEM,454941.3559,423955.5779,0.9319
D,CO2EII,PUBLISHING,1,2016,49,27/11/2016 00:00,NSW1,135898.9285,121909.7006,0.8971
D,CO2EII,PUBLISHING,1,2016,49,27/11/2016 00:00,QLD1,155578.3317,139838.6597,0.8988
D,CO2EII,PUBLISHING,1,2016,49,27/11/2016 00:00,SA1,14064.93021,5034.021075,0.3579
D,CO2EII,PUBLISHING,1,2016,49,27/11/2016 00:00,TAS1,26177.63968,2.01463091,0.0001
D,CO2EII,PUBLISHING,1,2016,49,27/11/2016 00:00,VIC1,123221.5258,157171.1819,1.2755
D,CO2EII,PUBLISHING,1,2016,49,28/11/2016 00:00,NEM,519183.7861,461630.9417,0.8891
D,CO2EII,PUBLISHING,1,2016,49,28/11/2016 00:00,NSW1,163098.1018,141452.5971,0.8673
D,CO2EII,PUBLISHING,1,2016,49,28/11/2016 00:00,QLD1,170404.107,151387.1845,0.8884
D,CO2EII,PUBLISHING,1,2016,49,28/11/2016 00:00,SA1,21314.44446,7889.971549,0.3702
D,CO2EII,PUBLISHING,1,2016,49,28/11/2016 00:00,TAS1,27928.41922,134.8374278,0.0048
D,CO2EII,PUBLISHING,1,2016,49,28/11/2016 00:00,VIC1,136438.7136,160766.3512,1.1783
D,CO2EII,PUBLISHING,1,2016,49,29/11/2016 00:00,NEM,517587.2496,465898.0195,0.9001
D,CO2EII,PUBLISHING,1,2016,49,29/11/2016 00:00,NSW1,173019.5572,151688.2505,0.8767
D,CO2EII,PUBLISHING,1,2016,49,29/11/2016 00:00,QLD1,166990.8897,148923.3101,0.8918
D,CO2EII,PUBLISHING,1,2016,49,29/11/2016 00:00,SA1,20592.92656,9636.915519,0.468
D,CO2EII,PUBLISHING,1,2016,49,29/11/2016 00:00,TAS1,28232.02508,4.28806842,0.0002
D,CO2EII,PUBLISHING,1,2016,49,29/11/2016 00:00,VIC1,128751.851,155645.2553,1.2089
D,CO2EII,PUBLISHING,1,2016,49,30/11/2016 00:00,NEM,517744.3169,467177.9082,0.9023
D,CO2EII,PUBLISHING,1,2016,49,30/11/2016 00:00,NSW1,167884.6937,147992.2267,0.8815
D,CO2EII,PUBLISHING,1,2016,49,30/11/2016 00:00,QLD1,166264.9778,147171.6684,0.8852
D,CO2EII,PUBLISHING,1,2016,49,30/11/2016 00:00,SA1,22979.51919,11076.54405,0.482
D,CO2EII,PUBLISHING,1,2016,49,30/11/2016 00:00,TAS1,22630.81572,575.4152765,0.0254
D,CO2EII,PUBLISHING,1,2016,49,30/11/2016 00:00,VIC1,137984.3105,160362.0538,1.1622
D,CO2EII,PUBLISHING,1,2016,49,01/12/2016 00:00,NEM,515812.961,469782.7242,0.9108
D,CO2EII,PUBLISHING,1,2016,49,01/12/2016 00:00,NSW1,169927.4693,148286.0096,0.8726
D,CO2EII,PUBLISHING,1,2016,49,01/12/2016 00:00,QLD1,164854.8784,145969.8865,0.8854
D,CO2EII,PUBLISHING,1,2016,49,01/12/2016 00:00,SA1,23957.80794,14288.00156,0.5964
D,CO2EII,PUBLISHING,1,2016,49,01/12/2016 00:00,TAS1,22364.98034,543.81797,0.0243
D,CO2EII,PUBLISHING,1,2016,49,01/12/2016 00:00,VIC1,134707.825,160695.0086,1.1929
D,CO2EII,PUBLISHING,1,2016,49,02/12/2016 00:00,NEM,530976.6385,479746.8427,0.9035
D,CO2EII,PUBLISHING,1,2016,49,02/12/2016 00:00,NSW1,187260.9242,155877.2677,0.8324
D,CO2EII,PUBLISHING,1,2016,49,02/12/2016 00:00,QLD1,168795.8621,149362.6409,0.8849
D,CO2EII,PUBLISHING,1,2016,49,02/12/2016 00:00,SA1,18064.00833,7290.233325,0.4036
D,CO2EII,PUBLISHING,1,2016,49,02/12/2016 00:00,TAS1,21097.08755,267.3820096,0.0127
D,CO2EII,PUBLISHING,1,2016,49,02/12/2016 00:00,VIC1,135758.7563,166949.3188,1.2297
D,CO2EII,PUBLISHING,1,2016,49,03/12/2016 00:00,NEM,482518.9132,460873.7109,0.9551
D,CO2EII,PUBLISHING,1,2016,49,03/12/2016 00:00,NSW1,164695.576,145201.0329,0.8816
D,CO2EII,PUBLISHING,1,2016,49,03/12/2016 00:00,QLD1,158495.3478,141379.9791,0.892
D,CO2EII,PUBLISHING,1,2016,49,03/12/2016 00:00,SA1,17132.27016,5606.267452,0.3272
D,CO2EII,PUBLISHING,1,2016,49,03/12/2016 00:00,TAS1,16076.00405,2.01227818,0.0001
D,CO2EII,PUBLISHING,1,2016,49,03/12/2016 00:00,VIC1,126119.7152,168684.4192,1.3375
D,CO2EII,PUBLISHING,1,2016,50,04/12/2016 00:00,NEM,481421.8107,437944.3071,0.9097
D,CO2EII,PUBLISHING,1,2016,50,04/12/2016 00:00,NSW1,156997.0649,140016.4011,0.8918
D,CO2EII,PUBLISHING,1,2016,50,04/12/2016 00:00,QLD1,154500.1601,138952.0764,0.8994
D,CO2EII,PUBLISHING,1,2016,50,04/12/2016 00:00,SA1,21673.11724,4451.783072,0.2054
D,CO2EII,PUBLISHING,1,2016,50,04/12/2016 00:00,TAS1,18436.3904,2.00936857,0.0001
D,CO2EII,PUBLISHING,1,2016,50,04/12/2016 00:00,VIC1,129815.0781,154522.0372,1.1903
D,CO2EII,PUBLISHING,1,2016,50,05/12/2016 00:00,NEM,544351.1769,486728.2526,0.8941
D,CO2EII,PUBLISHING,1,2016,50,05/12/2016 00:00,NSW1,198431.0432,162668.8898,0.8198
D,CO2EII,PUBLISHING,1,2016,50,05/12/2016 00:00,QLD1,172475.3307,151444.4745,0.8781
D,CO2EII,PUBLISHING,1,2016,50,05/12/2016 00:00,SA1,19037.2055,8351.056621,0.4387
D,CO2EII,PUBLISHING,1,2016,50,05/12/2016 00:00,TAS1,22301.87091,447.4815589,0.0201
D,CO2EII,PUBLISHING,1,2016,50,05/12/2016 00:00,VIC1,132105.7266,163816.3502,1.24
D,CO2EII,PUBLISHING,1,2016,50,06/12/2016 00:00,NEM,530180.4598,488940.7604,0.9222
D,CO2EII,PUBLISHING,1,2016,50,06/12/2016 00:00,NSW1,183178.8583,161004.9606,0.8789
D,CO2EII,PUBLISHING,1,2016,50,06/12/2016 00:00,QLD1,172359.8208,150265.7256,0.8718
D,CO2EII,PUBLISHING,1,2016,50,06/12/2016 00:00,SA1,13981.96313,8302.490555,0.5938
D,CO2EII,PUBLISHING,1,2016,50,06/12/2016 00:00,TAS1,21123.66601,317.9391309,0.0151
D,CO2EII,PUBLISHING,1,2016,50,06/12/2016 00:00,VIC1,139536.1515,169049.6446,1.2115
D,CO2EII,PUBLISHING,1,2016,50,07/12/2016 00:00,NEM,520242.8479,468856.9373,0.9012
D,CO2EII,PUBLISHING,1,2016,50,07/12/2016 00:00,NSW1,175838.9443,158474.6281,0.9012
D,CO2EII,PUBLISHING,1,2016,50,07/12/2016 00:00,QLD1,166746.7797,147291.0333,0.8833
D,CO2EII,PUBLISHING,1,2016,50,07/12/2016 00:00,SA1,21173.18877,5411.210154,0.2556
D,CO2EII,PUBLISHING,1,2016,50,07/12/2016 00:00,TAS1,21463.61192,2.01351283,0.0001
D,CO2EII,PUBLISHING,1,2016,50,07/12/2016 00:00,VIC1,135020.3232,157678.0522,1.1678
D,CO2EII,PUBLISHING,1,2016,50,08/12/2016 00:00,NEM,532068.7613,443094.7714,0.8328
D,CO2EII,PUBLISHING,1,2016,50,08/12/2016 00:00,NSW1,177729.0005,148916.3346,0.8379
D,CO2EII,PUBLISHING,1,2016,50,08/12/2016 00:00,QLD1,167799.9622,148864.8891,0.8872
D,CO2EII,PUBLISHING,1,2016,50,08/12/2016 00:00,SA1,32222.21087,2172.392388,0.0674
D,CO2EII,PUBLISHING,1,2016,50,08/12/2016 00:00,TAS1,19656.339,1.95480086,0.0001
D,CO2EII,PUBLISHING,1,2016,50,08/12/2016 00:00,VIC1,134661.2487,143139.2006,1.063
D,CO2EII,PUBLISHING,1,2016,50,09/12/2016 00:00,NEM,499223.9616,446810.0512,0.895
D,CO2EII,PUBLISHING,1,2016,50,09/12/2016 00:00,NSW1,156885.0393,134951.0297,0.8602
D,CO2EII,PUBLISHING,1,2016,50,09/12/2016 00:00,QLD1,158964.5226,142485.4816,0.8963
D,CO2EII,PUBLISHING,1,2016,50,09/12/2016 00:00,SA1,15956.90565,4611.690351,0.289
D,CO2EII,PUBLISHING,1,2016,50,09/12/2016 00:00,TAS1,21197.09255,1.9750108,0.0001
D,CO2EII,PUBLISHING,1,2016,50,09/12/2016 00:00,VIC1,146220.4015,164759.8745,1.1268
D,CO2EII,PUBLISHING,1,2016,50,10/12/2016 00:00,NEM,451956.704,439356.5145,0.9721
D,CO2EII,PUBLISHING,1,2016,50,10/12/2016 00:00,NSW1,140328.7374,127510.1502,0.9087
D,CO2EII,PUBLISHING,1,2016,50,10/12/2016 00:00,QLD1,148052.1252,136078.8797,0.9191
D,CO2EII,PUBLISHING,1,2016,50,10/12/2016 00:00,SA1,14421.22679,4644.471568,0.3221
D,CO2EII,PUBLISHING,1,2016,50,10/12/2016 00:00,TAS1,18365.32523,2.0130556,0.0001
D,CO2EII,PUBLISHING,1,2016,50,10/12/2016 00:00,VIC1,130789.2895,171121,1.3084
D,CO2EII,PUBLISHING,1,2016,51,11/12/2016 00:00,NEM,443576.7285,431651.7074,0.9731
D,CO2EII,PUBLISHING,1,2016,51,11/12/2016 00:00,NSW1,144274.7095,130644.482,0.9055
D,CO2EII,PUBLISHING,1,2016,51,11/12/2016 00:00,QLD1,141060.3346,130401.5777,0.9244
D,CO2EII,PUBLISHING,1,2016,51,11/12/2016 00:00,SA1,15771.21109,4933.658361,0.3128
D,CO2EII,PUBLISHING,1,2016,51,11/12/2016 00:00,TAS1,16407.30224,1.861898,0.0001
D,CO2EII,PUBLISHING,1,2016,51,11/12/2016 00:00,VIC1,126063.1711,165670.1275,1.3142
D,CO2EII,PUBLISHING,1,2016,51,12/12/2016 00:00,NEM,524481.8342,484664.3934,0.9241
D,CO2EII,PUBLISHING,1,2016,51,12/12/2016 00:00,NSW1,175077.5194,157368.2381,0.8988
D,CO2EII,PUBLISHING,1,2016,51,12/12/2016 00:00,QLD1,153427.4791,138510.2564,0.9028
D,CO2EII,PUBLISHING,1,2016,51,12/12/2016 00:00,SA1,24087.03737,10069.68346,0.4181
D,CO2EII,PUBLISHING,1,2016,51,12/12/2016 00:00,TAS1,19156.25211,2.0369975,0.0001
D,CO2EII,PUBLISHING,1,2016,51,12/12/2016 00:00,VIC1,152733.5462,178714.1784,1.1701
D,CO2EII,PUBLISHING,1,2016,51,13/12/2016 00:00,NEM,564498.1895,488782.8598,0.8659
D,CO2EII,PUBLISHING,1,2016,51,13/12/2016 00:00,NSW1,197859.2444,165923.6245,0.8386
D,CO2EII,PUBLISHING,1,2016,51,13/12/2016 00:00,QLD1,153518.0814,137605.2208,0.8963
D,CO2EII,PUBLISHING,1,2016,51,13/12/2016 00:00,SA1,33160.57079,7948.226131,0.2397
D,CO2EII,PUBLISHING,1,2016,51,13/12/2016 00:00,TAS1,19910.42089,2.03409291,0.0001
D,CO2EII,PUBLISHING,1,2016,51,13/12/2016 00:00,VIC1,160049.8721,177303.7543,1.1078
D,CO2EII,PUBLISHING,1,2016,51,14/12/2016 00:00,NEM,541459.8168,484698.113,0.8952
D,CO2EII,PUBLISHING,1,2016,51,14/12/2016 00:00,NSW1,197897.2324,162462.1565,0.8209
D,CO2EII,PUBLISHING,1,2016,51,14/12/2016 00:00,QLD1,155849.0676,138791.631,0.8906
D,CO2EII,PUBLISHING,1,2016,51,14/12/2016 00:00,SA1,24130.44951,8450.891347,0.3502
D,CO2EII,PUBLISHING,1,2016,51,14/12/2016 00:00,TAS1,21585.0943,2.01672242,0.0001
D,CO2EII,PUBLISHING,1,2016,51,14/12/2016 00:00,VIC1,141997.9731,174991.4174,1.2324
D,CO2EII,PUBLISHING,1,2016,51,15/12/2016 00:00,NEM,504979.6788,448507.1079,0.8882
D,CO2EII,PUBLISHING,1,2016,51,15/12/2016 00:00,NSW1,162081.3265,135876.7513,0.8383
D,CO2EII,PUBLISHING,1,2016,51,15/12/2016 00:00,QLD1,157992.4351,138113.0351,0.8742
D,CO2EII,PUBLISHING,1,2016,51,15/12/2016 00:00,SA1,25968.01074,6829.886835,0.263
D,CO2EII,PUBLISHING,1,2016,51,15/12/2016 00:00,TAS1,16702.154,1.94021055,0.0001
D,CO2EII,PUBLISHING,1,2016,51,15/12/2016 00:00,VIC1,142235.7524,167685.4945,1.1789
D,CO2EII,PUBLISHING,1,2016,51,16/12/2016 00:00,NEM,508323.9146,454049.3727,0.8932
D,CO2EII,PUBLISHING,1,2016,51,16/12/2016 00:00,NSW1,169916.3122,147298.0322,0.8669
D,CO2EII,PUBLISHING,1,2016,51,16/12/2016 00:00,QLD1,157557.1512,139578.541,0.8859
D,CO2EII,PUBLISHING,1,2016,51,16/12/2016 00:00,SA1,18654.60863,6942.118152,0.3721
D,CO2EII,PUBLISHING,1,2016,51,16/12/2016 00:00,TAS1,23581.5687,2.02688905,0.0001
D,CO2EII,PUBLISHING,1,2016,51,16/12/2016 00:00,VIC1,138614.2738,160228.6545,1.1559
D,CO2EII,PUBLISHING,1,2016,51,17/12/2016 00:00,NEM,477841.7509,418606.8313,0.876
D,CO2EII,PUBLISHING,1,2016,51,17/12/2016 00:00,NSW1,168513.7413,142942.9018,0.8483
D,CO2EII,PUBLISHING,1,2016,51,17/12/2016 00:00,QLD1,147961.6162,132797.9526,0.8975
D,CO2EII,PUBLISHING,1,2016,51,17/12/2016 00:00,SA1,22500.27123,3316.000884,0.1474
D,CO2EII,PUBLISHING,1,2016,51,17/12/2016 00:00,TAS1,18434.08358,1.6989408,0.0001
D,CO2EII,PUBLISHING,1,2016,51,17/12/2016 00:00,VIC1,120432.0386,139548.2771,1.1587
D,CO2EII,PUBLISHING,1,2016,52,18/12/2016 00:00,NEM,446780.0544,415043.5893,0.929
D,CO2EII,PUBLISHING,1,2016,52,18/12/2016 00:00,NSW1,148214.5297,128331.8618,0.8659
D,CO2EII,PUBLISHING,1,2016,52,18/12/2016 00:00,QLD1,142379.6484,128378.5467,0.9017
D,CO2EII,PUBLISHING,1,2016,52,18/12/2016 00:00,SA1,17870.71943,4101.915831,0.2295
D,CO2EII,PUBLISHING,1,2016,52,18/12/2016 00:00,TAS1,17704.15165,2.02985222,0.0001
D,CO2EII,PUBLISHING,1,2016,52,18/12/2016 00:00,VIC1,120611.0052,154229.235,1.2787
D,CO2EII,PUBLISHING,1,2016,52,19/12/2016 00:00,NEM,500810.6675,441657.1179,0.8819
D,CO2EII,PUBLISHING,1,2016,52,19/12/2016 00:00,NSW1,163826.5479,142772.8025,0.8715
D,CO2EII,PUBLISHING,1,2016,52,19/12/2016 00:00,QLD1,149620.5604,134817.697,0.9011
D,CO2EII,PUBLISHING,1,2016,52,19/12/2016 00:00,SA1,28505.77985,5477.696783,0.1922
D,CO2EII,PUBLISHING,1,2016,52,19/12/2016 00:00,TAS1,18800.04391,1.99720241,0.0001
D,CO2EII,PUBLISHING,1,2016,52,19/12/2016 00:00,VIC1,140057.7355,158586.9244,1.1323
D,CO2EII,PUBLISHING,1,2016,52,20/12/2016 00:00,NEM,511668.2784,460582.1845,0.9002
D,CO2EII,PUBLISHING,1,2016,52,20/12/2016 00:00,NSW1,174701.8621,145114.7529,0.8306
D,CO2EII,PUBLISHING,1,2016,52,20/12/2016 00:00,QLD1,155798.0731,140465.1371,0.9016
D,CO2EII,PUBLISHING,1,2016,52,20/12/2016 00:00,SA1,19045.58278,6067.478201,0.3186
D,CO2EII,PUBLISHING,1,2016,52,20/12/2016 00:00,TAS1,20525.35263,28.33186215,0.0014
D,CO2EII,PUBLISHING,1,2016,52,20/12/2016 00:00,VIC1,141597.4077,168906.4845,1.1929
D,CO2EII,PUBLISHING,1,2016,52,21/12/2016 00:00,NEM,511364.5984,457106.8451,0.8939
D,CO2EII,PUBLISHING,1,2016,52,21/12/2016 00:00,NSW1,169643.9398,144884.8479,0.8541
D,CO2EII,PUBLISHING,1,2016,52,21/12/2016 00:00,QLD1,165086.6042,146758.9325,0.889
D,CO2EII,PUBLISHING,1,2016,52,21/12/2016 00:00,SA1,17102.94144,6262.276909,0.3662
D,CO2EII,PUBLISHING,1,2016,52,21/12/2016 00:00,TAS1,24685.62765,1.84051924,0.0001
D,CO2EII,PUBLISHING,1,2016,52,21/12/2016 00:00,VIC1,134845.4853,159198.9472,1.1806
D,CO2EII,PUBLISHING,1,2016,52,22/12/2016 00:00,NEM,499168.2574,458634.1855,0.9188
D,CO2EII,PUBLISHING,1,2016,52,22/12/2016 00:00,NSW1,162206.5444,138190.4775,0.8519
D,CO2EII,PUBLISHING,1,2016,52,22/12/2016 00:00,QLD1,157279.0513,142794.8638,0.9079
D,CO2EII,PUBLISHING,1,2016,52,22/12/2016 00:00,SA1,22602.1416,7676.868392,0.3397
D,CO2EII,PUBLISHING,1,2016,52,22/12/2016 00:00,TAS1,21909.74578,2.02468153,0.0001
D,CO2EII,PUBLISHING,1,2016,52,22/12/2016 00:00,VIC1,135170.7743,169969.9511,1.2574
D,CO2EII,PUBLISHING,1,2016,52,23/12/2016 00:00,NEM,503239.5023,447942.3074,0.8901
D,CO2EII,PUBLISHING,1,2016,52,23/12/2016 00:00,NSW1,149794.0607,126544.7936,0.8448
D,CO2EII,PUBLISHING,1,2016,52,23/12/2016 00:00,QLD1,159623.0347,144571.8724,0.9057
D,CO2EII,PUBLISHING,1,2016,52,23/12/2016 00:00,SA1,29394.16335,8456.742159,0.2877
D,CO2EII,PUBLISHING,1,2016,52,23/12/2016 00:00,TAS1,25869.09279,1.99371635,0.0001
D,CO2EII,PUBLISHING,1,2016,52,23/12/2016 00:00,VIC1,138559.1507,168366.9056,1.2151
D,CO2EII,PUBLISHING,1,2016,52,24/12/2016 00:00,NEM,487192.2866,454322.1862,0.9325
D,CO2EII,PUBLISHING,1,2016,52,24/12/2016 00:00,NSW1,149412.6178,131448.9809,0.8798
D,CO2EII,PUBLISHING,1,2016,52,24/12/2016 00:00,QLD1,151846.0691,137392.0023,0.9048
D,CO2EII,PUBLISHING,1,2016,52,24/12/2016 00:00,SA1,23873.40158,11017.04952,0.4615
D,CO2EII,PUBLISHING,1,2016,52,24/12/2016 00:00,TAS1,25598.79585,2.02677293,0.0001
D,CO2EII,PUBLISHING,1,2016,52,24/12/2016 00:00,VIC1,136461.4022,174462.1267,1.2785
D,CO2EII,PUBLISHING,1,2016,53,25/12/2016 00:00,NEM,460306.913,426091.1663,0.9257
D,CO2EII,PUBLISHING,1,2016,53,25/12/2016 00:00,NSW1,123738.7374,108627.9906,0.8779
D,CO2EII,PUBLISHING,1,2016,53,25/12/2016 00:00,QLD1,146975.9498,132586.9172,0.9021
D,CO2EII,PUBLISHING,1,2016,53,25/12/2016 00:00,SA1,24776.17366,11267.57465,0.4548
D,CO2EII,PUBLISHING,1,2016,53,25/12/2016 00:00,TAS1,26127.69635,2.02444894,0.0001
D,CO2EII,PUBLISHING,1,2016,53,25/12/2016 00:00,VIC1,138688.3558,173606.6594,1.2518
D,CO2EII,PUBLISHING,1,2016,53,26/12/2016 00:00,NEM,463544.846,430068.9711,0.9278
D,CO2EII,PUBLISHING,1,2016,53,26/12/2016 00:00,NSW1,137017.637,120179.0031,0.8771
D,CO2EII,PUBLISHING,1,2016,53,26/12/2016 00:00,QLD1,148959.8962,134845.1271,0.9052
D,CO2EII,PUBLISHING,1,2016,53,26/12/2016 00:00,SA1,25150.31543,5675.780773,0.2257
D,CO2EII,PUBLISHING,1,2016,53,26/12/2016 00:00,TAS1,22950.09899,2.02375204,0.0001
D,CO2EII,PUBLISHING,1,2016,53,26/12/2016 00:00,VIC1,129466.8984,169367.0364,1.3082
D,CO2EII,PUBLISHING,1,2016,53,27/12/2016 00:00,NEM,474790.0249,423661.0054,0.8923
D,CO2EII,PUBLISHING,1,2016,53,27/12/2016 00:00,NSW1,143537.4228,126056.6946,0.8782
D,CO2EII,PUBLISHING,1,2016,53,27/12/2016 00:00,QLD1,151859.7564,137643.3404,0.9064
D,CO2EII,PUBLISHING,1,2016,53,27/12/2016 00:00,SA1,28294.39572,4239.360724,0.1498
D,CO2EII,PUBLISHING,1,2016,53,27/12/2016 00:00,TAS1,25129.59718,2.0318851,0.0001
D,CO2EII,PUBLISHING,1,2016,53,27/12/2016 00:00,VIC1,125968.8527,155719.5777,1.2362
D,CO2EII,PUBLISHING,1,2016,53,28/12/2016 00:00,NEM,523371.3734,452447.9005,0.8645
D,CO2EII,PUBLISHING,1,2016,53,28/12/2016 00:00,NSW1,168781.0307,141408.2352,0.8378
D,CO2EII,PUBLISHING,1,2016,53,28/12/2016 00:00,QLD1,155079.076,139865.4289,0.9019
D,CO2EII,PUBLISHING,1,2016,53,28/12/2016 00:00,SA1,23418.06694,5634.903035,0.2406
D,CO2EII,PUBLISHING,1,2016,53,28/12/2016 00:00,TAS1,27722.61911,2.02717953,0.0001
D,CO2EII,PUBLISHING,1,2016,53,28/12/2016 00:00,VIC1,148370.5806,165537.3062,1.1157
D,CO2EII,PUBLISHING,1,2016,53,29/12/2016 00:00,NEM,548337.5187,479614.9546,0.8747
D,CO2EII,PUBLISHING,1,2016,53,29/12/2016 00:00,NSW1,194612.4962,159969.1282,0.822
D,CO2EII,PUBLISHING,1,2016,53,29/12/2016 00:00,QLD1,154611.9635,137916.767,0.892
D,CO2EII,PUBLISHING,1,2016,53,29/12/2016 00:00,SA1,20860.00739,6126.714296,0.2937
D,CO2EII,PUBLISHING,1,2016,53,29/12/2016 00:00,TAS1,30078.08072,159.9113876,0.0053
D,CO2EII,PUBLISHING,1,2016,53,29/12/2016 00:00,VIC1,148174.971,175442.4337,1.184
D,CO2EII,PUBLISHING,1,2016,53,30/12/2016 00:00,NEM,527038.6297,475697.7959,0.9026
D,CO2EII,PUBLISHING,1,2016,53,30/12/2016 00:00,NSW1,182379.5061,153342.5751,0.8408
D,CO2EII,PUBLISHING,1,2016,53,30/12/2016 00:00,QLD1,161366.2784,144286.9215,0.8942
D,CO2EII,PUBLISHING,1,2016,53,30/12/2016 00:00,SA1,18026.53095,4171.968625,0.2314
D,CO2EII,PUBLISHING,1,2016,53,30/12/2016 00:00,TAS1,21831.17896,1.94462577,0.0001
D,CO2EII,PUBLISHING,1,2016,53,30/12/2016 00:00,VIC1,143435.1353,173894.3861,1.2124
D,CO2EII,PUBLISHING,1,2016,53,31/12/2016 00:00,NEM,498907.4443,461560.8613,0.9251
D,CO2EII,PUBLISHING,1,2016,53,31/12/2016 00:00,NSW1,171002.981,142644.8309,0.8342
D,CO2EII,PUBLISHING,1,2016,53,31/12/2016 00:00,QLD1,167429.1758,148338.4168,0.886
D,CO2EII,PUBLISHING,1,2016,53,31/12/2016 00:00,SA1,12179.43331,5036.832853,0.4136
D,CO2EII,PUBLISHING,1,2016,53,31/12/2016 00:00,TAS1,22910.25728,2.03252452,0.0001
D,CO2EII,PUBLISHING,1,2016,53,31/12/2016 00:00,VIC1,125385.5969,165538.7482,1.3202
C,END OF REPORT,2229,,,,,,,,
