C,SETP.WORLD,CO2EII_RESULTS_SUMMARY,AEMO,PUBLIC,05/01/2016,10:59:34,267518457,,267518454,
I,CO2EII,PUBLISHING,1,CONTRACTYEAR,WEEKNO,SETTLEMENTDATE,REGIONID,TOTAL_SENT_OUT_ENERGY,TOTAL_EMISSIONS,CO2E_INTENSITY_INDEX
D,CO2EII,PUBLISHING,1,2015,1,28/12/2014 00:00,NEM,435996.1105,426437.944,0.9781
D,CO2EII,PUBLISHING,1,2015,1,28/12/2014 00:00,NSW1,111297.8844,100970.2381,0.9072
D,CO2EII,PUBLISHING,1,2015,1,28/12/2014 00:00,QLD1,152088.4254,133888.9458,0.8803
D,CO2EII,PUBLISHING,1,2015,1,28/12/2014 00:00,SA1,20198.80694,10277.99395,0.5088
D,CO2EII,PUBLISHING,1,2015,1,28/12/2014 00:00,TAS1,14055.73182,2.1154415,0.0002
D,CO2EII,PUBLISHING,1,2015,1,28/12/2014 00:00,VIC1,138355.262,181298.6508,1.3104
D,CO2EII,PUBLISHING,1,2015,1,29/12/2014 00:00,NEM,472198.9571,419880.3731,0.8892
D,CO2EII,PUBLISHING,1,2015,1,29/12/2014 00:00,NSW1,127592.454,111120.1332,0.8709
D,CO2EII,PUBLISHING,1,2015,1,29/12/2014 00:00,QLD1,158346.6242,139515.4742,0.8811
D,CO2EII,PUBLISHING,1,2015,1,29/12/2014 00:00,SA1,32940.77438,8309.227174,0.2522
D,CO2EII,PUBLISHING,1,2015,1,29/12/2014 00:00,TAS1,17766.99725,2.18055565,0.0001
D,CO2EII,PUBLISHING,1,2015,1,29/12/2014 00:00,VIC1,135552.1073,160933.358,1.1872
D,CO2EII,PUBLISHING,1,2015,1,30/12/2014 00:00,NEM,486631.91,440688.243,0.9056
D,CO2EII,PUBLISHING,1,2015,1,30/12/2014 00:00,NSW1,133436.0087,113407.253,0.8499
D,CO2EII,PUBLISHING,1,2015,1,30/12/2014 00:00,QLD1,168548.3261,147101.4091,0.8728
D,CO2EII,PUBLISHING,1,2015,1,30/12/2014 00:00,SA1,25910.29436,10534.3935,0.4066
D,CO2EII,PUBLISHING,1,2015,1,30/12/2014 00:00,TAS1,16985.03206,2.10761171,0.0001
D,CO2EII,PUBLISHING,1,2015,1,30/12/2014 00:00,VIC1,141752.2488,169643.0797,1.1968
D,CO2EII,PUBLISHING,1,2015,1,31/12/2014 00:00,NEM,478246.0844,460769.3417,0.9635
D,CO2EII,PUBLISHING,1,2015,1,31/12/2014 00:00,NSW1,131161.9012,113830.0384,0.8679
D,CO2EII,PUBLISHING,1,2015,1,31/12/2014 00:00,QLD1,172050.7367,150477.2695,0.8746
D,CO2EII,PUBLISHING,1,2015,1,31/12/2014 00:00,SA1,19791.09529,13353.23527,0.6747
D,CO2EII,PUBLISHING,1,2015,1,31/12/2014 00:00,TAS1,15352.83806,2.10152868,0.0001
D,CO2EII,PUBLISHING,1,2015,1,31/12/2014 00:00,VIC1,139889.5131,183106.697,1.3089
D,CO2EII,PUBLISHING,1,2015,1,01/01/2015 00:00,NEM,477475.8755,444620.3569,0.9312
D,CO2EII,PUBLISHING,1,2015,1,01/01/2015 00:00,NSW1,134533.3203,113619.7216,0.8445
D,CO2EII,PUBLISHING,1,2015,1,01/01/2015 00:00,QLD1,162723.1412,140410.4662,0.8629
D,CO2EII,PUBLISHING,1,2015,1,01/01/2015 00:00,SA1,28239.80165,17266.49091,0.6114
D,CO2EII,PUBLISHING,1,2015,1,01/01/2015 00:00,TAS1,18188.65593,2.10315491,0.0001
D,CO2EII,PUBLISHING,1,2015,1,01/01/2015 00:00,VIC1,133790.9565,173321.575,1.2955
D,CO2EII,PUBLISHING,1,2015,1,02/01/2015 00:00,NEM,533685.2756,472317.5742,0.885
D,CO2EII,PUBLISHING,1,2015,1,02/01/2015 00:00,NSW1,154725.0609,129320.5992,0.8358
D,CO2EII,PUBLISHING,1,2015,1,02/01/2015 00:00,QLD1,162704.7813,140675.6123,0.8646
D,CO2EII,PUBLISHING,1,2015,1,02/01/2015 00:00,SA1,45491.17358,26541.2873,0.5834
D,CO2EII,PUBLISHING,1,2015,1,02/01/2015 00:00,TAS1,24333.92773,2.05394602,0.0001
D,CO2EII,PUBLISHING,1,2015,1,02/01/2015 00:00,VIC1,146430.3321,175778.0215,1.2004
D,CO2EII,PUBLISHING,1,2015,1,03/01/2015 00:00,NEM,525521.7957,476553.958,0.9068
D,CO2EII,PUBLISHING,1,2015,1,03/01/2015 00:00,NSW1,158828.8676,137195.8882,0.8638
D,CO2EII,PUBLISHING,1,2015,1,03/01/2015 00:00,QLD1,148854.4355,131153.5678,0.8811
D,CO2EII,PUBLISHING,1,2015,1,03/01/2015 00:00,SA1,39887.6113,19469.48799,0.4881
D,CO2EII,PUBLISHING,1,2015,1,03/01/2015 00:00,TAS1,20048.36962,2.09699614,0.0001
D,CO2EII,PUBLISHING,1,2015,1,03/01/2015 00:00,VIC1,157902.5117,188732.917,1.1952
D,CO2EII,PUBLISHING,1,2015,2,04/01/2015 00:00,NEM,473576.6095,439177.2453,0.9274
D,CO2EII,PUBLISHING,1,2015,2,04/01/2015 00:00,NSW1,150938.5016,132882.1333,0.8804
D,CO2EII,PUBLISHING,1,2015,2,04/01/2015 00:00,QLD1,141574.1503,124777.3809,0.8814
D,CO2EII,PUBLISHING,1,2015,2,04/01/2015 00:00,SA1,34122.75524,14668.85087,0.4299
D,CO2EII,PUBLISHING,1,2015,2,04/01/2015 00:00,TAS1,14937.12595,2.06038858,0.0001
D,CO2EII,PUBLISHING,1,2015,2,04/01/2015 00:00,VIC1,132004.0765,166846.8198,1.264
D,CO2EII,PUBLISHING,1,2015,2,05/01/2015 00:00,NEM,506759.7498,475037.6377,0.9374
D,CO2EII,PUBLISHING,1,2015,2,05/01/2015 00:00,NSW1,160448.9333,143928.1195,0.897
D,CO2EII,PUBLISHING,1,2015,2,05/01/2015 00:00,QLD1,146674.6939,128732.3848,0.8777
D,CO2EII,PUBLISHING,1,2015,2,05/01/2015 00:00,SA1,38883.72806,20139.84611,0.518
D,CO2EII,PUBLISHING,1,2015,2,05/01/2015 00:00,TAS1,15196.69638,2.06170548,0.0001
D,CO2EII,PUBLISHING,1,2015,2,05/01/2015 00:00,VIC1,145555.6982,182235.2256,1.252
D,CO2EII,PUBLISHING,1,2015,2,06/01/2015 00:00,NEM,534491.7612,493476.5792,0.9233
D,CO2EII,PUBLISHING,1,2015,2,06/01/2015 00:00,NSW1,167687.8429,149639.131,0.8924
D,CO2EII,PUBLISHING,1,2015,2,06/01/2015 00:00,QLD1,153130.4937,131969.5474,0.8618
D,CO2EII,PUBLISHING,1,2015,2,06/01/2015 00:00,SA1,44055.5642,24998.18751,0.5674
D,CO2EII,PUBLISHING,1,2015,2,06/01/2015 00:00,TAS1,19609.32256,2.04871864,0.0001
D,CO2EII,PUBLISHING,1,2015,2,06/01/2015 00:00,VIC1,150008.5378,186867.6645,1.2457
D,CO2EII,PUBLISHING,1,2015,2,07/01/2015 00:00,NEM,561974.2909,505698.9601,0.8999
D,CO2EII,PUBLISHING,1,2015,2,07/01/2015 00:00,NSW1,181361.6905,160059.1219,0.8825
D,CO2EII,PUBLISHING,1,2015,2,07/01/2015 00:00,QLD1,147096.3874,126869.5069,0.8625
D,CO2EII,PUBLISHING,1,2015,2,07/01/2015 00:00,SA1,44083.18602,28601.14472,0.6488
D,CO2EII,PUBLISHING,1,2015,2,07/01/2015 00:00,TAS1,28997.09691,289.1493329,0.01
D,CO2EII,PUBLISHING,1,2015,2,07/01/2015 00:00,VIC1,160435.9301,189880.0372,1.1835
D,CO2EII,PUBLISHING,1,2015,2,08/01/2015 00:00,NEM,544926.3626,490760.9996,0.9006
D,CO2EII,PUBLISHING,1,2015,2,08/01/2015 00:00,NSW1,179639.32,161363.7399,0.8983
D,CO2EII,PUBLISHING,1,2015,2,08/01/2015 00:00,QLD1,149471.7866,128443.7999,0.8593
D,CO2EII,PUBLISHING,1,2015,2,08/01/2015 00:00,SA1,36138.80733,22847.93893,0.6322
D,CO2EII,PUBLISHING,1,2015,2,08/01/2015 00:00,TAS1,27671.64202,2.17413706,0.0001
D,CO2EII,PUBLISHING,1,2015,2,08/01/2015 00:00,VIC1,152004.8066,178103.3467,1.1717
D,CO2EII,PUBLISHING,1,2015,2,09/01/2015 00:00,NEM,527310.379,493155.2514,0.9352
D,CO2EII,PUBLISHING,1,2015,2,09/01/2015 00:00,NSW1,188405.9167,166142.7213,0.8818
D,CO2EII,PUBLISHING,1,2015,2,09/01/2015 00:00,QLD1,145677.0167,125943.3831,0.8645
D,CO2EII,PUBLISHING,1,2015,2,09/01/2015 00:00,SA1,28022.83891,15477.51929,0.5523
D,CO2EII,PUBLISHING,1,2015,2,09/01/2015 00:00,TAS1,17594.89298,2.06497521,0.0001
D,CO2EII,PUBLISHING,1,2015,2,09/01/2015 00:00,VIC1,147609.7137,185589.5627,1.2573
D,CO2EII,PUBLISHING,1,2015,2,10/01/2015 00:00,NEM,478709.9131,450129.2324,0.9403
D,CO2EII,PUBLISHING,1,2015,2,10/01/2015 00:00,NSW1,155884.8572,146974.5836,0.9428
D,CO2EII,PUBLISHING,1,2015,2,10/01/2015 00:00,QLD1,138453.6746,121428.7143,0.877
D,CO2EII,PUBLISHING,1,2015,2,10/01/2015 00:00,SA1,34452.42423,10581.53987,0.3071
D,CO2EII,PUBLISHING,1,2015,2,10/01/2015 00:00,TAS1,15408.07141,2.10702516,0.0001
D,CO2EII,PUBLISHING,1,2015,2,10/01/2015 00:00,VIC1,134510.8857,171142.2876,1.2723
D,CO2EII,PUBLISHING,1,2015,3,11/01/2015 00:00,NEM,459157.2757,423726.902,0.9228
D,CO2EII,PUBLISHING,1,2015,3,11/01/2015 00:00,NSW1,138307.3685,126107.5226,0.9118
D,CO2EII,PUBLISHING,1,2015,3,11/01/2015 00:00,QLD1,138179.4364,122958.6302,0.8898
D,CO2EII,PUBLISHING,1,2015,3,11/01/2015 00:00,SA1,35107.13924,10656.83902,0.3036
D,CO2EII,PUBLISHING,1,2015,3,11/01/2015 00:00,TAS1,14915.31211,2.07378858,0.0001
D,CO2EII,PUBLISHING,1,2015,3,11/01/2015 00:00,VIC1,132648.0194,164001.8364,1.2364
D,CO2EII,PUBLISHING,1,2015,3,12/01/2015 00:00,NEM,526295.9236,489704.5803,0.9305
D,CO2EII,PUBLISHING,1,2015,3,12/01/2015 00:00,NSW1,174202.226,157030.5037,0.9014
D,CO2EII,PUBLISHING,1,2015,3,12/01/2015 00:00,QLD1,152203.6738,132905.7519,0.8732
D,CO2EII,PUBLISHING,1,2015,3,12/01/2015 00:00,SA1,31095.25829,18139.27684,0.5833
D,CO2EII,PUBLISHING,1,2015,3,12/01/2015 00:00,TAS1,20933.74735,2.09945376,0.0001
D,CO2EII,PUBLISHING,1,2015,3,12/01/2015 00:00,VIC1,147861.0183,181626.9483,1.2284
D,CO2EII,PUBLISHING,1,2015,3,13/01/2015 00:00,NEM,531115.0542,474441.7762,0.8933
D,CO2EII,PUBLISHING,1,2015,3,13/01/2015 00:00,NSW1,173111.7593,156541.4892,0.9043
D,CO2EII,PUBLISHING,1,2015,3,13/01/2015 00:00,QLD1,152807.4006,133204.6544,0.8717
D,CO2EII,PUBLISHING,1,2015,3,13/01/2015 00:00,SA1,42296.20166,13625.76284,0.3222
D,CO2EII,PUBLISHING,1,2015,3,13/01/2015 00:00,TAS1,19605.73246,2.18856718,0.0001
D,CO2EII,PUBLISHING,1,2015,3,13/01/2015 00:00,VIC1,143293.9602,171067.6813,1.1938
D,CO2EII,PUBLISHING,1,2015,3,14/01/2015 00:00,NEM,540666.907,477253.5032,0.8827
D,CO2EII,PUBLISHING,1,2015,3,14/01/2015 00:00,NSW1,188623.7921,161590.8815,0.8567
D,CO2EII,PUBLISHING,1,2015,3,14/01/2015 00:00,QLD1,159087.8235,138121.7482,0.8682
D,CO2EII,PUBLISHING,1,2015,3,14/01/2015 00:00,SA1,31243.34044,13186.8841,0.4221
D,CO2EII,PUBLISHING,1,2015,3,14/01/2015 00:00,TAS1,21377.00871,2.09757663,0.0001
D,CO2EII,PUBLISHING,1,2015,3,14/01/2015 00:00,VIC1,140334.9423,164351.8919,1.1711
D,CO2EII,PUBLISHING,1,2015,3,15/01/2015 00:00,NEM,539648.8225,493742.9229,0.9149
D,CO2EII,PUBLISHING,1,2015,3,15/01/2015 00:00,NSW1,179789.9739,162124.5762,0.9017
D,CO2EII,PUBLISHING,1,2015,3,15/01/2015 00:00,QLD1,177402.4084,150701.8895,0.8495
D,CO2EII,PUBLISHING,1,2015,3,15/01/2015 00:00,SA1,22916.97022,14193.5745,0.6193
D,CO2EII,PUBLISHING,1,2015,3,15/01/2015 00:00,TAS1,22631.01859,2.27401788,0.0001
D,CO2EII,PUBLISHING,1,2015,3,15/01/2015 00:00,VIC1,136908.4514,166720.6086,1.2178
D,CO2EII,PUBLISHING,1,2015,3,16/01/2015 00:00,NEM,541705.0632,479039.3019,0.8843
D,CO2EII,PUBLISHING,1,2015,3,16/01/2015 00:00,NSW1,171585.5515,151391.0277,0.8823
D,CO2EII,PUBLISHING,1,2015,3,16/01/2015 00:00,QLD1,177329.2981,150982.7784,0.8514
D,CO2EII,PUBLISHING,1,2015,3,16/01/2015 00:00,SA1,28524.52657,12813.86765,0.4492
D,CO2EII,PUBLISHING,1,2015,3,16/01/2015 00:00,TAS1,23122.15636,2.24771028,0.0001
D,CO2EII,PUBLISHING,1,2015,3,16/01/2015 00:00,VIC1,141143.5306,163849.3805,1.1609
D,CO2EII,PUBLISHING,1,2015,3,17/01/2015 00:00,NEM,505750.9948,449055.6978,0.8879
D,CO2EII,PUBLISHING,1,2015,3,17/01/2015 00:00,NSW1,151080.3868,132997.0004,0.8803
D,CO2EII,PUBLISHING,1,2015,3,17/01/2015 00:00,QLD1,175283.5245,149587.3868,0.8534
D,CO2EII,PUBLISHING,1,2015,3,17/01/2015 00:00,SA1,24293.41873,12026.82403,0.4951
D,CO2EII,PUBLISHING,1,2015,3,17/01/2015 00:00,TAS1,24660.14694,2.32750385,0.0001
D,CO2EII,PUBLISHING,1,2015,3,17/01/2015 00:00,VIC1,130433.5179,154442.159,1.1841
D,CO2EII,PUBLISHING,1,2015,4,18/01/2015 00:00,NEM,491959.8408,456276.8404,0.9275
D,CO2EII,PUBLISHING,1,2015,4,18/01/2015 00:00,NSW1,149683.7257,137855.3154,0.921
D,CO2EII,PUBLISHING,1,2015,4,18/01/2015 00:00,QLD1,167673.0037,144715.8008,0.8631
D,CO2EII,PUBLISHING,1,2015,4,18/01/2015 00:00,SA1,18503.98477,11252.79869,0.6081
D,CO2EII,PUBLISHING,1,2015,4,18/01/2015 00:00,TAS1,26557.31698,2.25206842,0.0001
D,CO2EII,PUBLISHING,1,2015,4,18/01/2015 00:00,VIC1,129541.8097,162450.6734,1.254
D,CO2EII,PUBLISHING,1,2015,4,19/01/2015 00:00,NEM,526927.9782,485042.0218,0.9205
D,CO2EII,PUBLISHING,1,2015,4,19/01/2015 00:00,NSW1,169308.3182,152690.4128,0.9018
D,CO2EII,PUBLISHING,1,2015,4,19/01/2015 00:00,QLD1,170315.909,145548.9405,0.8546
D,CO2EII,PUBLISHING,1,2015,4,19/01/2015 00:00,SA1,26967.85604,15007.20594,0.5565
D,CO2EII,PUBLISHING,1,2015,4,19/01/2015 00:00,TAS1,19996.65512,2.234974,0.0001
D,CO2EII,PUBLISHING,1,2015,4,19/01/2015 00:00,VIC1,140339.2399,171793.2275,1.2241
D,CO2EII,PUBLISHING,1,2015,4,20/01/2015 00:00,NEM,527308.3861,479038.0439,0.9085
D,CO2EII,PUBLISHING,1,2015,4,20/01/2015 00:00,NSW1,163113.0967,146408.0646,0.8976
D,CO2EII,PUBLISHING,1,2015,4,20/01/2015 00:00,QLD1,156692.1244,134474.3076,0.8582
D,CO2EII,PUBLISHING,1,2015,4,20/01/2015 00:00,SA1,39102.80227,13365.24994,0.3418
D,CO2EII,PUBLISHING,1,2015,4,20/01/2015 00:00,TAS1,19184.68299,2.27276484,0.0001
D,CO2EII,PUBLISHING,1,2015,4,20/01/2015 00:00,VIC1,149215.6797,184788.149,1.2384
D,CO2EII,PUBLISHING,1,2015,4,21/01/2015 00:00,NEM,550104.5738,519676.1168,0.9447
D,CO2EII,PUBLISHING,1,2015,4,21/01/2015 00:00,NSW1,183561.1647,169963.279,0.9259
D,CO2EII,PUBLISHING,1,2015,4,21/01/2015 00:00,QLD1,159493.9229,137257.473,0.8606
D,CO2EII,PUBLISHING,1,2015,4,21/01/2015 00:00,SA1,28422.65681,16090.37144,0.5661
D,CO2EII,PUBLISHING,1,2015,4,21/01/2015 00:00,TAS1,19989.17406,2.20993453,0.0001
D,CO2EII,PUBLISHING,1,2015,4,21/01/2015 00:00,VIC1,158637.6553,196362.7835,1.2378
D,CO2EII,PUBLISHING,1,2015,4,22/01/2015 00:00,NEM,563901.1754,532545.015,0.9444
D,CO2EII,PUBLISHING,1,2015,4,22/01/2015 00:00,NSW1,186349.0178,174585.858,0.9369
D,CO2EII,PUBLISHING,1,2015,4,22/01/2015 00:00,QLD1,161682.851,139370.6825,0.862
D,CO2EII,PUBLISHING,1,2015,4,22/01/2015 00:00,SA1,30450.339,19767.32172,0.6492
D,CO2EII,PUBLISHING,1,2015,4,22/01/2015 00:00,TAS1,20385.17235,11.18810137,0.0005
D,CO2EII,PUBLISHING,1,2015,4,22/01/2015 00:00,VIC1,165033.7952,198809.9647,1.2047
D,CO2EII,PUBLISHING,1,2015,4,23/01/2015 00:00,NEM,552037.4844,512965.8046,0.9292
D,CO2EII,PUBLISHING,1,2015,4,23/01/2015 00:00,NSW1,189951.8859,170357.237,0.8968
D,CO2EII,PUBLISHING,1,2015,4,23/01/2015 00:00,QLD1,161674.3746,140571.2373,0.8695
D,CO2EII,PUBLISHING,1,2015,4,23/01/2015 00:00,SA1,28433.72329,18579.09605,0.6534
D,CO2EII,PUBLISHING,1,2015,4,23/01/2015 00:00,TAS1,24806.5646,2.22926774,0.0001
D,CO2EII,PUBLISHING,1,2015,4,23/01/2015 00:00,VIC1,147170.936,183456.0049,1.2466
D,CO2EII,PUBLISHING,1,2015,4,24/01/2015 00:00,NEM,498176.254,475721.2553,0.9549
D,CO2EII,PUBLISHING,1,2015,4,24/01/2015 00:00,NSW1,163420.0156,152638.8513,0.934
D,CO2EII,PUBLISHING,1,2015,4,24/01/2015 00:00,QLD1,152425.7391,132062.424,0.8664
D,CO2EII,PUBLISHING,1,2015,4,24/01/2015 00:00,SA1,25758.91883,9388.085361,0.3645
D,CO2EII,PUBLISHING,1,2015,4,24/01/2015 00:00,TAS1,15472.86225,2.29939563,0.0001
D,CO2EII,PUBLISHING,1,2015,4,24/01/2015 00:00,VIC1,141098.7182,181629.5952,1.2873
D,CO2EII,PUBLISHING,1,2015,5,25/01/2015 00:00,NEM,494155.1806,455106.1465,0.921
D,CO2EII,PUBLISHING,1,2015,5,25/01/2015 00:00,NSW1,159659.2531,143569.672,0.8992
D,CO2EII,PUBLISHING,1,2015,5,25/01/2015 00:00,QLD1,161424.3704,139697.8786,0.8654
D,CO2EII,PUBLISHING,1,2015,5,25/01/2015 00:00,SA1,22802.57113,7333.721279,0.3216
D,CO2EII,PUBLISHING,1,2015,5,25/01/2015 00:00,TAS1,16737.26464,2.2434101,0.0001
D,CO2EII,PUBLISHING,1,2015,5,25/01/2015 00:00,VIC1,133531.7214,164502.6312,1.2319
D,CO2EII,PUBLISHING,1,2015,5,26/01/2015 00:00,NEM,477362.8196,455542.4274,0.9543
D,CO2EII,PUBLISHING,1,2015,5,26/01/2015 00:00,NSW1,134770.2587,121290.88,0.9
D,CO2EII,PUBLISHING,1,2015,5,26/01/2015 00:00,QLD1,169683.8137,144096.2652,0.8492
D,CO2EII,PUBLISHING,1,2015,5,26/01/2015 00:00,SA1,19267.59603,9174.25224,0.4761
D,CO2EII,PUBLISHING,1,2015,5,26/01/2015 00:00,TAS1,15870.24736,2.17317571,0.0001
D,CO2EII,PUBLISHING,1,2015,5,26/01/2015 00:00,VIC1,137770.9039,180978.8568,1.3136
D,CO2EII,PUBLISHING,1,2015,5,27/01/2015 00:00,NEM,521248.8692,478897.1248,0.9187
D,CO2EII,PUBLISHING,1,2015,5,27/01/2015 00:00,NSW1,151070.5947,133596.0818,0.8843
D,CO2EII,PUBLISHING,1,2015,5,27/01/2015 00:00,QLD1,174183.7363,148454.8902,0.8523
D,CO2EII,PUBLISHING,1,2015,5,27/01/2015 00:00,SA1,31184.66119,11995.07705,0.3846
D,CO2EII,PUBLISHING,1,2015,5,27/01/2015 00:00,TAS1,18171.88406,2.1607435,0.0001
D,CO2EII,PUBLISHING,1,2015,5,27/01/2015 00:00,VIC1,146637.993,184848.915,1.2606
D,CO2EII,PUBLISHING,1,2015,5,28/01/2015 00:00,NEM,507187.5786,455943.1465,0.899
D,CO2EII,PUBLISHING,1,2015,5,28/01/2015 00:00,NSW1,145991.2304,131140.8334,0.8983
D,CO2EII,PUBLISHING,1,2015,5,28/01/2015 00:00,QLD1,165568.0261,141745.1567,0.8561
D,CO2EII,PUBLISHING,1,2015,5,28/01/2015 00:00,SA1,36334.30553,12228.87091,0.3366
D,CO2EII,PUBLISHING,1,2015,5,28/01/2015 00:00,TAS1,17134.86532,2.14718331,0.0001
D,CO2EII,PUBLISHING,1,2015,5,28/01/2015 00:00,VIC1,142159.1513,170826.1383,1.2017
D,CO2EII,PUBLISHING,1,2015,5,29/01/2015 00:00,NEM,503313.2996,469096.9406,0.932
D,CO2EII,PUBLISHING,1,2015,5,29/01/2015 00:00,NSW1,141368.0132,132109.9986,0.9345
D,CO2EII,PUBLISHING,1,2015,5,29/01/2015 00:00,QLD1,162205.4185,139448.0964,0.8597
D,CO2EII,PUBLISHING,1,2015,5,29/01/2015 00:00,SA1,33252.81637,13117.50573,0.3945
D,CO2EII,PUBLISHING,1,2015,5,29/01/2015 00:00,TAS1,17495.57471,2.16833121,0.0001
D,CO2EII,PUBLISHING,1,2015,5,29/01/2015 00:00,VIC1,148991.4768,184419.1715,1.2378
D,CO2EII,PUBLISHING,1,2015,5,30/01/2015 00:00,NEM,502330.6815,474538.6821,0.9447
D,CO2EII,PUBLISHING,1,2015,5,30/01/2015 00:00,NSW1,139529.0627,129228.5181,0.9262
D,CO2EII,PUBLISHING,1,2015,5,30/01/2015 00:00,QLD1,166864.8633,143342.6149,0.859
D,CO2EII,PUBLISHING,1,2015,5,30/01/2015 00:00,SA1,30863.19887,13932.83285,0.4514
D,CO2EII,PUBLISHING,1,2015,5,30/01/2015 00:00,TAS1,17319.86142,2.21536259,0.0001
D,CO2EII,PUBLISHING,1,2015,5,30/01/2015 00:00,VIC1,147753.6952,188032.501,1.2726
D,CO2EII,PUBLISHING,1,2015,5,31/01/2015 00:00,NEM,464682.4277,438349.195,0.9433
D,CO2EII,PUBLISHING,1,2015,5,31/01/2015 00:00,NSW1,123528.1611,117425.6943,0.9506
D,CO2EII,PUBLISHING,1,2015,5,31/01/2015 00:00,QLD1,156198.957,133721.6019,0.8561
D,CO2EII,PUBLISHING,1,2015,5,31/01/2015 00:00,SA1,25698.69534,10373.40441,0.4037
D,CO2EII,PUBLISHING,1,2015,5,31/01/2015 00:00,TAS1,16998.76852,2.23387891,0.0001
D,CO2EII,PUBLISHING,1,2015,5,31/01/2015 00:00,VIC1,142257.8458,176826.2606,1.243
D,CO2EII,PUBLISHING,1,2015,6,01/02/2015 00:00,NEM,465738.8361,433040.3337,0.9298
D,CO2EII,PUBLISHING,1,2015,6,01/02/2015 00:00,NSW1,121860.0352,115921.6275,0.9513
D,CO2EII,PUBLISHING,1,2015,6,01/02/2015 00:00,QLD1,160266.256,137767.2279,0.8596
D,CO2EII,PUBLISHING,1,2015,6,01/02/2015 00:00,SA1,31022.45021,10216.36281,0.3293
D,CO2EII,PUBLISHING,1,2015,6,01/02/2015 00:00,TAS1,16480.07079,2.17834111,0.0001
D,CO2EII,PUBLISHING,1,2015,6,01/02/2015 00:00,VIC1,136110.0239,169132.9371,1.2426
D,CO2EII,PUBLISHING,1,2015,6,02/02/2015 00:00,NEM,513783.4397,471773.4598,0.9182
D,CO2EII,PUBLISHING,1,2015,6,02/02/2015 00:00,NSW1,147450.9166,132802.4396,0.9007
D,CO2EII,PUBLISHING,1,2015,6,02/02/2015 00:00,QLD1,171674.6725,146959.3311,0.856
D,CO2EII,PUBLISHING,1,2015,6,02/02/2015 00:00,SA1,30781.0128,10291.89109,0.3344
D,CO2EII,PUBLISHING,1,2015,6,02/02/2015 00:00,TAS1,17009.63524,2.16306282,0.0001
D,CO2EII,PUBLISHING,1,2015,6,02/02/2015 00:00,VIC1,146867.2025,181717.635,1.2373
D,CO2EII,PUBLISHING,1,2015,6,03/02/2015 00:00,NEM,506146.0968,473712.3576,0.9359
D,CO2EII,PUBLISHING,1,2015,6,03/02/2015 00:00,NSW1,142879.725,133825.2693,0.9366
D,CO2EII,PUBLISHING,1,2015,6,03/02/2015 00:00,QLD1,174166.1817,149552.8038,0.8587
D,CO2EII,PUBLISHING,1,2015,6,03/02/2015 00:00,SA1,26209.06844,11464.22759,0.4374
D,CO2EII,PUBLISHING,1,2015,6,03/02/2015 00:00,TAS1,16483.44382,2.16586593,0.0001
D,CO2EII,PUBLISHING,1,2015,6,03/02/2015 00:00,VIC1,146407.6778,178867.8909,1.2217
D,CO2EII,PUBLISHING,1,2015,6,04/02/2015 00:00,NEM,501815.2897,452850.2445,0.9024
D,CO2EII,PUBLISHING,1,2015,6,04/02/2015 00:00,NSW1,144564.3261,132917.6618,0.9194
D,CO2EII,PUBLISHING,1,2015,6,04/02/2015 00:00,QLD1,168669.4549,146069.7289,0.866
D,CO2EII,PUBLISHING,1,2015,6,04/02/2015 00:00,SA1,29940.63994,11623.89273,0.3882
D,CO2EII,PUBLISHING,1,2015,6,04/02/2015 00:00,TAS1,16843.2055,2.30748365,0.0001
D,CO2EII,PUBLISHING,1,2015,6,04/02/2015 00:00,VIC1,141797.6632,162236.6535,1.1441
D,CO2EII,PUBLISHING,1,2015,6,05/02/2015 00:00,NEM,510757.6671,456250.2583,0.8933
D,CO2EII,PUBLISHING,1,2015,6,05/02/2015 00:00,NSW1,147281.7199,135804.832,0.9221
D,CO2EII,PUBLISHING,1,2015,6,05/02/2015 00:00,QLD1,168865.2425,146680.0716,0.8686
D,CO2EII,PUBLISHING,1,2015,6,05/02/2015 00:00,SA1,32381.30093,13915.88173,0.4298
D,CO2EII,PUBLISHING,1,2015,6,05/02/2015 00:00,TAS1,18298.24761,2.18428727,0.0001
D,CO2EII,PUBLISHING,1,2015,6,05/02/2015 00:00,VIC1,143931.1561,159847.2887,1.1106
D,CO2EII,PUBLISHING,1,2015,6,06/02/2015 00:00,NEM,533618.0322,477965.6135,0.8957
D,CO2EII,PUBLISHING,1,2015,6,06/02/2015 00:00,NSW1,158388.2483,149811.6904,0.9459
D,CO2EII,PUBLISHING,1,2015,6,06/02/2015 00:00,QLD1,168318.4205,145049.1337,0.8618
D,CO2EII,PUBLISHING,1,2015,6,06/02/2015 00:00,SA1,35211.78431,19998.52546,0.5679
D,CO2EII,PUBLISHING,1,2015,6,06/02/2015 00:00,TAS1,23698.63964,2.25426591,0.0001
D,CO2EII,PUBLISHING,1,2015,6,06/02/2015 00:00,VIC1,148000.9394,163104.0097,1.102
D,CO2EII,PUBLISHING,1,2015,6,07/02/2015 00:00,NEM,505817.1048,466997.9435,0.9233
D,CO2EII,PUBLISHING,1,2015,6,07/02/2015 00:00,NSW1,141258.5566,134460.9922,0.9519
D,CO2EII,PUBLISHING,1,2015,6,07/02/2015 00:00,QLD1,162643.3061,138284.9977,0.8502
D,CO2EII,PUBLISHING,1,2015,6,07/02/2015 00:00,SA1,36978.03987,20175.589,0.5456
D,CO2EII,PUBLISHING,1,2015,6,07/02/2015 00:00,TAS1,16769.81156,2.25696534,0.0001
D,CO2EII,PUBLISHING,1,2015,6,07/02/2015 00:00,VIC1,148167.3907,174074.1077,1.1748
D,CO2EII,PUBLISHING,1,2015,7,08/02/2015 00:00,NEM,492279.454,461900.2842,0.9383
D,CO2EII,PUBLISHING,1,2015,7,08/02/2015 00:00,NSW1,148972.0219,137743.7883,0.9246
D,CO2EII,PUBLISHING,1,2015,7,08/02/2015 00:00,QLD1,161200.3658,137176.6489,0.851
D,CO2EII,PUBLISHING,1,2015,7,08/02/2015 00:00,SA1,28352.49901,15025.64606,0.53
D,CO2EII,PUBLISHING,1,2015,7,08/02/2015 00:00,TAS1,16063.13213,2.17533329,0.0001
D,CO2EII,PUBLISHING,1,2015,7,08/02/2015 00:00,VIC1,137691.4351,171952.0256,1.2488
D,CO2EII,PUBLISHING,1,2015,7,09/02/2015 00:00,NEM,536953.9081,491805.6066,0.9159
D,CO2EII,PUBLISHING,1,2015,7,09/02/2015 00:00,NSW1,171103.8649,156916.697,0.9171
D,CO2EII,PUBLISHING,1,2015,7,09/02/2015 00:00,QLD1,166802.6834,141439.7571,0.8479
D,CO2EII,PUBLISHING,1,2015,7,09/02/2015 00:00,SA1,33152.0775,17484.19629,0.5274
D,CO2EII,PUBLISHING,1,2015,7,09/02/2015 00:00,TAS1,18746.21069,65.00500796,0.0035
D,CO2EII,PUBLISHING,1,2015,7,09/02/2015 00:00,VIC1,147149.0716,175899.9512,1.1954
D,CO2EII,PUBLISHING,1,2015,7,10/02/2015 00:00,NEM,556340.4552,517071.1534,0.9294
D,CO2EII,PUBLISHING,1,2015,7,10/02/2015 00:00,NSW1,175832.6231,165515.4178,0.9413
D,CO2EII,PUBLISHING,1,2015,7,10/02/2015 00:00,QLD1,172933.0052,146642.2084,0.848
D,CO2EII,PUBLISHING,1,2015,7,10/02/2015 00:00,SA1,33596.56952,21924.44359,0.6526
D,CO2EII,PUBLISHING,1,2015,7,10/02/2015 00:00,TAS1,22577.24901,53.37214245,0.0024
D,CO2EII,PUBLISHING,1,2015,7,10/02/2015 00:00,VIC1,151401.0085,182935.7115,1.2083
D,CO2EII,PUBLISHING,1,2015,7,11/02/2015 00:00,NEM,562911.0141,515695.5722,0.9161
D,CO2EII,PUBLISHING,1,2015,7,11/02/2015 00:00,NSW1,168931.0037,154804.4088,0.9164
D,CO2EII,PUBLISHING,1,2015,7,11/02/2015 00:00,QLD1,173686.6002,147161.7599,0.8473
D,CO2EII,PUBLISHING,1,2015,7,11/02/2015 00:00,SA1,38573.15182,20957.79823,0.5433
D,CO2EII,PUBLISHING,1,2015,7,11/02/2015 00:00,TAS1,20512.47324,2.21205162,0.0001
D,CO2EII,PUBLISHING,1,2015,7,11/02/2015 00:00,VIC1,161207.7852,192769.3932,1.1958
D,CO2EII,PUBLISHING,1,2015,7,12/02/2015 00:00,NEM,551206.3856,507370.3093,0.9205
D,CO2EII,PUBLISHING,1,2015,7,12/02/2015 00:00,NSW1,164917.8929,148865.2082,0.9027
D,CO2EII,PUBLISHING,1,2015,7,12/02/2015 00:00,QLD1,173741.258,147223.7255,0.8474
D,CO2EII,PUBLISHING,1,2015,7,12/02/2015 00:00,SA1,42109.96157,21825.70531,0.5183
D,CO2EII,PUBLISHING,1,2015,7,12/02/2015 00:00,TAS1,17530.06653,2.09645914,0.0001
D,CO2EII,PUBLISHING,1,2015,7,12/02/2015 00:00,VIC1,152907.2066,189453.5738,1.239
D,CO2EII,PUBLISHING,1,2015,7,13/02/2015 00:00,NEM,547073.8852,500461.399,0.9148
D,CO2EII,PUBLISHING,1,2015,7,13/02/2015 00:00,NSW1,152099.299,139948.1333,0.9201
D,CO2EII,PUBLISHING,1,2015,7,13/02/2015 00:00,QLD1,177294.3407,148081.0588,0.8352
D,CO2EII,PUBLISHING,1,2015,7,13/02/2015 00:00,SA1,40218.42802,20530.35933,0.5105
D,CO2EII,PUBLISHING,1,2015,7,13/02/2015 00:00,TAS1,21017.52261,2.19578924,0.0001
D,CO2EII,PUBLISHING,1,2015,7,13/02/2015 00:00,VIC1,156444.2949,191899.6518,1.2266
D,CO2EII,PUBLISHING,1,2015,7,14/02/2015 00:00,NEM,501082.348,469179.5351,0.9363
D,CO2EII,PUBLISHING,1,2015,7,14/02/2015 00:00,NSW1,133499.7392,126445.0212,0.9472
D,CO2EII,PUBLISHING,1,2015,7,14/02/2015 00:00,QLD1,167092.7732,137524.0828,0.823
D,CO2EII,PUBLISHING,1,2015,7,14/02/2015 00:00,SA1,41714.78324,23008.75937,0.5516
D,CO2EII,PUBLISHING,1,2015,7,14/02/2015 00:00,TAS1,19037.03883,2.20236169,0.0001
D,CO2EII,PUBLISHING,1,2015,7,14/02/2015 00:00,VIC1,139738.0135,182199.4694,1.3039
D,CO2EII,PUBLISHING,1,2015,8,15/02/2015 00:00,NEM,498463.5537,463958.7439,0.9308
D,CO2EII,PUBLISHING,1,2015,8,15/02/2015 00:00,NSW1,139857.1196,130737.9091,0.9348
D,CO2EII,PUBLISHING,1,2015,8,15/02/2015 00:00,QLD1,156365.127,132171.9857,0.8453
D,CO2EII,PUBLISHING,1,2015,8,15/02/2015 00:00,SA1,41760.55955,18676.104,0.4472
D,CO2EII,PUBLISHING,1,2015,8,15/02/2015 00:00,TAS1,15674.97403,2.20352077,0.0001
D,CO2EII,PUBLISHING,1,2015,8,15/02/2015 00:00,VIC1,144805.7735,182370.5416,1.2594
D,CO2EII,PUBLISHING,1,2015,8,16/02/2015 00:00,NEM,538101.2152,501376.1713,0.9318
D,CO2EII,PUBLISHING,1,2015,8,16/02/2015 00:00,NSW1,170622.6789,158679.476,0.93
D,CO2EII,PUBLISHING,1,2015,8,16/02/2015 00:00,QLD1,162763.1735,137978.2136,0.8477
D,CO2EII,PUBLISHING,1,2015,8,16/02/2015 00:00,SA1,33212.19285,18629.04086,0.5609
D,CO2EII,PUBLISHING,1,2015,8,16/02/2015 00:00,TAS1,17681.62583,2.18310751,0.0001
D,CO2EII,PUBLISHING,1,2015,8,16/02/2015 00:00,VIC1,153821.5442,186087.2576,1.2098
D,CO2EII,PUBLISHING,1,2015,8,17/02/2015 00:00,NEM,529347.6942,489041.3038,0.9239
D,CO2EII,PUBLISHING,1,2015,8,17/02/2015 00:00,NSW1,171677.9898,155146.1033,0.9037
D,CO2EII,PUBLISHING,1,2015,8,17/02/2015 00:00,QLD1,160305.209,137347.5553,0.8568
D,CO2EII,PUBLISHING,1,2015,8,17/02/2015 00:00,SA1,29522.67894,15831.34082,0.5362
D,CO2EII,PUBLISHING,1,2015,8,17/02/2015 00:00,TAS1,16104.35979,15.83118675,0.001
D,CO2EII,PUBLISHING,1,2015,8,17/02/2015 00:00,VIC1,151737.4566,180700.4731,1.1909
D,CO2EII,PUBLISHING,1,2015,8,18/02/2015 00:00,NEM,530032.3604,486307.6518,0.9175
D,CO2EII,PUBLISHING,1,2015,8,18/02/2015 00:00,NSW1,177299.4921,162199.3163,0.9148
D,CO2EII,PUBLISHING,1,2015,8,18/02/2015 00:00,QLD1,156199.4128,133846.9195,0.8569
D,CO2EII,PUBLISHING,1,2015,8,18/02/2015 00:00,SA1,34045.22292,15390.48898,0.4521
D,CO2EII,PUBLISHING,1,2015,8,18/02/2015 00:00,TAS1,15645.5148,28.30203533,0.0018
D,CO2EII,PUBLISHING,1,2015,8,18/02/2015 00:00,VIC1,146842.7178,174842.625,1.1907
D,CO2EII,PUBLISHING,1,2015,8,19/02/2015 00:00,NEM,547955.9859,511699.1395,0.9338
D,CO2EII,PUBLISHING,1,2015,8,19/02/2015 00:00,NSW1,177415.7433,164746.8355,0.9286
D,CO2EII,PUBLISHING,1,2015,8,19/02/2015 00:00,QLD1,159781.3495,138035.1678,0.8639
D,CO2EII,PUBLISHING,1,2015,8,19/02/2015 00:00,SA1,34129.3499,21264.16551,0.623
D,CO2EII,PUBLISHING,1,2015,8,19/02/2015 00:00,TAS1,20885.12644,2.20642451,0.0001
D,CO2EII,PUBLISHING,1,2015,8,19/02/2015 00:00,VIC1,155744.4167,187650.7643,1.2049
D,CO2EII,PUBLISHING,1,2015,8,20/02/2015 00:00,NEM,545036.4324,509721.4535,0.9352
D,CO2EII,PUBLISHING,1,2015,8,20/02/2015 00:00,NSW1,171886.329,161104.4694,0.9373
D,CO2EII,PUBLISHING,1,2015,8,20/02/2015 00:00,QLD1,161448.732,139944.7534,0.8668
D,CO2EII,PUBLISHING,1,2015,8,20/02/2015 00:00,SA1,39065.24449,24349.59158,0.6233
D,CO2EII,PUBLISHING,1,2015,8,20/02/2015 00:00,TAS1,21346.50057,2.15118985,0.0001
D,CO2EII,PUBLISHING,1,2015,8,20/02/2015 00:00,VIC1,151289.6263,184320.488,1.2183
D,CO2EII,PUBLISHING,1,2015,8,21/02/2015 00:00,NEM,516698.0637,490036.7794,0.9484
D,CO2EII,PUBLISHING,1,2015,8,21/02/2015 00:00,NSW1,161558.9371,153443.9128,0.9498
D,CO2EII,PUBLISHING,1,2015,8,21/02/2015 00:00,QLD1,147876.3825,127859.1667,0.8646
D,CO2EII,PUBLISHING,1,2015,8,21/02/2015 00:00,SA1,39595.33239,24395.68898,0.6161
D,CO2EII,PUBLISHING,1,2015,8,21/02/2015 00:00,TAS1,18701.70937,2.07410083,0.0001
D,CO2EII,PUBLISHING,1,2015,8,21/02/2015 00:00,VIC1,148965.7023,184335.9368,1.2374
D,CO2EII,PUBLISHING,1,2015,9,22/02/2015 00:00,NEM,515666.6635,485830.0315,0.9421
D,CO2EII,PUBLISHING,1,2015,9,22/02/2015 00:00,NSW1,162515.2726,151844.3722,0.9343
D,CO2EII,PUBLISHING,1,2015,9,22/02/2015 00:00,QLD1,145410.6006,126454.8996,0.8696
D,CO2EII,PUBLISHING,1,2015,9,22/02/2015 00:00,SA1,34923.94752,25349.37678,0.7258
D,CO2EII,PUBLISHING,1,2015,9,22/02/2015 00:00,TAS1,20783.63049,2.16807206,0.0001
D,CO2EII,PUBLISHING,1,2015,9,22/02/2015 00:00,VIC1,152033.2123,182179.2149,1.1983
D,CO2EII,PUBLISHING,1,2015,9,23/02/2015 00:00,NEM,549402.5402,494354.7913,0.8998
D,CO2EII,PUBLISHING,1,2015,9,23/02/2015 00:00,NSW1,171508.9694,160928.0978,0.9383
D,CO2EII,PUBLISHING,1,2015,9,23/02/2015 00:00,QLD1,168134.6372,142902.7731,0.8499
D,CO2EII,PUBLISHING,1,2015,9,23/02/2015 00:00,SA1,38303.86872,15296.25574,0.3993
D,CO2EII,PUBLISHING,1,2015,9,23/02/2015 00:00,TAS1,22397.02495,46.13425444,0.0021
D,CO2EII,PUBLISHING,1,2015,9,23/02/2015 00:00,VIC1,149058.04,175181.5304,1.1753
D,CO2EII,PUBLISHING,1,2015,9,24/02/2015 00:00,NEM,523220.7677,474901.9129,0.9077
D,CO2EII,PUBLISHING,1,2015,9,24/02/2015 00:00,NSW1,159703.1567,146031.9392,0.9144
D,CO2EII,PUBLISHING,1,2015,9,24/02/2015 00:00,QLD1,163407.7052,139270.7505,0.8523
D,CO2EII,PUBLISHING,1,2015,9,24/02/2015 00:00,SA1,37785.42354,15484.58729,0.4098
D,CO2EII,PUBLISHING,1,2015,9,24/02/2015 00:00,TAS1,16343.41563,2.27898651,0.0001
D,CO2EII,PUBLISHING,1,2015,9,24/02/2015 00:00,VIC1,145981.0667,174112.3569,1.1927
D,CO2EII,PUBLISHING,1,2015,9,25/02/2015 00:00,NEM,521700.3821,484730.4113,0.9291
D,CO2EII,PUBLISHING,1,2015,9,25/02/2015 00:00,NSW1,168589.5752,155793.8833,0.9241
D,CO2EII,PUBLISHING,1,2015,9,25/02/2015 00:00,QLD1,158499.6835,135923.6265,0.8576
D,CO2EII,PUBLISHING,1,2015,9,25/02/2015 00:00,SA1,29221.9256,17382.99745,0.5949
D,CO2EII,PUBLISHING,1,2015,9,25/02/2015 00:00,TAS1,20775.12242,2.16931893,0.0001
D,CO2EII,PUBLISHING,1,2015,9,25/02/2015 00:00,VIC1,144614.0754,175627.7347,1.2145
D,CO2EII,PUBLISHING,1,2015,9,26/02/2015 00:00,NEM,525833.1502,496852.9306,0.9449
D,CO2EII,PUBLISHING,1,2015,9,26/02/2015 00:00,NSW1,175277.094,166974.4311,0.9526
D,CO2EII,PUBLISHING,1,2015,9,26/02/2015 00:00,QLD1,154519.4022,132232.6608,0.8558
D,CO2EII,PUBLISHING,1,2015,9,26/02/2015 00:00,SA1,27976.17552,19476.87432,0.6962
D,CO2EII,PUBLISHING,1,2015,9,26/02/2015 00:00,TAS1,17876.30856,2.23041283,0.0001
D,CO2EII,PUBLISHING,1,2015,9,26/02/2015 00:00,VIC1,150184.1699,178166.734,1.1863
D,CO2EII,PUBLISHING,1,2015,9,27/02/2015 00:00,NEM,537079.0021,514747.6179,0.9584
D,CO2EII,PUBLISHING,1,2015,9,27/02/2015 00:00,NSW1,181307.217,172259.6711,0.9501
D,CO2EII,PUBLISHING,1,2015,9,27/02/2015 00:00,QLD1,158347.8646,135555.2585,0.8561
D,CO2EII,PUBLISHING,1,2015,9,27/02/2015 00:00,SA1,31982.17187,22236.34796,0.6953
D,CO2EII,PUBLISHING,1,2015,9,27/02/2015 00:00,TAS1,18354.20833,2.19754967,0.0001
D,CO2EII,PUBLISHING,1,2015,9,27/02/2015 00:00,VIC1,147087.5403,184694.1428,1.2557
D,CO2EII,PUBLISHING,1,2015,9,28/02/2015 00:00,NEM,500044.9224,461734.7564,0.9234
D,CO2EII,PUBLISHING,1,2015,9,28/02/2015 00:00,NSW1,155222.3527,146931.0912,0.9466
D,CO2EII,PUBLISHING,1,2015,9,28/02/2015 00:00,QLD1,148281.7626,126768.761,0.8549
D,CO2EII,PUBLISHING,1,2015,9,28/02/2015 00:00,SA1,36360.06028,13978.26987,0.3844
D,CO2EII,PUBLISHING,1,2015,9,28/02/2015 00:00,TAS1,17551.67837,2.20608276,0.0001
D,CO2EII,PUBLISHING,1,2015,9,28/02/2015 00:00,VIC1,142629.0684,174054.4283,1.2203
D,CO2EII,PUBLISHING,1,2015,10,01/03/2015 00:00,NEM,479749.0241,442547.4905,0.9225
D,CO2EII,PUBLISHING,1,2015,10,01/03/2015 00:00,NSW1,159029.9655,143276.1697,0.9009
D,CO2EII,PUBLISHING,1,2015,10,01/03/2015 00:00,QLD1,148775.4842,127106.4486,0.8544
D,CO2EII,PUBLISHING,1,2015,10,01/03/2015 00:00,SA1,31966.36307,13435.89309,0.4203
D,CO2EII,PUBLISHING,1,2015,10,01/03/2015 00:00,TAS1,15552.03769,2.11788657,0.0001
D,CO2EII,PUBLISHING,1,2015,10,01/03/2015 00:00,VIC1,124425.1736,158726.8612,1.2757
D,CO2EII,PUBLISHING,1,2015,10,02/03/2015 00:00,NEM,520393.8352,482442.3893,0.9271
D,CO2EII,PUBLISHING,1,2015,10,02/03/2015 00:00,NSW1,172537.4601,161410.787,0.9355
D,CO2EII,PUBLISHING,1,2015,10,02/03/2015 00:00,QLD1,163545.6212,138973.0879,0.8498
D,CO2EII,PUBLISHING,1,2015,10,02/03/2015 00:00,SA1,30990.65566,16960.23735,0.5473
D,CO2EII,PUBLISHING,1,2015,10,02/03/2015 00:00,TAS1,17518.68656,2.1376747,0.0001
D,CO2EII,PUBLISHING,1,2015,10,02/03/2015 00:00,VIC1,135801.4117,165096.1393,1.2157
D,CO2EII,PUBLISHING,1,2015,10,03/03/2015 00:00,NEM,527780.7821,485559.1348,0.92
D,CO2EII,PUBLISHING,1,2015,10,03/03/2015 00:00,NSW1,185001.0521,176537.4152,0.9543
D,CO2EII,PUBLISHING,1,2015,10,03/03/2015 00:00,QLD1,157118.3218,133361.5472,0.8488
D,CO2EII,PUBLISHING,1,2015,10,03/03/2015 00:00,SA1,26657.10117,15144.40248,0.5681
D,CO2EII,PUBLISHING,1,2015,10,03/03/2015 00:00,TAS1,24062.38377,2.15580367,0.0001
D,CO2EII,PUBLISHING,1,2015,10,03/03/2015 00:00,VIC1,134941.9234,160513.6141,1.1895
D,CO2EII,PUBLISHING,1,2015,10,04/03/2015 00:00,NEM,533833.0794,473601.9309,0.8872
D,CO2EII,PUBLISHING,1,2015,10,04/03/2015 00:00,NSW1,186674.6721,174323.2826,0.9338
D,CO2EII,PUBLISHING,1,2015,10,04/03/2015 00:00,QLD1,156862.3143,132681.1095,0.8458
D,CO2EII,PUBLISHING,1,2015,10,04/03/2015 00:00,SA1,33035.72577,14127.0948,0.4276
D,CO2EII,PUBLISHING,1,2015,10,04/03/2015 00:00,TAS1,23874.14196,2.19291062,0.0001
D,CO2EII,PUBLISHING,1,2015,10,04/03/2015 00:00,VIC1,133386.2252,152468.251,1.1431
D,CO2EII,PUBLISHING,1,2015,10,05/03/2015 00:00,NEM,533883.8209,475812.122,0.8912
D,CO2EII,PUBLISHING,1,2015,10,05/03/2015 00:00,NSW1,166543.8662,154198.9651,0.9259
D,CO2EII,PUBLISHING,1,2015,10,05/03/2015 00:00,QLD1,171012.7099,145034.0723,0.8481
D,CO2EII,PUBLISHING,1,2015,10,05/03/2015 00:00,SA1,31637.08688,11264.09129,0.356
D,CO2EII,PUBLISHING,1,2015,10,05/03/2015 00:00,TAS1,17992.36148,2.28400433,0.0001
D,CO2EII,PUBLISHING,1,2015,10,05/03/2015 00:00,VIC1,146697.7965,165312.7093,1.1269
D,CO2EII,PUBLISHING,1,2015,10,06/03/2015 00:00,NEM,519261.4932,470472.5488,0.906
D,CO2EII,PUBLISHING,1,2015,10,06/03/2015 00:00,NSW1,167409.1625,151865.0614,0.9071
D,CO2EII,PUBLISHING,1,2015,10,06/03/2015 00:00,QLD1,159186.6522,135116.8929,0.8488
D,CO2EII,PUBLISHING,1,2015,10,06/03/2015 00:00,SA1,28291.7088,13349.71953,0.4719
D,CO2EII,PUBLISHING,1,2015,10,06/03/2015 00:00,TAS1,17762.43835,2.24570845,0.0001
D,CO2EII,PUBLISHING,1,2015,10,06/03/2015 00:00,VIC1,146611.5314,170138.6292,1.1605
D,CO2EII,PUBLISHING,1,2015,10,07/03/2015 00:00,NEM,475666.829,456261.9082,0.9592
D,CO2EII,PUBLISHING,1,2015,10,07/03/2015 00:00,NSW1,152333.947,143962.8627,0.945
D,CO2EII,PUBLISHING,1,2015,10,07/03/2015 00:00,QLD1,146156.5611,122779.4921,0.8401
D,CO2EII,PUBLISHING,1,2015,10,07/03/2015 00:00,SA1,23241.93354,14054.23577,0.6047
D,CO2EII,PUBLISHING,1,2015,10,07/03/2015 00:00,TAS1,16241.59444,2.22056588,0.0001
D,CO2EII,PUBLISHING,1,2015,10,07/03/2015 00:00,VIC1,137692.793,175463.097,1.2743
D,CO2EII,PUBLISHING,1,2015,11,08/03/2015 00:00,NEM,467328.9338,455266.4748,0.9742
D,CO2EII,PUBLISHING,1,2015,11,08/03/2015 00:00,NSW1,151781.894,142613.3515,0.9396
D,CO2EII,PUBLISHING,1,2015,11,08/03/2015 00:00,QLD1,144008.1816,122194.4147,0.8485
D,CO2EII,PUBLISHING,1,2015,11,08/03/2015 00:00,SA1,22847.56273,13310.92839,0.5826
D,CO2EII,PUBLISHING,1,2015,11,08/03/2015 00:00,TAS1,15125.20633,2.15622778,0.0001
D,CO2EII,PUBLISHING,1,2015,11,08/03/2015 00:00,VIC1,133566.0891,177145.6239,1.3263
D,CO2EII,PUBLISHING,1,2015,11,09/03/2015 00:00,NEM,518253.2766,492940.8367,0.9512
D,CO2EII,PUBLISHING,1,2015,11,09/03/2015 00:00,NSW1,180500.4866,165883.8231,0.919
D,CO2EII,PUBLISHING,1,2015,11,09/03/2015 00:00,QLD1,161916.512,136454.735,0.8427
D,CO2EII,PUBLISHING,1,2015,11,09/03/2015 00:00,SA1,23110.05603,14119.94632,0.611
D,CO2EII,PUBLISHING,1,2015,11,09/03/2015 00:00,TAS1,16029.39212,2.10969049,0.0001
D,CO2EII,PUBLISHING,1,2015,11,09/03/2015 00:00,VIC1,136696.8299,176480.2225,1.291
D,CO2EII,PUBLISHING,1,2015,11,10/03/2015 00:00,NEM,533974.5026,509605.6042,0.9544
D,CO2EII,PUBLISHING,1,2015,11,10/03/2015 00:00,NSW1,180339.8475,168133.9677,0.9323
D,CO2EII,PUBLISHING,1,2015,11,10/03/2015 00:00,QLD1,165205.4279,138037.5624,0.8356
D,CO2EII,PUBLISHING,1,2015,11,10/03/2015 00:00,SA1,22562.97631,15287.25703,0.6775
D,CO2EII,PUBLISHING,1,2015,11,10/03/2015 00:00,TAS1,17966.50878,2.07460374,0.0001
D,CO2EII,PUBLISHING,1,2015,11,10/03/2015 00:00,VIC1,147899.7421,188144.7424,1.2721
D,CO2EII,PUBLISHING,1,2015,11,11/03/2015 00:00,NEM,536276.0811,494642.9899,0.9224
D,CO2EII,PUBLISHING,1,2015,11,11/03/2015 00:00,NSW1,176146.4357,163206.2843,0.9265
D,CO2EII,PUBLISHING,1,2015,11,11/03/2015 00:00,QLD1,172715.6811,143254.8486,0.8294
D,CO2EII,PUBLISHING,1,2015,11,11/03/2015 00:00,SA1,25517.8587,15672.08272,0.6142
D,CO2EII,PUBLISHING,1,2015,11,11/03/2015 00:00,TAS1,18214.41607,2.0187144,0.0001
D,CO2EII,PUBLISHING,1,2015,11,11/03/2015 00:00,VIC1,143681.6895,172507.7555,1.2006
D,CO2EII,PUBLISHING,1,2015,11,12/03/2015 00:00,NEM,530033.343,486558.9351,0.918
D,CO2EII,PUBLISHING,1,2015,11,12/03/2015 00:00,NSW1,157404.5527,146225.57,0.929
D,CO2EII,PUBLISHING,1,2015,11,12/03/2015 00:00,QLD1,177861.9217,147321.782,0.8283
D,CO2EII,PUBLISHING,1,2015,11,12/03/2015 00:00,SA1,30096.16893,16203.83263,0.5384
D,CO2EII,PUBLISHING,1,2015,11,12/03/2015 00:00,TAS1,17378.34642,2.07116473,0.0001
D,CO2EII,PUBLISHING,1,2015,11,12/03/2015 00:00,VIC1,147292.3532,176805.6793,1.2004
D,CO2EII,PUBLISHING,1,2015,11,13/03/2015 00:00,NEM,511704.2465,470865.9428,0.9202
D,CO2EII,PUBLISHING,1,2015,11,13/03/2015 00:00,NSW1,143740.8767,131721.1605,0.9164
D,CO2EII,PUBLISHING,1,2015,11,13/03/2015 00:00,QLD1,175187.0596,144173.1956,0.823
D,CO2EII,PUBLISHING,1,2015,11,13/03/2015 00:00,SA1,30245.88982,16804.5055,0.5556
D,CO2EII,PUBLISHING,1,2015,11,13/03/2015 00:00,TAS1,16822.13193,2.05534218,0.0001
D,CO2EII,PUBLISHING,1,2015,11,13/03/2015 00:00,VIC1,145708.2884,178165.0259,1.2228
D,CO2EII,PUBLISHING,1,2015,11,14/03/2015 00:00,NEM,468353.8537,431976.0292,0.9223
D,CO2EII,PUBLISHING,1,2015,11,14/03/2015 00:00,NSW1,125490.174,115866.9462,0.9233
D,CO2EII,PUBLISHING,1,2015,11,14/03/2015 00:00,QLD1,162874.6571,132590.7055,0.8141
D,CO2EII,PUBLISHING,1,2015,11,14/03/2015 00:00,SA1,27220.98743,15303.52348,0.5622
D,CO2EII,PUBLISHING,1,2015,11,14/03/2015 00:00,TAS1,16564.87175,2.12816552,0.0001
D,CO2EII,PUBLISHING,1,2015,11,14/03/2015 00:00,VIC1,136203.1634,168212.7259,1.235
D,CO2EII,PUBLISHING,1,2015,12,15/03/2015 00:00,NEM,456303.2139,419361.8675,0.919
D,CO2EII,PUBLISHING,1,2015,12,15/03/2015 00:00,NSW1,122876.3406,112717.0751,0.9173
D,CO2EII,PUBLISHING,1,2015,12,15/03/2015 00:00,QLD1,157079.3214,129029.736,0.8214
D,CO2EII,PUBLISHING,1,2015,12,15/03/2015 00:00,SA1,29691.78345,15854.91691,0.534
D,CO2EII,PUBLISHING,1,2015,12,15/03/2015 00:00,TAS1,15405.23232,2.03169185,0.0001
D,CO2EII,PUBLISHING,1,2015,12,15/03/2015 00:00,VIC1,131250.536,161758.1078,1.2324
D,CO2EII,PUBLISHING,1,2015,12,16/03/2015 00:00,NEM,510012.4959,470806.9818,0.9231
D,CO2EII,PUBLISHING,1,2015,12,16/03/2015 00:00,NSW1,144253.3582,136472.1516,0.9461
D,CO2EII,PUBLISHING,1,2015,12,16/03/2015 00:00,QLD1,172341.0579,141894.6459,0.8233
D,CO2EII,PUBLISHING,1,2015,12,16/03/2015 00:00,SA1,35027.82543,16632.67929,0.4748
D,CO2EII,PUBLISHING,1,2015,12,16/03/2015 00:00,TAS1,15575.80209,2.0602084,0.0001
D,CO2EII,PUBLISHING,1,2015,12,16/03/2015 00:00,VIC1,142814.4523,175805.4448,1.231
D,CO2EII,PUBLISHING,1,2015,12,17/03/2015 00:00,NEM,522778.4896,468654.519,0.8965
D,CO2EII,PUBLISHING,1,2015,12,17/03/2015 00:00,NSW1,142387.439,133676.6226,0.9388
D,CO2EII,PUBLISHING,1,2015,12,17/03/2015 00:00,QLD1,172923.1361,142681.3911,0.8251
D,CO2EII,PUBLISHING,1,2015,12,17/03/2015 00:00,SA1,39833.46264,16293.46968,0.409
D,CO2EII,PUBLISHING,1,2015,12,17/03/2015 00:00,TAS1,15738.71487,2.02204282,0.0001
D,CO2EII,PUBLISHING,1,2015,12,17/03/2015 00:00,VIC1,151895.737,176001.0137,1.1587
D,CO2EII,PUBLISHING,1,2015,12,18/03/2015 00:00,NEM,525964.9374,484036.0075,0.9203
D,CO2EII,PUBLISHING,1,2015,12,18/03/2015 00:00,NSW1,157547.5075,146725.1563,0.9313
D,CO2EII,PUBLISHING,1,2015,12,18/03/2015 00:00,QLD1,172403.9084,143148.1589,0.8303
D,CO2EII,PUBLISHING,1,2015,12,18/03/2015 00:00,SA1,31732.11714,17475.64784,0.5507
D,CO2EII,PUBLISHING,1,2015,12,18/03/2015 00:00,TAS1,14570.0438,2.03778766,0.0001
D,CO2EII,PUBLISHING,1,2015,12,18/03/2015 00:00,VIC1,149711.3605,176685.0067,1.1802
D,CO2EII,PUBLISHING,1,2015,12,19/03/2015 00:00,NEM,552644.7049,485812.8981,0.8791
D,CO2EII,PUBLISHING,1,2015,12,19/03/2015 00:00,NSW1,163085.6563,151740.8384,0.9304
D,CO2EII,PUBLISHING,1,2015,12,19/03/2015 00:00,QLD1,176915.2763,148438.3287,0.839
D,CO2EII,PUBLISHING,1,2015,12,19/03/2015 00:00,SA1,42290.5658,15998.00532,0.3783
D,CO2EII,PUBLISHING,1,2015,12,19/03/2015 00:00,TAS1,15607.91294,2.09693428,0.0001
D,CO2EII,PUBLISHING,1,2015,12,19/03/2015 00:00,VIC1,154745.2935,169633.6288,1.0962
D,CO2EII,PUBLISHING,1,2015,12,20/03/2015 00:00,NEM,538385.4416,486628.404,0.9039
D,CO2EII,PUBLISHING,1,2015,12,20/03/2015 00:00,NSW1,166724.228,151502.2474,0.9087
D,CO2EII,PUBLISHING,1,2015,12,20/03/2015 00:00,QLD1,178308.4871,149701.2507,0.8396
D,CO2EII,PUBLISHING,1,2015,12,20/03/2015 00:00,SA1,29605.80503,16303.83416,0.5507
D,CO2EII,PUBLISHING,1,2015,12,20/03/2015 00:00,TAS1,17194.03298,2.01526963,0.0001
D,CO2EII,PUBLISHING,1,2015,12,20/03/2015 00:00,VIC1,146552.8885,169119.0564,1.154
D,CO2EII,PUBLISHING,1,2015,12,21/03/2015 00:00,NEM,475087.2477,443410.7198,0.9333
D,CO2EII,PUBLISHING,1,2015,12,21/03/2015 00:00,NSW1,138214.536,122578.0821,0.8869
D,CO2EII,PUBLISHING,1,2015,12,21/03/2015 00:00,QLD1,162927.9109,135684.703,0.8328
D,CO2EII,PUBLISHING,1,2015,12,21/03/2015 00:00,SA1,23807.0304,13492.20872,0.5667
D,CO2EII,PUBLISHING,1,2015,12,21/03/2015 00:00,TAS1,14218.61825,2.01140957,0.0001
D,CO2EII,PUBLISHING,1,2015,12,21/03/2015 00:00,VIC1,135919.1521,171653.7146,1.2629
D,CO2EII,PUBLISHING,1,2015,13,22/03/2015 00:00,NEM,461007.7178,435716.6077,0.9451
D,CO2EII,PUBLISHING,1,2015,13,22/03/2015 00:00,NSW1,132452.9862,118257.508,0.8928
D,CO2EII,PUBLISHING,1,2015,13,22/03/2015 00:00,QLD1,148269.7309,126539.1365,0.8534
D,CO2EII,PUBLISHING,1,2015,13,22/03/2015 00:00,SA1,25245.86665,13806.69593,0.5469
D,CO2EII,PUBLISHING,1,2015,13,22/03/2015 00:00,TAS1,14892.92451,2.06631446,0.0001
D,CO2EII,PUBLISHING,1,2015,13,22/03/2015 00:00,VIC1,140146.2096,177111.2009,1.2638
D,CO2EII,PUBLISHING,1,2015,13,23/03/2015 00:00,NEM,523585.3009,460651.0153,0.8798
D,CO2EII,PUBLISHING,1,2015,13,23/03/2015 00:00,NSW1,158601.6852,137094.4249,0.8644
D,CO2EII,PUBLISHING,1,2015,13,23/03/2015 00:00,QLD1,158644.9552,133845.9532,0.8437
D,CO2EII,PUBLISHING,1,2015,13,23/03/2015 00:00,SA1,34262.11221,11378.39389,0.3321
D,CO2EII,PUBLISHING,1,2015,13,23/03/2015 00:00,TAS1,16937.97438,2.06505924,0.0001
D,CO2EII,PUBLISHING,1,2015,13,23/03/2015 00:00,VIC1,155138.5739,178330.1783,1.1495
D,CO2EII,PUBLISHING,1,2015,13,24/03/2015 00:00,NEM,527138.8077,480520.5698,0.9116
D,CO2EII,PUBLISHING,1,2015,13,24/03/2015 00:00,NSW1,165047.7348,152793.3412,0.9258
D,CO2EII,PUBLISHING,1,2015,13,24/03/2015 00:00,QLD1,164279.8709,138481.0941,0.843
D,CO2EII,PUBLISHING,1,2015,13,24/03/2015 00:00,SA1,24604.73246,14886.77676,0.605
D,CO2EII,PUBLISHING,1,2015,13,24/03/2015 00:00,TAS1,18843.24944,2.03429157,0.0001
D,CO2EII,PUBLISHING,1,2015,13,24/03/2015 00:00,VIC1,154363.22,174357.3234,1.1295
D,CO2EII,PUBLISHING,1,2015,13,25/03/2015 00:00,NEM,520014.3593,476397.6615,0.9161
D,CO2EII,PUBLISHING,1,2015,13,25/03/2015 00:00,NSW1,160590.3712,149699.3832,0.9322
D,CO2EII,PUBLISHING,1,2015,13,25/03/2015 00:00,QLD1,165394.4978,139947.3363,0.8461
D,CO2EII,PUBLISHING,1,2015,13,25/03/2015 00:00,SA1,29193.51044,13244.30418,0.4537
D,CO2EII,PUBLISHING,1,2015,13,25/03/2015 00:00,TAS1,18037.62787,2.07931668,0.0001
D,CO2EII,PUBLISHING,1,2015,13,25/03/2015 00:00,VIC1,146798.352,173504.5584,1.1819
D,CO2EII,PUBLISHING,1,2015,13,26/03/2015 00:00,NEM,531805.9716,462100.0788,0.8689
D,CO2EII,PUBLISHING,1,2015,13,26/03/2015 00:00,NSW1,159374.5656,136357.1009,0.8556
D,CO2EII,PUBLISHING,1,2015,13,26/03/2015 00:00,QLD1,166420.6937,140754.1968,0.8458
D,CO2EII,PUBLISHING,1,2015,13,26/03/2015 00:00,SA1,32441.02642,12304.61394,0.3793
D,CO2EII,PUBLISHING,1,2015,13,26/03/2015 00:00,TAS1,21077.69415,2.14513361,0.0001
D,CO2EII,PUBLISHING,1,2015,13,26/03/2015 00:00,VIC1,152491.9918,172682.0221,1.1324
D,CO2EII,PUBLISHING,1,2015,13,27/03/2015 00:00,NEM,516819.823,470532.1581,0.9104
D,CO2EII,PUBLISHING,1,2015,13,27/03/2015 00:00,NSW1,156150.7286,139492.8718,0.8933
D,CO2EII,PUBLISHING,1,2015,13,27/03/2015 00:00,QLD1,164969.88,139051.5086,0.8429
D,CO2EII,PUBLISHING,1,2015,13,27/03/2015 00:00,SA1,21966.92672,14372.20153,0.6543
D,CO2EII,PUBLISHING,1,2015,13,27/03/2015 00:00,TAS1,19086.77542,27.39868102,0.0014
D,CO2EII,PUBLISHING,1,2015,13,27/03/2015 00:00,VIC1,154645.5123,177588.1774,1.1484
D,CO2EII,PUBLISHING,1,2015,13,28/03/2015 00:00,NEM,463511.8092,447085.9793,0.9646
D,CO2EII,PUBLISHING,1,2015,13,28/03/2015 00:00,NSW1,137526.1842,124336.947,0.9041
D,CO2EII,PUBLISHING,1,2015,13,28/03/2015 00:00,QLD1,158314.5231,136241.5762,0.8606
D,CO2EII,PUBLISHING,1,2015,13,28/03/2015 00:00,SA1,21023.0591,14911.96326,0.7093
D,CO2EII,PUBLISHING,1,2015,13,28/03/2015 00:00,TAS1,15843.89492,2.12476625,0.0001
D,CO2EII,PUBLISHING,1,2015,13,28/03/2015 00:00,VIC1,130804.1479,171593.3681,1.3118
D,CO2EII,PUBLISHING,1,2015,14,29/03/2015 00:00,NEM,451815.574,444586.7423,0.984
D,CO2EII,PUBLISHING,1,2015,14,29/03/2015 00:00,NSW1,138748.947,125687.7157,0.9059
D,CO2EII,PUBLISHING,1,2015,14,29/03/2015 00:00,QLD1,143521.4231,125732.5018,0.8761
D,CO2EII,PUBLISHING,1,2015,14,29/03/2015 00:00,SA1,15712.32618,12560.13465,0.7994
D,CO2EII,PUBLISHING,1,2015,14,29/03/2015 00:00,TAS1,16181.52921,2.10600732,0.0001
D,CO2EII,PUBLISHING,1,2015,14,29/03/2015 00:00,VIC1,137651.3485,180604.2842,1.312
D,CO2EII,PUBLISHING,1,2015,14,30/03/2015 00:00,NEM,502970.3322,479347.1944,0.953
D,CO2EII,PUBLISHING,1,2015,14,30/03/2015 00:00,NSW1,153929.3817,147171.4973,0.9561
D,CO2EII,PUBLISHING,1,2015,14,30/03/2015 00:00,QLD1,158267.7703,136285.226,0.8611
D,CO2EII,PUBLISHING,1,2015,14,30/03/2015 00:00,SA1,21772.56142,15615.14316,0.7172
D,CO2EII,PUBLISHING,1,2015,14,30/03/2015 00:00,TAS1,19162.87146,2.07895052,0.0001
D,CO2EII,PUBLISHING,1,2015,14,30/03/2015 00:00,VIC1,149837.7473,180273.2491,1.2031
D,CO2EII,PUBLISHING,1,2015,14,31/03/2015 00:00,NEM,508498.8669,471058.321,0.9264
D,CO2EII,PUBLISHING,1,2015,14,31/03/2015 00:00,NSW1,147995.2901,138486.6957,0.9358
D,CO2EII,PUBLISHING,1,2015,14,31/03/2015 00:00,QLD1,162053.2318,138848.0716,0.8568
D,CO2EII,PUBLISHING,1,2015,14,31/03/2015 00:00,SA1,26885.86442,16757.93431,0.6233
D,CO2EII,PUBLISHING,1,2015,14,31/03/2015 00:00,TAS1,20401.08146,2.04237844,0.0001
D,CO2EII,PUBLISHING,1,2015,14,31/03/2015 00:00,VIC1,151163.3992,176963.577,1.1707
D,CO2EII,PUBLISHING,1,2015,14,01/04/2015 00:00,NEM,514733.7035,450400.337,0.875
D,CO2EII,PUBLISHING,1,2015,14,01/04/2015 00:00,NSW1,138683.8633,126140.3977,0.9096
D,CO2EII,PUBLISHING,1,2015,14,01/04/2015 00:00,QLD1,170086.355,145733.9044,0.8568
D,CO2EII,PUBLISHING,1,2015,14,01/04/2015 00:00,SA1,32931.72906,12656.37902,0.3843
D,CO2EII,PUBLISHING,1,2015,14,01/04/2015 00:00,TAS1,20572.96687,2.19952431,0.0001
D,CO2EII,PUBLISHING,1,2015,14,01/04/2015 00:00,VIC1,152458.7894,165867.4564,1.0879
D,CO2EII,PUBLISHING,1,2015,14,02/04/2015 00:00,NEM,503973.6102,444125.7778,0.8812
D,CO2EII,PUBLISHING,1,2015,14,02/04/2015 00:00,NSW1,143713.8641,129812.397,0.9033
D,CO2EII,PUBLISHING,1,2015,14,02/04/2015 00:00,QLD1,162088.5846,139323.9985,0.8596
D,CO2EII,PUBLISHING,1,2015,14,02/04/2015 00:00,SA1,32563.1086,10722.30761,0.3293
D,CO2EII,PUBLISHING,1,2015,14,02/04/2015 00:00,TAS1,21002.47858,2.17718715,0.0001
D,CO2EII,PUBLISHING,1,2015,14,02/04/2015 00:00,VIC1,144605.5744,164264.8975,1.136
D,CO2EII,PUBLISHING,1,2015,14,03/04/2015 00:00,NEM,442360.194,409808.9917,0.9264
D,CO2EII,PUBLISHING,1,2015,14,03/04/2015 00:00,NSW1,115289.853,106162.1915,0.9208
D,CO2EII,PUBLISHING,1,2015,14,03/04/2015 00:00,QLD1,155964.4827,133625.9909,0.8568
D,CO2EII,PUBLISHING,1,2015,14,03/04/2015 00:00,SA1,25478.12849,10611.38044,0.4165
D,CO2EII,PUBLISHING,1,2015,14,03/04/2015 00:00,TAS1,17009.88645,2.22498207,0.0001
D,CO2EII,PUBLISHING,1,2015,14,03/04/2015 00:00,VIC1,128617.8433,159407.2039,1.2394
D,CO2EII,PUBLISHING,1,2015,14,04/04/2015 00:00,NEM,446586.0149,432247.0075,0.9679
D,CO2EII,PUBLISHING,1,2015,14,04/04/2015 00:00,NSW1,127986.7391,118325.4273,0.9245
D,CO2EII,PUBLISHING,1,2015,14,04/04/2015 00:00,QLD1,150530.5959,128612.9402,0.8544
D,CO2EII,PUBLISHING,1,2015,14,04/04/2015 00:00,SA1,18499.14396,11374.74572,0.6149
D,CO2EII,PUBLISHING,1,2015,14,04/04/2015 00:00,TAS1,16624.82323,2.22436708,0.0001
D,CO2EII,PUBLISHING,1,2015,14,04/04/2015 00:00,VIC1,132944.7127,173931.6699,1.3083
D,CO2EII,PUBLISHING,1,2015,15,05/04/2015 00:00,NEM,432698.6172,423096.6275,0.9778
D,CO2EII,PUBLISHING,1,2015,15,05/04/2015 00:00,NSW1,114510.3144,108769.4472,0.9499
D,CO2EII,PUBLISHING,1,2015,15,05/04/2015 00:00,QLD1,150241.8449,127722.9212,0.8501
D,CO2EII,PUBLISHING,1,2015,15,05/04/2015 00:00,SA1,18632.42276,10582.45492,0.568
D,CO2EII,PUBLISHING,1,2015,15,05/04/2015 00:00,TAS1,15343.31831,2.26211259,0.0001
D,CO2EII,PUBLISHING,1,2015,15,05/04/2015 00:00,VIC1,133970.7168,176019.5421,1.3139
D,CO2EII,PUBLISHING,1,2015,15,06/04/2015 00:00,NEM,450489.3143,424452.1119,0.9422
D,CO2EII,PUBLISHING,1,2015,15,06/04/2015 00:00,NSW1,111148.7331,104877.4116,0.9436
D,CO2EII,PUBLISHING,1,2015,15,06/04/2015 00:00,QLD1,158151.2569,134908.7291,0.853
D,CO2EII,PUBLISHING,1,2015,15,06/04/2015 00:00,SA1,33341.12662,10307.39535,0.3091
D,CO2EII,PUBLISHING,1,2015,15,06/04/2015 00:00,TAS1,15428.45095,2.18562895,0.0001
D,CO2EII,PUBLISHING,1,2015,15,06/04/2015 00:00,VIC1,132419.7467,174356.3902,1.3167
D,CO2EII,PUBLISHING,1,2015,15,07/04/2015 00:00,NEM,508656.2632,452397.1203,0.8894
D,CO2EII,PUBLISHING,1,2015,15,07/04/2015 00:00,NSW1,129039.297,118333.8034,0.917
D,CO2EII,PUBLISHING,1,2015,15,07/04/2015 00:00,QLD1,174562.5029,148420.096,0.8502
D,CO2EII,PUBLISHING,1,2015,15,07/04/2015 00:00,SA1,32288.68975,10714.13155,0.3318
D,CO2EII,PUBLISHING,1,2015,15,07/04/2015 00:00,TAS1,19148.30222,2.13799075,0.0001
D,CO2EII,PUBLISHING,1,2015,15,07/04/2015 00:00,VIC1,153617.4715,174926.9513,1.1387
D,CO2EII,PUBLISHING,1,2015,15,08/04/2015 00:00,NEM,494539.6464,458809.4533,0.9278
D,CO2EII,PUBLISHING,1,2015,15,08/04/2015 00:00,NSW1,136796.0098,122941.7939,0.8987
D,CO2EII,PUBLISHING,1,2015,15,08/04/2015 00:00,QLD1,156453.9932,134390.9366,0.859
D,CO2EII,PUBLISHING,1,2015,15,08/04/2015 00:00,SA1,22743.54591,14224.83793,0.6254
D,CO2EII,PUBLISHING,1,2015,15,08/04/2015 00:00,TAS1,18727.30426,2.05111164,0.0001
D,CO2EII,PUBLISHING,1,2015,15,08/04/2015 00:00,VIC1,159818.7932,187249.8337,1.1716
D,CO2EII,PUBLISHING,1,2015,15,09/04/2015 00:00,NEM,496040.2787,464406.5262,0.9362
D,CO2EII,PUBLISHING,1,2015,15,09/04/2015 00:00,NSW1,139887.1636,131816.3839,0.9423
D,CO2EII,PUBLISHING,1,2015,15,09/04/2015 00:00,QLD1,153211.0888,130784.5767,0.8536
D,CO2EII,PUBLISHING,1,2015,15,09/04/2015 00:00,SA1,23213.12367,14450.45005,0.6225
D,CO2EII,PUBLISHING,1,2015,15,09/04/2015 00:00,TAS1,18221.89033,2.09848412,0.0001
D,CO2EII,PUBLISHING,1,2015,15,09/04/2015 00:00,VIC1,161507.0122,187353.0171,1.16
D,CO2EII,PUBLISHING,1,2015,15,10/04/2015 00:00,NEM,494458.8955,461307.9929,0.933
D,CO2EII,PUBLISHING,1,2015,15,10/04/2015 00:00,NSW1,133953.5648,126925.7485,0.9475
D,CO2EII,PUBLISHING,1,2015,15,10/04/2015 00:00,QLD1,163631.2402,138434.9078,0.846
D,CO2EII,PUBLISHING,1,2015,15,10/04/2015 00:00,SA1,21743.84978,14237.41689,0.6548
D,CO2EII,PUBLISHING,1,2015,15,10/04/2015 00:00,TAS1,17990.75683,2.1682622,0.0001
D,CO2EII,PUBLISHING,1,2015,15,10/04/2015 00:00,VIC1,157139.4839,181707.7514,1.1563
D,CO2EII,PUBLISHING,1,2015,15,11/04/2015 00:00,NEM,457113.8503,439599.3041,0.9617
D,CO2EII,PUBLISHING,1,2015,15,11/04/2015 00:00,NSW1,122422.5946,118026.6849,0.9641
D,CO2EII,PUBLISHING,1,2015,15,11/04/2015 00:00,QLD1,156496.3937,132378.2999,0.8459
D,CO2EII,PUBLISHING,1,2015,15,11/04/2015 00:00,SA1,19556.94949,13699.54957,0.7005
D,CO2EII,PUBLISHING,1,2015,15,11/04/2015 00:00,TAS1,16946.94564,2.18132882,0.0001
D,CO2EII,PUBLISHING,1,2015,15,11/04/2015 00:00,VIC1,141690.9668,175492.5884,1.2386
D,CO2EII,PUBLISHING,1,2015,16,12/04/2015 00:00,NEM,444952.6885,422958.6336,0.9506
D,CO2EII,PUBLISHING,1,2015,16,12/04/2015 00:00,NSW1,117699.1775,112968.1239,0.9598
D,CO2EII,PUBLISHING,1,2015,16,12/04/2015 00:00,QLD1,150316.0739,129146.4056,0.8592
D,CO2EII,PUBLISHING,1,2015,16,12/04/2015 00:00,SA1,19365.00865,9837.851787,0.508
D,CO2EII,PUBLISHING,1,2015,16,12/04/2015 00:00,TAS1,17025.17452,2.12735462,0.0001
D,CO2EII,PUBLISHING,1,2015,16,12/04/2015 00:00,VIC1,140547.2539,171004.125,1.2167
D,CO2EII,PUBLISHING,1,2015,16,13/04/2015 00:00,NEM,499086.9201,462754.166,0.9272
D,CO2EII,PUBLISHING,1,2015,16,13/04/2015 00:00,NSW1,134613.4226,128151.8559,0.952
D,CO2EII,PUBLISHING,1,2015,16,13/04/2015 00:00,QLD1,163596.873,139585.1029,0.8532
D,CO2EII,PUBLISHING,1,2015,16,13/04/2015 00:00,SA1,25315.2646,13422.77526,0.5302
D,CO2EII,PUBLISHING,1,2015,16,13/04/2015 00:00,TAS1,18793.92132,2.15073078,0.0001
D,CO2EII,PUBLISHING,1,2015,16,13/04/2015 00:00,VIC1,156767.4385,181592.2813,1.1584
D,CO2EII,PUBLISHING,1,2015,16,14/04/2015 00:00,NEM,505164.6638,461335.3207,0.9132
D,CO2EII,PUBLISHING,1,2015,16,14/04/2015 00:00,NSW1,139073.7982,133011.5387,0.9564
D,CO2EII,PUBLISHING,1,2015,16,14/04/2015 00:00,QLD1,158948.2573,135539.8201,0.8527
D,CO2EII,PUBLISHING,1,2015,16,14/04/2015 00:00,SA1,27823.43235,12275.69422,0.4412
D,CO2EII,PUBLISHING,1,2015,16,14/04/2015 00:00,TAS1,20218.04456,14.3505213,0.0007
D,CO2EII,PUBLISHING,1,2015,16,14/04/2015 00:00,VIC1,159101.1315,180493.9172,1.1345
D,CO2EII,PUBLISHING,1,2015,16,15/04/2015 00:00,NEM,504736.4923,468556.5428,0.9283
D,CO2EII,PUBLISHING,1,2015,16,15/04/2015 00:00,NSW1,144438.9993,135326.4678,0.9369
D,CO2EII,PUBLISHING,1,2015,16,15/04/2015 00:00,QLD1,160410.0771,138325.8947,0.8623
D,CO2EII,PUBLISHING,1,2015,16,15/04/2015 00:00,SA1,21506.52659,15179.73136,0.7058
D,CO2EII,PUBLISHING,1,2015,16,15/04/2015 00:00,TAS1,21493.26182,2.1639994,0.0001
D,CO2EII,PUBLISHING,1,2015,16,15/04/2015 00:00,VIC1,156887.6275,179722.285,1.1455
D,CO2EII,PUBLISHING,1,2015,16,16/04/2015 00:00,NEM,510243.9643,468510.437,0.9182
D,CO2EII,PUBLISHING,1,2015,16,16/04/2015 00:00,NSW1,146953.4695,131876.4751,0.8974
D,CO2EII,PUBLISHING,1,2015,16,16/04/2015 00:00,QLD1,156274.6679,137532.0796,0.8801
D,CO2EII,PUBLISHING,1,2015,16,16/04/2015 00:00,SA1,25691.74924,12164.88077,0.4735
D,CO2EII,PUBLISHING,1,2015,16,16/04/2015 00:00,TAS1,26571.23285,10.92424221,0.0004
D,CO2EII,PUBLISHING,1,2015,16,16/04/2015 00:00,VIC1,154752.8448,186926.0774,1.2079
D,CO2EII,PUBLISHING,1,2015,16,17/04/2015 00:00,NEM,514743.2993,482184.919,0.9367
D,CO2EII,PUBLISHING,1,2015,16,17/04/2015 00:00,NSW1,152354.769,140172.4813,0.92
D,CO2EII,PUBLISHING,1,2015,16,17/04/2015 00:00,QLD1,158308.9529,137012.0836,0.8655
D,CO2EII,PUBLISHING,1,2015,16,17/04/2015 00:00,SA1,24600.38052,14592.76791,0.5932
D,CO2EII,PUBLISHING,1,2015,16,17/04/2015 00:00,TAS1,25881.57167,2.34707933,0.0001
D,CO2EII,PUBLISHING,1,2015,16,17/04/2015 00:00,VIC1,153597.6252,190405.2391,1.2396
D,CO2EII,PUBLISHING,1,2015,16,18/04/2015 00:00,NEM,466914.1317,418737.8773,0.8968
D,CO2EII,PUBLISHING,1,2015,16,18/04/2015 00:00,NSW1,138268.6853,123065.6221,0.89
D,CO2EII,PUBLISHING,1,2015,16,18/04/2015 00:00,QLD1,146434.2905,126811.6789,0.866
D,CO2EII,PUBLISHING,1,2015,16,18/04/2015 00:00,SA1,28552.49623,8612.773124,0.3016
D,CO2EII,PUBLISHING,1,2015,16,18/04/2015 00:00,TAS1,23103.77023,2.28949188,0.0001
D,CO2EII,PUBLISHING,1,2015,16,18/04/2015 00:00,VIC1,130554.8894,160245.5137,1.2274
D,CO2EII,PUBLISHING,1,2015,17,19/04/2015 00:00,NEM,461514.9242,419116.1376,0.9081
D,CO2EII,PUBLISHING,1,2015,17,19/04/2015 00:00,NSW1,137896.7268,127383.9994,0.9238
D,CO2EII,PUBLISHING,1,2015,17,19/04/2015 00:00,QLD1,144517.58,125532.3932,0.8686
D,CO2EII,PUBLISHING,1,2015,17,19/04/2015 00:00,SA1,29856.76788,11379.20713,0.3811
D,CO2EII,PUBLISHING,1,2015,17,19/04/2015 00:00,TAS1,19171.21559,2.160432,0.0001
D,CO2EII,PUBLISHING,1,2015,17,19/04/2015 00:00,VIC1,130072.6339,154818.3775,1.1902
D,CO2EII,PUBLISHING,1,2015,17,20/04/2015 00:00,NEM,523589.9839,465143.4213,0.8884
D,CO2EII,PUBLISHING,1,2015,17,20/04/2015 00:00,NSW1,166822.068,151442.5955,0.9078
D,CO2EII,PUBLISHING,1,2015,17,20/04/2015 00:00,QLD1,160047.248,137589.2204,0.8597
D,CO2EII,PUBLISHING,1,2015,17,20/04/2015 00:00,SA1,33706.20681,14254.26444,0.4229
D,CO2EII,PUBLISHING,1,2015,17,20/04/2015 00:00,TAS1,21908.52985,2.11252141,0.0001
D,CO2EII,PUBLISHING,1,2015,17,20/04/2015 00:00,VIC1,141105.9313,161855.2283,1.147
D,CO2EII,PUBLISHING,1,2015,17,21/04/2015 00:00,NEM,512871.7788,461113.1406,0.8991
D,CO2EII,PUBLISHING,1,2015,17,21/04/2015 00:00,NSW1,160652.6544,141868.0463,0.8831
D,CO2EII,PUBLISHING,1,2015,17,21/04/2015 00:00,QLD1,150791.0288,130635.5771,0.8663
D,CO2EII,PUBLISHING,1,2015,17,21/04/2015 00:00,SA1,32033.77347,13686.24645,0.4272
D,CO2EII,PUBLISHING,1,2015,17,21/04/2015 00:00,TAS1,20933.45127,2.20076162,0.0001
D,CO2EII,PUBLISHING,1,2015,17,21/04/2015 00:00,VIC1,148460.8709,174921.07,1.1782
D,CO2EII,PUBLISHING,1,2015,17,22/04/2015 00:00,NEM,504613.7597,458626.2603,0.9089
D,CO2EII,PUBLISHING,1,2015,17,22/04/2015 00:00,NSW1,153382.719,136985.8665,0.8931
D,CO2EII,PUBLISHING,1,2015,17,22/04/2015 00:00,QLD1,155734.0808,133824.5767,0.8593
D,CO2EII,PUBLISHING,1,2015,17,22/04/2015 00:00,SA1,24147.74866,15112.58929,0.6258
D,CO2EII,PUBLISHING,1,2015,17,22/04/2015 00:00,TAS1,23569.19403,2.22810204,0.0001
D,CO2EII,PUBLISHING,1,2015,17,22/04/2015 00:00,VIC1,147780.0172,172700.9997,1.1686
D,CO2EII,PUBLISHING,1,2015,17,23/04/2015 00:00,NEM,503322.6648,465841.8337,0.9255
D,CO2EII,PUBLISHING,1,2015,17,23/04/2015 00:00,NSW1,150865.9466,140427.4181,0.9308
D,CO2EII,PUBLISHING,1,2015,17,23/04/2015 00:00,QLD1,160443.7909,136650.5712,0.8517
D,CO2EII,PUBLISHING,1,2015,17,23/04/2015 00:00,SA1,23090.40198,18190.31785,0.7878
D,CO2EII,PUBLISHING,1,2015,17,23/04/2015 00:00,TAS1,25259.72917,2.21352687,0.0001
D,CO2EII,PUBLISHING,1,2015,17,23/04/2015 00:00,VIC1,143662.7961,170571.3131,1.1873
D,CO2EII,PUBLISHING,1,2015,17,24/04/2015 00:00,NEM,503019.9379,453079.1175,0.9007
D,CO2EII,PUBLISHING,1,2015,17,24/04/2015 00:00,NSW1,151898.1688,144322.5118,0.9501
D,CO2EII,PUBLISHING,1,2015,17,24/04/2015 00:00,QLD1,162697.0107,138349.5279,0.8504
D,CO2EII,PUBLISHING,1,2015,17,24/04/2015 00:00,SA1,29431.63917,9812.202813,0.3334
D,CO2EII,PUBLISHING,1,2015,17,24/04/2015 00:00,TAS1,23665.47563,2.25503459,0.0001
D,CO2EII,PUBLISHING,1,2015,17,24/04/2015 00:00,VIC1,135327.6436,160592.62,1.1867
D,CO2EII,PUBLISHING,1,2015,17,25/04/2015 00:00,NEM,459342.8157,424712.9352,0.9246
D,CO2EII,PUBLISHING,1,2015,17,25/04/2015 00:00,NSW1,132581.7578,130043.6647,0.9809
D,CO2EII,PUBLISHING,1,2015,17,25/04/2015 00:00,QLD1,151094.1906,127667.9389,0.845
D,CO2EII,PUBLISHING,1,2015,17,25/04/2015 00:00,SA1,29867.43107,9080.815126,0.304
D,CO2EII,PUBLISHING,1,2015,17,25/04/2015 00:00,TAS1,17413.62202,2.16115471,0.0001
D,CO2EII,PUBLISHING,1,2015,17,25/04/2015 00:00,VIC1,128385.8142,157918.3552,1.23
D,CO2EII,PUBLISHING,1,2015,18,26/04/2015 00:00,NEM,462952.8956,427899.875,0.9243
D,CO2EII,PUBLISHING,1,2015,18,26/04/2015 00:00,NSW1,139028.5606,131559.0444,0.9463
D,CO2EII,PUBLISHING,1,2015,18,26/04/2015 00:00,QLD1,151151.2341,129179.176,0.8546
D,CO2EII,PUBLISHING,1,2015,18,26/04/2015 00:00,SA1,20921.40739,10827.29769,0.5175
D,CO2EII,PUBLISHING,1,2015,18,26/04/2015 00:00,TAS1,19796.46077,2.13837206,0.0001
D,CO2EII,PUBLISHING,1,2015,18,26/04/2015 00:00,VIC1,132055.2327,156332.2186,1.1838
D,CO2EII,PUBLISHING,1,2015,18,27/04/2015 00:00,NEM,511712.0667,469316.3602,0.9171
D,CO2EII,PUBLISHING,1,2015,18,27/04/2015 00:00,NSW1,154218.2931,148362.3214,0.962
D,CO2EII,PUBLISHING,1,2015,18,27/04/2015 00:00,QLD1,162632.2082,139207.3166,0.856
D,CO2EII,PUBLISHING,1,2015,18,27/04/2015 00:00,SA1,24102.71514,18549.42799,0.7696
D,CO2EII,PUBLISHING,1,2015,18,27/04/2015 00:00,TAS1,26790.22943,147.0837766,0.0055
D,CO2EII,PUBLISHING,1,2015,18,27/04/2015 00:00,VIC1,143968.6207,163050.2104,1.1325
D,CO2EII,PUBLISHING,1,2015,18,28/04/2015 00:00,NEM,515397.2673,477086.7458,0.9257
D,CO2EII,PUBLISHING,1,2015,18,28/04/2015 00:00,NSW1,156077.1361,152185.6573,0.9751
D,CO2EII,PUBLISHING,1,2015,18,28/04/2015 00:00,QLD1,160859.3447,138108.2219,0.8586
D,CO2EII,PUBLISHING,1,2015,18,28/04/2015 00:00,SA1,25839.3564,20427.1533,0.7905
D,CO2EII,PUBLISHING,1,2015,18,28/04/2015 00:00,TAS1,29795.10256,17.57115249,0.0006
D,CO2EII,PUBLISHING,1,2015,18,28/04/2015 00:00,VIC1,142826.3275,166348.1422,1.1647
D,CO2EII,PUBLISHING,1,2015,18,29/04/2015 00:00,NEM,516806.2922,481016.3951,0.9307
D,CO2EII,PUBLISHING,1,2015,18,29/04/2015 00:00,NSW1,158312.1128,153379.1286,0.9688
D,CO2EII,PUBLISHING,1,2015,18,29/04/2015 00:00,QLD1,160317.5904,137167.107,0.8556
D,CO2EII,PUBLISHING,1,2015,18,29/04/2015 00:00,SA1,25967.9315,20406.80732,0.7858
D,CO2EII,PUBLISHING,1,2015,18,29/04/2015 00:00,TAS1,29501.91059,51.57093459,0.0017
D,CO2EII,PUBLISHING,1,2015,18,29/04/2015 00:00,VIC1,142706.747,170011.7812,1.1913
D,CO2EII,PUBLISHING,1,2015,18,30/04/2015 00:00,NEM,523112.4285,485876.4842,0.9288
D,CO2EII,PUBLISHING,1,2015,18,30/04/2015 00:00,NSW1,168111.7788,156814.6698,0.9328
D,CO2EII,PUBLISHING,1,2015,18,30/04/2015 00:00,QLD1,158211.1019,135644.0521,0.8574
D,CO2EII,PUBLISHING,1,2015,18,30/04/2015 00:00,SA1,24936.37165,17636.68505,0.7073
D,CO2EII,PUBLISHING,1,2015,18,30/04/2015 00:00,TAS1,29521.03155,40.08059623,0.0014
D,CO2EII,PUBLISHING,1,2015,18,30/04/2015 00:00,VIC1,142332.1446,175740.9967,1.2347
D,CO2EII,PUBLISHING,1,2015,18,01/05/2015 00:00,NEM,517253.4469,472664.96,0.9138
D,CO2EII,PUBLISHING,1,2015,18,01/05/2015 00:00,NSW1,162211.9752,149114.3984,0.9193
D,CO2EII,PUBLISHING,1,2015,18,01/05/2015 00:00,QLD1,159118.3823,136704.0339,0.8591
D,CO2EII,PUBLISHING,1,2015,18,01/05/2015 00:00,SA1,24942.33648,15730.80324,0.6307
D,CO2EII,PUBLISHING,1,2015,18,01/05/2015 00:00,TAS1,27533.51818,2.05238834,0.0001
D,CO2EII,PUBLISHING,1,2015,18,01/05/2015 00:00,VIC1,143447.2347,171113.6721,1.1929
D,CO2EII,PUBLISHING,1,2015,18,02/05/2015 00:00,NEM,466017.385,424201.5176,0.9103
D,CO2EII,PUBLISHING,1,2015,18,02/05/2015 00:00,NSW1,139779.9845,134480.2783,0.9621
D,CO2EII,PUBLISHING,1,2015,18,02/05/2015 00:00,QLD1,143341.8638,123967.9016,0.8648
D,CO2EII,PUBLISHING,1,2015,18,02/05/2015 00:00,SA1,27737.60967,13483.14353,0.4861
D,CO2EII,PUBLISHING,1,2015,18,02/05/2015 00:00,TAS1,26801.72117,2.16873118,0.0001
D,CO2EII,PUBLISHING,1,2015,18,02/05/2015 00:00,VIC1,128356.2059,152268.0254,1.1863
D,CO2EII,PUBLISHING,1,2015,19,03/05/2015 00:00,NEM,453490.5132,436617.8165,0.9628
D,CO2EII,PUBLISHING,1,2015,19,03/05/2015 00:00,NSW1,142109.3022,139826.8237,0.9839
D,CO2EII,PUBLISHING,1,2015,19,03/05/2015 00:00,QLD1,142110.5864,122727.5645,0.8636
D,CO2EII,PUBLISHING,1,2015,19,03/05/2015 00:00,SA1,17856.66679,14625.38437,0.819
D,CO2EII,PUBLISHING,1,2015,19,03/05/2015 00:00,TAS1,28468.64466,2.12701236,0.0001
D,CO2EII,PUBLISHING,1,2015,19,03/05/2015 00:00,VIC1,122945.3132,159435.9169,1.2968
D,CO2EII,PUBLISHING,1,2015,19,04/05/2015 00:00,NEM,502617.6283,452134.9909,0.8996
D,CO2EII,PUBLISHING,1,2015,19,04/05/2015 00:00,NSW1,161831.1604,156759.5979,0.9687
D,CO2EII,PUBLISHING,1,2015,19,04/05/2015 00:00,QLD1,145568.8356,125485.4259,0.862
D,CO2EII,PUBLISHING,1,2015,19,04/05/2015 00:00,SA1,38206.73058,11834.89807,0.3098
D,CO2EII,PUBLISHING,1,2015,19,04/05/2015 00:00,TAS1,24024.53762,2.17906197,0.0001
D,CO2EII,PUBLISHING,1,2015,19,04/05/2015 00:00,VIC1,132986.3642,158052.8899,1.1885
D,CO2EII,PUBLISHING,1,2015,19,05/05/2015 00:00,NEM,507992.9984,436125.7136,0.8585
D,CO2EII,PUBLISHING,1,2015,19,05/05/2015 00:00,NSW1,158787.324,143095.7221,0.9012
D,CO2EII,PUBLISHING,1,2015,19,05/05/2015 00:00,QLD1,145831.1314,125876.671,0.8632
D,CO2EII,PUBLISHING,1,2015,19,05/05/2015 00:00,SA1,37584.50348,10990.59805,0.2924
D,CO2EII,PUBLISHING,1,2015,19,05/05/2015 00:00,TAS1,27091.6299,2.37574437,0.0001
D,CO2EII,PUBLISHING,1,2015,19,05/05/2015 00:00,VIC1,138698.4096,156160.3467,1.1259
D,CO2EII,PUBLISHING,1,2015,19,06/05/2015 00:00,NEM,515628.2815,450145.4954,0.873
D,CO2EII,PUBLISHING,1,2015,19,06/05/2015 00:00,NSW1,156482.4336,140546.2622,0.8982
D,CO2EII,PUBLISHING,1,2015,19,06/05/2015 00:00,QLD1,150033.2349,129634.606,0.864
D,CO2EII,PUBLISHING,1,2015,19,06/05/2015 00:00,SA1,35224.04617,11500.76893,0.3265
D,CO2EII,PUBLISHING,1,2015,19,06/05/2015 00:00,TAS1,30867.91724,2.37485814,0.0001
D,CO2EII,PUBLISHING,1,2015,19,06/05/2015 00:00,VIC1,143020.6495,168461.4835,1.1779
D,CO2EII,PUBLISHING,1,2015,19,07/05/2015 00:00,NEM,521116.0047,459545.2368,0.8818
D,CO2EII,PUBLISHING,1,2015,19,07/05/2015 00:00,NSW1,161809.9566,143810.739,0.8888
D,CO2EII,PUBLISHING,1,2015,19,07/05/2015 00:00,QLD1,148831.6576,129179.3771,0.868
D,CO2EII,PUBLISHING,1,2015,19,07/05/2015 00:00,SA1,30780.73158,14095.83466,0.4579
D,CO2EII,PUBLISHING,1,2015,19,07/05/2015 00:00,TAS1,35683.13659,2.30714323,0.0001
D,CO2EII,PUBLISHING,1,2015,19,07/05/2015 00:00,VIC1,144010.5224,172456.9789,1.1975
D,CO2EII,PUBLISHING,1,2015,19,08/05/2015 00:00,NEM,517840.8316,461680.5203,0.8915
D,CO2EII,PUBLISHING,1,2015,19,08/05/2015 00:00,NSW1,158616.9615,143597.6583,0.9053
D,CO2EII,PUBLISHING,1,2015,19,08/05/2015 00:00,QLD1,150479.804,130060.4246,0.8643
D,CO2EII,PUBLISHING,1,2015,19,08/05/2015 00:00,SA1,29999.08588,14253.08,0.4751
D,CO2EII,PUBLISHING,1,2015,19,08/05/2015 00:00,TAS1,34668.26512,2.07456215,0.0001
D,CO2EII,PUBLISHING,1,2015,19,08/05/2015 00:00,VIC1,144076.7152,173767.2828,1.2061
D,CO2EII,PUBLISHING,1,2015,19,09/05/2015 00:00,NEM,473742.8979,402386.715,0.8494
D,CO2EII,PUBLISHING,1,2015,19,09/05/2015 00:00,NSW1,132937.7717,118843.4779,0.894
D,CO2EII,PUBLISHING,1,2015,19,09/05/2015 00:00,QLD1,146831.0109,125909.8111,0.8575
D,CO2EII,PUBLISHING,1,2015,19,09/05/2015 00:00,SA1,35444.0704,6981.301973,0.197
D,CO2EII,PUBLISHING,1,2015,19,09/05/2015 00:00,TAS1,27339.64132,2.37785714,0.0001
D,CO2EII,PUBLISHING,1,2015,19,09/05/2015 00:00,VIC1,131190.4036,150649.7462,1.1483
D,CO2EII,PUBLISHING,1,2015,20,10/05/2015 00:00,NEM,464838.5281,385627.7741,0.8296
D,CO2EII,PUBLISHING,1,2015,20,10/05/2015 00:00,NSW1,132075.0035,118154.8262,0.8946
D,CO2EII,PUBLISHING,1,2015,20,10/05/2015 00:00,QLD1,142088.3486,123038.8139,0.8659
D,CO2EII,PUBLISHING,1,2015,20,10/05/2015 00:00,SA1,36666.01991,6660.206692,0.1816
D,CO2EII,PUBLISHING,1,2015,20,10/05/2015 00:00,TAS1,29808.73371,2.33437386,0.0001
D,CO2EII,PUBLISHING,1,2015,20,10/05/2015 00:00,VIC1,124200.4224,137771.5929,1.1093
D,CO2EII,PUBLISHING,1,2015,20,11/05/2015 00:00,NEM,513658.536,440881.2607,0.8583
D,CO2EII,PUBLISHING,1,2015,20,11/05/2015 00:00,NSW1,153379.9727,137366.795,0.8956
D,CO2EII,PUBLISHING,1,2015,20,11/05/2015 00:00,QLD1,156358.9774,135705.9238,0.8679
D,CO2EII,PUBLISHING,1,2015,20,11/05/2015 00:00,SA1,32046.80525,9469.538897,0.2955
D,CO2EII,PUBLISHING,1,2015,20,11/05/2015 00:00,TAS1,32432.61869,2.20031199,0.0001
D,CO2EII,PUBLISHING,1,2015,20,11/05/2015 00:00,VIC1,139440.1619,158336.8027,1.1355
D,CO2EII,PUBLISHING,1,2015,20,12/05/2015 00:00,NEM,526472.1511,451842.7883,0.8582
D,CO2EII,PUBLISHING,1,2015,20,12/05/2015 00:00,NSW1,160924.1085,144729.3514,0.8994
D,CO2EII,PUBLISHING,1,2015,20,12/05/2015 00:00,QLD1,154024.741,134014.0858,0.8701
D,CO2EII,PUBLISHING,1,2015,20,12/05/2015 00:00,SA1,33604.88185,8231.457018,0.2449
D,CO2EII,PUBLISHING,1,2015,20,12/05/2015 00:00,TAS1,32556.00794,2.21456235,0.0001
D,CO2EII,PUBLISHING,1,2015,20,12/05/2015 00:00,VIC1,145362.4118,164865.6794,1.1342
D,CO2EII,PUBLISHING,1,2015,20,13/05/2015 00:00,NEM,543234.6802,464411.8722,0.8549
D,CO2EII,PUBLISHING,1,2015,20,13/05/2015 00:00,NSW1,165809.7307,152079.0403,0.9172
D,CO2EII,PUBLISHING,1,2015,20,13/05/2015 00:00,QLD1,158007.3381,137430.3682,0.8698
D,CO2EII,PUBLISHING,1,2015,20,13/05/2015 00:00,SA1,35534.72629,13705.15128,0.3857
D,CO2EII,PUBLISHING,1,2015,20,13/05/2015 00:00,TAS1,38550.75363,2.14624754,0.0001
D,CO2EII,PUBLISHING,1,2015,20,13/05/2015 00:00,VIC1,145332.1316,161195.1662,1.1092
D,CO2EII,PUBLISHING,1,2015,20,14/05/2015 00:00,NEM,543252.2482,489785.0876,0.9016
D,CO2EII,PUBLISHING,1,2015,20,14/05/2015 00:00,NSW1,164818.6614,153662.2186,0.9323
D,CO2EII,PUBLISHING,1,2015,20,14/05/2015 00:00,QLD1,160318.2415,139491.712,0.8701
D,CO2EII,PUBLISHING,1,2015,20,14/05/2015 00:00,SA1,28605.46243,17721.03757,0.6195
D,CO2EII,PUBLISHING,1,2015,20,14/05/2015 00:00,TAS1,37803.84846,2.22973315,0.0001
D,CO2EII,PUBLISHING,1,2015,20,14/05/2015 00:00,VIC1,151706.0344,178907.8897,1.1793
D,CO2EII,PUBLISHING,1,2015,20,15/05/2015 00:00,NEM,531383.9816,491008.7039,0.924
D,CO2EII,PUBLISHING,1,2015,20,15/05/2015 00:00,NSW1,163587.4545,158478.7985,0.9688
D,CO2EII,PUBLISHING,1,2015,20,15/05/2015 00:00,QLD1,161086.2373,139846.9369,0.8681
D,CO2EII,PUBLISHING,1,2015,20,15/05/2015 00:00,SA1,26010.12036,16629.0006,0.6393
D,CO2EII,PUBLISHING,1,2015,20,15/05/2015 00:00,TAS1,37870.29788,2.1837941,0.0001
D,CO2EII,PUBLISHING,1,2015,20,15/05/2015 00:00,VIC1,142829.8715,176051.784,1.2326
D,CO2EII,PUBLISHING,1,2015,20,16/05/2015 00:00,NEM,479716.3248,446935.5044,0.9317
D,CO2EII,PUBLISHING,1,2015,20,16/05/2015 00:00,NSW1,147898.1185,142630.6161,0.9644
D,CO2EII,PUBLISHING,1,2015,20,16/05/2015 00:00,QLD1,149517.7193,129902.8398,0.8688
D,CO2EII,PUBLISHING,1,2015,20,16/05/2015 00:00,SA1,25281.70218,15005.84271,0.5935
D,CO2EII,PUBLISHING,1,2015,20,16/05/2015 00:00,TAS1,32727.51542,2.19147195,0.0001
D,CO2EII,PUBLISHING,1,2015,20,16/05/2015 00:00,VIC1,124291.2694,159394.0143,1.2824
D,CO2EII,PUBLISHING,1,2015,21,17/05/2015 00:00,NEM,472299.7324,433695.9586,0.9183
D,CO2EII,PUBLISHING,1,2015,21,17/05/2015 00:00,NSW1,138668.9849,134380.9614,0.9691
D,CO2EII,PUBLISHING,1,2015,21,17/05/2015 00:00,QLD1,156694.286,134523.1134,0.8585
D,CO2EII,PUBLISHING,1,2015,21,17/05/2015 00:00,SA1,24055.77101,13444.83228,0.5589
D,CO2EII,PUBLISHING,1,2015,21,17/05/2015 00:00,TAS1,32672.9967,2.18480463,0.0001
D,CO2EII,PUBLISHING,1,2015,21,17/05/2015 00:00,VIC1,120207.6939,151344.8668,1.259
D,CO2EII,PUBLISHING,1,2015,21,18/05/2015 00:00,NEM,525744.2725,462298.7294,0.8793
D,CO2EII,PUBLISHING,1,2015,21,18/05/2015 00:00,NSW1,164695.4937,157005.9523,0.9533
D,CO2EII,PUBLISHING,1,2015,21,18/05/2015 00:00,QLD1,158513.9492,137856.7539,0.8697
D,CO2EII,PUBLISHING,1,2015,21,18/05/2015 00:00,SA1,33726.9395,15903.7156,0.4715
D,CO2EII,PUBLISHING,1,2015,21,18/05/2015 00:00,TAS1,38634.79519,1.78086407,0
D,CO2EII,PUBLISHING,1,2015,21,18/05/2015 00:00,VIC1,130173.0949,151530.5267,1.1641
D,CO2EII,PUBLISHING,1,2015,21,19/05/2015 00:00,NEM,532146.5216,464097.5308,0.8721
D,CO2EII,PUBLISHING,1,2015,21,19/05/2015 00:00,NSW1,166553.5103,154666.4389,0.9286
D,CO2EII,PUBLISHING,1,2015,21,19/05/2015 00:00,QLD1,158775.4476,138534.0278,0.8725
D,CO2EII,PUBLISHING,1,2015,21,19/05/2015 00:00,SA1,32383.69008,12020.66808,0.3712
D,CO2EII,PUBLISHING,1,2015,21,19/05/2015 00:00,TAS1,36908.74664,2.11477006,0.0001
D,CO2EII,PUBLISHING,1,2015,21,19/05/2015 00:00,VIC1,137525.127,158874.2813,1.1552
D,CO2EII,PUBLISHING,1,2015,21,20/05/2015 00:00,NEM,526148.7654,463660.9581,0.8812
D,CO2EII,PUBLISHING,1,2015,21,20/05/2015 00:00,NSW1,158224.6659,146831.7303,0.928
D,CO2EII,PUBLISHING,1,2015,21,20/05/2015 00:00,QLD1,160985.4741,139605.3186,0.8672
D,CO2EII,PUBLISHING,1,2015,21,20/05/2015 00:00,SA1,30934.40842,16430.54668,0.5311
D,CO2EII,PUBLISHING,1,2015,21,20/05/2015 00:00,TAS1,34618.0897,2.25960872,0.0001
D,CO2EII,PUBLISHING,1,2015,21,20/05/2015 00:00,VIC1,141386.1272,160791.1029,1.1372
D,CO2EII,PUBLISHING,1,2015,21,21/05/2015 00:00,NEM,539479.6822,486166.092,0.9012
D,CO2EII,PUBLISHING,1,2015,21,21/05/2015 00:00,NSW1,156883.382,150296.1345,0.958
D,CO2EII,PUBLISHING,1,2015,21,21/05/2015 00:00,QLD1,173417.6853,149857.8029,0.8641
D,CO2EII,PUBLISHING,1,2015,21,21/05/2015 00:00,SA1,27436.25739,19444.50868,0.7087
D,CO2EII,PUBLISHING,1,2015,21,21/05/2015 00:00,TAS1,38513.79379,2.18080783,0.0001
D,CO2EII,PUBLISHING,1,2015,21,21/05/2015 00:00,VIC1,143228.5637,166565.4651,1.1629
D,CO2EII,PUBLISHING,1,2015,21,22/05/2015 00:00,NEM,538189.5024,486901.8548,0.9047
D,CO2EII,PUBLISHING,1,2015,21,22/05/2015 00:00,NSW1,166099.8034,154928.0665,0.9327
D,CO2EII,PUBLISHING,1,2015,21,22/05/2015 00:00,QLD1,165517.2405,143709.1018,0.8682
D,CO2EII,PUBLISHING,1,2015,21,22/05/2015 00:00,SA1,25382.70484,17071.78617,0.6726
D,CO2EII,PUBLISHING,1,2015,21,22/05/2015 00:00,TAS1,37718.37798,2.17444429,0.0001
D,CO2EII,PUBLISHING,1,2015,21,22/05/2015 00:00,VIC1,143471.3756,171190.7258,1.1932
D,CO2EII,PUBLISHING,1,2015,21,23/05/2015 00:00,NEM,490941.2322,460495.4208,0.938
D,CO2EII,PUBLISHING,1,2015,21,23/05/2015 00:00,NSW1,145807.2507,137175.4974,0.9408
D,CO2EII,PUBLISHING,1,2015,21,23/05/2015 00:00,QLD1,159063.6812,138459.248,0.8705
D,CO2EII,PUBLISHING,1,2015,21,23/05/2015 00:00,SA1,22186.24992,13933.98345,0.628
D,CO2EII,PUBLISHING,1,2015,21,23/05/2015 00:00,TAS1,31600.78621,2.14885123,0.0001
D,CO2EII,PUBLISHING,1,2015,21,23/05/2015 00:00,VIC1,132283.2641,170924.5431,1.2921
D,CO2EII,PUBLISHING,1,2015,22,24/05/2015 00:00,NEM,482957.5885,456539.7321,0.9453
D,CO2EII,PUBLISHING,1,2015,22,24/05/2015 00:00,NSW1,144689.6369,137772.3042,0.9522
D,CO2EII,PUBLISHING,1,2015,22,24/05/2015 00:00,QLD1,154621.7657,136228.4058,0.881
D,CO2EII,PUBLISHING,1,2015,22,24/05/2015 00:00,SA1,23166.68085,15000.32195,0.6475
D,CO2EII,PUBLISHING,1,2015,22,24/05/2015 00:00,TAS1,29805.95807,2.14389919,0.0001
D,CO2EII,PUBLISHING,1,2015,22,24/05/2015 00:00,VIC1,130673.547,167536.5562,1.2821
D,CO2EII,PUBLISHING,1,2015,22,25/05/2015 00:00,NEM,538522.6108,487916.948,0.906
D,CO2EII,PUBLISHING,1,2015,22,25/05/2015 00:00,NSW1,162716.5327,155212.0213,0.9539
D,CO2EII,PUBLISHING,1,2015,22,25/05/2015 00:00,QLD1,166608.2889,144976.4338,0.8702
D,CO2EII,PUBLISHING,1,2015,22,25/05/2015 00:00,SA1,25669.81577,19230.92164,0.7492
D,CO2EII,PUBLISHING,1,2015,22,25/05/2015 00:00,TAS1,37715.58464,55.22671544,0.0015
D,CO2EII,PUBLISHING,1,2015,22,25/05/2015 00:00,VIC1,145812.3888,168442.3445,1.1552
D,CO2EII,PUBLISHING,1,2015,22,26/05/2015 00:00,NEM,545200.0107,497414.0521,0.9124
D,CO2EII,PUBLISHING,1,2015,22,26/05/2015 00:00,NSW1,171859.3916,166959.3233,0.9715
D,CO2EII,PUBLISHING,1,2015,22,26/05/2015 00:00,QLD1,165393.1327,143534.0902,0.8678
D,CO2EII,PUBLISHING,1,2015,22,26/05/2015 00:00,SA1,28102.35603,18746.34057,0.6671
D,CO2EII,PUBLISHING,1,2015,22,26/05/2015 00:00,TAS1,37008.72816,93.78267439,0.0025
D,CO2EII,PUBLISHING,1,2015,22,26/05/2015 00:00,VIC1,142836.4022,168080.5154,1.1767
D,CO2EII,PUBLISHING,1,2015,22,27/05/2015 00:00,NEM,526984.8962,485215.7237,0.9207
D,CO2EII,PUBLISHING,1,2015,22,27/05/2015 00:00,NSW1,172977.9625,164467.4503,0.9508
D,CO2EII,PUBLISHING,1,2015,22,27/05/2015 00:00,QLD1,151839.9422,131727.8302,0.8675
D,CO2EII,PUBLISHING,1,2015,22,27/05/2015 00:00,SA1,24780.84207,15278.53817,0.6165
D,CO2EII,PUBLISHING,1,2015,22,27/05/2015 00:00,TAS1,33208.85653,2.29832162,0.0001
D,CO2EII,PUBLISHING,1,2015,22,27/05/2015 00:00,VIC1,144177.293,173739.6067,1.205
D,CO2EII,PUBLISHING,1,2015,22,28/05/2015 00:00,NEM,520950.9688,470447.1295,0.9031
D,CO2EII,PUBLISHING,1,2015,22,28/05/2015 00:00,NSW1,171565.8546,158399.9915,0.9233
D,CO2EII,PUBLISHING,1,2015,22,28/05/2015 00:00,QLD1,145873.756,126706.4163,0.8686
D,CO2EII,PUBLISHING,1,2015,22,28/05/2015 00:00,SA1,27753.37637,14672.07516,0.5287
D,CO2EII,PUBLISHING,1,2015,22,28/05/2015 00:00,TAS1,35310.51133,2.2295914,0.0001
D,CO2EII,PUBLISHING,1,2015,22,28/05/2015 00:00,VIC1,140447.4705,170666.417,1.2152
D,CO2EII,PUBLISHING,1,2015,22,29/05/2015 00:00,NEM,522717.1002,475205.7437,0.9091
D,CO2EII,PUBLISHING,1,2015,22,29/05/2015 00:00,NSW1,173446.0243,160142.4047,0.9233
D,CO2EII,PUBLISHING,1,2015,22,29/05/2015 00:00,QLD1,144143.0193,125007.5245,0.8672
D,CO2EII,PUBLISHING,1,2015,22,29/05/2015 00:00,SA1,22691.49228,16870.09087,0.7435
D,CO2EII,PUBLISHING,1,2015,22,29/05/2015 00:00,TAS1,39734.93501,2.27922526,0.0001
D,CO2EII,PUBLISHING,1,2015,22,29/05/2015 00:00,VIC1,142701.6293,173183.4444,1.2136
D,CO2EII,PUBLISHING,1,2015,22,30/05/2015 00:00,NEM,485430.6435,445344.0872,0.9174
D,CO2EII,PUBLISHING,1,2015,22,30/05/2015 00:00,NSW1,156084.7481,142269.3013,0.9115
D,CO2EII,PUBLISHING,1,2015,22,30/05/2015 00:00,QLD1,139754.8556,122077.919,0.8735
D,CO2EII,PUBLISHING,1,2015,22,30/05/2015 00:00,SA1,23761.86232,14802.36445,0.6229
D,CO2EII,PUBLISHING,1,2015,22,30/05/2015 00:00,TAS1,28886.37813,2.31967918,0.0001
D,CO2EII,PUBLISHING,1,2015,22,30/05/2015 00:00,VIC1,136942.7994,166192.1827,1.2136
D,CO2EII,PUBLISHING,1,2015,23,31/05/2015 00:00,NEM,484509.1391,430818.2586,0.8892
D,CO2EII,PUBLISHING,1,2015,23,31/05/2015 00:00,NSW1,157509.1683,142226.6725,0.903
D,CO2EII,PUBLISHING,1,2015,23,31/05/2015 00:00,QLD1,134998.535,119490.4736,0.8851
D,CO2EII,PUBLISHING,1,2015,23,31/05/2015 00:00,SA1,31157.77383,11528.71573,0.37
D,CO2EII,PUBLISHING,1,2015,23,31/05/2015 00:00,TAS1,30788.3869,2.28048768,0.0001
D,CO2EII,PUBLISHING,1,2015,23,31/05/2015 00:00,VIC1,130055.275,157570.1162,1.2116
D,CO2EII,PUBLISHING,1,2015,23,01/06/2015 00:00,NEM,555278.5297,499304.8539,0.8992
D,CO2EII,PUBLISHING,1,2015,23,01/06/2015 00:00,NSW1,180406.3411,166074.5513,0.9206
D,CO2EII,PUBLISHING,1,2015,23,01/06/2015 00:00,QLD1,153414.6338,135029.4843,0.8802
D,CO2EII,PUBLISHING,1,2015,23,01/06/2015 00:00,SA1,26233.29723,20361.51097,0.7762
D,CO2EII,PUBLISHING,1,2015,23,01/06/2015 00:00,TAS1,41579.00038,2.24117706,0.0001
D,CO2EII,PUBLISHING,1,2015,23,01/06/2015 00:00,VIC1,153645.2573,177837.0662,1.1575
D,CO2EII,PUBLISHING,1,2015,23,02/06/2015 00:00,NEM,570543.3141,513297.7893,0.8997
D,CO2EII,PUBLISHING,1,2015,23,02/06/2015 00:00,NSW1,189263.1965,179034.9315,0.946
D,CO2EII,PUBLISHING,1,2015,23,02/06/2015 00:00,QLD1,158647.3588,139331.8758,0.8782
D,CO2EII,PUBLISHING,1,2015,23,02/06/2015 00:00,SA1,28929.7438,22077.14055,0.7631
D,CO2EII,PUBLISHING,1,2015,23,02/06/2015 00:00,TAS1,44778.85672,2.33680095,0.0001
D,CO2EII,PUBLISHING,1,2015,23,02/06/2015 00:00,VIC1,148924.1582,172851.5047,1.1607
D,CO2EII,PUBLISHING,1,2015,23,03/06/2015 00:00,NEM,570176.1304,520208.2383,0.9124
D,CO2EII,PUBLISHING,1,2015,23,03/06/2015 00:00,NSW1,188105.6601,180109.2532,0.9575
D,CO2EII,PUBLISHING,1,2015,23,03/06/2015 00:00,QLD1,156346.9358,138258.3334,0.8843
D,CO2EII,PUBLISHING,1,2015,23,03/06/2015 00:00,SA1,29574.55961,19346.28298,0.6542
D,CO2EII,PUBLISHING,1,2015,23,03/06/2015 00:00,TAS1,42086.54093,2.23943213,0.0001
D,CO2EII,PUBLISHING,1,2015,23,03/06/2015 00:00,VIC1,154062.434,182492.1293,1.1845
D,CO2EII,PUBLISHING,1,2015,23,04/06/2015 00:00,NEM,572253.8641,499418.6184,0.8727
D,CO2EII,PUBLISHING,1,2015,23,04/06/2015 00:00,NSW1,185296.8948,179027.9072,0.9662
D,CO2EII,PUBLISHING,1,2015,23,04/06/2015 00:00,QLD1,157240.9182,138378.9779,0.88
D,CO2EII,PUBLISHING,1,2015,23,04/06/2015 00:00,SA1,40449.81615,9983.622737,0.2468
D,CO2EII,PUBLISHING,1,2015,23,04/06/2015 00:00,TAS1,37072.59125,2.20805389,0.0001
D,CO2EII,PUBLISHING,1,2015,23,04/06/2015 00:00,VIC1,152193.6437,172025.9024,1.1303
D,CO2EII,PUBLISHING,1,2015,23,05/06/2015 00:00,NEM,559833.295,504961.2499,0.902
D,CO2EII,PUBLISHING,1,2015,23,05/06/2015 00:00,NSW1,184144.9415,178415.3699,0.9689
D,CO2EII,PUBLISHING,1,2015,23,05/06/2015 00:00,QLD1,162393.021,140420.2393,0.8647
D,CO2EII,PUBLISHING,1,2015,23,05/06/2015 00:00,SA1,29216.76332,16839.51017,0.5764
D,CO2EII,PUBLISHING,1,2015,23,05/06/2015 00:00,TAS1,39685.82188,2.24268843,0.0001
D,CO2EII,PUBLISHING,1,2015,23,05/06/2015 00:00,VIC1,144392.7473,169283.8878,1.1724
D,CO2EII,PUBLISHING,1,2015,23,06/06/2015 00:00,NEM,493991.5218,453012.1526,0.917
D,CO2EII,PUBLISHING,1,2015,23,06/06/2015 00:00,NSW1,156794.1359,147693.8312,0.942
D,CO2EII,PUBLISHING,1,2015,23,06/06/2015 00:00,QLD1,147336.5308,128622.8113,0.873
D,CO2EII,PUBLISHING,1,2015,23,06/06/2015 00:00,SA1,21146.16306,11950.02595,0.5651
D,CO2EII,PUBLISHING,1,2015,23,06/06/2015 00:00,TAS1,35408.12775,2.24555795,0.0001
D,CO2EII,PUBLISHING,1,2015,23,06/06/2015 00:00,VIC1,133306.5643,164743.2386,1.2358
D,CO2EII,PUBLISHING,1,2015,24,07/06/2015 00:00,NEM,475652.7287,400051.9884,0.8411
D,CO2EII,PUBLISHING,1,2015,24,07/06/2015 00:00,NSW1,144174.882,128678.928,0.8925
D,CO2EII,PUBLISHING,1,2015,24,07/06/2015 00:00,QLD1,141802.1692,124253.8552,0.8762
D,CO2EII,PUBLISHING,1,2015,24,07/06/2015 00:00,SA1,31315.87209,5843.318034,0.1866
D,CO2EII,PUBLISHING,1,2015,24,07/06/2015 00:00,TAS1,33092.8182,2.27598221,0.0001
D,CO2EII,PUBLISHING,1,2015,24,07/06/2015 00:00,VIC1,125266.9871,141273.6111,1.1278
D,CO2EII,PUBLISHING,1,2015,24,08/06/2015 00:00,NEM,476200.2947,404891.2714,0.8503
D,CO2EII,PUBLISHING,1,2015,24,08/06/2015 00:00,NSW1,142253.1871,123921.5793,0.8711
D,CO2EII,PUBLISHING,1,2015,24,08/06/2015 00:00,QLD1,140566.3808,124420.4838,0.8851
D,CO2EII,PUBLISHING,1,2015,24,08/06/2015 00:00,SA1,31669.0845,5066.245894,0.16
D,CO2EII,PUBLISHING,1,2015,24,08/06/2015 00:00,TAS1,28714.48567,2.28838625,0.0001
D,CO2EII,PUBLISHING,1,2015,24,08/06/2015 00:00,VIC1,132997.1566,151480.674,1.139
D,CO2EII,PUBLISHING,1,2015,24,09/06/2015 00:00,NEM,535144.2132,474708.7628,0.8871
D,CO2EII,PUBLISHING,1,2015,24,09/06/2015 00:00,NSW1,165219.3645,150452.2085,0.9106
D,CO2EII,PUBLISHING,1,2015,24,09/06/2015 00:00,QLD1,153950.7535,133965.6907,0.8702
D,CO2EII,PUBLISHING,1,2015,24,09/06/2015 00:00,SA1,28522.53072,9653.780874,0.3385
D,CO2EII,PUBLISHING,1,2015,24,09/06/2015 00:00,TAS1,37109.46854,2.34877956,0.0001
D,CO2EII,PUBLISHING,1,2015,24,09/06/2015 00:00,VIC1,150342.096,180634.734,1.2015
D,CO2EII,PUBLISHING,1,2015,24,10/06/2015 00:00,NEM,558559.601,506377.0676,0.9066
D,CO2EII,PUBLISHING,1,2015,24,10/06/2015 00:00,NSW1,184306.0463,171729.6185,0.9318
D,CO2EII,PUBLISHING,1,2015,24,10/06/2015 00:00,QLD1,154452.4588,133367.5005,0.8635
D,CO2EII,PUBLISHING,1,2015,24,10/06/2015 00:00,SA1,29239.7791,12200.7874,0.4173
D,CO2EII,PUBLISHING,1,2015,24,10/06/2015 00:00,TAS1,39393.05339,2.2435776,0.0001
D,CO2EII,PUBLISHING,1,2015,24,10/06/2015 00:00,VIC1,151168.2634,189076.9176,1.2508
D,CO2EII,PUBLISHING,1,2015,24,11/06/2015 00:00,NEM,554196.9843,502029.7476,0.9059
D,CO2EII,PUBLISHING,1,2015,24,11/06/2015 00:00,NSW1,180553.3089,168603.0143,0.9338
D,CO2EII,PUBLISHING,1,2015,24,11/06/2015 00:00,QLD1,157729.6116,137143.2916,0.8695
D,CO2EII,PUBLISHING,1,2015,24,11/06/2015 00:00,SA1,29834.53296,12397.34938,0.4155
D,CO2EII,PUBLISHING,1,2015,24,11/06/2015 00:00,TAS1,41660.74286,2.21749407,0.0001
D,CO2EII,PUBLISHING,1,2015,24,11/06/2015 00:00,VIC1,144418.788,183883.8748,1.2733
D,CO2EII,PUBLISHING,1,2015,24,12/06/2015 00:00,NEM,545731.5991,497954.1717,0.9125
D,CO2EII,PUBLISHING,1,2015,24,12/06/2015 00:00,NSW1,178581.4489,166878.0912,0.9345
D,CO2EII,PUBLISHING,1,2015,24,12/06/2015 00:00,QLD1,154653.6283,134304.2157,0.8684
D,CO2EII,PUBLISHING,1,2015,24,12/06/2015 00:00,SA1,27938.41726,16335.68902,0.5847
D,CO2EII,PUBLISHING,1,2015,24,12/06/2015 00:00,TAS1,40866.69238,2.12602844,0.0001
D,CO2EII,PUBLISHING,1,2015,24,12/06/2015 00:00,VIC1,143691.4123,180434.0498,1.2557
D,CO2EII,PUBLISHING,1,2015,24,13/06/2015 00:00,NEM,493886.674,453871.8205,0.919
D,CO2EII,PUBLISHING,1,2015,24,13/06/2015 00:00,NSW1,154309.5443,145732.5815,0.9444
D,CO2EII,PUBLISHING,1,2015,24,13/06/2015 00:00,QLD1,146004.1064,126432.525,0.866
D,CO2EII,PUBLISHING,1,2015,24,13/06/2015 00:00,SA1,28037.62727,15545.36996,0.5544
D,CO2EII,PUBLISHING,1,2015,24,13/06/2015 00:00,TAS1,34416.05697,2.14503811,0.0001
D,CO2EII,PUBLISHING,1,2015,24,13/06/2015 00:00,VIC1,131119.3391,166159.199,1.2672
D,CO2EII,PUBLISHING,1,2015,25,14/06/2015 00:00,NEM,485871.3704,446887.9508,0.9198
D,CO2EII,PUBLISHING,1,2015,25,14/06/2015 00:00,NSW1,156578.3577,147884.4738,0.9445
D,CO2EII,PUBLISHING,1,2015,25,14/06/2015 00:00,QLD1,145764.0501,126710.3732,0.8693
D,CO2EII,PUBLISHING,1,2015,25,14/06/2015 00:00,SA1,26857.64248,15141.86572,0.5638
D,CO2EII,PUBLISHING,1,2015,25,14/06/2015 00:00,TAS1,34115.71905,1.52278381,0
D,CO2EII,PUBLISHING,1,2015,25,14/06/2015 00:00,VIC1,122555.601,157149.7154,1.2823
D,CO2EII,PUBLISHING,1,2015,25,15/06/2015 00:00,NEM,543160.173,483235.2381,0.8897
D,CO2EII,PUBLISHING,1,2015,25,15/06/2015 00:00,NSW1,174435.8417,160925.4825,0.9225
D,CO2EII,PUBLISHING,1,2015,25,15/06/2015 00:00,QLD1,164781.0434,140207.023,0.8509
D,CO2EII,PUBLISHING,1,2015,25,15/06/2015 00:00,SA1,27670.1551,20126.35812,0.7274
D,CO2EII,PUBLISHING,1,2015,25,15/06/2015 00:00,TAS1,40629.31008,2.05810767,0.0001
D,CO2EII,PUBLISHING,1,2015,25,15/06/2015 00:00,VIC1,135643.8227,161974.3164,1.1941
D,CO2EII,PUBLISHING,1,2015,25,16/06/2015 00:00,NEM,547561.0672,497043.7087,0.9077
D,CO2EII,PUBLISHING,1,2015,25,16/06/2015 00:00,NSW1,180887.4706,169719.1677,0.9383
D,CO2EII,PUBLISHING,1,2015,25,16/06/2015 00:00,QLD1,163146.2931,139263.5831,0.8536
D,CO2EII,PUBLISHING,1,2015,25,16/06/2015 00:00,SA1,24989.40989,20630.07568,0.8256
D,CO2EII,PUBLISHING,1,2015,25,16/06/2015 00:00,TAS1,40895.33287,2.40725491,0.0001
D,CO2EII,PUBLISHING,1,2015,25,16/06/2015 00:00,VIC1,137642.5608,167428.4749,1.2164
D,CO2EII,PUBLISHING,1,2015,25,17/06/2015 00:00,NEM,549702.2364,483299.0587,0.8792
D,CO2EII,PUBLISHING,1,2015,25,17/06/2015 00:00,NSW1,184014.3251,170174.7158,0.9248
D,CO2EII,PUBLISHING,1,2015,25,17/06/2015 00:00,QLD1,171375.251,145782.0194,0.8507
D,CO2EII,PUBLISHING,1,2015,25,17/06/2015 00:00,SA1,27518.82662,20225.47785,0.735
D,CO2EII,PUBLISHING,1,2015,25,17/06/2015 00:00,TAS1,43495.91409,2.28614532,0.0001
D,CO2EII,PUBLISHING,1,2015,25,17/06/2015 00:00,VIC1,123297.9196,147114.5595,1.1932
D,CO2EII,PUBLISHING,1,2015,25,18/06/2015 00:00,NEM,558996.5804,495417.3379,0.8863
D,CO2EII,PUBLISHING,1,2015,25,18/06/2015 00:00,NSW1,182775.9755,170477.7656,0.9327
D,CO2EII,PUBLISHING,1,2015,25,18/06/2015 00:00,QLD1,169922.706,142578.083,0.8391
D,CO2EII,PUBLISHING,1,2015,25,18/06/2015 00:00,SA1,30000.33229,17785.27954,0.5928
D,CO2EII,PUBLISHING,1,2015,25,18/06/2015 00:00,TAS1,40274.47396,2.33579998,0.0001
D,CO2EII,PUBLISHING,1,2015,25,18/06/2015 00:00,VIC1,136023.0927,164573.874,1.2099
D,CO2EII,PUBLISHING,1,2015,25,19/06/2015 00:00,NEM,566121.4098,511886.1605,0.9042
D,CO2EII,PUBLISHING,1,2015,25,19/06/2015 00:00,NSW1,188138.0073,179045.3578,0.9517
D,CO2EII,PUBLISHING,1,2015,25,19/06/2015 00:00,QLD1,171407.7974,143827.7199,0.8391
D,CO2EII,PUBLISHING,1,2015,25,19/06/2015 00:00,SA1,27054.37365,20005.61631,0.7395
D,CO2EII,PUBLISHING,1,2015,25,19/06/2015 00:00,TAS1,40507.9907,2.30317615,0.0001
D,CO2EII,PUBLISHING,1,2015,25,19/06/2015 00:00,VIC1,139013.2407,169005.1632,1.2157
D,CO2EII,PUBLISHING,1,2015,25,20/06/2015 00:00,NEM,524127.818,487743.5236,0.9306
D,CO2EII,PUBLISHING,1,2015,25,20/06/2015 00:00,NSW1,164244.7737,159335.2297,0.9701
D,CO2EII,PUBLISHING,1,2015,25,20/06/2015 00:00,QLD1,163135.6404,139583.8174,0.8556
D,CO2EII,PUBLISHING,1,2015,25,20/06/2015 00:00,SA1,24254.3822,18965.45877,0.7819
D,CO2EII,PUBLISHING,1,2015,25,20/06/2015 00:00,TAS1,37734.37767,2.21702279,0.0001
D,CO2EII,PUBLISHING,1,2015,25,20/06/2015 00:00,VIC1,134758.644,169856.8007,1.2605
D,CO2EII,PUBLISHING,1,2015,26,21/06/2015 00:00,NEM,512307.2476,469245.527,0.9159
D,CO2EII,PUBLISHING,1,2015,26,21/06/2015 00:00,NSW1,158935.0265,152867.0589,0.9618
D,CO2EII,PUBLISHING,1,2015,26,21/06/2015 00:00,QLD1,158431.792,134772.358,0.8507
D,CO2EII,PUBLISHING,1,2015,26,21/06/2015 00:00,SA1,31360.21736,14167.27472,0.4518
D,CO2EII,PUBLISHING,1,2015,26,21/06/2015 00:00,TAS1,32248.02452,1.75670911,0.0001
D,CO2EII,PUBLISHING,1,2015,26,21/06/2015 00:00,VIC1,131332.1872,167437.0786,1.2749
D,CO2EII,PUBLISHING,1,2015,26,22/06/2015 00:00,NEM,566287.2976,479359.0117,0.8465
D,CO2EII,PUBLISHING,1,2015,26,22/06/2015 00:00,NSW1,176346.9439,158349.9448,0.8979
D,CO2EII,PUBLISHING,1,2015,26,22/06/2015 00:00,QLD1,165406.6986,139429.0903,0.8429
D,CO2EII,PUBLISHING,1,2015,26,22/06/2015 00:00,SA1,41689.00602,12818.88457,0.3075
D,CO2EII,PUBLISHING,1,2015,26,22/06/2015 00:00,TAS1,33306.14194,2.26485625,0.0001
D,CO2EII,PUBLISHING,1,2015,26,22/06/2015 00:00,VIC1,149538.5071,168758.8272,1.1285
D,CO2EII,PUBLISHING,1,2015,26,23/06/2015 00:00,NEM,550970.8482,473408.7745,0.8592
D,CO2EII,PUBLISHING,1,2015,26,23/06/2015 00:00,NSW1,178009.6477,158903.3172,0.8927
D,CO2EII,PUBLISHING,1,2015,26,23/06/2015 00:00,QLD1,162608.9173,137679.7158,0.8467
D,CO2EII,PUBLISHING,1,2015,26,23/06/2015 00:00,SA1,36769.66998,15415.26621,0.4192
D,CO2EII,PUBLISHING,1,2015,26,23/06/2015 00:00,TAS1,31512.39234,2.08833875,0.0001
D,CO2EII,PUBLISHING,1,2015,26,23/06/2015 00:00,VIC1,142070.2209,161408.387,1.1361
D,CO2EII,PUBLISHING,1,2015,26,24/06/2015 00:00,NEM,542613.836,489381.6475,0.9019
D,CO2EII,PUBLISHING,1,2015,26,24/06/2015 00:00,NSW1,175338.9544,161503.8043,0.9211
D,CO2EII,PUBLISHING,1,2015,26,24/06/2015 00:00,QLD1,164311.1881,139325.5563,0.8479
D,CO2EII,PUBLISHING,1,2015,26,24/06/2015 00:00,SA1,30232.19679,17719.0944,0.5861
D,CO2EII,PUBLISHING,1,2015,26,24/06/2015 00:00,TAS1,34072.54968,2.40443032,0.0001
D,CO2EII,PUBLISHING,1,2015,26,24/06/2015 00:00,VIC1,138658.947,170830.7881,1.232
D,CO2EII,PUBLISHING,1,2015,26,25/06/2015 00:00,NEM,550531.6288,499902.601,0.908
D,CO2EII,PUBLISHING,1,2015,26,25/06/2015 00:00,NSW1,174526.4547,164876.6207,0.9447
D,CO2EII,PUBLISHING,1,2015,26,25/06/2015 00:00,QLD1,169268.5419,143003.5603,0.8448
D,CO2EII,PUBLISHING,1,2015,26,25/06/2015 00:00,SA1,27761.79377,20454.15801,0.7368
D,CO2EII,PUBLISHING,1,2015,26,25/06/2015 00:00,TAS1,37076.03787,2.32982196,0.0001
D,CO2EII,PUBLISHING,1,2015,26,25/06/2015 00:00,VIC1,141898.8006,171565.9322,1.2091
D,CO2EII,PUBLISHING,1,2015,26,26/06/2015 00:00,NEM,540397.418,493000.9656,0.9123
D,CO2EII,PUBLISHING,1,2015,26,26/06/2015 00:00,NSW1,169616.5501,158116.454,0.9322
D,CO2EII,PUBLISHING,1,2015,26,26/06/2015 00:00,QLD1,169298.5624,143152.2019,0.8456
D,CO2EII,PUBLISHING,1,2015,26,26/06/2015 00:00,SA1,27641.13412,19514.42396,0.706
D,CO2EII,PUBLISHING,1,2015,26,26/06/2015 00:00,TAS1,38018.12301,2.19530569,0.0001
D,CO2EII,PUBLISHING,1,2015,26,26/06/2015 00:00,VIC1,135823.0485,172215.6904,1.2679
D,CO2EII,PUBLISHING,1,2015,26,27/06/2015 00:00,NEM,505062.6939,472219.6281,0.935
D,CO2EII,PUBLISHING,1,2015,26,27/06/2015 00:00,NSW1,156845.1642,143427.0886,0.9145
D,CO2EII,PUBLISHING,1,2015,26,27/06/2015 00:00,QLD1,158347.9906,134328.1356,0.8483
D,CO2EII,PUBLISHING,1,2015,26,27/06/2015 00:00,SA1,23369.34008,18493.3991,0.7914
D,CO2EII,PUBLISHING,1,2015,26,27/06/2015 00:00,TAS1,30267.09791,2.35340173,0.0001
D,CO2EII,PUBLISHING,1,2015,26,27/06/2015 00:00,VIC1,136233.1011,175968.6514,1.2917
D,CO2EII,PUBLISHING,1,2015,27,28/06/2015 00:00,NEM,493774.4113,458217.1505,0.928
D,CO2EII,PUBLISHING,1,2015,27,28/06/2015 00:00,NSW1,156531.2487,148418.1042,0.9482
D,CO2EII,PUBLISHING,1,2015,27,28/06/2015 00:00,QLD1,153669.8879,130324.2023,0.8481
D,CO2EII,PUBLISHING,1,2015,27,28/06/2015 00:00,SA1,24664.38467,17725.9837,0.7187
D,CO2EII,PUBLISHING,1,2015,27,28/06/2015 00:00,TAS1,35468.64438,2.26876205,0.0001
D,CO2EII,PUBLISHING,1,2015,27,28/06/2015 00:00,VIC1,123440.2456,161746.5916,1.3103
D,CO2EII,PUBLISHING,1,2015,27,29/06/2015 00:00,NEM,549508.7944,496666.0067,0.9038
D,CO2EII,PUBLISHING,1,2015,27,29/06/2015 00:00,NSW1,179464.4675,163357.5705,0.9103
D,CO2EII,PUBLISHING,1,2015,27,29/06/2015 00:00,QLD1,163675.3796,138821.5095,0.8482
D,CO2EII,PUBLISHING,1,2015,27,29/06/2015 00:00,SA1,30996.00036,21690.14832,0.6998
D,CO2EII,PUBLISHING,1,2015,27,29/06/2015 00:00,TAS1,38144.1561,97.06577577,0.0025
D,CO2EII,PUBLISHING,1,2015,27,29/06/2015 00:00,VIC1,137228.7909,172699.7126,1.2585
D,CO2EII,PUBLISHING,1,2015,27,30/06/2015 00:00,NEM,555945.1823,506865.2003,0.9117
D,CO2EII,PUBLISHING,1,2015,27,30/06/2015 00:00,NSW1,185181.6703,167859.3167,0.9065
D,CO2EII,PUBLISHING,1,2015,27,30/06/2015 00:00,QLD1,163233.4362,138101.6629,0.846
D,CO2EII,PUBLISHING,1,2015,27,30/06/2015 00:00,SA1,28274.20539,22724.57991,0.8037
D,CO2EII,PUBLISHING,1,2015,27,30/06/2015 00:00,TAS1,37691.88018,2.21389534,0.0001
D,CO2EII,PUBLISHING,1,2015,27,30/06/2015 00:00,VIC1,141563.9903,178177.4269,1.2586
D,CO2EII,PUBLISHING,1,2015,27,01/07/2015 00:00,NEM,548372.4372,499636.7659,0.9111
D,CO2EII,PUBLISHING,1,2015,27,01/07/2015 00:00,NSW1,172690.2107,158468.9602,0.9176
D,CO2EII,PUBLISHING,1,2015,27,01/07/2015 00:00,QLD1,162458.4667,138743.9241,0.854
D,CO2EII,PUBLISHING,1,2015,27,01/07/2015 00:00,SA1,29781.40994,19384.34527,0.6509
D,CO2EII,PUBLISHING,1,2015,27,01/07/2015 00:00,TAS1,35591.84439,2.37960144,0.0001
D,CO2EII,PUBLISHING,1,2015,27,01/07/2015 00:00,VIC1,147850.5054,183037.1568,1.238
D,CO2EII,PUBLISHING,1,2015,27,02/07/2015 00:00,NEM,564018.109,493698.4726,0.8753
D,CO2EII,PUBLISHING,1,2015,27,02/07/2015 00:00,NSW1,180600.3571,158861.2514,0.8796
D,CO2EII,PUBLISHING,1,2015,27,02/07/2015 00:00,QLD1,167060.3967,141731.4413,0.8484
D,CO2EII,PUBLISHING,1,2015,27,02/07/2015 00:00,SA1,29448.43318,19165.09477,0.6508
D,CO2EII,PUBLISHING,1,2015,27,02/07/2015 00:00,TAS1,38669.25953,2.20852886,0.0001
D,CO2EII,PUBLISHING,1,2015,27,02/07/2015 00:00,VIC1,148239.6625,173938.4765,1.1734
D,CO2EII,PUBLISHING,1,2015,27,03/07/2015 00:00,NEM,570237.0476,517792.3817,0.908
D,CO2EII,PUBLISHING,1,2015,27,03/07/2015 00:00,NSW1,187282.1491,171324.4992,0.9148
D,CO2EII,PUBLISHING,1,2015,27,03/07/2015 00:00,QLD1,166511.8794,143103.5898,0.8594
D,CO2EII,PUBLISHING,1,2015,27,03/07/2015 00:00,SA1,27737.56816,21865.01352,0.7883
D,CO2EII,PUBLISHING,1,2015,27,03/07/2015 00:00,TAS1,41344.1283,53.66016492,0.0013
D,CO2EII,PUBLISHING,1,2015,27,03/07/2015 00:00,VIC1,147361.3227,181445.619,1.2313
D,CO2EII,PUBLISHING,1,2015,27,04/07/2015 00:00,NEM,523149.0155,481383.6843,0.9202
D,CO2EII,PUBLISHING,1,2015,27,04/07/2015 00:00,NSW1,171859.6496,156417.2083,0.9101
D,CO2EII,PUBLISHING,1,2015,27,04/07/2015 00:00,QLD1,151311.633,130984.6861,0.8657
D,CO2EII,PUBLISHING,1,2015,27,04/07/2015 00:00,SA1,22144.95667,16624.32156,0.7507
D,CO2EII,PUBLISHING,1,2015,27,04/07/2015 00:00,TAS1,34551.3359,2.2620922,0.0001
D,CO2EII,PUBLISHING,1,2015,27,04/07/2015 00:00,VIC1,143281.4404,177355.2063,1.2378
D,CO2EII,PUBLISHING,1,2015,28,05/07/2015 00:00,NEM,499323.4124,455998.7477,0.9132
D,CO2EII,PUBLISHING,1,2015,28,05/07/2015 00:00,NSW1,152703.015,143611.3607,0.9405
D,CO2EII,PUBLISHING,1,2015,28,05/07/2015 00:00,QLD1,149935.2112,129232.8101,0.8619
D,CO2EII,PUBLISHING,1,2015,28,05/07/2015 00:00,SA1,28267.34093,12738.02328,0.4506
D,CO2EII,PUBLISHING,1,2015,28,05/07/2015 00:00,TAS1,28186.48891,2.22874059,0.0001
D,CO2EII,PUBLISHING,1,2015,28,05/07/2015 00:00,VIC1,140231.3563,170414.3248,1.2152
D,CO2EII,PUBLISHING,1,2015,28,06/07/2015 00:00,NEM,561103.0953,495675.378,0.8834
D,CO2EII,PUBLISHING,1,2015,28,06/07/2015 00:00,NSW1,186602.3415,167614.4232,0.8982
D,CO2EII,PUBLISHING,1,2015,28,06/07/2015 00:00,QLD1,159264.5128,137023.4156,0.8604
D,CO2EII,PUBLISHING,1,2015,28,06/07/2015 00:00,SA1,34351.8856,15126.54039,0.4403
D,CO2EII,PUBLISHING,1,2015,28,06/07/2015 00:00,TAS1,36165.71003,2.23762153,0.0001
D,CO2EII,PUBLISHING,1,2015,28,06/07/2015 00:00,VIC1,144718.6454,175908.7611,1.2155
D,CO2EII,PUBLISHING,1,2015,28,07/07/2015 00:00,NEM,566511.8414,523834.3378,0.9247
D,CO2EII,PUBLISHING,1,2015,28,07/07/2015 00:00,NSW1,196049.8576,181801.3379,0.9273
D,CO2EII,PUBLISHING,1,2015,28,07/07/2015 00:00,QLD1,160715.1727,137360.9249,0.8547
D,CO2EII,PUBLISHING,1,2015,28,07/07/2015 00:00,SA1,27013.75213,19659.10605,0.7277
D,CO2EII,PUBLISHING,1,2015,28,07/07/2015 00:00,TAS1,37034.91529,2.2352502,0.0001
D,CO2EII,PUBLISHING,1,2015,28,07/07/2015 00:00,VIC1,145698.1437,185010.7337,1.2698
D,CO2EII,PUBLISHING,1,2015,28,08/07/2015 00:00,NEM,563927.0625,513857.442,0.9112
D,CO2EII,PUBLISHING,1,2015,28,08/07/2015 00:00,NSW1,194560.4532,179984.2281,0.9251
D,CO2EII,PUBLISHING,1,2015,28,08/07/2015 00:00,QLD1,161906.5727,139868.5738,0.8639
D,CO2EII,PUBLISHING,1,2015,28,08/07/2015 00:00,SA1,25718.59264,19272.15717,0.7493
D,CO2EII,PUBLISHING,1,2015,28,08/07/2015 00:00,TAS1,40120.1855,251.5671986,0.0063
D,CO2EII,PUBLISHING,1,2015,28,08/07/2015 00:00,VIC1,141621.2585,174480.9156,1.232
D,CO2EII,PUBLISHING,1,2015,28,09/07/2015 00:00,NEM,559003.4873,502557.5796,0.899
D,CO2EII,PUBLISHING,1,2015,28,09/07/2015 00:00,NSW1,189895.305,175503.6159,0.9242
D,CO2EII,PUBLISHING,1,2015,28,09/07/2015 00:00,QLD1,160982.9032,138964.4035,0.8632
D,CO2EII,PUBLISHING,1,2015,28,09/07/2015 00:00,SA1,29142.64114,16024.42792,0.5499
D,CO2EII,PUBLISHING,1,2015,28,09/07/2015 00:00,TAS1,37195.69299,43.60665277,0.0012
D,CO2EII,PUBLISHING,1,2015,28,09/07/2015 00:00,VIC1,141786.945,172021.5256,1.2132
D,CO2EII,PUBLISHING,1,2015,28,10/07/2015 00:00,NEM,563730.8787,493050.8643,0.8746
D,CO2EII,PUBLISHING,1,2015,28,10/07/2015 00:00,NSW1,198089.094,179895.3931,0.9082
D,CO2EII,PUBLISHING,1,2015,28,10/07/2015 00:00,QLD1,156179.2127,133826.7049,0.8569
D,CO2EII,PUBLISHING,1,2015,28,10/07/2015 00:00,SA1,34370.5155,9845.875787,0.2865
D,CO2EII,PUBLISHING,1,2015,28,10/07/2015 00:00,TAS1,33401.97592,2.33764583,0.0001
D,CO2EII,PUBLISHING,1,2015,28,10/07/2015 00:00,VIC1,141690.0806,169480.5528,1.1961
D,CO2EII,PUBLISHING,1,2015,28,11/07/2015 00:00,NEM,513387.2391,446028.4263,0.8688
D,CO2EII,PUBLISHING,1,2015,28,11/07/2015 00:00,NSW1,179932.159,164543.7901,0.9145
D,CO2EII,PUBLISHING,1,2015,28,11/07/2015 00:00,QLD1,137971.3959,120994.9476,0.877
D,CO2EII,PUBLISHING,1,2015,28,11/07/2015 00:00,SA1,37379.37883,8365.014269,0.2238
D,CO2EII,PUBLISHING,1,2015,28,11/07/2015 00:00,TAS1,32139.44656,2.28637359,0.0001
D,CO2EII,PUBLISHING,1,2015,28,11/07/2015 00:00,VIC1,125964.8588,152122.388,1.2077
D,CO2EII,PUBLISHING,1,2015,29,12/07/2015 00:00,NEM,522021.3501,450077.9122,0.8622
D,CO2EII,PUBLISHING,1,2015,29,12/07/2015 00:00,NSW1,176988.1912,156984.5768,0.887
D,CO2EII,PUBLISHING,1,2015,29,12/07/2015 00:00,QLD1,142948.1903,127057.589,0.8888
D,CO2EII,PUBLISHING,1,2015,29,12/07/2015 00:00,SA1,37644.17544,8866.599538,0.2355
D,CO2EII,PUBLISHING,1,2015,29,12/07/2015 00:00,TAS1,31922.45286,2.2575126,0.0001
D,CO2EII,PUBLISHING,1,2015,29,12/07/2015 00:00,VIC1,132518.3404,157166.8894,1.186
D,CO2EII,PUBLISHING,1,2015,29,13/07/2015 00:00,NEM,572503.2517,484106.4136,0.8456
D,CO2EII,PUBLISHING,1,2015,29,13/07/2015 00:00,NSW1,193818.5032,162908.2611,0.8405
D,CO2EII,PUBLISHING,1,2015,29,13/07/2015 00:00,QLD1,152268.1566,134028.4973,0.8802
D,CO2EII,PUBLISHING,1,2015,29,13/07/2015 00:00,SA1,35937.84049,13624.88816,0.3791
D,CO2EII,PUBLISHING,1,2015,29,13/07/2015 00:00,TAS1,38044.08123,141.8390144,0.0037
D,CO2EII,PUBLISHING,1,2015,29,13/07/2015 00:00,VIC1,152434.6703,173402.928,1.1376
D,CO2EII,PUBLISHING,1,2015,29,14/07/2015 00:00,NEM,578631.7012,501654.8425,0.867
D,CO2EII,PUBLISHING,1,2015,29,14/07/2015 00:00,NSW1,189318.4378,162144.886,0.8565
D,CO2EII,PUBLISHING,1,2015,29,14/07/2015 00:00,QLD1,156393.7202,138889.7599,0.8881
D,CO2EII,PUBLISHING,1,2015,29,14/07/2015 00:00,SA1,40012.74828,16407.84122,0.4101
D,CO2EII,PUBLISHING,1,2015,29,14/07/2015 00:00,TAS1,36765.08586,106.0892397,0.0029
D,CO2EII,PUBLISHING,1,2015,29,14/07/2015 00:00,VIC1,156141.7091,184106.2661,1.1791
D,CO2EII,PUBLISHING,1,2015,29,15/07/2015 00:00,NEM,583233.8443,519009.2751,0.8899
D,CO2EII,PUBLISHING,1,2015,29,15/07/2015 00:00,NSW1,194403.7106,173228.6154,0.8911
D,CO2EII,PUBLISHING,1,2015,29,15/07/2015 00:00,QLD1,155302.4554,136983.6732,0.882
D,CO2EII,PUBLISHING,1,2015,29,15/07/2015 00:00,SA1,36635.47179,14004.4617,0.3823
D,CO2EII,PUBLISHING,1,2015,29,15/07/2015 00:00,TAS1,38473.07538,207.5590517,0.0054
D,CO2EII,PUBLISHING,1,2015,29,15/07/2015 00:00,VIC1,158419.1312,194584.9658,1.2283
D,CO2EII,PUBLISHING,1,2015,29,16/07/2015 00:00,NEM,589314.0807,528834.5998,0.8974
D,CO2EII,PUBLISHING,1,2015,29,16/07/2015 00:00,NSW1,198083.0858,177873.3711,0.898
D,CO2EII,PUBLISHING,1,2015,29,16/07/2015 00:00,QLD1,162809.9327,141122.9845,0.8668
D,CO2EII,PUBLISHING,1,2015,29,16/07/2015 00:00,SA1,34963.31284,19518.0043,0.5582
D,CO2EII,PUBLISHING,1,2015,29,16/07/2015 00:00,TAS1,35913.79641,70.65376983,0.002
D,CO2EII,PUBLISHING,1,2015,29,16/07/2015 00:00,VIC1,157543.9529,190249.5861,1.2076
D,CO2EII,PUBLISHING,1,2015,29,17/07/2015 00:00,NEM,597045.0451,533671.3417,0.8939
D,CO2EII,PUBLISHING,1,2015,29,17/07/2015 00:00,NSW1,201960.5762,180202.9622,0.8923
D,CO2EII,PUBLISHING,1,2015,29,17/07/2015 00:00,QLD1,162529.9517,141720.6363,0.872
D,CO2EII,PUBLISHING,1,2015,29,17/07/2015 00:00,SA1,34255.17793,23439.4288,0.6843
D,CO2EII,PUBLISHING,1,2015,29,17/07/2015 00:00,TAS1,36733.83935,290.7153583,0.0079
D,CO2EII,PUBLISHING,1,2015,29,17/07/2015 00:00,VIC1,161565.4998,188017.5991,1.1637
D,CO2EII,PUBLISHING,1,2015,29,18/07/2015 00:00,NEM,539251.514,513684.8501,0.9526
D,CO2EII,PUBLISHING,1,2015,29,18/07/2015 00:00,NSW1,190774.0301,181573.4117,0.9518
D,CO2EII,PUBLISHING,1,2015,29,18/07/2015 00:00,QLD1,144115.1948,128642.3625,0.8926
D,CO2EII,PUBLISHING,1,2015,29,18/07/2015 00:00,SA1,27730.76719,22056.04457,0.7954
D,CO2EII,PUBLISHING,1,2015,29,18/07/2015 00:00,TAS1,29957.33113,85.60999056,0.0029
D,CO2EII,PUBLISHING,1,2015,29,18/07/2015 00:00,VIC1,146674.1907,181327.4214,1.2363
D,CO2EII,PUBLISHING,1,2015,30,19/07/2015 00:00,NEM,523574.7645,505248.7591,0.965
D,CO2EII,PUBLISHING,1,2015,30,19/07/2015 00:00,NSW1,183464.95,173606.7522,0.9463
D,CO2EII,PUBLISHING,1,2015,30,19/07/2015 00:00,QLD1,140930.1213,125886.6707,0.8933
D,CO2EII,PUBLISHING,1,2015,30,19/07/2015 00:00,SA1,24670.34305,19382.9829,0.7857
D,CO2EII,PUBLISHING,1,2015,30,19/07/2015 00:00,TAS1,30067.84375,72.2370225,0.0024
D,CO2EII,PUBLISHING,1,2015,30,19/07/2015 00:00,VIC1,144441.5065,186300.1162,1.2898
D,CO2EII,PUBLISHING,1,2015,30,20/07/2015 00:00,NEM,568295.124,524010.7698,0.9221
D,CO2EII,PUBLISHING,1,2015,30,20/07/2015 00:00,NSW1,201749.3224,187520.2309,0.9295
D,CO2EII,PUBLISHING,1,2015,30,20/07/2015 00:00,QLD1,144944.0382,128714.8119,0.888
D,CO2EII,PUBLISHING,1,2015,30,20/07/2015 00:00,SA1,33740.28522,17112.18977,0.5072
D,CO2EII,PUBLISHING,1,2015,30,20/07/2015 00:00,TAS1,32383.11327,102.5391096,0.0032
D,CO2EII,PUBLISHING,1,2015,30,20/07/2015 00:00,VIC1,155478.3648,190560.9981,1.2256
D,CO2EII,PUBLISHING,1,2015,30,21/07/2015 00:00,NEM,562155.4494,500325.0065,0.89
D,CO2EII,PUBLISHING,1,2015,30,21/07/2015 00:00,NSW1,191560.6262,175321.8764,0.9152
D,CO2EII,PUBLISHING,1,2015,30,21/07/2015 00:00,QLD1,145690.3244,130112.9158,0.8931
D,CO2EII,PUBLISHING,1,2015,30,21/07/2015 00:00,SA1,41932.11205,10837.6047,0.2585
D,CO2EII,PUBLISHING,1,2015,30,21/07/2015 00:00,TAS1,26128.13232,2.16465915,0.0001
D,CO2EII,PUBLISHING,1,2015,30,21/07/2015 00:00,VIC1,156844.2545,184050.4449,1.1735
D,CO2EII,PUBLISHING,1,2015,30,22/07/2015 00:00,NEM,560259.0165,511625.0957,0.9132
D,CO2EII,PUBLISHING,1,2015,30,22/07/2015 00:00,NSW1,193414.0436,175323.7433,0.9065
D,CO2EII,PUBLISHING,1,2015,30,22/07/2015 00:00,QLD1,150694.1569,133517.8795,0.886
D,CO2EII,PUBLISHING,1,2015,30,22/07/2015 00:00,SA1,32579.15226,17494.73482,0.537
D,CO2EII,PUBLISHING,1,2015,30,22/07/2015 00:00,TAS1,33715.19908,2.20568406,0.0001
D,CO2EII,PUBLISHING,1,2015,30,22/07/2015 00:00,VIC1,149856.4646,185286.5323,1.2364
D,CO2EII,PUBLISHING,1,2015,30,23/07/2015 00:00,NEM,548593.6172,515962.2322,0.9405
D,CO2EII,PUBLISHING,1,2015,30,23/07/2015 00:00,NSW1,190526.3246,176797.6916,0.9279
D,CO2EII,PUBLISHING,1,2015,30,23/07/2015 00:00,QLD1,147649.7584,131663.0585,0.8917
D,CO2EII,PUBLISHING,1,2015,30,23/07/2015 00:00,SA1,28734.38446,15269.69168,0.5314
D,CO2EII,PUBLISHING,1,2015,30,23/07/2015 00:00,TAS1,30582.8869,2.12861197,0.0001
D,CO2EII,PUBLISHING,1,2015,30,23/07/2015 00:00,VIC1,151100.2627,192229.6617,1.2722
D,CO2EII,PUBLISHING,1,2015,30,24/07/2015 00:00,NEM,538714.6387,478716.0533,0.8886
D,CO2EII,PUBLISHING,1,2015,30,24/07/2015 00:00,NSW1,182806.4607,160761.1106,0.8794
D,CO2EII,PUBLISHING,1,2015,30,24/07/2015 00:00,QLD1,141461.2888,126318.4728,0.893
D,CO2EII,PUBLISHING,1,2015,30,24/07/2015 00:00,SA1,35073.17873,7829.509197,0.2232
D,CO2EII,PUBLISHING,1,2015,30,24/07/2015 00:00,TAS1,29576.68528,2.27785404,0.0001
D,CO2EII,PUBLISHING,1,2015,30,24/07/2015 00:00,VIC1,149797.0252,183804.6828,1.227
D,CO2EII,PUBLISHING,1,2015,30,25/07/2015 00:00,NEM,491201.8301,429086.0702,0.8735
D,CO2EII,PUBLISHING,1,2015,30,25/07/2015 00:00,NSW1,156185.8169,132865.7155,0.8507
D,CO2EII,PUBLISHING,1,2015,30,25/07/2015 00:00,QLD1,133578.738,119171.9395,0.8921
D,CO2EII,PUBLISHING,1,2015,30,25/07/2015 00:00,SA1,36644.1604,7080.750273,0.1932
D,CO2EII,PUBLISHING,1,2015,30,25/07/2015 00:00,TAS1,22152.84672,2.27280424,0.0001
D,CO2EII,PUBLISHING,1,2015,30,25/07/2015 00:00,VIC1,142640.2681,169965.3921,1.1916
D,CO2EII,PUBLISHING,1,2015,31,26/07/2015 00:00,NEM,488175.681,426472.0145,0.8736
D,CO2EII,PUBLISHING,1,2015,31,26/07/2015 00:00,NSW1,157212.4738,135108.5971,0.8594
D,CO2EII,PUBLISHING,1,2015,31,26/07/2015 00:00,QLD1,130272.0928,116539.8648,0.8946
D,CO2EII,PUBLISHING,1,2015,31,26/07/2015 00:00,SA1,34091.383,10323.5114,0.3028
D,CO2EII,PUBLISHING,1,2015,31,26/07/2015 00:00,TAS1,29017.58972,2.26303125,0.0001
D,CO2EII,PUBLISHING,1,2015,31,26/07/2015 00:00,VIC1,137582.1416,164497.7781,1.1956
D,CO2EII,PUBLISHING,1,2015,31,27/07/2015 00:00,NEM,557271.5097,496092.7672,0.8902
D,CO2EII,PUBLISHING,1,2015,31,27/07/2015 00:00,NSW1,195535.7514,168535.1621,0.8619
D,CO2EII,PUBLISHING,1,2015,31,27/07/2015 00:00,QLD1,139114.3296,123713.7561,0.8893
D,CO2EII,PUBLISHING,1,2015,31,27/07/2015 00:00,SA1,30689.12931,22027.54647,0.7178
D,CO2EII,PUBLISHING,1,2015,31,27/07/2015 00:00,TAS1,40039.12893,1.71548214,0
D,CO2EII,PUBLISHING,1,2015,31,27/07/2015 00:00,VIC1,151893.1704,181814.5871,1.197
D,CO2EII,PUBLISHING,1,2015,31,28/07/2015 00:00,NEM,562094.2696,514645.1551,0.9156
D,CO2EII,PUBLISHING,1,2015,31,28/07/2015 00:00,NSW1,200330.4855,181074.6139,0.9039
D,CO2EII,PUBLISHING,1,2015,31,28/07/2015 00:00,QLD1,139657.096,124653.2708,0.8926
D,CO2EII,PUBLISHING,1,2015,31,28/07/2015 00:00,SA1,31520.31773,24584.43076,0.78
D,CO2EII,PUBLISHING,1,2015,31,28/07/2015 00:00,TAS1,40463.14119,1.47838804,0
D,CO2EII,PUBLISHING,1,2015,31,28/07/2015 00:00,VIC1,150123.2292,184331.3612,1.2279
D,CO2EII,PUBLISHING,1,2015,31,29/07/2015 00:00,NEM,561425.1972,506854.1662,0.9028
D,CO2EII,PUBLISHING,1,2015,31,29/07/2015 00:00,NSW1,195677.5156,179154.036,0.9156
D,CO2EII,PUBLISHING,1,2015,31,29/07/2015 00:00,QLD1,144050.2018,128639.3398,0.893
D,CO2EII,PUBLISHING,1,2015,31,29/07/2015 00:00,SA1,35347.89655,14932.58899,0.4224
D,CO2EII,PUBLISHING,1,2015,31,29/07/2015 00:00,TAS1,37231.75769,2.44220077,0.0001
D,CO2EII,PUBLISHING,1,2015,31,29/07/2015 00:00,VIC1,149117.8257,184125.7593,1.2348
D,CO2EII,PUBLISHING,1,2015,31,30/07/2015 00:00,NEM,559464.8034,479128.1351,0.8564
D,CO2EII,PUBLISHING,1,2015,31,30/07/2015 00:00,NSW1,189858.5648,164338.6878,0.8656
D,CO2EII,PUBLISHING,1,2015,31,30/07/2015 00:00,QLD1,142507.496,127129.3141,0.8921
D,CO2EII,PUBLISHING,1,2015,31,30/07/2015 00:00,SA1,40163.14295,13543.22831,0.3372
D,CO2EII,PUBLISHING,1,2015,31,30/07/2015 00:00,TAS1,35735.26411,2.41718388,0.0001
D,CO2EII,PUBLISHING,1,2015,31,30/07/2015 00:00,VIC1,151200.3356,174114.4877,1.1515
D,CO2EII,PUBLISHING,1,2015,31,31/07/2015 00:00,NEM,539161.0387,488617.2747,0.9063
D,CO2EII,PUBLISHING,1,2015,31,31/07/2015 00:00,NSW1,183035.0691,162869.4095,0.8898
D,CO2EII,PUBLISHING,1,2015,31,31/07/2015 00:00,QLD1,141997.4274,127247.3682,0.8961
D,CO2EII,PUBLISHING,1,2015,31,31/07/2015 00:00,SA1,30168.21637,16277.13123,0.5395
D,CO2EII,PUBLISHING,1,2015,31,31/07/2015 00:00,TAS1,35564.77883,43.63519218,0.0012
D,CO2EII,PUBLISHING,1,2015,31,31/07/2015 00:00,VIC1,148395.547,182179.7306,1.2277
D,CO2EII,PUBLISHING,1,2015,31,01/08/2015 00:00,NEM,502092.7737,440716.3199,0.8778
D,CO2EII,PUBLISHING,1,2015,31,01/08/2015 00:00,NSW1,165803.58,145757.4653,0.8791
D,CO2EII,PUBLISHING,1,2015,31,01/08/2015 00:00,QLD1,136891.3296,122612.9492,0.8957
D,CO2EII,PUBLISHING,1,2015,31,01/08/2015 00:00,SA1,28201.77274,13381.19345,0.4745
D,CO2EII,PUBLISHING,1,2015,31,01/08/2015 00:00,TAS1,39278.83449,2.32354973,0.0001
D,CO2EII,PUBLISHING,1,2015,31,01/08/2015 00:00,VIC1,131917.2568,158962.3883,1.205
D,CO2EII,PUBLISHING,1,2015,32,02/08/2015 00:00,NEM,479555.8247,410197.9215,0.8554
D,CO2EII,PUBLISHING,1,2015,32,02/08/2015 00:00,NSW1,146385.9789,128288.6295,0.8764
D,CO2EII,PUBLISHING,1,2015,32,02/08/2015 00:00,QLD1,131249.4516,117575.752,0.8958
D,CO2EII,PUBLISHING,1,2015,32,02/08/2015 00:00,SA1,30982.4123,8492.490581,0.2741
D,CO2EII,PUBLISHING,1,2015,32,02/08/2015 00:00,TAS1,37864.07617,2.33738842,0.0001
D,CO2EII,PUBLISHING,1,2015,32,02/08/2015 00:00,VIC1,133073.9057,155838.712,1.1711
D,CO2EII,PUBLISHING,1,2015,32,03/08/2015 00:00,NEM,549662.8514,463376.3348,0.843
D,CO2EII,PUBLISHING,1,2015,32,03/08/2015 00:00,NSW1,181379.7674,159448.209,0.8791
D,CO2EII,PUBLISHING,1,2015,32,03/08/2015 00:00,QLD1,146749.2482,129189.565,0.8803
D,CO2EII,PUBLISHING,1,2015,32,03/08/2015 00:00,SA1,34459.27171,13965.64864,0.4053
D,CO2EII,PUBLISHING,1,2015,32,03/08/2015 00:00,TAS1,45543.89312,78.86320231,0.0017
D,CO2EII,PUBLISHING,1,2015,32,03/08/2015 00:00,VIC1,141530.671,160694.0489,1.1354
D,CO2EII,PUBLISHING,1,2015,32,04/08/2015 00:00,NEM,573902.7206,488224.2413,0.8507
D,CO2EII,PUBLISHING,1,2015,32,04/08/2015 00:00,NSW1,192950.5842,174740.3614,0.9056
D,CO2EII,PUBLISHING,1,2015,32,04/08/2015 00:00,QLD1,153728.7545,133846.7991,0.8707
D,CO2EII,PUBLISHING,1,2015,32,04/08/2015 00:00,SA1,34022.25626,17066.86386,0.5016
D,CO2EII,PUBLISHING,1,2015,32,04/08/2015 00:00,TAS1,47187.85415,15.52950393,0.0003
D,CO2EII,PUBLISHING,1,2015,32,04/08/2015 00:00,VIC1,146013.2715,162554.6874,1.1133
D,CO2EII,PUBLISHING,1,2015,32,05/08/2015 00:00,NEM,577796.6682,476590.5706,0.8248
D,CO2EII,PUBLISHING,1,2015,32,05/08/2015 00:00,NSW1,202724.7105,174346.2714,0.86
D,CO2EII,PUBLISHING,1,2015,32,05/08/2015 00:00,QLD1,148256.8401,129983.7223,0.8767
D,CO2EII,PUBLISHING,1,2015,32,05/08/2015 00:00,SA1,37611.03061,12261.99645,0.326
D,CO2EII,PUBLISHING,1,2015,32,05/08/2015 00:00,TAS1,44054.33405,33.59382362,0.0008
D,CO2EII,PUBLISHING,1,2015,32,05/08/2015 00:00,VIC1,145149.753,159964.9867,1.1021
D,CO2EII,PUBLISHING,1,2015,32,06/08/2015 00:00,NEM,569568.1939,496095.9186,0.871
D,CO2EII,PUBLISHING,1,2015,32,06/08/2015 00:00,NSW1,197734.4459,177038.0919,0.8953
D,CO2EII,PUBLISHING,1,2015,32,06/08/2015 00:00,QLD1,152457.1476,132626.8571,0.8699
D,CO2EII,PUBLISHING,1,2015,32,06/08/2015 00:00,SA1,30563.27352,21266.64875,0.6958
D,CO2EII,PUBLISHING,1,2015,32,06/08/2015 00:00,TAS1,44530.23444,169.9141323,0.0038
D,CO2EII,PUBLISHING,1,2015,32,06/08/2015 00:00,VIC1,144283.0925,164994.4067,1.1435
D,CO2EII,PUBLISHING,1,2015,32,07/08/2015 00:00,NEM,564366.3013,510058.4239,0.9038
D,CO2EII,PUBLISHING,1,2015,32,07/08/2015 00:00,NSW1,195743.5118,179919.7023,0.9192
D,CO2EII,PUBLISHING,1,2015,32,07/08/2015 00:00,QLD1,156666.9933,136348.028,0.8703
D,CO2EII,PUBLISHING,1,2015,32,07/08/2015 00:00,SA1,29284.33915,23663.40494,0.8081
D,CO2EII,PUBLISHING,1,2015,32,07/08/2015 00:00,TAS1,43301.81103,100.5279996,0.0023
D,CO2EII,PUBLISHING,1,2015,32,07/08/2015 00:00,VIC1,139369.6461,170026.7606,1.22
D,CO2EII,PUBLISHING,1,2015,32,08/08/2015 00:00,NEM,512447.2533,464516.2612,0.9065
D,CO2EII,PUBLISHING,1,2015,32,08/08/2015 00:00,NSW1,176017.2736,163134.5672,0.9268
D,CO2EII,PUBLISHING,1,2015,32,08/08/2015 00:00,QLD1,143171.7647,123800.3699,0.8647
D,CO2EII,PUBLISHING,1,2015,32,08/08/2015 00:00,SA1,24805.57868,15117.90729,0.6095
D,CO2EII,PUBLISHING,1,2015,32,08/08/2015 00:00,TAS1,41816.68362,56.49726106,0.0014
D,CO2EII,PUBLISHING,1,2015,32,08/08/2015 00:00,VIC1,126635.9527,162406.9196,1.2825
D,CO2EII,PUBLISHING,1,2015,33,09/08/2015 00:00,NEM,497905.433,442099.3887,0.8879
D,CO2EII,PUBLISHING,1,2015,33,09/08/2015 00:00,NSW1,162360.0519,151338.5474,0.9321
D,CO2EII,PUBLISHING,1,2015,33,09/08/2015 00:00,QLD1,136382.7923,120781.5035,0.8856
D,CO2EII,PUBLISHING,1,2015,33,09/08/2015 00:00,SA1,37162.278,10963.71153,0.295
D,CO2EII,PUBLISHING,1,2015,33,09/08/2015 00:00,TAS1,33310.36756,37.87339268,0.0011
D,CO2EII,PUBLISHING,1,2015,33,09/08/2015 00:00,VIC1,128689.9432,158977.7528,1.2354
D,CO2EII,PUBLISHING,1,2015,33,10/08/2015 00:00,NEM,537990.6407,452846.6066,0.8417
D,CO2EII,PUBLISHING,1,2015,33,10/08/2015 00:00,NSW1,179621.5949,157375.1627,0.8761
D,CO2EII,PUBLISHING,1,2015,33,10/08/2015 00:00,QLD1,144443.5204,126831.7575,0.8781
D,CO2EII,PUBLISHING,1,2015,33,10/08/2015 00:00,SA1,38510.07806,11544.37289,0.2998
D,CO2EII,PUBLISHING,1,2015,33,10/08/2015 00:00,TAS1,36359.32671,26.66188338,0.0007
D,CO2EII,PUBLISHING,1,2015,33,10/08/2015 00:00,VIC1,139056.1207,157068.6516,1.1295
D,CO2EII,PUBLISHING,1,2015,33,11/08/2015 00:00,NEM,544157.8753,463884.9201,0.8525
D,CO2EII,PUBLISHING,1,2015,33,11/08/2015 00:00,NSW1,183789.192,163086.64,0.8874
D,CO2EII,PUBLISHING,1,2015,33,11/08/2015 00:00,QLD1,142297.759,125407.1297,0.8813
D,CO2EII,PUBLISHING,1,2015,33,11/08/2015 00:00,SA1,39820.77467,11347.67066,0.285
D,CO2EII,PUBLISHING,1,2015,33,11/08/2015 00:00,TAS1,37853.04204,2.19536778,0.0001
D,CO2EII,PUBLISHING,1,2015,33,11/08/2015 00:00,VIC1,140397.1076,164041.2843,1.1684
D,CO2EII,PUBLISHING,1,2015,33,12/08/2015 00:00,NEM,552223.3356,481179.5291,0.8713
D,CO2EII,PUBLISHING,1,2015,33,12/08/2015 00:00,NSW1,194042.3132,172205.4433,0.8875
D,CO2EII,PUBLISHING,1,2015,33,12/08/2015 00:00,QLD1,139453.0472,122775.0728,0.8804
D,CO2EII,PUBLISHING,1,2015,33,12/08/2015 00:00,SA1,36149.27509,12930.1252,0.3577
D,CO2EII,PUBLISHING,1,2015,33,12/08/2015 00:00,TAS1,39633.73382,2.17137721,0.0001
D,CO2EII,PUBLISHING,1,2015,33,12/08/2015 00:00,VIC1,142944.9663,173266.7164,1.2121
D,CO2EII,PUBLISHING,1,2015,33,13/08/2015 00:00,NEM,551106.5868,482996.6137,0.8764
D,CO2EII,PUBLISHING,1,2015,33,13/08/2015 00:00,NSW1,195435.5752,170902.8909,0.8745
D,CO2EII,PUBLISHING,1,2015,33,13/08/2015 00:00,QLD1,144460.2702,126184.0439,0.8735
D,CO2EII,PUBLISHING,1,2015,33,13/08/2015 00:00,SA1,28970.05192,16863.32103,0.5821
D,CO2EII,PUBLISHING,1,2015,33,13/08/2015 00:00,TAS1,42940.617,14.58699253,0.0003
D,CO2EII,PUBLISHING,1,2015,33,13/08/2015 00:00,VIC1,139300.0724,169031.771,1.2134
D,CO2EII,PUBLISHING,1,2015,33,14/08/2015 00:00,NEM,543481.8193,487627.7311,0.8972
D,CO2EII,PUBLISHING,1,2015,33,14/08/2015 00:00,NSW1,186323.4113,169126.7129,0.9077
D,CO2EII,PUBLISHING,1,2015,33,14/08/2015 00:00,QLD1,150877.8537,129499.6428,0.8583
D,CO2EII,PUBLISHING,1,2015,33,14/08/2015 00:00,SA1,25084.60107,18563.61662,0.74
D,CO2EII,PUBLISHING,1,2015,33,14/08/2015 00:00,TAS1,41684.77894,19.95856234,0.0005
D,CO2EII,PUBLISHING,1,2015,33,14/08/2015 00:00,VIC1,139511.1742,170417.8002,1.2215
D,CO2EII,PUBLISHING,1,2015,33,15/08/2015 00:00,NEM,497531.2401,465854.0274,0.9363
D,CO2EII,PUBLISHING,1,2015,33,15/08/2015 00:00,NSW1,163495.6726,154536.8324,0.9452
D,CO2EII,PUBLISHING,1,2015,33,15/08/2015 00:00,QLD1,144598.6016,127192.5344,0.8796
D,CO2EII,PUBLISHING,1,2015,33,15/08/2015 00:00,SA1,19847.20654,15592.37935,0.7856
D,CO2EII,PUBLISHING,1,2015,33,15/08/2015 00:00,TAS1,39768.39068,2.09780116,0.0001
D,CO2EII,PUBLISHING,1,2015,33,15/08/2015 00:00,VIC1,129821.3686,168530.1835,1.2982
D,CO2EII,PUBLISHING,1,2015,34,16/08/2015 00:00,NEM,479701.143,437260.7681,0.9115
D,CO2EII,PUBLISHING,1,2015,34,16/08/2015 00:00,NSW1,149179.8649,135937.2345,0.9112
D,CO2EII,PUBLISHING,1,2015,34,16/08/2015 00:00,QLD1,140329.486,123857.8096,0.8826
D,CO2EII,PUBLISHING,1,2015,34,16/08/2015 00:00,SA1,21442.49607,12947.86214,0.6038
D,CO2EII,PUBLISHING,1,2015,34,16/08/2015 00:00,TAS1,34781.83232,2.19537665,0.0001
D,CO2EII,PUBLISHING,1,2015,34,16/08/2015 00:00,VIC1,133967.4637,164515.6664,1.228
D,CO2EII,PUBLISHING,1,2015,34,17/08/2015 00:00,NEM,540463.18,474402.0429,0.8778
D,CO2EII,PUBLISHING,1,2015,34,17/08/2015 00:00,NSW1,180964.8155,156656.2147,0.8657
D,CO2EII,PUBLISHING,1,2015,34,17/08/2015 00:00,QLD1,147280.7621,128993.2115,0.8758
D,CO2EII,PUBLISHING,1,2015,34,17/08/2015 00:00,SA1,26562.19043,15516.35802,0.5842
D,CO2EII,PUBLISHING,1,2015,34,17/08/2015 00:00,TAS1,39265.20683,2.09121512,0.0001
D,CO2EII,PUBLISHING,1,2015,34,17/08/2015 00:00,VIC1,146390.2051,173234.1675,1.1834
D,CO2EII,PUBLISHING,1,2015,34,18/08/2015 00:00,NEM,552822.0897,505777.0116,0.9149
D,CO2EII,PUBLISHING,1,2015,34,18/08/2015 00:00,NSW1,190980.2892,174897.9912,0.9158
D,CO2EII,PUBLISHING,1,2015,34,18/08/2015 00:00,QLD1,149136.5969,131518.5516,0.8819
D,CO2EII,PUBLISHING,1,2015,34,18/08/2015 00:00,SA1,25912.6765,19948.47305,0.7698
D,CO2EII,PUBLISHING,1,2015,34,18/08/2015 00:00,TAS1,42368.47968,122.1476678,0.0029
D,CO2EII,PUBLISHING,1,2015,34,18/08/2015 00:00,VIC1,144424.0474,179289.848,1.2414
D,CO2EII,PUBLISHING,1,2015,34,19/08/2015 00:00,NEM,551437.2119,497075.6857,0.9014
D,CO2EII,PUBLISHING,1,2015,34,19/08/2015 00:00,NSW1,183265.8381,174310.2633,0.9511
D,CO2EII,PUBLISHING,1,2015,34,19/08/2015 00:00,QLD1,149857.0762,132937.2632,0.8871
D,CO2EII,PUBLISHING,1,2015,34,19/08/2015 00:00,SA1,29296.66529,11746.83562,0.401
D,CO2EII,PUBLISHING,1,2015,34,19/08/2015 00:00,TAS1,40125.1783,98.80180617,0.0025
D,CO2EII,PUBLISHING,1,2015,34,19/08/2015 00:00,VIC1,148892.454,177982.5218,1.1954
D,CO2EII,PUBLISHING,1,2015,34,20/08/2015 00:00,NEM,537420.7144,458895.7729,0.8539
D,CO2EII,PUBLISHING,1,2015,34,20/08/2015 00:00,NSW1,171820.1346,163219.0141,0.9499
D,CO2EII,PUBLISHING,1,2015,34,20/08/2015 00:00,QLD1,148593.7777,131800.3008,0.887
D,CO2EII,PUBLISHING,1,2015,34,20/08/2015 00:00,SA1,38893.52801,7708.927642,0.1982
D,CO2EII,PUBLISHING,1,2015,34,20/08/2015 00:00,TAS1,36695.00269,57.24896218,0.0016
D,CO2EII,PUBLISHING,1,2015,34,20/08/2015 00:00,VIC1,141418.2715,156110.2814,1.1039
D,CO2EII,PUBLISHING,1,2015,34,21/08/2015 00:00,NEM,521404.3843,433442.3021,0.8313
D,CO2EII,PUBLISHING,1,2015,34,21/08/2015 00:00,NSW1,173907.8715,159803.4301,0.9189
D,CO2EII,PUBLISHING,1,2015,34,21/08/2015 00:00,QLD1,145026.0192,127694.4572,0.8805
D,CO2EII,PUBLISHING,1,2015,34,21/08/2015 00:00,SA1,32677.86525,9349.244041,0.2861
D,CO2EII,PUBLISHING,1,2015,34,21/08/2015 00:00,TAS1,39751.1661,2.12649546,0.0001
D,CO2EII,PUBLISHING,1,2015,34,21/08/2015 00:00,VIC1,130041.4623,136593.0442,1.0504
D,CO2EII,PUBLISHING,1,2015,34,22/08/2015 00:00,NEM,467689.8315,421047.0339,0.9003
D,CO2EII,PUBLISHING,1,2015,34,22/08/2015 00:00,NSW1,146104.9602,125832.9922,0.8613
D,CO2EII,PUBLISHING,1,2015,34,22/08/2015 00:00,QLD1,141090.259,123251.5519,0.8736
D,CO2EII,PUBLISHING,1,2015,34,22/08/2015 00:00,SA1,18502.31566,11554.47012,0.6245
D,CO2EII,PUBLISHING,1,2015,34,22/08/2015 00:00,TAS1,36445.40719,2.08683228,0.0001
D,CO2EII,PUBLISHING,1,2015,34,22/08/2015 00:00,VIC1,125546.8895,160405.9329,1.2777
D,CO2EII,PUBLISHING,1,2015,35,23/08/2015 00:00,NEM,470657.1037,429036.0631,0.9116
D,CO2EII,PUBLISHING,1,2015,35,23/08/2015 00:00,NSW1,144801.7585,132242.7369,0.9133
D,CO2EII,PUBLISHING,1,2015,35,23/08/2015 00:00,QLD1,142324.3699,123415.272,0.8671
D,CO2EII,PUBLISHING,1,2015,35,23/08/2015 00:00,SA1,25239.30231,8459.299112,0.3352
D,CO2EII,PUBLISHING,1,2015,35,23/08/2015 00:00,TAS1,31746.26647,2.03987094,0.0001
D,CO2EII,PUBLISHING,1,2015,35,23/08/2015 00:00,VIC1,126545.4066,164916.7152,1.3032
D,CO2EII,PUBLISHING,1,2015,35,24/08/2015 00:00,NEM,534651.7855,457341.0671,0.8554
D,CO2EII,PUBLISHING,1,2015,35,24/08/2015 00:00,NSW1,157133.7579,137963.9432,0.878
D,CO2EII,PUBLISHING,1,2015,35,24/08/2015 00:00,QLD1,160576.9175,136285.8751,0.8487
D,CO2EII,PUBLISHING,1,2015,35,24/08/2015 00:00,SA1,36405.9359,11043.8445,0.3034
D,CO2EII,PUBLISHING,1,2015,35,24/08/2015 00:00,TAS1,33007.94292,7.84585425,0.0002
D,CO2EII,PUBLISHING,1,2015,35,24/08/2015 00:00,VIC1,147527.2313,172039.5584,1.1662
D,CO2EII,PUBLISHING,1,2015,35,25/08/2015 00:00,NEM,535890.8884,467839.2361,0.873
D,CO2EII,PUBLISHING,1,2015,35,25/08/2015 00:00,NSW1,158932.6983,141562.3487,0.8907
D,CO2EII,PUBLISHING,1,2015,35,25/08/2015 00:00,QLD1,160448.2666,136361.3623,0.8499
D,CO2EII,PUBLISHING,1,2015,35,25/08/2015 00:00,SA1,28811.65718,12337.68196,0.4282
D,CO2EII,PUBLISHING,1,2015,35,25/08/2015 00:00,TAS1,35925.8724,71.88769033,0.002
D,CO2EII,PUBLISHING,1,2015,35,25/08/2015 00:00,VIC1,151772.3939,177505.9554,1.1696
D,CO2EII,PUBLISHING,1,2015,35,26/08/2015 00:00,NEM,531075.2366,471733.1376,0.8883
D,CO2EII,PUBLISHING,1,2015,35,26/08/2015 00:00,NSW1,171783.5144,150951.8927,0.8787
D,CO2EII,PUBLISHING,1,2015,35,26/08/2015 00:00,QLD1,157631.8366,135474.1374,0.8594
D,CO2EII,PUBLISHING,1,2015,35,26/08/2015 00:00,SA1,25030.14126,18572.71667,0.742
D,CO2EII,PUBLISHING,1,2015,35,26/08/2015 00:00,TAS1,38717.82216,156.0681835,0.004
D,CO2EII,PUBLISHING,1,2015,35,26/08/2015 00:00,VIC1,137911.9221,166578.3227,1.2079
D,CO2EII,PUBLISHING,1,2015,35,27/08/2015 00:00,NEM,541703.6955,484165.841,0.8938
D,CO2EII,PUBLISHING,1,2015,35,27/08/2015 00:00,NSW1,175702.2188,159595.054,0.9083
D,CO2EII,PUBLISHING,1,2015,35,27/08/2015 00:00,QLD1,157178.297,135152.3478,0.8599
D,CO2EII,PUBLISHING,1,2015,35,27/08/2015 00:00,SA1,26876.44495,16513.713,0.6144
D,CO2EII,PUBLISHING,1,2015,35,27/08/2015 00:00,TAS1,37087.245,78.36831551,0.0021
D,CO2EII,PUBLISHING,1,2015,35,27/08/2015 00:00,VIC1,144859.4898,172826.3579,1.1931
D,CO2EII,PUBLISHING,1,2015,35,28/08/2015 00:00,NEM,528570.2864,472391.2435,0.8937
D,CO2EII,PUBLISHING,1,2015,35,28/08/2015 00:00,NSW1,172531.7586,153871.3828,0.8918
D,CO2EII,PUBLISHING,1,2015,35,28/08/2015 00:00,QLD1,150730.0321,130349.0549,0.8648
D,CO2EII,PUBLISHING,1,2015,35,28/08/2015 00:00,SA1,25654.78335,16124.36564,0.6285
D,CO2EII,PUBLISHING,1,2015,35,28/08/2015 00:00,TAS1,36361.68021,2.13694474,0.0001
D,CO2EII,PUBLISHING,1,2015,35,28/08/2015 00:00,VIC1,143292.0321,172044.3032,1.2007
D,CO2EII,PUBLISHING,1,2015,35,29/08/2015 00:00,NEM,493631.0841,442660.2385,0.8967
D,CO2EII,PUBLISHING,1,2015,35,29/08/2015 00:00,NSW1,164283.2343,144474.9375,0.8794
D,CO2EII,PUBLISHING,1,2015,35,29/08/2015 00:00,QLD1,138430.3372,119977.9324,0.8667
D,CO2EII,PUBLISHING,1,2015,35,29/08/2015 00:00,SA1,22065.30341,14335.93258,0.6497
D,CO2EII,PUBLISHING,1,2015,35,29/08/2015 00:00,TAS1,37021.18297,2.14033133,0.0001
D,CO2EII,PUBLISHING,1,2015,35,29/08/2015 00:00,VIC1,131831.0263,163869.2956,1.243
D,CO2EII,PUBLISHING,1,2015,36,30/08/2015 00:00,NEM,476496.1735,439754.4066,0.9229
D,CO2EII,PUBLISHING,1,2015,36,30/08/2015 00:00,NSW1,160289.303,146997.9836,0.9171
D,CO2EII,PUBLISHING,1,2015,36,30/08/2015 00:00,QLD1,141972.4546,123177.3373,0.8676
D,CO2EII,PUBLISHING,1,2015,36,30/08/2015 00:00,SA1,19788.99505,13227.63388,0.6684
D,CO2EII,PUBLISHING,1,2015,36,30/08/2015 00:00,TAS1,32497.76644,2.084159,0.0001
D,CO2EII,PUBLISHING,1,2015,36,30/08/2015 00:00,VIC1,121947.6544,156349.3677,1.2821
D,CO2EII,PUBLISHING,1,2015,36,31/08/2015 00:00,NEM,531529.1335,469254.9423,0.8828
D,CO2EII,PUBLISHING,1,2015,36,31/08/2015 00:00,NSW1,175493.8842,162449.6053,0.9257
D,CO2EII,PUBLISHING,1,2015,36,31/08/2015 00:00,QLD1,161926.0639,139239.7856,0.8599
D,CO2EII,PUBLISHING,1,2015,36,31/08/2015 00:00,SA1,26127.5659,18172.54454,0.6955
D,CO2EII,PUBLISHING,1,2015,36,31/08/2015 00:00,TAS1,39728.39397,158.8397873,0.004
D,CO2EII,PUBLISHING,1,2015,36,31/08/2015 00:00,VIC1,128253.2254,149234.1672,1.1636
D,CO2EII,PUBLISHING,1,2015,36,01/09/2015 00:00,NEM,528706.0966,446891.5026,0.8453
D,CO2EII,PUBLISHING,1,2015,36,01/09/2015 00:00,NSW1,180896.7914,163359.8226,0.9031
D,CO2EII,PUBLISHING,1,2015,36,01/09/2015 00:00,QLD1,156376.0666,134519.1594,0.8602
D,CO2EII,PUBLISHING,1,2015,36,01/09/2015 00:00,SA1,30923.10761,9479.082455,0.3065
D,CO2EII,PUBLISHING,1,2015,36,01/09/2015 00:00,TAS1,39756.81222,47.53916054,0.0012
D,CO2EII,PUBLISHING,1,2015,36,01/09/2015 00:00,VIC1,120753.3187,139485.899,1.1551
D,CO2EII,PUBLISHING,1,2015,36,02/09/2015 00:00,NEM,529808.8128,451575.5125,0.8523
D,CO2EII,PUBLISHING,1,2015,36,02/09/2015 00:00,NSW1,183402.283,167154.7857,0.9114
D,CO2EII,PUBLISHING,1,2015,36,02/09/2015 00:00,QLD1,147336.7806,129434.813,0.8785
D,CO2EII,PUBLISHING,1,2015,36,02/09/2015 00:00,SA1,33253.6826,7474.796608,0.2248
D,CO2EII,PUBLISHING,1,2015,36,02/09/2015 00:00,TAS1,37470.14658,2.07010719,0.0001
D,CO2EII,PUBLISHING,1,2015,36,02/09/2015 00:00,VIC1,128345.92,147509.0471,1.1493
D,CO2EII,PUBLISHING,1,2015,36,03/09/2015 00:00,NEM,527674.5195,456048.1375,0.8643
D,CO2EII,PUBLISHING,1,2015,36,03/09/2015 00:00,NSW1,185299.0062,170159.7294,0.9183
D,CO2EII,PUBLISHING,1,2015,36,03/09/2015 00:00,QLD1,148192.6604,130890.1751,0.8832
D,CO2EII,PUBLISHING,1,2015,36,03/09/2015 00:00,SA1,29480.47684,10458.47279,0.3548
D,CO2EII,PUBLISHING,1,2015,36,03/09/2015 00:00,TAS1,39480.74351,1.70655996,0
D,CO2EII,PUBLISHING,1,2015,36,03/09/2015 00:00,VIC1,125221.6325,144538.0536,1.1543
D,CO2EII,PUBLISHING,1,2015,36,04/09/2015 00:00,NEM,523392.4941,464765.1571,0.888
D,CO2EII,PUBLISHING,1,2015,36,04/09/2015 00:00,NSW1,183362.185,172671.8345,0.9417
D,CO2EII,PUBLISHING,1,2015,36,04/09/2015 00:00,QLD1,147391.9571,129499.5517,0.8786
D,CO2EII,PUBLISHING,1,2015,36,04/09/2015 00:00,SA1,23692.11815,16240.8878,0.6855
D,CO2EII,PUBLISHING,1,2015,36,04/09/2015 00:00,TAS1,44031.6331,69.41776178,0.0016
D,CO2EII,PUBLISHING,1,2015,36,04/09/2015 00:00,VIC1,124914.6008,146283.4653,1.1711
D,CO2EII,PUBLISHING,1,2015,36,05/09/2015 00:00,NEM,473335.1113,421684.3854,0.8909
D,CO2EII,PUBLISHING,1,2015,36,05/09/2015 00:00,NSW1,173889.9206,164723.222,0.9473
D,CO2EII,PUBLISHING,1,2015,36,05/09/2015 00:00,QLD1,134455.4226,119040.7246,0.8854
D,CO2EII,PUBLISHING,1,2015,36,05/09/2015 00:00,SA1,19727.16287,12272.93522,0.6221
D,CO2EII,PUBLISHING,1,2015,36,05/09/2015 00:00,TAS1,40349.94528,2.05655633,0.0001
D,CO2EII,PUBLISHING,1,2015,36,05/09/2015 00:00,VIC1,104912.6599,125645.447,1.1976
D,CO2EII,PUBLISHING,1,2015,37,06/09/2015 00:00,NEM,465969.4386,397471.8113,0.853
D,CO2EII,PUBLISHING,1,2015,37,06/09/2015 00:00,NSW1,162497.8922,150152.4493,0.924
D,CO2EII,PUBLISHING,1,2015,37,06/09/2015 00:00,QLD1,130309.0797,116498.0804,0.894
D,CO2EII,PUBLISHING,1,2015,37,06/09/2015 00:00,SA1,32488.17958,5283.896906,0.1626
D,CO2EII,PUBLISHING,1,2015,37,06/09/2015 00:00,TAS1,33603.50474,2.08577134,0.0001
D,CO2EII,PUBLISHING,1,2015,37,06/09/2015 00:00,VIC1,107070.7824,125535.2989,1.1725
D,CO2EII,PUBLISHING,1,2015,37,07/09/2015 00:00,NEM,514500.3776,441201.8403,0.8575
D,CO2EII,PUBLISHING,1,2015,37,07/09/2015 00:00,NSW1,174110.4679,150863.9197,0.8665
D,CO2EII,PUBLISHING,1,2015,37,07/09/2015 00:00,QLD1,136790.1003,120714.7224,0.8825
D,CO2EII,PUBLISHING,1,2015,37,07/09/2015 00:00,SA1,28795.01984,8937.997499,0.3104
D,CO2EII,PUBLISHING,1,2015,37,07/09/2015 00:00,TAS1,32390.67109,2.09946021,0.0001
D,CO2EII,PUBLISHING,1,2015,37,07/09/2015 00:00,VIC1,142414.1184,160683.1012,1.1283
D,CO2EII,PUBLISHING,1,2015,37,08/09/2015 00:00,NEM,522674.3061,457322.4044,0.875
D,CO2EII,PUBLISHING,1,2015,37,08/09/2015 00:00,NSW1,185554.4831,165435.7361,0.8916
D,CO2EII,PUBLISHING,1,2015,37,08/09/2015 00:00,QLD1,136014.7322,120393.6428,0.8852
D,CO2EII,PUBLISHING,1,2015,37,08/09/2015 00:00,SA1,27816.30924,9365.475643,0.3367
D,CO2EII,PUBLISHING,1,2015,37,08/09/2015 00:00,TAS1,35126.63668,1.99066303,0.0001
D,CO2EII,PUBLISHING,1,2015,37,08/09/2015 00:00,VIC1,138162.1449,162125.5592,1.1734
D,CO2EII,PUBLISHING,1,2015,37,09/09/2015 00:00,NEM,515874.5912,464798.2367,0.901
D,CO2EII,PUBLISHING,1,2015,37,09/09/2015 00:00,NSW1,183540.4868,172609.5311,0.9404
D,CO2EII,PUBLISHING,1,2015,37,09/09/2015 00:00,QLD1,135867.5325,120256.3251,0.8851
D,CO2EII,PUBLISHING,1,2015,37,09/09/2015 00:00,SA1,23214.95492,17271.44117,0.744
D,CO2EII,PUBLISHING,1,2015,37,09/09/2015 00:00,TAS1,39224.74809,94.50628281,0.0024
D,CO2EII,PUBLISHING,1,2015,37,09/09/2015 00:00,VIC1,134026.8688,154566.433,1.1532
D,CO2EII,PUBLISHING,1,2015,37,10/09/2015 00:00,NEM,511105.9072,463295.2621,0.9065
D,CO2EII,PUBLISHING,1,2015,37,10/09/2015 00:00,NSW1,184063.3259,172907.0103,0.9394
D,CO2EII,PUBLISHING,1,2015,37,10/09/2015 00:00,QLD1,135096.5935,118497.8092,0.8771
D,CO2EII,PUBLISHING,1,2015,37,10/09/2015 00:00,SA1,21968.27219,15841.409,0.7211
D,CO2EII,PUBLISHING,1,2015,37,10/09/2015 00:00,TAS1,40371.89586,1.98549734,0
D,CO2EII,PUBLISHING,1,2015,37,10/09/2015 00:00,VIC1,129605.8197,156047.0481,1.204
D,CO2EII,PUBLISHING,1,2015,37,11/09/2015 00:00,NEM,498451.3988,440455.062,0.8836
D,CO2EII,PUBLISHING,1,2015,37,11/09/2015 00:00,NSW1,162843.9887,151086.1645,0.9278
D,CO2EII,PUBLISHING,1,2015,37,11/09/2015 00:00,QLD1,138004.6419,122391.9325,0.8869
D,CO2EII,PUBLISHING,1,2015,37,11/09/2015 00:00,SA1,29328.02868,8850.626669,0.3018
D,CO2EII,PUBLISHING,1,2015,37,11/09/2015 00:00,TAS1,28247.99347,2.0064524,0.0001
D,CO2EII,PUBLISHING,1,2015,37,11/09/2015 00:00,VIC1,140026.746,158124.3318,1.1292
D,CO2EII,PUBLISHING,1,2015,37,12/09/2015 00:00,NEM,450829.1352,407585.5969,0.9041
D,CO2EII,PUBLISHING,1,2015,37,12/09/2015 00:00,NSW1,149386.6935,136634.4935,0.9146
D,CO2EII,PUBLISHING,1,2015,37,12/09/2015 00:00,QLD1,128847.1591,115114.7588,0.8934
D,CO2EII,PUBLISHING,1,2015,37,12/09/2015 00:00,SA1,23824.17618,9024.061732,0.3788
D,CO2EII,PUBLISHING,1,2015,37,12/09/2015 00:00,TAS1,22648.64254,1.97314692,0.0001
D,CO2EII,PUBLISHING,1,2015,37,12/09/2015 00:00,VIC1,126122.4638,146810.3097,1.164
D,CO2EII,PUBLISHING,1,2015,38,13/09/2015 00:00,NEM,436490.7711,395958.0613,0.9071
D,CO2EII,PUBLISHING,1,2015,38,13/09/2015 00:00,NSW1,135993.5926,128537.22,0.9452
D,CO2EII,PUBLISHING,1,2015,38,13/09/2015 00:00,QLD1,126440.9249,113791.9631,0.9
D,CO2EII,PUBLISHING,1,2015,38,13/09/2015 00:00,SA1,30339.52667,6758.060544,0.2227
D,CO2EII,PUBLISHING,1,2015,38,13/09/2015 00:00,TAS1,17364.78776,1.97095029,0.0001
D,CO2EII,PUBLISHING,1,2015,38,13/09/2015 00:00,VIC1,126351.9392,146868.8467,1.1624
D,CO2EII,PUBLISHING,1,2015,38,14/09/2015 00:00,NEM,484124.1223,431081.5712,0.8904
D,CO2EII,PUBLISHING,1,2015,38,14/09/2015 00:00,NSW1,154305.7884,137566.5225,0.8915
D,CO2EII,PUBLISHING,1,2015,38,14/09/2015 00:00,QLD1,139711.2677,125435.5472,0.8978
D,CO2EII,PUBLISHING,1,2015,38,14/09/2015 00:00,SA1,30557.18687,8301.53248,0.2717
D,CO2EII,PUBLISHING,1,2015,38,14/09/2015 00:00,TAS1,21565.29366,2.01164924,0.0001
D,CO2EII,PUBLISHING,1,2015,38,14/09/2015 00:00,VIC1,137984.5857,159775.9574,1.1579
D,CO2EII,PUBLISHING,1,2015,38,15/09/2015 00:00,NEM,494380.9989,451358.1907,0.913
D,CO2EII,PUBLISHING,1,2015,38,15/09/2015 00:00,NSW1,160391.7994,139053.4495,0.867
D,CO2EII,PUBLISHING,1,2015,38,15/09/2015 00:00,QLD1,142887.08,128148.766,0.8969
D,CO2EII,PUBLISHING,1,2015,38,15/09/2015 00:00,SA1,24877.95024,15864.75499,0.6377
D,CO2EII,PUBLISHING,1,2015,38,15/09/2015 00:00,TAS1,23613.86038,1.99333388,0.0001
D,CO2EII,PUBLISHING,1,2015,38,15/09/2015 00:00,VIC1,142610.3089,168289.2269,1.1801
D,CO2EII,PUBLISHING,1,2015,38,16/09/2015 00:00,NEM,502507.1167,471631.8542,0.9386
D,CO2EII,PUBLISHING,1,2015,38,16/09/2015 00:00,NSW1,159040.6215,147337.7085,0.9264
D,CO2EII,PUBLISHING,1,2015,38,16/09/2015 00:00,QLD1,147734.5505,132648.739,0.8979
D,CO2EII,PUBLISHING,1,2015,38,16/09/2015 00:00,SA1,26202.34156,13926.80808,0.5315
D,CO2EII,PUBLISHING,1,2015,38,16/09/2015 00:00,TAS1,24146.21153,1.95587412,0.0001
D,CO2EII,PUBLISHING,1,2015,38,16/09/2015 00:00,VIC1,145383.3916,177716.6427,1.2224
D,CO2EII,PUBLISHING,1,2015,38,17/09/2015 00:00,NEM,509686.7424,469490.776,0.9211
D,CO2EII,PUBLISHING,1,2015,38,17/09/2015 00:00,NSW1,159614.9209,147089.4008,0.9215
D,CO2EII,PUBLISHING,1,2015,38,17/09/2015 00:00,QLD1,147444.2845,132821.1442,0.9008
D,CO2EII,PUBLISHING,1,2015,38,17/09/2015 00:00,SA1,25034.46186,14684.27178,0.5866
D,CO2EII,PUBLISHING,1,2015,38,17/09/2015 00:00,TAS1,29592.57097,16.48605229,0.0006
D,CO2EII,PUBLISHING,1,2015,38,17/09/2015 00:00,VIC1,148000.5042,174879.4731,1.1816
D,CO2EII,PUBLISHING,1,2015,38,18/09/2015 00:00,NEM,504773.943,463192.5443,0.9176
D,CO2EII,PUBLISHING,1,2015,38,18/09/2015 00:00,NSW1,159194.8947,144206.3857,0.9058
D,CO2EII,PUBLISHING,1,2015,38,18/09/2015 00:00,QLD1,151703.0659,135265.6766,0.8916
D,CO2EII,PUBLISHING,1,2015,38,18/09/2015 00:00,SA1,24280.97123,16590.86012,0.6833
D,CO2EII,PUBLISHING,1,2015,38,18/09/2015 00:00,TAS1,29892.39999,1.87203986,0.0001
D,CO2EII,PUBLISHING,1,2015,38,18/09/2015 00:00,VIC1,139702.6112,167127.7499,1.1963
D,CO2EII,PUBLISHING,1,2015,38,19/09/2015 00:00,NEM,456758.2391,422993.7461,0.9261
D,CO2EII,PUBLISHING,1,2015,38,19/09/2015 00:00,NSW1,151639.6376,134777.9282,0.8888
D,CO2EII,PUBLISHING,1,2015,38,19/09/2015 00:00,QLD1,136591.9442,121928.0354,0.8926
D,CO2EII,PUBLISHING,1,2015,38,19/09/2015 00:00,SA1,20025.90519,13653.18732,0.6818
D,CO2EII,PUBLISHING,1,2015,38,19/09/2015 00:00,TAS1,28529.63295,1.93411561,0.0001
D,CO2EII,PUBLISHING,1,2015,38,19/09/2015 00:00,VIC1,119971.1192,152632.661,1.2722
D,CO2EII,PUBLISHING,1,2015,39,20/09/2015 00:00,NEM,440455.3141,406953.9791,0.9239
D,CO2EII,PUBLISHING,1,2015,39,20/09/2015 00:00,NSW1,144962.8426,131991.4997,0.9105
D,CO2EII,PUBLISHING,1,2015,39,20/09/2015 00:00,QLD1,133716.6779,119715.58,0.8953
D,CO2EII,PUBLISHING,1,2015,39,20/09/2015 00:00,SA1,24699.13295,8576.918339,0.3473
D,CO2EII,PUBLISHING,1,2015,39,20/09/2015 00:00,TAS1,20743.49345,2.11218699,0.0001
D,CO2EII,PUBLISHING,1,2015,39,20/09/2015 00:00,VIC1,116333.1672,146667.8689,1.2608
D,CO2EII,PUBLISHING,1,2015,39,21/09/2015 00:00,NEM,491672.1769,428776.9743,0.8721
D,CO2EII,PUBLISHING,1,2015,39,21/09/2015 00:00,NSW1,157555.7329,140473.4373,0.8916
D,CO2EII,PUBLISHING,1,2015,39,21/09/2015 00:00,QLD1,141941.8866,127467.5228,0.898
D,CO2EII,PUBLISHING,1,2015,39,21/09/2015 00:00,SA1,30952.4179,10860.08686,0.3509
D,CO2EII,PUBLISHING,1,2015,39,21/09/2015 00:00,TAS1,25623.87161,33.08139294,0.0013
D,CO2EII,PUBLISHING,1,2015,39,21/09/2015 00:00,VIC1,135598.2679,149942.8459,1.1058
D,CO2EII,PUBLISHING,1,2015,39,22/09/2015 00:00,NEM,509126.1132,439913.0012,0.8641
D,CO2EII,PUBLISHING,1,2015,39,22/09/2015 00:00,NSW1,165143.603,141990.4901,0.8598
D,CO2EII,PUBLISHING,1,2015,39,22/09/2015 00:00,QLD1,141875.969,126846.4301,0.8941
D,CO2EII,PUBLISHING,1,2015,39,22/09/2015 00:00,SA1,30509.84507,13126.92433,0.4303
D,CO2EII,PUBLISHING,1,2015,39,22/09/2015 00:00,TAS1,30149.25396,82.3391762,0.0027
D,CO2EII,PUBLISHING,1,2015,39,22/09/2015 00:00,VIC1,141447.4421,157866.8174,1.1161
D,CO2EII,PUBLISHING,1,2015,39,23/09/2015 00:00,NEM,519466.3716,450539.5959,0.8673
D,CO2EII,PUBLISHING,1,2015,39,23/09/2015 00:00,NSW1,174833.4974,148251.7517,0.848
D,CO2EII,PUBLISHING,1,2015,39,23/09/2015 00:00,QLD1,139498.3836,124278.5176,0.8909
D,CO2EII,PUBLISHING,1,2015,39,23/09/2015 00:00,SA1,32812.67497,13080.22612,0.3986
D,CO2EII,PUBLISHING,1,2015,39,23/09/2015 00:00,TAS1,32502.26258,135.143335,0.0042
D,CO2EII,PUBLISHING,1,2015,39,23/09/2015 00:00,VIC1,139819.553,164793.9571,1.1786
D,CO2EII,PUBLISHING,1,2015,39,24/09/2015 00:00,NEM,522264.8506,456162.6898,0.8734
D,CO2EII,PUBLISHING,1,2015,39,24/09/2015 00:00,NSW1,175437.9803,146637.3493,0.8358
D,CO2EII,PUBLISHING,1,2015,39,24/09/2015 00:00,QLD1,144101.5083,130057.1533,0.9025
D,CO2EII,PUBLISHING,1,2015,39,24/09/2015 00:00,SA1,31608.4999,13780.41168,0.436
D,CO2EII,PUBLISHING,1,2015,39,24/09/2015 00:00,TAS1,33211.98781,336.4979783,0.0101
D,CO2EII,PUBLISHING,1,2015,39,24/09/2015 00:00,VIC1,137904.8743,165351.2775,1.199
D,CO2EII,PUBLISHING,1,2015,39,25/09/2015 00:00,NEM,512478.6966,450241.3508,0.8786
D,CO2EII,PUBLISHING,1,2015,39,25/09/2015 00:00,NSW1,177047.1418,149819.8588,0.8462
D,CO2EII,PUBLISHING,1,2015,39,25/09/2015 00:00,QLD1,144133.3382,128822.7986,0.8938
D,CO2EII,PUBLISHING,1,2015,39,25/09/2015 00:00,SA1,29555.75781,13983.17553,0.4731
D,CO2EII,PUBLISHING,1,2015,39,25/09/2015 00:00,TAS1,29994.95034,154.3386094,0.0051
D,CO2EII,PUBLISHING,1,2015,39,25/09/2015 00:00,VIC1,131747.5085,157461.1793,1.1952
D,CO2EII,PUBLISHING,1,2015,39,26/09/2015 00:00,NEM,461684.2782,433570.1891,0.9391
D,CO2EII,PUBLISHING,1,2015,39,26/09/2015 00:00,NSW1,159470.0824,139788.4297,0.8766
D,CO2EII,PUBLISHING,1,2015,39,26/09/2015 00:00,QLD1,131572.5341,118908.104,0.9037
D,CO2EII,PUBLISHING,1,2015,39,26/09/2015 00:00,SA1,21089.24645,12517.33061,0.5935
D,CO2EII,PUBLISHING,1,2015,39,26/09/2015 00:00,TAS1,22912.23181,1.87920749,0.0001
D,CO2EII,PUBLISHING,1,2015,39,26/09/2015 00:00,VIC1,126640.1835,162354.4455,1.282
D,CO2EII,PUBLISHING,1,2015,40,27/09/2015 00:00,NEM,446722.0973,432841.981,0.9689
D,CO2EII,PUBLISHING,1,2015,40,27/09/2015 00:00,NSW1,150683.5549,135547.5655,0.8996
D,CO2EII,PUBLISHING,1,2015,40,27/09/2015 00:00,QLD1,132605.621,119088.5211,0.8981
D,CO2EII,PUBLISHING,1,2015,40,27/09/2015 00:00,SA1,17456.87292,11590.44583,0.6639
D,CO2EII,PUBLISHING,1,2015,40,27/09/2015 00:00,TAS1,19764.76522,1.89348094,0.0001
D,CO2EII,PUBLISHING,1,2015,40,27/09/2015 00:00,VIC1,126211.2833,166613.5551,1.3201
D,CO2EII,PUBLISHING,1,2015,40,28/09/2015 00:00,NEM,491687.2922,455667.1812,0.9267
D,CO2EII,PUBLISHING,1,2015,40,28/09/2015 00:00,NSW1,162491.8333,144926.015,0.8919
D,CO2EII,PUBLISHING,1,2015,40,28/09/2015 00:00,QLD1,146600.7021,129935.5659,0.8863
D,CO2EII,PUBLISHING,1,2015,40,28/09/2015 00:00,SA1,23382.39527,13923.6689,0.5955
D,CO2EII,PUBLISHING,1,2015,40,28/09/2015 00:00,TAS1,25882.37114,1.89963976,0.0001
D,CO2EII,PUBLISHING,1,2015,40,28/09/2015 00:00,VIC1,133329.9904,166880.0318,1.2516
D,CO2EII,PUBLISHING,1,2015,40,29/09/2015 00:00,NEM,500511.1878,465460.8596,0.93
D,CO2EII,PUBLISHING,1,2015,40,29/09/2015 00:00,NSW1,161007.3059,140666.3463,0.8737
D,CO2EII,PUBLISHING,1,2015,40,29/09/2015 00:00,QLD1,149062.4296,133778.3614,0.8975
D,CO2EII,PUBLISHING,1,2015,40,29/09/2015 00:00,SA1,24200.98907,14825.69564,0.6126
D,CO2EII,PUBLISHING,1,2015,40,29/09/2015 00:00,TAS1,23082.8778,1.90514776,0.0001
D,CO2EII,PUBLISHING,1,2015,40,29/09/2015 00:00,VIC1,143157.5855,176188.5511,1.2307
D,CO2EII,PUBLISHING,1,2015,40,30/09/2015 00:00,NEM,498263.9199,473741.2159,0.9508
D,CO2EII,PUBLISHING,1,2015,40,30/09/2015 00:00,NSW1,161645.2323,145115.373,0.8977
D,CO2EII,PUBLISHING,1,2015,40,30/09/2015 00:00,QLD1,150064.5877,133313.261,0.8884
D,CO2EII,PUBLISHING,1,2015,40,30/09/2015 00:00,SA1,22966.10293,15941.10556,0.6941
D,CO2EII,PUBLISHING,1,2015,40,30/09/2015 00:00,TAS1,23579.63969,1.85801052,0.0001
D,CO2EII,PUBLISHING,1,2015,40,30/09/2015 00:00,VIC1,140008.3574,179369.6185,1.2811
D,CO2EII,PUBLISHING,1,2015,40,01/10/2015 00:00,NEM,493659.7919,467254.6657,0.9465
D,CO2EII,PUBLISHING,1,2015,40,01/10/2015 00:00,NSW1,163881.5819,142654.1879,0.8705
D,CO2EII,PUBLISHING,1,2015,40,01/10/2015 00:00,QLD1,148218.5099,130801.4286,0.8825
D,CO2EII,PUBLISHING,1,2015,40,01/10/2015 00:00,SA1,21070.65807,16312.33475,0.7742
D,CO2EII,PUBLISHING,1,2015,40,01/10/2015 00:00,TAS1,19400.82234,1.73982799,0.0001
D,CO2EII,PUBLISHING,1,2015,40,01/10/2015 00:00,VIC1,141088.2196,177484.9746,1.258
D,CO2EII,PUBLISHING,1,2015,40,02/10/2015 00:00,NEM,471737.0882,438621.0896,0.9298
D,CO2EII,PUBLISHING,1,2015,40,02/10/2015 00:00,NSW1,157919.3551,138367.7559,0.8762
D,CO2EII,PUBLISHING,1,2015,40,02/10/2015 00:00,QLD1,149215.4969,130124.3248,0.8721
D,CO2EII,PUBLISHING,1,2015,40,02/10/2015 00:00,SA1,22972.21038,13715.36864,0.597
D,CO2EII,PUBLISHING,1,2015,40,02/10/2015 00:00,TAS1,18039.61573,1.72149961,0.0001
D,CO2EII,PUBLISHING,1,2015,40,02/10/2015 00:00,VIC1,123590.4101,156411.9188,1.2656
D,CO2EII,PUBLISHING,1,2015,40,03/10/2015 00:00,NEM,438522.5603,377079.9823,0.8599
D,CO2EII,PUBLISHING,1,2015,40,03/10/2015 00:00,NSW1,137683.9943,118259.4989,0.8589
D,CO2EII,PUBLISHING,1,2015,40,03/10/2015 00:00,QLD1,134560.7803,117663.7863,0.8744
D,CO2EII,PUBLISHING,1,2015,40,03/10/2015 00:00,SA1,31101.72351,8173.845959,0.2628
D,CO2EII,PUBLISHING,1,2015,40,03/10/2015 00:00,TAS1,16128.16393,1.97059951,0.0001
D,CO2EII,PUBLISHING,1,2015,40,03/10/2015 00:00,VIC1,119047.8982,132980.8806,1.117
D,CO2EII,PUBLISHING,1,2015,41,04/10/2015 00:00,NEM,434816.1486,397860.2508,0.915
D,CO2EII,PUBLISHING,1,2015,41,04/10/2015 00:00,NSW1,144694.4418,122137.6729,0.8441
D,CO2EII,PUBLISHING,1,2015,41,04/10/2015 00:00,QLD1,137380.18,121847.4805,0.8869
D,CO2EII,PUBLISHING,1,2015,41,04/10/2015 00:00,SA1,24042.07303,10264.15885,0.4269
D,CO2EII,PUBLISHING,1,2015,41,04/10/2015 00:00,TAS1,17437.04867,1.72480193,0.0001
D,CO2EII,PUBLISHING,1,2015,41,04/10/2015 00:00,VIC1,111262.4052,143609.2138,1.2907
D,CO2EII,PUBLISHING,1,2015,41,05/10/2015 00:00,NEM,471929.5141,414612.5061,0.8785
D,CO2EII,PUBLISHING,1,2015,41,05/10/2015 00:00,NSW1,145647.7507,125730.4972,0.8633
D,CO2EII,PUBLISHING,1,2015,41,05/10/2015 00:00,QLD1,140419.7575,124720.4802,0.8882
D,CO2EII,PUBLISHING,1,2015,41,05/10/2015 00:00,SA1,32236.39754,8686.08956,0.2694
D,CO2EII,PUBLISHING,1,2015,41,05/10/2015 00:00,TAS1,19984.73023,1.75975263,0.0001
D,CO2EII,PUBLISHING,1,2015,41,05/10/2015 00:00,VIC1,133640.878,155473.6795,1.1634
D,CO2EII,PUBLISHING,1,2015,41,06/10/2015 00:00,NEM,518308.8159,441596.1034,0.852
D,CO2EII,PUBLISHING,1,2015,41,06/10/2015 00:00,NSW1,166286.681,139313.9041,0.8378
D,CO2EII,PUBLISHING,1,2015,41,06/10/2015 00:00,QLD1,150775.9696,133703.87,0.8868
D,CO2EII,PUBLISHING,1,2015,41,06/10/2015 00:00,SA1,34337.17116,10018.51277,0.2918
D,CO2EII,PUBLISHING,1,2015,41,06/10/2015 00:00,TAS1,19796.87252,1.70770337,0.0001
D,CO2EII,PUBLISHING,1,2015,41,06/10/2015 00:00,VIC1,147112.1216,158558.1089,1.0778
D,CO2EII,PUBLISHING,1,2015,41,07/10/2015 00:00,NEM,485355.5233,437811.8103,0.902
D,CO2EII,PUBLISHING,1,2015,41,07/10/2015 00:00,NSW1,149667.239,126044.8232,0.8422
D,CO2EII,PUBLISHING,1,2015,41,07/10/2015 00:00,QLD1,145849.9354,130125.9878,0.8922
D,CO2EII,PUBLISHING,1,2015,41,07/10/2015 00:00,SA1,33864.78138,10311.78921,0.3045
D,CO2EII,PUBLISHING,1,2015,41,07/10/2015 00:00,TAS1,16495.40418,1.47936119,0.0001
D,CO2EII,PUBLISHING,1,2015,41,07/10/2015 00:00,VIC1,139478.1633,171327.7307,1.2283
D,CO2EII,PUBLISHING,1,2015,41,08/10/2015 00:00,NEM,488541.3195,449620.6411,0.9203
D,CO2EII,PUBLISHING,1,2015,41,08/10/2015 00:00,NSW1,158461.3461,135546.0023,0.8554
D,CO2EII,PUBLISHING,1,2015,41,08/10/2015 00:00,QLD1,145536.2775,128705.3989,0.8844
D,CO2EII,PUBLISHING,1,2015,41,08/10/2015 00:00,SA1,28665.25492,13670.71805,0.4769
D,CO2EII,PUBLISHING,1,2015,41,08/10/2015 00:00,TAS1,18564.66302,1.51009724,0.0001
D,CO2EII,PUBLISHING,1,2015,41,08/10/2015 00:00,VIC1,137313.778,171697.0117,1.2504
D,CO2EII,PUBLISHING,1,2015,41,09/10/2015 00:00,NEM,498436.262,467625.6847,0.9382
D,CO2EII,PUBLISHING,1,2015,41,09/10/2015 00:00,NSW1,164706.3933,148964.6953,0.9044
D,CO2EII,PUBLISHING,1,2015,41,09/10/2015 00:00,QLD1,150370.3528,132472.8049,0.881
D,CO2EII,PUBLISHING,1,2015,41,09/10/2015 00:00,SA1,27608.20729,15421.48732,0.5586
D,CO2EII,PUBLISHING,1,2015,41,09/10/2015 00:00,TAS1,18475.99173,1.57827047,0.0001
D,CO2EII,PUBLISHING,1,2015,41,09/10/2015 00:00,VIC1,137275.317,170765.1189,1.244
D,CO2EII,PUBLISHING,1,2015,41,10/10/2015 00:00,NEM,453394.9557,433264.0078,0.9556
D,CO2EII,PUBLISHING,1,2015,41,10/10/2015 00:00,NSW1,146653.5768,135178.9555,0.9218
D,CO2EII,PUBLISHING,1,2015,41,10/10/2015 00:00,QLD1,135458.961,120315.0522,0.8882
D,CO2EII,PUBLISHING,1,2015,41,10/10/2015 00:00,SA1,25401.92062,13923.2559,0.5481
D,CO2EII,PUBLISHING,1,2015,41,10/10/2015 00:00,TAS1,16701.37094,1.91060519,0.0001
D,CO2EII,PUBLISHING,1,2015,41,10/10/2015 00:00,VIC1,129179.1264,163844.8336,1.2684
D,CO2EII,PUBLISHING,1,2015,42,11/10/2015 00:00,NEM,435883.3474,425293.1384,0.9757
D,CO2EII,PUBLISHING,1,2015,42,11/10/2015 00:00,NSW1,146887.8962,134578.5649,0.9162
D,CO2EII,PUBLISHING,1,2015,42,11/10/2015 00:00,QLD1,128658.8825,114529.556,0.8902
D,CO2EII,PUBLISHING,1,2015,42,11/10/2015 00:00,SA1,19017.83846,12733.60384,0.6696
D,CO2EII,PUBLISHING,1,2015,42,11/10/2015 00:00,TAS1,17182.745,2.01275631,0.0001
D,CO2EII,PUBLISHING,1,2015,42,11/10/2015 00:00,VIC1,124135.9852,163449.4009,1.3167
D,CO2EII,PUBLISHING,1,2015,42,12/10/2015 00:00,NEM,494336.1795,461841.7365,0.9343
D,CO2EII,PUBLISHING,1,2015,42,12/10/2015 00:00,NSW1,170179.4559,153499.5533,0.902
D,CO2EII,PUBLISHING,1,2015,42,12/10/2015 00:00,QLD1,142678.56,126307.2518,0.8853
D,CO2EII,PUBLISHING,1,2015,42,12/10/2015 00:00,SA1,25014.79525,16304.48928,0.6518
D,CO2EII,PUBLISHING,1,2015,42,12/10/2015 00:00,TAS1,18541.19734,1.95227355,0.0001
D,CO2EII,PUBLISHING,1,2015,42,12/10/2015 00:00,VIC1,137922.171,165728.4899,1.2016
D,CO2EII,PUBLISHING,1,2015,42,13/10/2015 00:00,NEM,496753.2198,465839.9873,0.9378
D,CO2EII,PUBLISHING,1,2015,42,13/10/2015 00:00,NSW1,174891.9275,159426.4004,0.9116
D,CO2EII,PUBLISHING,1,2015,42,13/10/2015 00:00,QLD1,145569.2186,128323.5747,0.8815
D,CO2EII,PUBLISHING,1,2015,42,13/10/2015 00:00,SA1,23596.84047,15586.06157,0.6605
D,CO2EII,PUBLISHING,1,2015,42,13/10/2015 00:00,TAS1,19055.04642,1.94344946,0.0001
D,CO2EII,PUBLISHING,1,2015,42,13/10/2015 00:00,VIC1,133640.1868,162502.0071,1.216
D,CO2EII,PUBLISHING,1,2015,42,14/10/2015 00:00,NEM,495977.6088,467569.4372,0.9427
D,CO2EII,PUBLISHING,1,2015,42,14/10/2015 00:00,NSW1,172176.6582,160445.3953,0.9319
D,CO2EII,PUBLISHING,1,2015,42,14/10/2015 00:00,QLD1,144515.7375,127125.4256,0.8797
D,CO2EII,PUBLISHING,1,2015,42,14/10/2015 00:00,SA1,24914.0088,15083.30858,0.6054
D,CO2EII,PUBLISHING,1,2015,42,14/10/2015 00:00,TAS1,19193.24498,1.92857777,0.0001
D,CO2EII,PUBLISHING,1,2015,42,14/10/2015 00:00,VIC1,135177.9592,164913.3792,1.22
D,CO2EII,PUBLISHING,1,2015,42,15/10/2015 00:00,NEM,515846.012,457878.3594,0.8876
D,CO2EII,PUBLISHING,1,2015,42,15/10/2015 00:00,NSW1,169706.4347,154169.5394,0.9084
D,CO2EII,PUBLISHING,1,2015,42,15/10/2015 00:00,QLD1,147108.1601,129662.662,0.8814
D,CO2EII,PUBLISHING,1,2015,42,15/10/2015 00:00,SA1,40179.30742,15566.86455,0.3874
D,CO2EII,PUBLISHING,1,2015,42,15/10/2015 00:00,TAS1,17882.51837,1.83033786,0.0001
D,CO2EII,PUBLISHING,1,2015,42,15/10/2015 00:00,VIC1,140969.5914,158477.4632,1.1242
D,CO2EII,PUBLISHING,1,2015,42,16/10/2015 00:00,NEM,508004.2318,469896.5046,0.925
D,CO2EII,PUBLISHING,1,2015,42,16/10/2015 00:00,NSW1,182819.5585,163132.7966,0.8923
D,CO2EII,PUBLISHING,1,2015,42,16/10/2015 00:00,QLD1,146495.5019,128034.3483,0.874
D,CO2EII,PUBLISHING,1,2015,42,16/10/2015 00:00,SA1,30559.19179,18443.4953,0.6035
D,CO2EII,PUBLISHING,1,2015,42,16/10/2015 00:00,TAS1,16516.05762,1.72984522,0.0001
D,CO2EII,PUBLISHING,1,2015,42,16/10/2015 00:00,VIC1,131613.922,160284.1345,1.2178
D,CO2EII,PUBLISHING,1,2015,42,17/10/2015 00:00,NEM,451705.5837,430062.9744,0.9521
D,CO2EII,PUBLISHING,1,2015,42,17/10/2015 00:00,NSW1,150859.9228,139827.7821,0.9269
D,CO2EII,PUBLISHING,1,2015,42,17/10/2015 00:00,QLD1,136066.0228,118700.3924,0.8724
D,CO2EII,PUBLISHING,1,2015,42,17/10/2015 00:00,SA1,25521.15758,13664.47,0.5354
D,CO2EII,PUBLISHING,1,2015,42,17/10/2015 00:00,TAS1,16392.26376,1.93993626,0.0001
D,CO2EII,PUBLISHING,1,2015,42,17/10/2015 00:00,VIC1,122866.2168,157868.39,1.2849
D,CO2EII,PUBLISHING,1,2015,43,18/10/2015 00:00,NEM,435596.7619,418877.1424,0.9616
D,CO2EII,PUBLISHING,1,2015,43,18/10/2015 00:00,NSW1,139982.6495,131264.5162,0.9377
D,CO2EII,PUBLISHING,1,2015,43,18/10/2015 00:00,QLD1,134875.6859,119439.2751,0.8856
D,CO2EII,PUBLISHING,1,2015,43,18/10/2015 00:00,SA1,24991.17874,12731.26983,0.5094
D,CO2EII,PUBLISHING,1,2015,43,18/10/2015 00:00,TAS1,16679.31692,1.85245379,0.0001
D,CO2EII,PUBLISHING,1,2015,43,18/10/2015 00:00,VIC1,119067.9308,155440.2288,1.3055
D,CO2EII,PUBLISHING,1,2015,43,19/10/2015 00:00,NEM,500762.3122,463294.7712,0.9252
D,CO2EII,PUBLISHING,1,2015,43,19/10/2015 00:00,NSW1,165166.4431,155926.004,0.9441
D,CO2EII,PUBLISHING,1,2015,43,19/10/2015 00:00,QLD1,149150.0506,131065.232,0.8787
D,CO2EII,PUBLISHING,1,2015,43,19/10/2015 00:00,SA1,34143.90078,17703.88751,0.5185
D,CO2EII,PUBLISHING,1,2015,43,19/10/2015 00:00,TAS1,18039.73444,1.85329642,0.0001
D,CO2EII,PUBLISHING,1,2015,43,19/10/2015 00:00,VIC1,134262.1832,158597.7943,1.1813
D,CO2EII,PUBLISHING,1,2015,43,20/10/2015 00:00,NEM,512022.219,464586.8699,0.9074
D,CO2EII,PUBLISHING,1,2015,43,20/10/2015 00:00,NSW1,177810.4902,163734.9082,0.9208
D,CO2EII,PUBLISHING,1,2015,43,20/10/2015 00:00,QLD1,143965.6049,128144.5792,0.8901
D,CO2EII,PUBLISHING,1,2015,43,20/10/2015 00:00,SA1,33806.26097,14299.37003,0.423
D,CO2EII,PUBLISHING,1,2015,43,20/10/2015 00:00,TAS1,17986.95205,1.85803148,0.0001
D,CO2EII,PUBLISHING,1,2015,43,20/10/2015 00:00,VIC1,138452.9109,158406.1544,1.1441
D,CO2EII,PUBLISHING,1,2015,43,21/10/2015 00:00,NEM,502102.1673,455236.4653,0.9067
D,CO2EII,PUBLISHING,1,2015,43,21/10/2015 00:00,NSW1,173089.2599,158758.1824,0.9172
D,CO2EII,PUBLISHING,1,2015,43,21/10/2015 00:00,QLD1,146691.2585,129938.5513,0.8858
D,CO2EII,PUBLISHING,1,2015,43,21/10/2015 00:00,SA1,34225.56309,12991.99755,0.3796
D,CO2EII,PUBLISHING,1,2015,43,21/10/2015 00:00,TAS1,16971.14763,1.74758544,0.0001
D,CO2EII,PUBLISHING,1,2015,43,21/10/2015 00:00,VIC1,131124.9381,153545.9864,1.171
D,CO2EII,PUBLISHING,1,2015,43,22/10/2015 00:00,NEM,500178.9793,458247.5995,0.9162
D,CO2EII,PUBLISHING,1,2015,43,22/10/2015 00:00,NSW1,172728.6289,162161.9532,0.9388
D,CO2EII,PUBLISHING,1,2015,43,22/10/2015 00:00,QLD1,149560.1844,131891.2457,0.8819
D,CO2EII,PUBLISHING,1,2015,43,22/10/2015 00:00,SA1,29279.90394,15561.73573,0.5315
D,CO2EII,PUBLISHING,1,2015,43,22/10/2015 00:00,TAS1,18258.03758,1.79432145,0.0001
D,CO2EII,PUBLISHING,1,2015,43,22/10/2015 00:00,VIC1,130352.2246,148630.8705,1.1402
D,CO2EII,PUBLISHING,1,2015,43,23/10/2015 00:00,NEM,487355.5069,453071.4427,0.9297
D,CO2EII,PUBLISHING,1,2015,43,23/10/2015 00:00,NSW1,167278.006,159123.5589,0.9513
D,CO2EII,PUBLISHING,1,2015,43,23/10/2015 00:00,QLD1,148676.1891,131709.3895,0.8859
D,CO2EII,PUBLISHING,1,2015,43,23/10/2015 00:00,SA1,30234.64354,16665.00194,0.5512
D,CO2EII,PUBLISHING,1,2015,43,23/10/2015 00:00,TAS1,18556.24121,1.76621466,0.0001
D,CO2EII,PUBLISHING,1,2015,43,23/10/2015 00:00,VIC1,122610.427,145571.7262,1.1873
D,CO2EII,PUBLISHING,1,2015,43,24/10/2015 00:00,NEM,448654.4441,430590.9258,0.9597
D,CO2EII,PUBLISHING,1,2015,43,24/10/2015 00:00,NSW1,144829.5693,138907.351,0.9591
D,CO2EII,PUBLISHING,1,2015,43,24/10/2015 00:00,QLD1,137992.5926,123633.132,0.8959
D,CO2EII,PUBLISHING,1,2015,43,24/10/2015 00:00,SA1,30044.7218,13574.87042,0.4518
D,CO2EII,PUBLISHING,1,2015,43,24/10/2015 00:00,TAS1,17453.1158,1.74427068,0.0001
D,CO2EII,PUBLISHING,1,2015,43,24/10/2015 00:00,VIC1,118334.4445,154473.8281,1.3054
D,CO2EII,PUBLISHING,1,2015,44,25/10/2015 00:00,NEM,443097.8779,411158.3344,0.9279
D,CO2EII,PUBLISHING,1,2015,44,25/10/2015 00:00,NSW1,136312.3444,128952.3872,0.946
D,CO2EII,PUBLISHING,1,2015,44,25/10/2015 00:00,QLD1,128364.9192,115505.887,0.8998
D,CO2EII,PUBLISHING,1,2015,44,25/10/2015 00:00,SA1,33689.87041,12391.04928,0.3678
D,CO2EII,PUBLISHING,1,2015,44,25/10/2015 00:00,TAS1,16513.94402,1.76435251,0.0001
D,CO2EII,PUBLISHING,1,2015,44,25/10/2015 00:00,VIC1,128216.7998,154307.2466,1.2035
D,CO2EII,PUBLISHING,1,2015,44,26/10/2015 00:00,NEM,499225.3115,454080.4551,0.9096
D,CO2EII,PUBLISHING,1,2015,44,26/10/2015 00:00,NSW1,164856.1819,150153.105,0.9108
D,CO2EII,PUBLISHING,1,2015,44,26/10/2015 00:00,QLD1,143382.222,126613.6321,0.883
D,CO2EII,PUBLISHING,1,2015,44,26/10/2015 00:00,SA1,29761.54283,12154.48315,0.4084
D,CO2EII,PUBLISHING,1,2015,44,26/10/2015 00:00,TAS1,18171.18837,1.69863811,0.0001
D,CO2EII,PUBLISHING,1,2015,44,26/10/2015 00:00,VIC1,143054.1764,165157.5363,1.1545
D,CO2EII,PUBLISHING,1,2015,44,27/10/2015 00:00,NEM,492359.5723,458365.7809,0.931
D,CO2EII,PUBLISHING,1,2015,44,27/10/2015 00:00,NSW1,163404.7499,148330.2279,0.9077
D,CO2EII,PUBLISHING,1,2015,44,27/10/2015 00:00,QLD1,151002.1755,132772.0581,0.8793
D,CO2EII,PUBLISHING,1,2015,44,27/10/2015 00:00,SA1,22950.86986,11984.0668,0.5222
D,CO2EII,PUBLISHING,1,2015,44,27/10/2015 00:00,TAS1,16660.18271,1.80982927,0.0001
D,CO2EII,PUBLISHING,1,2015,44,27/10/2015 00:00,VIC1,138341.5943,165277.6182,1.1947
D,CO2EII,PUBLISHING,1,2015,44,28/10/2015 00:00,NEM,495691.3163,475107.2934,0.9585
D,CO2EII,PUBLISHING,1,2015,44,28/10/2015 00:00,NSW1,167139.2059,155630.4012,0.9311
D,CO2EII,PUBLISHING,1,2015,44,28/10/2015 00:00,QLD1,157236.6679,138298.789,0.8796
D,CO2EII,PUBLISHING,1,2015,44,28/10/2015 00:00,SA1,24493.60673,14930.52469,0.6096
D,CO2EII,PUBLISHING,1,2015,44,28/10/2015 00:00,TAS1,16695.29771,1.83672939,0.0001
D,CO2EII,PUBLISHING,1,2015,44,28/10/2015 00:00,VIC1,130126.5381,166245.7418,1.2776
D,CO2EII,PUBLISHING,1,2015,44,29/10/2015 00:00,NEM,498809.1415,474335.0707,0.9509
D,CO2EII,PUBLISHING,1,2015,44,29/10/2015 00:00,NSW1,164070.2683,154039.1852,0.9389
D,CO2EII,PUBLISHING,1,2015,44,29/10/2015 00:00,QLD1,155227.9926,136678.5575,0.8805
D,CO2EII,PUBLISHING,1,2015,44,29/10/2015 00:00,SA1,31513.74159,17359.96701,0.5509
D,CO2EII,PUBLISHING,1,2015,44,29/10/2015 00:00,TAS1,19236.88098,289.0990586,0.015
D,CO2EII,PUBLISHING,1,2015,44,29/10/2015 00:00,VIC1,128760.258,165968.2619,1.289
D,CO2EII,PUBLISHING,1,2015,44,30/10/2015 00:00,NEM,493037.1458,469843.1392,0.953
D,CO2EII,PUBLISHING,1,2015,44,30/10/2015 00:00,NSW1,161580.698,150735.7079,0.9329
D,CO2EII,PUBLISHING,1,2015,44,30/10/2015 00:00,QLD1,152096.5109,134697.337,0.8856
D,CO2EII,PUBLISHING,1,2015,44,30/10/2015 00:00,SA1,26497.28034,16778.28299,0.6332
D,CO2EII,PUBLISHING,1,2015,44,30/10/2015 00:00,TAS1,17774.23063,1.80421626,0.0001
D,CO2EII,PUBLISHING,1,2015,44,30/10/2015 00:00,VIC1,135088.4259,167630.0071,1.2409
D,CO2EII,PUBLISHING,1,2015,44,31/10/2015 00:00,NEM,451972.0773,436089.7978,0.9649
D,CO2EII,PUBLISHING,1,2015,44,31/10/2015 00:00,NSW1,137719.7384,131444.8849,0.9544
D,CO2EII,PUBLISHING,1,2015,44,31/10/2015 00:00,QLD1,143311.9259,126396.2311,0.882
D,CO2EII,PUBLISHING,1,2015,44,31/10/2015 00:00,SA1,22055.89857,13002.06775,0.5895
D,CO2EII,PUBLISHING,1,2015,44,31/10/2015 00:00,TAS1,16913.82837,1.86323927,0.0001
D,CO2EII,PUBLISHING,1,2015,44,31/10/2015 00:00,VIC1,131970.686,165244.7508,1.2521
D,CO2EII,PUBLISHING,1,2015,45,01/11/2015 00:00,NEM,442020.2219,428701.6561,0.9699
D,CO2EII,PUBLISHING,1,2015,45,01/11/2015 00:00,NSW1,136606.4064,127866.1301,0.936
D,CO2EII,PUBLISHING,1,2015,45,01/11/2015 00:00,QLD1,137348.8111,121181.8903,0.8823
D,CO2EII,PUBLISHING,1,2015,45,01/11/2015 00:00,SA1,24557.08167,15934.68716,0.6489
D,CO2EII,PUBLISHING,1,2015,45,01/11/2015 00:00,TAS1,16340.92943,1.84167291,0.0001
D,CO2EII,PUBLISHING,1,2015,45,01/11/2015 00:00,VIC1,127166.9933,163717.1069,1.2874
D,CO2EII,PUBLISHING,1,2015,45,02/11/2015 00:00,NEM,495358.556,470558.9062,0.9499
D,CO2EII,PUBLISHING,1,2015,45,02/11/2015 00:00,NSW1,154899.9771,140779.8248,0.9088
D,CO2EII,PUBLISHING,1,2015,45,02/11/2015 00:00,QLD1,155342.2704,135986.4292,0.8754
D,CO2EII,PUBLISHING,1,2015,45,02/11/2015 00:00,SA1,30726.47945,21395.23387,0.6963
D,CO2EII,PUBLISHING,1,2015,45,02/11/2015 00:00,TAS1,18341.54464,1.73810684,0.0001
D,CO2EII,PUBLISHING,1,2015,45,02/11/2015 00:00,VIC1,136048.2844,172395.6802,1.2672
D,CO2EII,PUBLISHING,1,2015,45,03/11/2015 00:00,NEM,485321.5827,454874.663,0.9373
D,CO2EII,PUBLISHING,1,2015,45,03/11/2015 00:00,NSW1,142524.9286,132749.7618,0.9314
D,CO2EII,PUBLISHING,1,2015,45,03/11/2015 00:00,QLD1,161786.1234,139746.9599,0.8638
D,CO2EII,PUBLISHING,1,2015,45,03/11/2015 00:00,SA1,33601.14602,17374.28219,0.5171
D,CO2EII,PUBLISHING,1,2015,45,03/11/2015 00:00,TAS1,19236.83751,1.71931968,0.0001
D,CO2EII,PUBLISHING,1,2015,45,03/11/2015 00:00,VIC1,128172.5472,165001.9399,1.2873
D,CO2EII,PUBLISHING,1,2015,45,04/11/2015 00:00,NEM,504294.2424,469194.8253,0.9304
D,CO2EII,PUBLISHING,1,2015,45,04/11/2015 00:00,NSW1,154724.4972,140607.7839,0.9088
D,CO2EII,PUBLISHING,1,2015,45,04/11/2015 00:00,QLD1,158511.1781,137209.2392,0.8656
D,CO2EII,PUBLISHING,1,2015,45,04/11/2015 00:00,SA1,32071.66441,22043.71716,0.6873
D,CO2EII,PUBLISHING,1,2015,45,04/11/2015 00:00,TAS1,18524.01621,1.73533674,0.0001
D,CO2EII,PUBLISHING,1,2015,45,04/11/2015 00:00,VIC1,140462.8865,169332.3496,1.2055
D,CO2EII,PUBLISHING,1,2015,45,05/11/2015 00:00,NEM,512391.6322,474953.5605,0.9269
D,CO2EII,PUBLISHING,1,2015,45,05/11/2015 00:00,NSW1,158996.0516,145127.2014,0.9128
D,CO2EII,PUBLISHING,1,2015,45,05/11/2015 00:00,QLD1,166623.9509,143365.2123,0.8604
D,CO2EII,PUBLISHING,1,2015,45,05/11/2015 00:00,SA1,33657.56748,19357.13715,0.5751
D,CO2EII,PUBLISHING,1,2015,45,05/11/2015 00:00,TAS1,17765.94098,1.80353048,0.0001
D,CO2EII,PUBLISHING,1,2015,45,05/11/2015 00:00,VIC1,135348.1213,167102.2062,1.2346
D,CO2EII,PUBLISHING,1,2015,45,06/11/2015 00:00,NEM,502908.5855,469223.8332,0.933
D,CO2EII,PUBLISHING,1,2015,45,06/11/2015 00:00,NSW1,157156.2681,139621.8802,0.8884
D,CO2EII,PUBLISHING,1,2015,45,06/11/2015 00:00,QLD1,164055.6479,141619.4322,0.8632
D,CO2EII,PUBLISHING,1,2015,45,06/11/2015 00:00,SA1,28548.93401,21654.40298,0.7585
D,CO2EII,PUBLISHING,1,2015,45,06/11/2015 00:00,TAS1,16558.98696,1.74842974,0.0001
D,CO2EII,PUBLISHING,1,2015,45,06/11/2015 00:00,VIC1,136588.7485,166326.3695,1.2177
D,CO2EII,PUBLISHING,1,2015,45,07/11/2015 00:00,NEM,458446.6021,439504.4641,0.9587
D,CO2EII,PUBLISHING,1,2015,45,07/11/2015 00:00,NSW1,139305.2993,127752.2613,0.9171
D,CO2EII,PUBLISHING,1,2015,45,07/11/2015 00:00,QLD1,155585.7861,134285.8355,0.8631
D,CO2EII,PUBLISHING,1,2015,45,07/11/2015 00:00,SA1,20525.7174,15353.51188,0.748
D,CO2EII,PUBLISHING,1,2015,45,07/11/2015 00:00,TAS1,16768.29938,1.67831101,0.0001
D,CO2EII,PUBLISHING,1,2015,45,07/11/2015 00:00,VIC1,126261.4999,162111.177,1.2839
D,CO2EII,PUBLISHING,1,2015,46,08/11/2015 00:00,NEM,448122.4741,434290.2116,0.9691
D,CO2EII,PUBLISHING,1,2015,46,08/11/2015 00:00,NSW1,127621.3522,118139.7344,0.9257
D,CO2EII,PUBLISHING,1,2015,46,08/11/2015 00:00,QLD1,154324.5073,133239.8779,0.8634
D,CO2EII,PUBLISHING,1,2015,46,08/11/2015 00:00,SA1,28066.61229,21532.77149,0.7672
D,CO2EII,PUBLISHING,1,2015,46,08/11/2015 00:00,TAS1,16225.40182,1.70065117,0.0001
D,CO2EII,PUBLISHING,1,2015,46,08/11/2015 00:00,VIC1,121884.6004,161376.1271,1.324
D,CO2EII,PUBLISHING,1,2015,46,09/11/2015 00:00,NEM,509762.7946,476005.354,0.9338
D,CO2EII,PUBLISHING,1,2015,46,09/11/2015 00:00,NSW1,148965.6541,142646.4537,0.9576
D,CO2EII,PUBLISHING,1,2015,46,09/11/2015 00:00,QLD1,163828.3114,141835.8804,0.8658
D,CO2EII,PUBLISHING,1,2015,46,09/11/2015 00:00,SA1,40022.23825,25521.74428,0.6377
D,CO2EII,PUBLISHING,1,2015,46,09/11/2015 00:00,TAS1,16088.24797,1.73261848,0.0001
D,CO2EII,PUBLISHING,1,2015,46,09/11/2015 00:00,VIC1,140858.343,165999.5429,1.1785
D,CO2EII,PUBLISHING,1,2015,46,10/11/2015 00:00,NEM,506605.6244,463373.1288,0.9147
D,CO2EII,PUBLISHING,1,2015,46,10/11/2015 00:00,NSW1,151068.0798,143642.7483,0.9508
D,CO2EII,PUBLISHING,1,2015,46,10/11/2015 00:00,QLD1,162873.0334,141015.1768,0.8658
D,CO2EII,PUBLISHING,1,2015,46,10/11/2015 00:00,SA1,38806.19353,15364.06924,0.3959
D,CO2EII,PUBLISHING,1,2015,46,10/11/2015 00:00,TAS1,16789.50965,7.92081558,0.0005
D,CO2EII,PUBLISHING,1,2015,46,10/11/2015 00:00,VIC1,137068.8081,163343.2137,1.1917
D,CO2EII,PUBLISHING,1,2015,46,11/11/2015 00:00,NEM,499493.3387,465883.3041,0.9327
D,CO2EII,PUBLISHING,1,2015,46,11/11/2015 00:00,NSW1,159349.85,146182.5836,0.9174
D,CO2EII,PUBLISHING,1,2015,46,11/11/2015 00:00,QLD1,153921.8777,135146.534,0.878
D,CO2EII,PUBLISHING,1,2015,46,11/11/2015 00:00,SA1,33479.40263,18400.97171,0.5496
D,CO2EII,PUBLISHING,1,2015,46,11/11/2015 00:00,TAS1,17270.59052,1.6720814,0.0001
D,CO2EII,PUBLISHING,1,2015,46,11/11/2015 00:00,VIC1,135471.6178,166151.5426,1.2265
D,CO2EII,PUBLISHING,1,2015,46,12/11/2015 00:00,NEM,505007.1712,471409.8483,0.9335
D,CO2EII,PUBLISHING,1,2015,46,12/11/2015 00:00,NSW1,161619.5724,146519.5725,0.9066
D,CO2EII,PUBLISHING,1,2015,46,12/11/2015 00:00,QLD1,157490.047,137568.4355,0.8735
D,CO2EII,PUBLISHING,1,2015,46,12/11/2015 00:00,SA1,30958.15358,17719.8286,0.5724
D,CO2EII,PUBLISHING,1,2015,46,12/11/2015 00:00,TAS1,19083.09075,1.78187368,0.0001
D,CO2EII,PUBLISHING,1,2015,46,12/11/2015 00:00,VIC1,135856.3075,169600.2299,1.2484
D,CO2EII,PUBLISHING,1,2015,46,13/11/2015 00:00,NEM,501300.5566,459524.4253,0.9167
D,CO2EII,PUBLISHING,1,2015,46,13/11/2015 00:00,NSW1,151554.8956,135704.6497,0.8954
D,CO2EII,PUBLISHING,1,2015,46,13/11/2015 00:00,QLD1,161688.9406,140956.8127,0.8718
D,CO2EII,PUBLISHING,1,2015,46,13/11/2015 00:00,SA1,31040.35043,14553.74531,0.4689
D,CO2EII,PUBLISHING,1,2015,46,13/11/2015 00:00,TAS1,17546.49829,1.79164316,0.0001
D,CO2EII,PUBLISHING,1,2015,46,13/11/2015 00:00,VIC1,139469.8716,168307.426,1.2068
D,CO2EII,PUBLISHING,1,2015,46,14/11/2015 00:00,NEM,458533.0951,428861.9838,0.9353
D,CO2EII,PUBLISHING,1,2015,46,14/11/2015 00:00,NSW1,133446.2732,119822.569,0.8979
D,CO2EII,PUBLISHING,1,2015,46,14/11/2015 00:00,QLD1,155579.0085,136394.2042,0.8767
D,CO2EII,PUBLISHING,1,2015,46,14/11/2015 00:00,SA1,21829.50188,9745.493165,0.4464
D,CO2EII,PUBLISHING,1,2015,46,14/11/2015 00:00,TAS1,17645.50528,1.7283513,0.0001
D,CO2EII,PUBLISHING,1,2015,46,14/11/2015 00:00,VIC1,130032.8063,162897.9891,1.2527
D,CO2EII,PUBLISHING,1,2015,47,15/11/2015 00:00,NEM,440314.4578,414331.9935,0.941
D,CO2EII,PUBLISHING,1,2015,47,15/11/2015 00:00,NSW1,128740.5161,115851.0681,0.8999
D,CO2EII,PUBLISHING,1,2015,47,15/11/2015 00:00,QLD1,149423.1812,128947.342,0.863
D,CO2EII,PUBLISHING,1,2015,47,15/11/2015 00:00,SA1,21050.25746,9578.594507,0.455
D,CO2EII,PUBLISHING,1,2015,47,15/11/2015 00:00,TAS1,16789.03565,1.69389804,0.0001
D,CO2EII,PUBLISHING,1,2015,47,15/11/2015 00:00,VIC1,124311.4673,159953.295,1.2867
D,CO2EII,PUBLISHING,1,2015,47,16/11/2015 00:00,NEM,496123.8015,472872.6825,0.9531
D,CO2EII,PUBLISHING,1,2015,47,16/11/2015 00:00,NSW1,155087.9889,138984.6474,0.8962
D,CO2EII,PUBLISHING,1,2015,47,16/11/2015 00:00,QLD1,164675.3255,142519.5271,0.8655
D,CO2EII,PUBLISHING,1,2015,47,16/11/2015 00:00,SA1,22691.31568,15337.74097,0.6759
D,CO2EII,PUBLISHING,1,2015,47,16/11/2015 00:00,TAS1,17530.54629,1.69615175,0.0001
D,CO2EII,PUBLISHING,1,2015,47,16/11/2015 00:00,VIC1,136138.6252,176029.0709,1.293
D,CO2EII,PUBLISHING,1,2015,47,17/11/2015 00:00,NEM,510846.1546,477968.5798,0.9356
D,CO2EII,PUBLISHING,1,2015,47,17/11/2015 00:00,NSW1,153492.1254,136506.2536,0.8893
D,CO2EII,PUBLISHING,1,2015,47,17/11/2015 00:00,QLD1,157519.5192,137278.677,0.8715
D,CO2EII,PUBLISHING,1,2015,47,17/11/2015 00:00,SA1,34688.16351,22111.21907,0.6374
D,CO2EII,PUBLISHING,1,2015,47,17/11/2015 00:00,TAS1,17432.60864,1.7218421,0.0001
D,CO2EII,PUBLISHING,1,2015,47,17/11/2015 00:00,VIC1,147713.7379,182070.7082,1.2326
D,CO2EII,PUBLISHING,1,2015,47,18/11/2015 00:00,NEM,538492.2226,487976.3225,0.9062
D,CO2EII,PUBLISHING,1,2015,47,18/11/2015 00:00,NSW1,174300.1367,148105.5648,0.8497
D,CO2EII,PUBLISHING,1,2015,47,18/11/2015 00:00,QLD1,163032.7813,142550.4099,0.8744
D,CO2EII,PUBLISHING,1,2015,47,18/11/2015 00:00,SA1,45965.3395,25904.7271,0.5636
D,CO2EII,PUBLISHING,1,2015,47,18/11/2015 00:00,TAS1,18383.55864,1.79977023,0.0001
D,CO2EII,PUBLISHING,1,2015,47,18/11/2015 00:00,VIC1,136810.4065,171413.8209,1.2529
D,CO2EII,PUBLISHING,1,2015,47,19/11/2015 00:00,NEM,569466.5624,505269.6671,0.8873
D,CO2EII,PUBLISHING,1,2015,47,19/11/2015 00:00,NSW1,190457.3163,160908.4285,0.8449
D,CO2EII,PUBLISHING,1,2015,47,19/11/2015 00:00,QLD1,171647.8092,148075.3179,0.8627
D,CO2EII,PUBLISHING,1,2015,47,19/11/2015 00:00,SA1,45123.19246,26923.90559,0.5967
D,CO2EII,PUBLISHING,1,2015,47,19/11/2015 00:00,TAS1,19042.27299,76.66046339,0.004
D,CO2EII,PUBLISHING,1,2015,47,19/11/2015 00:00,VIC1,143195.9715,169285.3546,1.1822
D,CO2EII,PUBLISHING,1,2015,47,20/11/2015 00:00,NEM,564834.9988,498730.6925,0.883
D,CO2EII,PUBLISHING,1,2015,47,20/11/2015 00:00,NSW1,204120.1347,166980.8116,0.8181
D,CO2EII,PUBLISHING,1,2015,47,20/11/2015 00:00,QLD1,174996.5742,150374.5483,0.8593
D,CO2EII,PUBLISHING,1,2015,47,20/11/2015 00:00,SA1,34941.10035,19039.75036,0.5449
D,CO2EII,PUBLISHING,1,2015,47,20/11/2015 00:00,TAS1,17708.04746,5.15194872,0.0003
D,CO2EII,PUBLISHING,1,2015,47,20/11/2015 00:00,VIC1,133069.1421,162330.4304,1.2199
D,CO2EII,PUBLISHING,1,2015,47,21/11/2015 00:00,NEM,471731.2957,439373.3,0.9314
D,CO2EII,PUBLISHING,1,2015,47,21/11/2015 00:00,NSW1,152920.4846,140910.1854,0.9215
D,CO2EII,PUBLISHING,1,2015,47,21/11/2015 00:00,QLD1,154960.7571,135032.2722,0.8714
D,CO2EII,PUBLISHING,1,2015,47,21/11/2015 00:00,SA1,24262.37984,11464.39156,0.4725
D,CO2EII,PUBLISHING,1,2015,47,21/11/2015 00:00,TAS1,17411.41611,1.69960032,0.0001
D,CO2EII,PUBLISHING,1,2015,47,21/11/2015 00:00,VIC1,122176.2581,151964.7512,1.2438
D,CO2EII,PUBLISHING,1,2015,48,22/11/2015 00:00,NEM,450188.8762,427421.7915,0.9494
D,CO2EII,PUBLISHING,1,2015,48,22/11/2015 00:00,NSW1,142818.3146,132683.4864,0.929
D,CO2EII,PUBLISHING,1,2015,48,22/11/2015 00:00,QLD1,148175.3802,131379.5596,0.8866
D,CO2EII,PUBLISHING,1,2015,48,22/11/2015 00:00,SA1,26613.6587,17480.18409,0.6568
D,CO2EII,PUBLISHING,1,2015,48,22/11/2015 00:00,TAS1,17219.68183,1.74226585,0.0001
D,CO2EII,PUBLISHING,1,2015,48,22/11/2015 00:00,VIC1,115361.841,145876.8191,1.2645
D,CO2EII,PUBLISHING,1,2015,48,23/11/2015 00:00,NEM,511211.7756,466939.8458,0.9134
D,CO2EII,PUBLISHING,1,2015,48,23/11/2015 00:00,NSW1,176414.7381,159320.1455,0.9031
D,CO2EII,PUBLISHING,1,2015,48,23/11/2015 00:00,QLD1,160655.1978,140645.8235,0.8755
D,CO2EII,PUBLISHING,1,2015,48,23/11/2015 00:00,SA1,29118.45965,20248.85683,0.6954
D,CO2EII,PUBLISHING,1,2015,48,23/11/2015 00:00,TAS1,18254.22675,1.72458553,0.0001
D,CO2EII,PUBLISHING,1,2015,48,23/11/2015 00:00,VIC1,126769.1533,146723.2954,1.1574
D,CO2EII,PUBLISHING,1,2015,48,24/11/2015 00:00,NEM,516303.1763,474358.5115,0.9188
D,CO2EII,PUBLISHING,1,2015,48,24/11/2015 00:00,NSW1,180592.85,161592.4232,0.8948
D,CO2EII,PUBLISHING,1,2015,48,24/11/2015 00:00,QLD1,163143.5313,142993.8849,0.8765
D,CO2EII,PUBLISHING,1,2015,48,24/11/2015 00:00,SA1,31457.27244,23052.97243,0.7328
D,CO2EII,PUBLISHING,1,2015,48,24/11/2015 00:00,TAS1,17336.26697,1.75908574,0.0001
D,CO2EII,PUBLISHING,1,2015,48,24/11/2015 00:00,VIC1,123773.2556,146717.472,1.1854
D,CO2EII,PUBLISHING,1,2015,48,25/11/2015 00:00,NEM,544332.7178,469042.2768,0.8617
D,CO2EII,PUBLISHING,1,2015,48,25/11/2015 00:00,NSW1,184770.3584,160817.875,0.8704
D,CO2EII,PUBLISHING,1,2015,48,25/11/2015 00:00,QLD1,166315.1637,145050.7645,0.8721
D,CO2EII,PUBLISHING,1,2015,48,25/11/2015 00:00,SA1,40020.56737,17207.95111,0.43
D,CO2EII,PUBLISHING,1,2015,48,25/11/2015 00:00,TAS1,17884.19497,12.64850172,0.0007
D,CO2EII,PUBLISHING,1,2015,48,25/11/2015 00:00,VIC1,135342.4334,145953.0377,1.0784
D,CO2EII,PUBLISHING,1,2015,48,26/11/2015 00:00,NEM,548933.8991,469403.072,0.8551
D,CO2EII,PUBLISHING,1,2015,48,26/11/2015 00:00,NSW1,194911.4634,163923.1126,0.841
D,CO2EII,PUBLISHING,1,2015,48,26/11/2015 00:00,QLD1,170475.8209,146487.5336,0.8593
D,CO2EII,PUBLISHING,1,2015,48,26/11/2015 00:00,SA1,37061.40739,16591.92526,0.4477
D,CO2EII,PUBLISHING,1,2015,48,26/11/2015 00:00,TAS1,18657.57636,1.84875137,0.0001
D,CO2EII,PUBLISHING,1,2015,48,26/11/2015 00:00,VIC1,127827.631,142398.6518,1.114
D,CO2EII,PUBLISHING,1,2015,48,27/11/2015 00:00,NEM,518680.0753,474912.0043,0.9156
D,CO2EII,PUBLISHING,1,2015,48,27/11/2015 00:00,NSW1,183179.7845,166804.1427,0.9106
D,CO2EII,PUBLISHING,1,2015,48,27/11/2015 00:00,QLD1,164720.1211,143597.5688,0.8718
D,CO2EII,PUBLISHING,1,2015,48,27/11/2015 00:00,SA1,24897.75152,15421.26542,0.6194
D,CO2EII,PUBLISHING,1,2015,48,27/11/2015 00:00,TAS1,19247.78476,1.93216153,0.0001
D,CO2EII,PUBLISHING,1,2015,48,27/11/2015 00:00,VIC1,126634.6334,149087.0952,1.1773
D,CO2EII,PUBLISHING,1,2015,48,28/11/2015 00:00,NEM,475139.9374,450010.201,0.9471
D,CO2EII,PUBLISHING,1,2015,48,28/11/2015 00:00,NSW1,173016.2037,159608.1973,0.9225
D,CO2EII,PUBLISHING,1,2015,48,28/11/2015 00:00,QLD1,150156.4266,134670.3802,0.8969
D,CO2EII,PUBLISHING,1,2015,48,28/11/2015 00:00,SA1,23064.55373,13937.09535,0.6043
D,CO2EII,PUBLISHING,1,2015,48,28/11/2015 00:00,TAS1,17279.13506,1.82993472,0.0001
D,CO2EII,PUBLISHING,1,2015,48,28/11/2015 00:00,VIC1,111623.6182,141792.6982,1.2703
D,CO2EII,PUBLISHING,1,2015,49,29/11/2015 00:00,NEM,472531.4107,449425.6801,0.9511
D,CO2EII,PUBLISHING,1,2015,49,29/11/2015 00:00,NSW1,167837.9995,155085.5458,0.924
D,CO2EII,PUBLISHING,1,2015,49,29/11/2015 00:00,QLD1,152635.6808,135518.2459,0.8879
D,CO2EII,PUBLISHING,1,2015,49,29/11/2015 00:00,SA1,22425.94157,14037.52616,0.626
D,CO2EII,PUBLISHING,1,2015,49,29/11/2015 00:00,TAS1,17380.45305,1.89152865,0.0001
D,CO2EII,PUBLISHING,1,2015,49,29/11/2015 00:00,VIC1,112251.3358,144782.4706,1.2898
D,CO2EII,PUBLISHING,1,2015,49,30/11/2015 00:00,NEM,545249.0224,483459.2822,0.8867
D,CO2EII,PUBLISHING,1,2015,49,30/11/2015 00:00,NSW1,187792.6787,169487.8995,0.9025
D,CO2EII,PUBLISHING,1,2015,49,30/11/2015 00:00,QLD1,168684.4413,146781.1289,0.8702
D,CO2EII,PUBLISHING,1,2015,49,30/11/2015 00:00,SA1,40800.88443,18574.85209,0.4553
D,CO2EII,PUBLISHING,1,2015,49,30/11/2015 00:00,TAS1,17657.77514,67.66371268,0.0038
D,CO2EII,PUBLISHING,1,2015,49,30/11/2015 00:00,VIC1,130313.2428,148547.738,1.1399
D,CO2EII,PUBLISHING,1,2015,49,01/12/2015 00:00,NEM,556384.6123,476182.0218,0.8559
D,CO2EII,PUBLISHING,1,2015,49,01/12/2015 00:00,NSW1,201421.9566,171432.4895,0.8511
D,CO2EII,PUBLISHING,1,2015,49,01/12/2015 00:00,QLD1,173685.4076,149927.6807,0.8632
D,CO2EII,PUBLISHING,1,2015,49,01/12/2015 00:00,SA1,40609.61731,16019.13092,0.3945
D,CO2EII,PUBLISHING,1,2015,49,01/12/2015 00:00,TAS1,17792.77678,1.77248644,0.0001
D,CO2EII,PUBLISHING,1,2015,49,01/12/2015 00:00,VIC1,122874.854,138800.9482,1.1296
D,CO2EII,PUBLISHING,1,2015,49,02/12/2015 00:00,NEM,515111.0066,464909.9648,0.9025
D,CO2EII,PUBLISHING,1,2015,49,02/12/2015 00:00,NSW1,164805.3177,146709.5446,0.8902
D,CO2EII,PUBLISHING,1,2015,49,02/12/2015 00:00,QLD1,177194.1549,151673.3496,0.856
D,CO2EII,PUBLISHING,1,2015,49,02/12/2015 00:00,SA1,31140.15444,20080.83006,0.6449
D,CO2EII,PUBLISHING,1,2015,49,02/12/2015 00:00,TAS1,17914.7175,139.850252,0.0078
D,CO2EII,PUBLISHING,1,2015,49,02/12/2015 00:00,VIC1,124056.6621,146306.3903,1.1794
D,CO2EII,PUBLISHING,1,2015,49,03/12/2015 00:00,NEM,507343.5744,469283.1275,0.925
D,CO2EII,PUBLISHING,1,2015,49,03/12/2015 00:00,NSW1,163136.2083,148139.3342,0.9081
D,CO2EII,PUBLISHING,1,2015,49,03/12/2015 00:00,QLD1,172441.3964,148068.5688,0.8587
D,CO2EII,PUBLISHING,1,2015,49,03/12/2015 00:00,SA1,35837.07484,22804.78973,0.6363
D,CO2EII,PUBLISHING,1,2015,49,03/12/2015 00:00,TAS1,17338.46432,21.99616936,0.0013
D,CO2EII,PUBLISHING,1,2015,49,03/12/2015 00:00,VIC1,118590.4305,150248.4386,1.267
D,CO2EII,PUBLISHING,1,2015,49,04/12/2015 00:00,NEM,518364.2972,479562.3197,0.9251
D,CO2EII,PUBLISHING,1,2015,49,04/12/2015 00:00,NSW1,160651.8539,149719.2257,0.9319
D,CO2EII,PUBLISHING,1,2015,49,04/12/2015 00:00,QLD1,173325.9242,148180.5033,0.8549
D,CO2EII,PUBLISHING,1,2015,49,04/12/2015 00:00,SA1,38412.35358,24563.29309,0.6395
D,CO2EII,PUBLISHING,1,2015,49,04/12/2015 00:00,TAS1,18031.30063,1.94381407,0.0001
D,CO2EII,PUBLISHING,1,2015,49,04/12/2015 00:00,VIC1,127942.8648,157097.3538,1.2279
D,CO2EII,PUBLISHING,1,2015,49,05/12/2015 00:00,NEM,487901.3465,449948.0343,0.9222
D,CO2EII,PUBLISHING,1,2015,49,05/12/2015 00:00,NSW1,145038.3104,130047.9298,0.8966
D,CO2EII,PUBLISHING,1,2015,49,05/12/2015 00:00,QLD1,163209.4673,140465.4703,0.8606
D,CO2EII,PUBLISHING,1,2015,49,05/12/2015 00:00,SA1,37810.47322,24254.4107,0.6415
D,CO2EII,PUBLISHING,1,2015,49,05/12/2015 00:00,TAS1,17779.6757,1.87133512,0.0001
D,CO2EII,PUBLISHING,1,2015,49,05/12/2015 00:00,VIC1,124063.4199,155178.3521,1.2508
D,CO2EII,PUBLISHING,1,2015,50,06/12/2015 00:00,NEM,488896.61,449338.6184,0.9191
D,CO2EII,PUBLISHING,1,2015,50,06/12/2015 00:00,NSW1,142299.8282,129088.2988,0.9072
D,CO2EII,PUBLISHING,1,2015,50,06/12/2015 00:00,QLD1,160894.2676,140243.2214,0.8716
D,CO2EII,PUBLISHING,1,2015,50,06/12/2015 00:00,SA1,42679.6127,23239.71191,0.5445
D,CO2EII,PUBLISHING,1,2015,50,06/12/2015 00:00,TAS1,17389.67324,1.84448373,0.0001
D,CO2EII,PUBLISHING,1,2015,50,06/12/2015 00:00,VIC1,125633.2283,156765.5418,1.2478
D,CO2EII,PUBLISHING,1,2015,50,07/12/2015 00:00,NEM,554323.6227,490094.9871,0.8841
D,CO2EII,PUBLISHING,1,2015,50,07/12/2015 00:00,NSW1,186436.2445,170439.2965,0.9142
D,CO2EII,PUBLISHING,1,2015,50,07/12/2015 00:00,QLD1,167900.1407,146727.9372,0.8739
D,CO2EII,PUBLISHING,1,2015,50,07/12/2015 00:00,SA1,45833.60875,25529.22488,0.557
D,CO2EII,PUBLISHING,1,2015,50,07/12/2015 00:00,TAS1,18484.05738,137.5227748,0.0074
D,CO2EII,PUBLISHING,1,2015,50,07/12/2015 00:00,VIC1,135669.5713,147261.0058,1.0854
D,CO2EII,PUBLISHING,1,2015,50,08/12/2015 00:00,NEM,555008.5964,483465.4345,0.8711
D,CO2EII,PUBLISHING,1,2015,50,08/12/2015 00:00,NSW1,188858.3961,169624.3968,0.8982
D,CO2EII,PUBLISHING,1,2015,50,08/12/2015 00:00,QLD1,170636.9694,148712.0632,0.8715
D,CO2EII,PUBLISHING,1,2015,50,08/12/2015 00:00,SA1,35982.50135,14621.33297,0.4063
D,CO2EII,PUBLISHING,1,2015,50,08/12/2015 00:00,TAS1,18443.20535,197.177626,0.0107
D,CO2EII,PUBLISHING,1,2015,50,08/12/2015 00:00,VIC1,141087.5242,150310.4639,1.0654
D,CO2EII,PUBLISHING,1,2015,50,09/12/2015 00:00,NEM,554512.5171,501582.1004,0.9045
D,CO2EII,PUBLISHING,1,2015,50,09/12/2015 00:00,NSW1,196217.4485,173130.8794,0.8823
D,CO2EII,PUBLISHING,1,2015,50,09/12/2015 00:00,QLD1,172850.3499,150894.5293,0.873
D,CO2EII,PUBLISHING,1,2015,50,09/12/2015 00:00,SA1,26506.15276,16014.7347,0.6042
D,CO2EII,PUBLISHING,1,2015,50,09/12/2015 00:00,TAS1,17449.61106,1.82637965,0.0001
D,CO2EII,PUBLISHING,1,2015,50,09/12/2015 00:00,VIC1,141488.9549,161540.1306,1.1417
D,CO2EII,PUBLISHING,1,2015,50,10/12/2015 00:00,NEM,545070.088,508066.7037,0.9321
D,CO2EII,PUBLISHING,1,2015,50,10/12/2015 00:00,NSW1,187557.7856,171586.6269,0.9148
D,CO2EII,PUBLISHING,1,2015,50,10/12/2015 00:00,QLD1,177544.5025,154185.3617,0.8684
D,CO2EII,PUBLISHING,1,2015,50,10/12/2015 00:00,SA1,31750.13073,19765.17696,0.6225
D,CO2EII,PUBLISHING,1,2015,50,10/12/2015 00:00,TAS1,17674.85875,1.83327373,0.0001
D,CO2EII,PUBLISHING,1,2015,50,10/12/2015 00:00,VIC1,130542.8104,162527.7049,1.245
D,CO2EII,PUBLISHING,1,2015,50,11/12/2015 00:00,NEM,547181.4797,494736.5412,0.9042
D,CO2EII,PUBLISHING,1,2015,50,11/12/2015 00:00,NSW1,183969.4291,161817.633,0.8796
D,CO2EII,PUBLISHING,1,2015,50,11/12/2015 00:00,QLD1,175654.6239,152668.5411,0.8691
D,CO2EII,PUBLISHING,1,2015,50,11/12/2015 00:00,SA1,32951.90724,17486.46099,0.5307
D,CO2EII,PUBLISHING,1,2015,50,11/12/2015 00:00,TAS1,18119.85743,1.88667717,0.0001
D,CO2EII,PUBLISHING,1,2015,50,11/12/2015 00:00,VIC1,136485.662,162762.0194,1.1925
D,CO2EII,PUBLISHING,1,2015,50,12/12/2015 00:00,NEM,466233.8185,445299.9981,0.9551
D,CO2EII,PUBLISHING,1,2015,50,12/12/2015 00:00,NSW1,154004.3287,141724.8834,0.9203
D,CO2EII,PUBLISHING,1,2015,50,12/12/2015 00:00,QLD1,151840.77,133700.9188,0.8805
D,CO2EII,PUBLISHING,1,2015,50,12/12/2015 00:00,SA1,24904.29489,17238.2428,0.6922
D,CO2EII,PUBLISHING,1,2015,50,12/12/2015 00:00,TAS1,17324.56904,1.95968529,0.0001
D,CO2EII,PUBLISHING,1,2015,50,12/12/2015 00:00,VIC1,118159.8559,152633.9934,1.2918
D,CO2EII,PUBLISHING,1,2015,51,13/12/2015 00:00,NEM,454212.8995,436683.757,0.9614
D,CO2EII,PUBLISHING,1,2015,51,13/12/2015 00:00,NSW1,152736.2582,142846.5691,0.9352
D,CO2EII,PUBLISHING,1,2015,51,13/12/2015 00:00,QLD1,139609.76,124296.7349,0.8903
D,CO2EII,PUBLISHING,1,2015,51,13/12/2015 00:00,SA1,27179.25805,18017.39548,0.6629
D,CO2EII,PUBLISHING,1,2015,51,13/12/2015 00:00,TAS1,16612.41535,2.01249101,0.0001
D,CO2EII,PUBLISHING,1,2015,51,13/12/2015 00:00,VIC1,118075.2079,151521.045,1.2833
D,CO2EII,PUBLISHING,1,2015,51,14/12/2015 00:00,NEM,535234.6755,497190.5864,0.9289
D,CO2EII,PUBLISHING,1,2015,51,14/12/2015 00:00,NSW1,185995.9101,171065.4343,0.9197
D,CO2EII,PUBLISHING,1,2015,51,14/12/2015 00:00,QLD1,165729.7681,144134.1552,0.8697
D,CO2EII,PUBLISHING,1,2015,51,14/12/2015 00:00,SA1,31553.9309,22377.16453,0.7092
D,CO2EII,PUBLISHING,1,2015,51,14/12/2015 00:00,TAS1,17551.7941,1.98647165,0.0001
D,CO2EII,PUBLISHING,1,2015,51,14/12/2015 00:00,VIC1,134403.2723,159611.8458,1.1876
D,CO2EII,PUBLISHING,1,2015,51,15/12/2015 00:00,NEM,549397.0984,510611.1981,0.9294
D,CO2EII,PUBLISHING,1,2015,51,15/12/2015 00:00,NSW1,184351.8659,170250.4273,0.9235
D,CO2EII,PUBLISHING,1,2015,51,15/12/2015 00:00,QLD1,168853.8803,147873.2981,0.8757
D,CO2EII,PUBLISHING,1,2015,51,15/12/2015 00:00,SA1,35462.43515,23939.63923,0.6751
D,CO2EII,PUBLISHING,1,2015,51,15/12/2015 00:00,TAS1,18032.75442,1.61991971,0.0001
D,CO2EII,PUBLISHING,1,2015,51,15/12/2015 00:00,VIC1,142696.1626,168546.2136,1.1812
D,CO2EII,PUBLISHING,1,2015,51,16/12/2015 00:00,NEM,550488.324,496969.7331,0.9028
D,CO2EII,PUBLISHING,1,2015,51,16/12/2015 00:00,NSW1,182344.2428,167248.3246,0.9172
D,CO2EII,PUBLISHING,1,2015,51,16/12/2015 00:00,QLD1,164671.1721,142728.5204,0.8667
D,CO2EII,PUBLISHING,1,2015,51,16/12/2015 00:00,SA1,43046.69676,28988.93212,0.6734
D,CO2EII,PUBLISHING,1,2015,51,16/12/2015 00:00,TAS1,21502.40729,292.3855429,0.0136
D,CO2EII,PUBLISHING,1,2015,51,16/12/2015 00:00,VIC1,138923.805,157711.5704,1.1352
D,CO2EII,PUBLISHING,1,2015,51,17/12/2015 00:00,NEM,573974.0805,519252.2182,0.9047
D,CO2EII,PUBLISHING,1,2015,51,17/12/2015 00:00,NSW1,179783.739,170277.1081,0.9471
D,CO2EII,PUBLISHING,1,2015,51,17/12/2015 00:00,QLD1,171862.7634,150476.4771,0.8756
D,CO2EII,PUBLISHING,1,2015,51,17/12/2015 00:00,SA1,46391.0736,31161.75357,0.6717
D,CO2EII,PUBLISHING,1,2015,51,17/12/2015 00:00,TAS1,28168.10827,91.02910216,0.0032
D,CO2EII,PUBLISHING,1,2015,51,17/12/2015 00:00,VIC1,147768.3962,167245.8505,1.1318
D,CO2EII,PUBLISHING,1,2015,51,18/12/2015 00:00,NEM,591936.358,537101.794,0.9074
D,CO2EII,PUBLISHING,1,2015,51,18/12/2015 00:00,NSW1,186644.189,175929.807,0.9426
D,CO2EII,PUBLISHING,1,2015,51,18/12/2015 00:00,QLD1,177390.3118,154928.0359,0.8734
D,CO2EII,PUBLISHING,1,2015,51,18/12/2015 00:00,SA1,45587.81461,29615.78271,0.6496
D,CO2EII,PUBLISHING,1,2015,51,18/12/2015 00:00,TAS1,25894.97111,236.4550359,0.0091
D,CO2EII,PUBLISHING,1,2015,51,18/12/2015 00:00,VIC1,156419.0715,176391.7133,1.1277
D,CO2EII,PUBLISHING,1,2015,51,19/12/2015 00:00,NEM,571391.5061,508884.2923,0.8906
D,CO2EII,PUBLISHING,1,2015,51,19/12/2015 00:00,NSW1,176741.665,164370.9892,0.93
D,CO2EII,PUBLISHING,1,2015,51,19/12/2015 00:00,QLD1,164460.8493,142773.9606,0.8681
D,CO2EII,PUBLISHING,1,2015,51,19/12/2015 00:00,SA1,48885.20342,28520.80309,0.5834
D,CO2EII,PUBLISHING,1,2015,51,19/12/2015 00:00,TAS1,21892.37523,1.95172324,0.0001
D,CO2EII,PUBLISHING,1,2015,51,19/12/2015 00:00,VIC1,159411.413,173216.5877,1.0866
D,CO2EII,PUBLISHING,1,2015,52,20/12/2015 00:00,NEM,530138.1164,466677.3231,0.8803
D,CO2EII,PUBLISHING,1,2015,52,20/12/2015 00:00,NSW1,179349.765,155072.9754,0.8646
D,CO2EII,PUBLISHING,1,2015,52,20/12/2015 00:00,QLD1,153462.3953,135792.5927,0.8849
D,CO2EII,PUBLISHING,1,2015,52,20/12/2015 00:00,SA1,37843.32012,18813.15145,0.4971
D,CO2EII,PUBLISHING,1,2015,52,20/12/2015 00:00,TAS1,22116.0764,1.92178443,0.0001
D,CO2EII,PUBLISHING,1,2015,52,20/12/2015 00:00,VIC1,137366.5596,156996.6818,1.1429
D,CO2EII,PUBLISHING,1,2015,52,21/12/2015 00:00,NEM,526072.7399,451665.223,0.8586
D,CO2EII,PUBLISHING,1,2015,52,21/12/2015 00:00,NSW1,181343.8204,158379.2994,0.8734
D,CO2EII,PUBLISHING,1,2015,52,21/12/2015 00:00,QLD1,165584.8172,145991.0029,0.8817
D,CO2EII,PUBLISHING,1,2015,52,21/12/2015 00:00,SA1,40379.86448,18654.3285,0.462
D,CO2EII,PUBLISHING,1,2015,52,21/12/2015 00:00,TAS1,28606.0322,1.73858872,0.0001
D,CO2EII,PUBLISHING,1,2015,52,21/12/2015 00:00,VIC1,110158.2057,128638.8536,1.1678
D,CO2EII,PUBLISHING,1,2015,52,22/12/2015 00:00,NEM,508621.276,460763.856,0.9059
D,CO2EII,PUBLISHING,1,2015,52,22/12/2015 00:00,NSW1,164739.8001,145832.1418,0.8852
D,CO2EII,PUBLISHING,1,2015,52,22/12/2015 00:00,QLD1,156275.1221,138488.0113,0.8862
D,CO2EII,PUBLISHING,1,2015,52,22/12/2015 00:00,SA1,32292.52929,18175.07913,0.5628
D,CO2EII,PUBLISHING,1,2015,52,22/12/2015 00:00,TAS1,28335.1452,1.72970196,0.0001
D,CO2EII,PUBLISHING,1,2015,52,22/12/2015 00:00,VIC1,126978.6793,158266.894,1.2464
D,CO2EII,PUBLISHING,1,2015,52,23/12/2015 00:00,NEM,511872.3755,466280.5317,0.9109
D,CO2EII,PUBLISHING,1,2015,52,23/12/2015 00:00,NSW1,157456.165,140914.2049,0.8949
D,CO2EII,PUBLISHING,1,2015,52,23/12/2015 00:00,QLD1,157503.976,139918.3575,0.8883
D,CO2EII,PUBLISHING,1,2015,52,23/12/2015 00:00,SA1,33661.06665,19312.51589,0.5737
D,CO2EII,PUBLISHING,1,2015,52,23/12/2015 00:00,TAS1,28588.23356,480.1489207,0.0168
D,CO2EII,PUBLISHING,1,2015,52,23/12/2015 00:00,VIC1,134662.9343,165655.3044,1.2301
D,CO2EII,PUBLISHING,1,2015,52,24/12/2015 00:00,NEM,511148.3232,466381.8591,0.9124
D,CO2EII,PUBLISHING,1,2015,52,24/12/2015 00:00,NSW1,152384.6754,137165.8941,0.9001
D,CO2EII,PUBLISHING,1,2015,52,24/12/2015 00:00,QLD1,154357.3389,136107.6611,0.8818
D,CO2EII,PUBLISHING,1,2015,52,24/12/2015 00:00,SA1,36693.62299,23864.64049,0.6504
D,CO2EII,PUBLISHING,1,2015,52,24/12/2015 00:00,TAS1,28463.09305,531.6759128,0.0187
D,CO2EII,PUBLISHING,1,2015,52,24/12/2015 00:00,VIC1,139249.5929,168711.9875,1.2116
D,CO2EII,PUBLISHING,1,2015,52,25/12/2015 00:00,NEM,452023.3164,402624.6532,0.8907
D,CO2EII,PUBLISHING,1,2015,52,25/12/2015 00:00,NSW1,118753.2963,105180.2236,0.8857
D,CO2EII,PUBLISHING,1,2015,52,25/12/2015 00:00,QLD1,132952.9658,118786.8181,0.8934
D,CO2EII,PUBLISHING,1,2015,52,25/12/2015 00:00,SA1,34410.77009,14122.81148,0.4104
D,CO2EII,PUBLISHING,1,2015,52,25/12/2015 00:00,TAS1,27557.22629,1.7403287,0.0001
D,CO2EII,PUBLISHING,1,2015,52,25/12/2015 00:00,VIC1,138349.0579,164533.0597,1.1893
D,CO2EII,PUBLISHING,1,2015,52,26/12/2015 00:00,NEM,437115.2943,378215.6084,0.8653
D,CO2EII,PUBLISHING,1,2015,52,26/12/2015 00:00,NSW1,118978.2369,103081.181,0.8664
D,CO2EII,PUBLISHING,1,2015,52,26/12/2015 00:00,QLD1,144428.9551,128498.5963,0.8897
D,CO2EII,PUBLISHING,1,2015,52,26/12/2015 00:00,SA1,29780.79086,7672.520638,0.2576
D,CO2EII,PUBLISHING,1,2015,52,26/12/2015 00:00,TAS1,27424.84226,1.77719587,0.0001
D,CO2EII,PUBLISHING,1,2015,52,26/12/2015 00:00,VIC1,116502.4692,138961.5333,1.1928
C,END OF REPORT,2187,,,,,,,,
