C,SETP.WORLD,CO2EII_RESULTS_SUMMARY_YEAR,AEMO,PUBLIC,2026/01/05,11:59:27,0000000497307242,,0000000497307220
I,CO2EII,PUBLISHING,1,CONTRACTYEAR,WEEKNO,SETTLEMENTDATE,REGIONID,TOTAL_SENT_OUT_ENERGY,TOTAL_EMISSIONS,CO2E_INTENSITY_INDEX
D,CO2EII,PUBLISHING,1,2025,1,"2024/12/29 00:00:00",NEM,440743.04342353,271901.97607258,0.616900
D,CO2EII,PUBLISHING,1,2025,1,"2024/12/29 00:00:00",NSW1,153492.96317337,91591.40949399,0.596700
D,CO2EII,PUBLISHING,1,2025,1,"2024/12/29 00:00:00",QLD1,157102.06147480,102209.66487831,0.650600
D,CO2EII,PUBLISHING,1,2025,1,"2024/12/29 00:00:00",SA1,14387.67733064,1293.79904209,0.089900
D,CO2EII,PUBLISHING,1,2025,1,"2024/12/29 00:00:00",TAS1,19795.03578375,0.00000000,0.000000
D,CO2EII,PUBLISHING,1,2025,1,"2024/12/29 00:00:00",VIC1,95965.30566097,76807.10265819,0.800400
D,CO2EII,PUBLISHING,1,2025,1,"2024/12/30 00:00:00",NEM,473096.48572589,290223.16427308,0.613500
D,CO2EII,PUBLISHING,1,2025,1,"2024/12/30 00:00:00",NSW1,169372.86127851,100571.11573456,0.593800
D,CO2EII,PUBLISHING,1,2025,1,"2024/12/30 00:00:00",QLD1,159722.84903859,106498.72300864,0.666800
D,CO2EII,PUBLISHING,1,2025,1,"2024/12/30 00:00:00",SA1,20567.29267540,1481.32845510,0.072000
D,CO2EII,PUBLISHING,1,2025,1,"2024/12/30 00:00:00",TAS1,19786.89738216,0.00000000,0.000000
D,CO2EII,PUBLISHING,1,2025,1,"2024/12/30 00:00:00",VIC1,103646.58535123,81671.99707478,0.788000
D,CO2EII,PUBLISHING,1,2025,1,"2024/12/31 00:00:00",NEM,461260.08216069,283349.60181331,0.614300
D,CO2EII,PUBLISHING,1,2025,1,"2024/12/31 00:00:00",NSW1,163533.40504757,97844.64290766,0.598300
D,CO2EII,PUBLISHING,1,2025,1,"2024/12/31 00:00:00",QLD1,159963.08801187,104173.26723633,0.651200
D,CO2EII,PUBLISHING,1,2025,1,"2024/12/31 00:00:00",SA1,20269.36165982,1645.78959387,0.081200
D,CO2EII,PUBLISHING,1,2025,1,"2024/12/31 00:00:00",TAS1,18624.92049312,0.00000000,0.000000
D,CO2EII,PUBLISHING,1,2025,1,"2024/12/31 00:00:00",VIC1,98869.30694831,79685.90207545,0.806000
D,CO2EII,PUBLISHING,1,2025,1,"2025/01/01 00:00:00",NEM,440704.06841594,268164.02657905,0.608500
D,CO2EII,PUBLISHING,1,2025,1,"2025/01/01 00:00:00",NSW1,166629.67488508,96150.06781615,0.577000
D,CO2EII,PUBLISHING,1,2025,1,"2025/01/01 00:00:00",QLD1,142479.85016059,96562.93184425,0.677700
D,CO2EII,PUBLISHING,1,2025,1,"2025/01/01 00:00:00",SA1,19869.56063391,1203.86250648,0.060600
D,CO2EII,PUBLISHING,1,2025,1,"2025/01/01 00:00:00",TAS1,16880.78972998,0.00000000,0.000000
D,CO2EII,PUBLISHING,1,2025,1,"2025/01/01 00:00:00",VIC1,94844.19300638,74247.16441217,0.782800
D,CO2EII,PUBLISHING,1,2025,1,"2025/01/02 00:00:00",NEM,455755.75072177,264279.85516983,0.579900
D,CO2EII,PUBLISHING,1,2025,1,"2025/01/02 00:00:00",NSW1,170564.49880619,88944.05477041,0.521500
D,CO2EII,PUBLISHING,1,2025,1,"2025/01/02 00:00:00",QLD1,144792.32627578,97849.59263394,0.675800
D,CO2EII,PUBLISHING,1,2025,1,"2025/01/02 00:00:00",SA1,22893.95322738,890.94205057,0.038900
D,CO2EII,PUBLISHING,1,2025,1,"2025/01/02 00:00:00",TAS1,14872.03361514,0.00000000,0.000000
D,CO2EII,PUBLISHING,1,2025,1,"2025/01/02 00:00:00",VIC1,102632.93879728,76595.26571491,0.746300
D,CO2EII,PUBLISHING,1,2025,1,"2025/01/03 00:00:00",NEM,458984.61059055,271659.80491511,0.591900
D,CO2EII,PUBLISHING,1,2025,1,"2025/01/03 00:00:00",NSW1,158157.25843242,88806.64780323,0.561500
D,CO2EII,PUBLISHING,1,2025,1,"2025/01/03 00:00:00",QLD1,153439.62589509,97573.36494738,0.635900
D,CO2EII,PUBLISHING,1,2025,1,"2025/01/03 00:00:00",SA1,20930.87266236,3454.34506090,0.165000
D,CO2EII,PUBLISHING,1,2025,1,"2025/01/03 00:00:00",TAS1,20279.20922776,97.03125329,0.004800
D,CO2EII,PUBLISHING,1,2025,1,"2025/01/03 00:00:00",VIC1,106177.64437292,81728.41585031,0.769700
D,CO2EII,PUBLISHING,1,2025,1,"2025/01/04 00:00:00",NEM,487854.08086875,285854.46775544,0.585900
D,CO2EII,PUBLISHING,1,2025,1,"2025/01/04 00:00:00",NSW1,155158.07083501,90372.00872133,0.582500
D,CO2EII,PUBLISHING,1,2025,1,"2025/01/04 00:00:00",QLD1,158134.47720387,101587.86270749,0.642400
D,CO2EII,PUBLISHING,1,2025,1,"2025/01/04 00:00:00",SA1,26048.62891719,5418.56694237,0.208000
D,CO2EII,PUBLISHING,1,2025,1,"2025/01/04 00:00:00",TAS1,24044.19936360,84.13682352,0.003500
D,CO2EII,PUBLISHING,1,2025,1,"2025/01/04 00:00:00",VIC1,124468.70454908,88391.89256073,0.710200
D,CO2EII,PUBLISHING,1,2025,2,"2025/01/05 00:00:00",NEM,506547.76513247,300973.18055340,0.594200
D,CO2EII,PUBLISHING,1,2025,2,"2025/01/05 00:00:00",NSW1,160544.28364593,97950.20212017,0.610100
D,CO2EII,PUBLISHING,1,2025,2,"2025/01/05 00:00:00",QLD1,155748.97421475,101843.54619366,0.653900
D,CO2EII,PUBLISHING,1,2025,2,"2025/01/05 00:00:00",SA1,31579.41254041,5340.66459072,0.169100
D,CO2EII,PUBLISHING,1,2025,2,"2025/01/05 00:00:00",TAS1,22670.56853764,0.00000000,0.000000
D,CO2EII,PUBLISHING,1,2025,2,"2025/01/05 00:00:00",VIC1,136004.52619374,95838.76764885,0.704700
D,CO2EII,PUBLISHING,1,2025,2,"2025/01/06 00:00:00",NEM,524615.22725700,305052.08897960,0.581500
D,CO2EII,PUBLISHING,1,2025,2,"2025/01/06 00:00:00",NSW1,174343.92516981,111335.40612028,0.638600
D,CO2EII,PUBLISHING,1,2025,2,"2025/01/06 00:00:00",QLD1,162415.02530296,102419.46371086,0.630600
D,CO2EII,PUBLISHING,1,2025,2,"2025/01/06 00:00:00",SA1,35123.48008914,1235.41166623,0.035200
D,CO2EII,PUBLISHING,1,2025,2,"2025/01/06 00:00:00",TAS1,19165.59144712,0.00000000,0.000000
D,CO2EII,PUBLISHING,1,2025,2,"2025/01/06 00:00:00",VIC1,133567.20524797,90061.80748223,0.674300
D,CO2EII,PUBLISHING,1,2025,2,"2025/01/07 00:00:00",NEM,479805.39191554,265770.83229793,0.553900
D,CO2EII,PUBLISHING,1,2025,2,"2025/01/07 00:00:00",NSW1,170517.33915340,96083.98721300,0.563500
D,CO2EII,PUBLISHING,1,2025,2,"2025/01/07 00:00:00",QLD1,151946.07293390,98370.52920764,0.647400
D,CO2EII,PUBLISHING,1,2025,2,"2025/01/07 00:00:00",SA1,25868.08231746,905.66520363,0.035000
D,CO2EII,PUBLISHING,1,2025,2,"2025/01/07 00:00:00",TAS1,14157.49624026,0.00000000,0.000000
D,CO2EII,PUBLISHING,1,2025,2,"2025/01/07 00:00:00",VIC1,117316.40127052,70410.65067366,0.600200
D,CO2EII,PUBLISHING,1,2025,2,"2025/01/08 00:00:00",NEM,483725.76509487,275049.26279071,0.568600
D,CO2EII,PUBLISHING,1,2025,2,"2025/01/08 00:00:00",NSW1,175573.74029450,93013.55128120,0.529800
D,CO2EII,PUBLISHING,1,2025,2,"2025/01/08 00:00:00",QLD1,155661.89308862,99961.64719789,0.642200
D,CO2EII,PUBLISHING,1,2025,2,"2025/01/08 00:00:00",SA1,20948.19406062,2568.87282922,0.122600
D,CO2EII,PUBLISHING,1,2025,2,"2025/01/08 00:00:00",TAS1,17153.49597599,73.56032222,0.004300
D,CO2EII,PUBLISHING,1,2025,2,"2025/01/08 00:00:00",VIC1,114388.44167514,79431.63116018,0.694400
D,CO2EII,PUBLISHING,1,2025,2,"2025/01/09 00:00:00",NEM,499217.17748735,290279.60673311,0.581500
D,CO2EII,PUBLISHING,1,2025,2,"2025/01/09 00:00:00",NSW1,169733.22133870,99454.55326032,0.585900
D,CO2EII,PUBLISHING,1,2025,2,"2025/01/09 00:00:00",QLD1,157809.10829950,103541.08717453,0.656100
D,CO2EII,PUBLISHING,1,2025,2,"2025/01/09 00:00:00",SA1,28519.72358211,4434.19706124,0.155500
D,CO2EII,PUBLISHING,1,2025,2,"2025/01/09 00:00:00",TAS1,24005.90676043,213.22443207,0.008900
D,CO2EII,PUBLISHING,1,2025,2,"2025/01/09 00:00:00",VIC1,119149.21750661,82636.54480495,0.693600
D,CO2EII,PUBLISHING,1,2025,2,"2025/01/10 00:00:00",NEM,510704.60855531,295204.39438556,0.578000
D,CO2EII,PUBLISHING,1,2025,2,"2025/01/10 00:00:00",NSW1,180571.09138728,101793.58699161,0.563700
D,CO2EII,PUBLISHING,1,2025,2,"2025/01/10 00:00:00",QLD1,158211.68738810,106685.74592807,0.674300
D,CO2EII,PUBLISHING,1,2025,2,"2025/01/10 00:00:00",SA1,34223.37276372,4773.78551028,0.139500
D,CO2EII,PUBLISHING,1,2025,2,"2025/01/10 00:00:00",TAS1,23632.79386996,0.00000000,0.000000
D,CO2EII,PUBLISHING,1,2025,2,"2025/01/10 00:00:00",VIC1,114065.66314625,81951.27595560,0.718500
D,CO2EII,PUBLISHING,1,2025,2,"2025/01/11 00:00:00",NEM,496782.94643141,295207.24425363,0.594200
D,CO2EII,PUBLISHING,1,2025,2,"2025/01/11 00:00:00",NSW1,166259.92173041,97662.32825046,0.587400
D,CO2EII,PUBLISHING,1,2025,2,"2025/01/11 00:00:00",QLD1,156800.07541480,105938.81407482,0.675600
D,CO2EII,PUBLISHING,1,2025,2,"2025/01/11 00:00:00",SA1,35008.22748252,4160.04700067,0.118800
D,CO2EII,PUBLISHING,1,2025,2,"2025/01/11 00:00:00",TAS1,23530.12237241,145.85845060,0.006200
D,CO2EII,PUBLISHING,1,2025,2,"2025/01/11 00:00:00",VIC1,115184.59943127,87300.19647708,0.757900
D,CO2EII,PUBLISHING,1,2025,3,"2025/01/12 00:00:00",NEM,474568.18595816,290373.97596417,0.611900
D,CO2EII,PUBLISHING,1,2025,3,"2025/01/12 00:00:00",NSW1,153046.50039613,91124.95022970,0.595400
D,CO2EII,PUBLISHING,1,2025,3,"2025/01/12 00:00:00",QLD1,160499.25749397,105695.90787044,0.658500
D,CO2EII,PUBLISHING,1,2025,3,"2025/01/12 00:00:00",SA1,31856.33077924,5853.91731419,0.183800
D,CO2EII,PUBLISHING,1,2025,3,"2025/01/12 00:00:00",TAS1,20289.51566927,164.60013668,0.008100
D,CO2EII,PUBLISHING,1,2025,3,"2025/01/12 00:00:00",VIC1,108876.58161955,87534.60041316,0.804000
D,CO2EII,PUBLISHING,1,2025,3,"2025/01/13 00:00:00",NEM,517819.87842398,307644.62130143,0.594100
D,CO2EII,PUBLISHING,1,2025,3,"2025/01/13 00:00:00",NSW1,174911.10817103,102391.81208408,0.585400
D,CO2EII,PUBLISHING,1,2025,3,"2025/01/13 00:00:00",QLD1,171882.13222295,111010.75132731,0.645900
D,CO2EII,PUBLISHING,1,2025,3,"2025/01/13 00:00:00",SA1,36310.19926941,6195.83112444,0.170600
D,CO2EII,PUBLISHING,1,2025,3,"2025/01/13 00:00:00",TAS1,21025.48705816,154.08041645,0.007300
D,CO2EII,PUBLISHING,1,2025,3,"2025/01/13 00:00:00",VIC1,113690.95170243,87892.14634915,0.773100
D,CO2EII,PUBLISHING,1,2025,3,"2025/01/14 00:00:00",NEM,541368.29097362,318394.32531272,0.588100
D,CO2EII,PUBLISHING,1,2025,3,"2025/01/14 00:00:00",NSW1,195634.11986104,117104.24801243,0.598600
D,CO2EII,PUBLISHING,1,2025,3,"2025/01/14 00:00:00",QLD1,173158.89110808,112098.73335056,0.647400
D,CO2EII,PUBLISHING,1,2025,3,"2025/01/14 00:00:00",SA1,30550.50394838,7123.58522751,0.233200
D,CO2EII,PUBLISHING,1,2025,3,"2025/01/14 00:00:00",TAS1,19096.60709561,131.42934970,0.006900
D,CO2EII,PUBLISHING,1,2025,3,"2025/01/14 00:00:00",VIC1,122928.16896051,81936.32937252,0.666500
D,CO2EII,PUBLISHING,1,2025,3,"2025/01/15 00:00:00",NEM,555448.51823468,311281.84839370,0.560400
D,CO2EII,PUBLISHING,1,2025,3,"2025/01/15 00:00:00",NSW1,201893.63721719,122251.18156786,0.605500
D,CO2EII,PUBLISHING,1,2025,3,"2025/01/15 00:00:00",QLD1,172616.11830955,110012.17081656,0.637300
D,CO2EII,PUBLISHING,1,2025,3,"2025/01/15 00:00:00",SA1,28871.60171932,1900.39254554,0.065800
D,CO2EII,PUBLISHING,1,2025,3,"2025/01/15 00:00:00",TAS1,16602.84927849,0.00000000,0.000000
D,CO2EII,PUBLISHING,1,2025,3,"2025/01/15 00:00:00",VIC1,135464.31171013,77118.10346374,0.569300
D,CO2EII,PUBLISHING,1,2025,3,"2025/01/16 00:00:00",NEM,510886.08359616,307519.70325463,0.601900
D,CO2EII,PUBLISHING,1,2025,3,"2025/01/16 00:00:00",NSW1,178185.30502780,109734.83618030,0.615800
D,CO2EII,PUBLISHING,1,2025,3,"2025/01/16 00:00:00",QLD1,177623.79293938,113795.15073069,0.640700
D,CO2EII,PUBLISHING,1,2025,3,"2025/01/16 00:00:00",SA1,23775.39960254,1901.04847497,0.080000
D,CO2EII,PUBLISHING,1,2025,3,"2025/01/16 00:00:00",TAS1,14649.12372609,0.00000000,0.000000
D,CO2EII,PUBLISHING,1,2025,3,"2025/01/16 00:00:00",VIC1,116652.46230035,82088.66786867,0.703700
D,CO2EII,PUBLISHING,1,2025,3,"2025/01/17 00:00:00",NEM,487041.23094214,275841.31243545,0.566400
D,CO2EII,PUBLISHING,1,2025,3,"2025/01/17 00:00:00",NSW1,178801.84714549,94616.71219137,0.529200
D,CO2EII,PUBLISHING,1,2025,3,"2025/01/17 00:00:00",QLD1,158147.84078811,99820.16990304,0.631200
D,CO2EII,PUBLISHING,1,2025,3,"2025/01/17 00:00:00",SA1,25605.82142127,1013.45339575,0.039600
D,CO2EII,PUBLISHING,1,2025,3,"2025/01/17 00:00:00",TAS1,14032.36994956,0.00000000,0.000000
D,CO2EII,PUBLISHING,1,2025,3,"2025/01/17 00:00:00",VIC1,110453.35163771,80390.97694529,0.727800
D,CO2EII,PUBLISHING,1,2025,3,"2025/01/18 00:00:00",NEM,470538.16067883,262375.69493809,0.557600
D,CO2EII,PUBLISHING,1,2025,3,"2025/01/18 00:00:00",NSW1,173814.41862509,87384.36062574,0.502700
D,CO2EII,PUBLISHING,1,2025,3,"2025/01/18 00:00:00",QLD1,145731.85432806,98376.09019497,0.675000
D,CO2EII,PUBLISHING,1,2025,3,"2025/01/18 00:00:00",SA1,24643.81703594,2082.18882784,0.084500
D,CO2EII,PUBLISHING,1,2025,3,"2025/01/18 00:00:00",TAS1,13970.50096121,0.00000000,0.000000
D,CO2EII,PUBLISHING,1,2025,3,"2025/01/18 00:00:00",VIC1,112377.56972853,74533.05528954,0.663200
D,CO2EII,PUBLISHING,1,2025,4,"2025/01/19 00:00:00",NEM,473739.49552310,285908.94926348,0.603500
D,CO2EII,PUBLISHING,1,2025,4,"2025/01/19 00:00:00",NSW1,158561.18279675,89728.27758939,0.565900
D,CO2EII,PUBLISHING,1,2025,4,"2025/01/19 00:00:00",QLD1,148248.86523398,96386.56635322,0.650200
D,CO2EII,PUBLISHING,1,2025,4,"2025/01/19 00:00:00",SA1,27882.03942915,5456.48655673,0.195700
D,CO2EII,PUBLISHING,1,2025,4,"2025/01/19 00:00:00",TAS1,18419.43577620,217.07095215,0.011800
D,CO2EII,PUBLISHING,1,2025,4,"2025/01/19 00:00:00",VIC1,120627.97228702,94120.54781199,0.780300
D,CO2EII,PUBLISHING,1,2025,4,"2025/01/20 00:00:00",NEM,512478.20524432,323158.26861917,0.630600
D,CO2EII,PUBLISHING,1,2025,4,"2025/01/20 00:00:00",NSW1,165135.98499198,104591.80050128,0.633400
D,CO2EII,PUBLISHING,1,2025,4,"2025/01/20 00:00:00",QLD1,152262.40282752,100362.82720252,0.659100
D,CO2EII,PUBLISHING,1,2025,4,"2025/01/20 00:00:00",SA1,38892.37485951,8394.81971321,0.215800
D,CO2EII,PUBLISHING,1,2025,4,"2025/01/20 00:00:00",TAS1,20922.68973962,298.78313953,0.014300
D,CO2EII,PUBLISHING,1,2025,4,"2025/01/20 00:00:00",VIC1,135264.75282569,109510.03806263,0.809600
D,CO2EII,PUBLISHING,1,2025,4,"2025/01/21 00:00:00",NEM,533167.73656336,329125.14328513,0.617300
D,CO2EII,PUBLISHING,1,2025,4,"2025/01/21 00:00:00",NSW1,172535.40531310,107117.20810001,0.620800
D,CO2EII,PUBLISHING,1,2025,4,"2025/01/21 00:00:00",QLD1,169218.78456213,109994.40758399,0.650000
D,CO2EII,PUBLISHING,1,2025,4,"2025/01/21 00:00:00",SA1,29900.08145240,3896.12063775,0.130300
D,CO2EII,PUBLISHING,1,2025,4,"2025/01/21 00:00:00",TAS1,18289.60319729,115.16276214,0.006300
D,CO2EII,PUBLISHING,1,2025,4,"2025/01/21 00:00:00",VIC1,143223.86203844,108002.24420124,0.754100
D,CO2EII,PUBLISHING,1,2025,4,"2025/01/22 00:00:00",NEM,545566.70165101,308380.26712632,0.565200
D,CO2EII,PUBLISHING,1,2025,4,"2025/01/22 00:00:00",NSW1,188738.39277707,106154.80605399,0.562400
D,CO2EII,PUBLISHING,1,2025,4,"2025/01/22 00:00:00",QLD1,183899.15247169,121696.35934023,0.661800
D,CO2EII,PUBLISHING,1,2025,4,"2025/01/22 00:00:00",SA1,26758.37237974,891.95331551,0.033300
D,CO2EII,PUBLISHING,1,2025,4,"2025/01/22 00:00:00",TAS1,14701.49932086,18.46527398,0.001300
D,CO2EII,PUBLISHING,1,2025,4,"2025/01/22 00:00:00",VIC1,131469.28470165,79618.68314261,0.605600
D,CO2EII,PUBLISHING,1,2025,4,"2025/01/23 00:00:00",NEM,535228.89049336,313134.60536807,0.585000
D,CO2EII,PUBLISHING,1,2025,4,"2025/01/23 00:00:00",NSW1,183674.42789967,100732.44182385,0.548400
D,CO2EII,PUBLISHING,1,2025,4,"2025/01/23 00:00:00",QLD1,176626.90031572,113214.42519730,0.641000
D,CO2EII,PUBLISHING,1,2025,4,"2025/01/23 00:00:00",SA1,27726.84937875,1443.81634202,0.052100
D,CO2EII,PUBLISHING,1,2025,4,"2025/01/23 00:00:00",TAS1,15952.20236811,0.00000000,0.000000
D,CO2EII,PUBLISHING,1,2025,4,"2025/01/23 00:00:00",VIC1,131248.51053111,97743.92200490,0.744700
D,CO2EII,PUBLISHING,1,2025,4,"2025/01/24 00:00:00",NEM,507791.21097272,313901.99287211,0.618200
D,CO2EII,PUBLISHING,1,2025,4,"2025/01/24 00:00:00",NSW1,178877.74697758,106404.18829462,0.594800
D,CO2EII,PUBLISHING,1,2025,4,"2025/01/24 00:00:00",QLD1,180891.50344176,118743.30087947,0.656400
D,CO2EII,PUBLISHING,1,2025,4,"2025/01/24 00:00:00",SA1,18025.99299053,1362.30991685,0.075600
D,CO2EII,PUBLISHING,1,2025,4,"2025/01/24 00:00:00",TAS1,15346.89561504,0.00000000,0.000000
D,CO2EII,PUBLISHING,1,2025,4,"2025/01/24 00:00:00",VIC1,114649.07194781,87392.19378117,0.762300
D,CO2EII,PUBLISHING,1,2025,4,"2025/01/25 00:00:00",NEM,466992.81884991,291917.30642166,0.625100
D,CO2EII,PUBLISHING,1,2025,4,"2025/01/25 00:00:00",NSW1,165780.59771432,97975.38359550,0.591000
D,CO2EII,PUBLISHING,1,2025,4,"2025/01/25 00:00:00",QLD1,161237.32450500,102720.07810374,0.637100
D,CO2EII,PUBLISHING,1,2025,4,"2025/01/25 00:00:00",SA1,19863.17267364,1155.49311586,0.058200
D,CO2EII,PUBLISHING,1,2025,4,"2025/01/25 00:00:00",TAS1,14227.69224879,0.00000000,0.000000
D,CO2EII,PUBLISHING,1,2025,4,"2025/01/25 00:00:00",VIC1,105884.03170816,90066.35160656,0.850600
D,CO2EII,PUBLISHING,1,2025,5,"2025/01/26 00:00:00",NEM,479489.27294771,290714.70333226,0.606300
D,CO2EII,PUBLISHING,1,2025,5,"2025/01/26 00:00:00",NSW1,176986.94576031,98753.22827482,0.558000
D,CO2EII,PUBLISHING,1,2025,5,"2025/01/26 00:00:00",QLD1,155936.82139697,100019.63736465,0.641400
D,CO2EII,PUBLISHING,1,2025,5,"2025/01/26 00:00:00",SA1,24274.82313468,3658.47819120,0.150700
D,CO2EII,PUBLISHING,1,2025,5,"2025/01/26 00:00:00",TAS1,13480.24951426,0.00000000,0.000000
D,CO2EII,PUBLISHING,1,2025,5,"2025/01/26 00:00:00",VIC1,108810.43314149,88283.35950159,0.811400
D,CO2EII,PUBLISHING,1,2025,5,"2025/01/27 00:00:00",NEM,553989.67128367,296027.38172040,0.534400
D,CO2EII,PUBLISHING,1,2025,5,"2025/01/27 00:00:00",NSW1,179966.55719271,98099.02012349,0.545100
D,CO2EII,PUBLISHING,1,2025,5,"2025/01/27 00:00:00",QLD1,168187.52564689,106856.20250478,0.635300
D,CO2EII,PUBLISHING,1,2025,5,"2025/01/27 00:00:00",SA1,36569.71615403,1153.30591087,0.031500
D,CO2EII,PUBLISHING,1,2025,5,"2025/01/27 00:00:00",TAS1,16652.21369908,104.30789729,0.006300
D,CO2EII,PUBLISHING,1,2025,5,"2025/01/27 00:00:00",VIC1,152613.65859096,89814.54528397,0.588500
D,CO2EII,PUBLISHING,1,2025,5,"2025/01/28 00:00:00",NEM,553687.87500019,316757.65022134,0.572100
D,CO2EII,PUBLISHING,1,2025,5,"2025/01/28 00:00:00",NSW1,210728.53118635,115344.89179106,0.547400
D,CO2EII,PUBLISHING,1,2025,5,"2025/01/28 00:00:00",QLD1,169894.78314565,111748.07349521,0.657700
D,CO2EII,PUBLISHING,1,2025,5,"2025/01/28 00:00:00",SA1,25462.71287846,909.08038110,0.035700
D,CO2EII,PUBLISHING,1,2025,5,"2025/01/28 00:00:00",TAS1,14981.44140857,0.00000000,0.000000
D,CO2EII,PUBLISHING,1,2025,5,"2025/01/28 00:00:00",VIC1,132620.40638116,88755.60455397,0.669200
D,CO2EII,PUBLISHING,1,2025,5,"2025/01/29 00:00:00",NEM,509317.38151106,295828.26463481,0.580800
D,CO2EII,PUBLISHING,1,2025,5,"2025/01/29 00:00:00",NSW1,185817.51789934,98897.82158882,0.532200
D,CO2EII,PUBLISHING,1,2025,5,"2025/01/29 00:00:00",QLD1,165618.07671016,108915.35310527,0.657600
D,CO2EII,PUBLISHING,1,2025,5,"2025/01/29 00:00:00",SA1,21623.96408370,908.48229302,0.042000
D,CO2EII,PUBLISHING,1,2025,5,"2025/01/29 00:00:00",TAS1,15278.98734389,0.00000000,0.000000
D,CO2EII,PUBLISHING,1,2025,5,"2025/01/29 00:00:00",VIC1,120978.83547397,87106.60764770,0.720000
D,CO2EII,PUBLISHING,1,2025,5,"2025/01/30 00:00:00",NEM,519373.08552119,302895.01551778,0.583200
D,CO2EII,PUBLISHING,1,2025,5,"2025/01/30 00:00:00",NSW1,184311.84150780,104108.80419654,0.564900
D,CO2EII,PUBLISHING,1,2025,5,"2025/01/30 00:00:00",QLD1,167741.55312353,107214.16991730,0.639200
D,CO2EII,PUBLISHING,1,2025,5,"2025/01/30 00:00:00",SA1,25052.87375603,1073.68819723,0.042900
D,CO2EII,PUBLISHING,1,2025,5,"2025/01/30 00:00:00",TAS1,15732.40086024,0.00000000,0.000000
D,CO2EII,PUBLISHING,1,2025,5,"2025/01/30 00:00:00",VIC1,126534.41627359,90498.35320671,0.715200
D,CO2EII,PUBLISHING,1,2025,5,"2025/01/31 00:00:00",NEM,520938.21859377,298363.89473638,0.572700
D,CO2EII,PUBLISHING,1,2025,5,"2025/01/31 00:00:00",NSW1,182300.45010357,99018.12678719,0.543200
D,CO2EII,PUBLISHING,1,2025,5,"2025/01/31 00:00:00",QLD1,165884.11009862,106275.83916340,0.640700
D,CO2EII,PUBLISHING,1,2025,5,"2025/01/31 00:00:00",SA1,31785.66407845,917.94030043,0.028900
D,CO2EII,PUBLISHING,1,2025,5,"2025/01/31 00:00:00",TAS1,15292.81754834,0.00000000,0.000000
D,CO2EII,PUBLISHING,1,2025,5,"2025/01/31 00:00:00",VIC1,125675.17676479,92151.98848536,0.733300
D,CO2EII,PUBLISHING,1,2025,5,"2025/02/01 00:00:00",NEM,508873.77925605,295850.33793349,0.581400
D,CO2EII,PUBLISHING,1,2025,5,"2025/02/01 00:00:00",NSW1,171323.76915274,89482.06836354,0.522300
D,CO2EII,PUBLISHING,1,2025,5,"2025/02/01 00:00:00",QLD1,162135.25538768,106985.42785158,0.659900
D,CO2EII,PUBLISHING,1,2025,5,"2025/02/01 00:00:00",SA1,29014.75873686,3761.53113584,0.129600
D,CO2EII,PUBLISHING,1,2025,5,"2025/02/01 00:00:00",TAS1,16546.61040852,109.33266135,0.006600
D,CO2EII,PUBLISHING,1,2025,5,"2025/02/01 00:00:00",VIC1,129853.38557025,95511.97792118,0.735500
D,CO2EII,PUBLISHING,1,2025,6,"2025/02/02 00:00:00",NEM,532561.64905680,301088.20830817,0.565400
D,CO2EII,PUBLISHING,1,2025,6,"2025/02/02 00:00:00",NSW1,169648.73818645,90726.03156828,0.534800
D,CO2EII,PUBLISHING,1,2025,6,"2025/02/02 00:00:00",QLD1,150906.96639890,101481.48917340,0.672500
D,CO2EII,PUBLISHING,1,2025,6,"2025/02/02 00:00:00",SA1,35010.98918497,6093.33275650,0.174000
D,CO2EII,PUBLISHING,1,2025,6,"2025/02/02 00:00:00",TAS1,19259.37103474,410.55828752,0.021300
D,CO2EII,PUBLISHING,1,2025,6,"2025/02/02 00:00:00",VIC1,157735.58425174,102376.79652247,0.649000
D,CO2EII,PUBLISHING,1,2025,6,"2025/02/03 00:00:00",NEM,600053.07052820,357629.23675366,0.596000
D,CO2EII,PUBLISHING,1,2025,6,"2025/02/03 00:00:00",NSW1,198478.30402366,113845.56171310,0.573600
D,CO2EII,PUBLISHING,1,2025,6,"2025/02/03 00:00:00",QLD1,164599.15069488,113176.10443099,0.687600
D,CO2EII,PUBLISHING,1,2025,6,"2025/02/03 00:00:00",SA1,42282.70067429,10566.24293303,0.249900
D,CO2EII,PUBLISHING,1,2025,6,"2025/02/03 00:00:00",TAS1,25401.04776090,569.83262920,0.022400
D,CO2EII,PUBLISHING,1,2025,6,"2025/02/03 00:00:00",VIC1,169291.86737447,119471.49504734,0.705700
D,CO2EII,PUBLISHING,1,2025,6,"2025/02/04 00:00:00",NEM,599327.69242387,354450.36703230,0.591400
D,CO2EII,PUBLISHING,1,2025,6,"2025/02/04 00:00:00",NSW1,190179.67164787,113580.48600163,0.597200
D,CO2EII,PUBLISHING,1,2025,6,"2025/02/04 00:00:00",QLD1,181876.19352760,123694.36577740,0.680100
D,CO2EII,PUBLISHING,1,2025,6,"2025/02/04 00:00:00",SA1,39016.92648093,4496.54669415,0.115200
D,CO2EII,PUBLISHING,1,2025,6,"2025/02/04 00:00:00",TAS1,20333.75515746,196.25038255,0.009700
D,CO2EII,PUBLISHING,1,2025,6,"2025/02/04 00:00:00",VIC1,167921.14561001,112482.71817657,0.669900
D,CO2EII,PUBLISHING,1,2025,6,"2025/02/05 00:00:00",NEM,549818.80282046,329165.95039066,0.598700
D,CO2EII,PUBLISHING,1,2025,6,"2025/02/05 00:00:00",NSW1,194476.34268314,113734.14055315,0.584800
D,CO2EII,PUBLISHING,1,2025,6,"2025/02/05 00:00:00",QLD1,179085.83447858,126263.58861557,0.705000
D,CO2EII,PUBLISHING,1,2025,6,"2025/02/05 00:00:00",SA1,28333.52023115,1916.97362780,0.067700
D,CO2EII,PUBLISHING,1,2025,6,"2025/02/05 00:00:00",TAS1,15975.80422869,66.71254242,0.004200
D,CO2EII,PUBLISHING,1,2025,6,"2025/02/05 00:00:00",VIC1,131947.30119890,87184.53505172,0.660800
D,CO2EII,PUBLISHING,1,2025,6,"2025/02/06 00:00:00",NEM,559228.72650932,337025.45647133,0.602700
D,CO2EII,PUBLISHING,1,2025,6,"2025/02/06 00:00:00",NSW1,182320.06441570,103350.50796185,0.566900
D,CO2EII,PUBLISHING,1,2025,6,"2025/02/06 00:00:00",QLD1,183269.40250950,123165.61746943,0.672000
D,CO2EII,PUBLISHING,1,2025,6,"2025/02/06 00:00:00",SA1,36319.43526032,6113.88847966,0.168300
D,CO2EII,PUBLISHING,1,2025,6,"2025/02/06 00:00:00",TAS1,21254.77629865,392.69911901,0.018500
D,CO2EII,PUBLISHING,1,2025,6,"2025/02/06 00:00:00",VIC1,136065.04802515,104002.74344138,0.764400
D,CO2EII,PUBLISHING,1,2025,6,"2025/02/07 00:00:00",NEM,539406.50734657,319583.09293764,0.592500
D,CO2EII,PUBLISHING,1,2025,6,"2025/02/07 00:00:00",NSW1,178146.10288823,104959.94123478,0.589200
D,CO2EII,PUBLISHING,1,2025,6,"2025/02/07 00:00:00",QLD1,175407.04925790,116442.69160021,0.663800
D,CO2EII,PUBLISHING,1,2025,6,"2025/02/07 00:00:00",SA1,28521.67783171,2325.93218650,0.081500
D,CO2EII,PUBLISHING,1,2025,6,"2025/02/07 00:00:00",TAS1,17981.83913426,91.63173476,0.005100
D,CO2EII,PUBLISHING,1,2025,6,"2025/02/07 00:00:00",VIC1,139349.83823447,95762.89618139,0.687200
D,CO2EII,PUBLISHING,1,2025,6,"2025/02/08 00:00:00",NEM,486803.34886865,270896.88222238,0.556500
D,CO2EII,PUBLISHING,1,2025,6,"2025/02/08 00:00:00",NSW1,163880.62380035,98575.13458588,0.601500
D,CO2EII,PUBLISHING,1,2025,6,"2025/02/08 00:00:00",QLD1,155150.08836440,101496.74459334,0.654200
D,CO2EII,PUBLISHING,1,2025,6,"2025/02/08 00:00:00",SA1,28015.78933794,899.72605674,0.032100
D,CO2EII,PUBLISHING,1,2025,6,"2025/02/08 00:00:00",TAS1,14951.91656986,0.00000000,0.000000
D,CO2EII,PUBLISHING,1,2025,6,"2025/02/08 00:00:00",VIC1,124804.93079610,69925.27698642,0.560300
D,CO2EII,PUBLISHING,1,2025,7,"2025/02/09 00:00:00",NEM,478760.34740922,244950.90146997,0.511600
D,CO2EII,PUBLISHING,1,2025,7,"2025/02/09 00:00:00",NSW1,159531.01698599,93312.50594908,0.584900
D,CO2EII,PUBLISHING,1,2025,7,"2025/02/09 00:00:00",QLD1,153761.85808639,100752.20839712,0.655200
D,CO2EII,PUBLISHING,1,2025,7,"2025/02/09 00:00:00",SA1,28797.28789464,903.16255216,0.031400
D,CO2EII,PUBLISHING,1,2025,7,"2025/02/09 00:00:00",TAS1,14225.59540243,0.00000000,0.000000
D,CO2EII,PUBLISHING,1,2025,7,"2025/02/09 00:00:00",VIC1,122444.58903977,49983.02457161,0.408200
D,CO2EII,PUBLISHING,1,2025,7,"2025/02/10 00:00:00",NEM,526917.44273327,286948.62858710,0.544600
D,CO2EII,PUBLISHING,1,2025,7,"2025/02/10 00:00:00",NSW1,182261.07007919,111386.05842455,0.611100
D,CO2EII,PUBLISHING,1,2025,7,"2025/02/10 00:00:00",QLD1,165774.19626583,111733.28833488,0.674000
D,CO2EII,PUBLISHING,1,2025,7,"2025/02/10 00:00:00",SA1,27871.33471433,1840.91120893,0.066100
D,CO2EII,PUBLISHING,1,2025,7,"2025/02/10 00:00:00",TAS1,14937.54752314,1.09405366,0.000100
D,CO2EII,PUBLISHING,1,2025,7,"2025/02/10 00:00:00",VIC1,136073.29415078,61987.27656508,0.455500
D,CO2EII,PUBLISHING,1,2025,7,"2025/02/11 00:00:00",NEM,549376.76891831,327228.83420914,0.595600
D,CO2EII,PUBLISHING,1,2025,7,"2025/02/11 00:00:00",NSW1,177245.01197835,109956.75640148,0.620400
D,CO2EII,PUBLISHING,1,2025,7,"2025/02/11 00:00:00",QLD1,174667.72630525,115130.83881849,0.659100
D,CO2EII,PUBLISHING,1,2025,7,"2025/02/11 00:00:00",SA1,36780.35226191,6059.52058885,0.164700
D,CO2EII,PUBLISHING,1,2025,7,"2025/02/11 00:00:00",TAS1,18506.86170934,84.80626561,0.004600
D,CO2EII,PUBLISHING,1,2025,7,"2025/02/11 00:00:00",VIC1,142176.81666346,95996.91213471,0.675200
D,CO2EII,PUBLISHING,1,2025,7,"2025/02/12 00:00:00",NEM,579740.45733884,338754.12188888,0.584300
D,CO2EII,PUBLISHING,1,2025,7,"2025/02/12 00:00:00",NSW1,183942.39502567,107559.25925438,0.584700
D,CO2EII,PUBLISHING,1,2025,7,"2025/02/12 00:00:00",QLD1,178068.88909649,117034.48300893,0.657200
D,CO2EII,PUBLISHING,1,2025,7,"2025/02/12 00:00:00",SA1,50311.77467895,10360.31986647,0.205900
D,CO2EII,PUBLISHING,1,2025,7,"2025/02/12 00:00:00",TAS1,24071.70843408,248.59508992,0.010300
D,CO2EII,PUBLISHING,1,2025,7,"2025/02/12 00:00:00",VIC1,143345.69010365,103551.46466918,0.722400
D,CO2EII,PUBLISHING,1,2025,7,"2025/02/13 00:00:00",NEM,583837.99740934,321261.45077928,0.550300
D,CO2EII,PUBLISHING,1,2025,7,"2025/02/13 00:00:00",NSW1,188644.03403253,111386.53180521,0.590500
D,CO2EII,PUBLISHING,1,2025,7,"2025/02/13 00:00:00",QLD1,172418.34857631,115909.25495381,0.672300
D,CO2EII,PUBLISHING,1,2025,7,"2025/02/13 00:00:00",SA1,34649.60864598,1261.26527351,0.036400
D,CO2EII,PUBLISHING,1,2025,7,"2025/02/13 00:00:00",TAS1,19847.86251106,162.88880095,0.008200
D,CO2EII,PUBLISHING,1,2025,7,"2025/02/13 00:00:00",VIC1,168278.14364346,92541.50994580,0.549900
D,CO2EII,PUBLISHING,1,2025,7,"2025/02/14 00:00:00",NEM,532203.31762924,326511.11710302,0.613500
D,CO2EII,PUBLISHING,1,2025,7,"2025/02/14 00:00:00",NSW1,191879.84849872,123856.39043250,0.645500
D,CO2EII,PUBLISHING,1,2025,7,"2025/02/14 00:00:00",QLD1,174121.14136787,118711.79583115,0.681800
D,CO2EII,PUBLISHING,1,2025,7,"2025/02/14 00:00:00",SA1,24747.14024728,1679.92095183,0.067900
D,CO2EII,PUBLISHING,1,2025,7,"2025/02/14 00:00:00",TAS1,16071.66106307,0.00000000,0.000000
D,CO2EII,PUBLISHING,1,2025,7,"2025/02/14 00:00:00",VIC1,125383.52645230,82263.00988754,0.656100
D,CO2EII,PUBLISHING,1,2025,7,"2025/02/15 00:00:00",NEM,480499.49170878,280244.22495517,0.583200
D,CO2EII,PUBLISHING,1,2025,7,"2025/02/15 00:00:00",NSW1,162657.03790682,92895.05411475,0.571100
D,CO2EII,PUBLISHING,1,2025,7,"2025/02/15 00:00:00",QLD1,161159.58624537,111370.62539334,0.691100
D,CO2EII,PUBLISHING,1,2025,7,"2025/02/15 00:00:00",SA1,23867.34106281,922.18774485,0.038600
D,CO2EII,PUBLISHING,1,2025,7,"2025/02/15 00:00:00",TAS1,15361.29908969,0.00000000,0.000000
D,CO2EII,PUBLISHING,1,2025,7,"2025/02/15 00:00:00",VIC1,117454.22740409,75056.35770223,0.639000
D,CO2EII,PUBLISHING,1,2025,8,"2025/02/16 00:00:00",NEM,439653.02334031,265652.43627981,0.604200
D,CO2EII,PUBLISHING,1,2025,8,"2025/02/16 00:00:00",NSW1,136194.11450284,86976.63782962,0.638600
D,CO2EII,PUBLISHING,1,2025,8,"2025/02/16 00:00:00",QLD1,156183.89556418,104509.05599112,0.669100
D,CO2EII,PUBLISHING,1,2025,8,"2025/02/16 00:00:00",SA1,21957.10079138,1029.90861139,0.046900
D,CO2EII,PUBLISHING,1,2025,8,"2025/02/16 00:00:00",TAS1,16110.84929294,0.00000000,0.000000
D,CO2EII,PUBLISHING,1,2025,8,"2025/02/16 00:00:00",VIC1,109207.06318897,73136.83384768,0.669700
D,CO2EII,PUBLISHING,1,2025,8,"2025/02/17 00:00:00",NEM,461185.80250522,280059.26669010,0.607300
D,CO2EII,PUBLISHING,1,2025,8,"2025/02/17 00:00:00",NSW1,157656.44586306,91636.85465440,0.581200
D,CO2EII,PUBLISHING,1,2025,8,"2025/02/17 00:00:00",QLD1,163801.76002520,106636.95489577,0.651000
D,CO2EII,PUBLISHING,1,2025,8,"2025/02/17 00:00:00",SA1,22898.26777689,2596.30445712,0.113400
D,CO2EII,PUBLISHING,1,2025,8,"2025/02/17 00:00:00",TAS1,18418.98386816,98.73753293,0.005400
D,CO2EII,PUBLISHING,1,2025,8,"2025/02/17 00:00:00",VIC1,98410.34497191,79090.41514988,0.803700
D,CO2EII,PUBLISHING,1,2025,8,"2025/02/18 00:00:00",NEM,478767.78993730,287004.46573079,0.599500
D,CO2EII,PUBLISHING,1,2025,8,"2025/02/18 00:00:00",NSW1,157578.56806196,97964.59296057,0.621700
D,CO2EII,PUBLISHING,1,2025,8,"2025/02/18 00:00:00",QLD1,162685.22559989,107644.43437046,0.661700
D,CO2EII,PUBLISHING,1,2025,8,"2025/02/18 00:00:00",SA1,22615.64342847,1954.73361030,0.086400
D,CO2EII,PUBLISHING,1,2025,8,"2025/02/18 00:00:00",TAS1,17748.85261782,0.00000000,0.000000
D,CO2EII,PUBLISHING,1,2025,8,"2025/02/18 00:00:00",VIC1,118139.50022916,79440.70478946,0.672400
D,CO2EII,PUBLISHING,1,2025,8,"2025/02/19 00:00:00",NEM,490310.46896477,279333.72355485,0.569700
D,CO2EII,PUBLISHING,1,2025,8,"2025/02/19 00:00:00",NSW1,163279.01497182,96343.70012450,0.590100
D,CO2EII,PUBLISHING,1,2025,8,"2025/02/19 00:00:00",QLD1,159275.15562560,101974.66528036,0.640200
D,CO2EII,PUBLISHING,1,2025,8,"2025/02/19 00:00:00",SA1,24781.46657648,1154.88230903,0.046600
D,CO2EII,PUBLISHING,1,2025,8,"2025/02/19 00:00:00",TAS1,15326.30334657,0.00000000,0.000000
D,CO2EII,PUBLISHING,1,2025,8,"2025/02/19 00:00:00",VIC1,127648.52844430,79860.47584096,0.625600
D,CO2EII,PUBLISHING,1,2025,8,"2025/02/20 00:00:00",NEM,492644.69097628,271274.00321967,0.550600
D,CO2EII,PUBLISHING,1,2025,8,"2025/02/20 00:00:00",NSW1,173198.54830410,93499.86734432,0.539800
D,CO2EII,PUBLISHING,1,2025,8,"2025/02/20 00:00:00",QLD1,155985.58207224,97255.06030047,0.623500
D,CO2EII,PUBLISHING,1,2025,8,"2025/02/20 00:00:00",SA1,25439.58628724,937.88685427,0.036900
D,CO2EII,PUBLISHING,1,2025,8,"2025/02/20 00:00:00",TAS1,16120.31262941,0.00000000,0.000000
D,CO2EII,PUBLISHING,1,2025,8,"2025/02/20 00:00:00",VIC1,121900.66168329,79581.18872061,0.652800
D,CO2EII,PUBLISHING,1,2025,8,"2025/02/21 00:00:00",NEM,494817.77495741,276744.89536283,0.559300
D,CO2EII,PUBLISHING,1,2025,8,"2025/02/21 00:00:00",NSW1,166063.95062637,90832.21350496,0.547000
D,CO2EII,PUBLISHING,1,2025,8,"2025/02/21 00:00:00",QLD1,161749.94986490,96059.67099892,0.593900
D,CO2EII,PUBLISHING,1,2025,8,"2025/02/21 00:00:00",SA1,24805.17447214,3571.10297220,0.144000
D,CO2EII,PUBLISHING,1,2025,8,"2025/02/21 00:00:00",TAS1,19302.86806474,108.36346892,0.005600
D,CO2EII,PUBLISHING,1,2025,8,"2025/02/21 00:00:00",VIC1,122895.83192926,86173.54441783,0.701200
D,CO2EII,PUBLISHING,1,2025,8,"2025/02/22 00:00:00",NEM,511861.68174231,274898.23519310,0.537100
D,CO2EII,PUBLISHING,1,2025,8,"2025/02/22 00:00:00",NSW1,150292.02395021,90165.64547121,0.599900
D,CO2EII,PUBLISHING,1,2025,8,"2025/02/22 00:00:00",QLD1,156494.12576722,97088.78418642,0.620400
D,CO2EII,PUBLISHING,1,2025,8,"2025/02/22 00:00:00",SA1,34446.17263526,3508.84753472,0.101900
D,CO2EII,PUBLISHING,1,2025,8,"2025/02/22 00:00:00",TAS1,21465.77105581,158.45560271,0.007400
D,CO2EII,PUBLISHING,1,2025,8,"2025/02/22 00:00:00",VIC1,149163.58833381,83976.50239804,0.563000
D,CO2EII,PUBLISHING,1,2025,9,"2025/02/23 00:00:00",NEM,489897.46359613,280771.53333996,0.573100
D,CO2EII,PUBLISHING,1,2025,9,"2025/02/23 00:00:00",NSW1,156525.62978669,97494.68630433,0.622900
D,CO2EII,PUBLISHING,1,2025,9,"2025/02/23 00:00:00",QLD1,158124.15574556,97912.61662477,0.619200
D,CO2EII,PUBLISHING,1,2025,9,"2025/02/23 00:00:00",SA1,26856.90510782,1438.82563826,0.053600
D,CO2EII,PUBLISHING,1,2025,9,"2025/02/23 00:00:00",TAS1,19741.84842579,0.00000000,0.000000
D,CO2EII,PUBLISHING,1,2025,9,"2025/02/23 00:00:00",VIC1,128648.92453027,83925.40477260,0.652400
D,CO2EII,PUBLISHING,1,2025,9,"2025/02/24 00:00:00",NEM,517707.80093438,293115.20333668,0.566200
D,CO2EII,PUBLISHING,1,2025,9,"2025/02/24 00:00:00",NSW1,183761.38029762,100491.48770109,0.546900
D,CO2EII,PUBLISHING,1,2025,9,"2025/02/24 00:00:00",QLD1,171373.54820667,106338.58366625,0.620500
D,CO2EII,PUBLISHING,1,2025,9,"2025/02/24 00:00:00",SA1,23467.71623000,1904.08860049,0.081100
D,CO2EII,PUBLISHING,1,2025,9,"2025/02/24 00:00:00",TAS1,18558.42419895,68.73787138,0.003700
D,CO2EII,PUBLISHING,1,2025,9,"2025/02/24 00:00:00",VIC1,120546.73200114,84312.30549747,0.699400
D,CO2EII,PUBLISHING,1,2025,9,"2025/02/25 00:00:00",NEM,517561.20414073,305298.22774547,0.589900
D,CO2EII,PUBLISHING,1,2025,9,"2025/02/25 00:00:00",NSW1,180726.24713934,107845.21352911,0.596700
D,CO2EII,PUBLISHING,1,2025,9,"2025/02/25 00:00:00",QLD1,167043.21963645,104030.75753286,0.622800
D,CO2EII,PUBLISHING,1,2025,9,"2025/02/25 00:00:00",SA1,26124.10656241,4029.18923419,0.154200
D,CO2EII,PUBLISHING,1,2025,9,"2025/02/25 00:00:00",TAS1,19561.08713423,138.87706419,0.007100
D,CO2EII,PUBLISHING,1,2025,9,"2025/02/25 00:00:00",VIC1,124106.54366830,89254.19038512,0.719200
D,CO2EII,PUBLISHING,1,2025,9,"2025/02/26 00:00:00",NEM,532562.76004376,304639.71414780,0.572000
D,CO2EII,PUBLISHING,1,2025,9,"2025/02/26 00:00:00",NSW1,179762.84855144,107736.80351505,0.599300
D,CO2EII,PUBLISHING,1,2025,9,"2025/02/26 00:00:00",QLD1,171126.88130694,105251.39653344,0.615000
D,CO2EII,PUBLISHING,1,2025,9,"2025/02/26 00:00:00",SA1,26751.89661470,6116.39243327,0.228600
D,CO2EII,PUBLISHING,1,2025,9,"2025/02/26 00:00:00",TAS1,22159.28174593,123.30836194,0.005600
D,CO2EII,PUBLISHING,1,2025,9,"2025/02/26 00:00:00",VIC1,132761.85182475,85411.81330410,0.643300
D,CO2EII,PUBLISHING,1,2025,9,"2025/02/27 00:00:00",NEM,539235.95152966,331820.77800999,0.615400
D,CO2EII,PUBLISHING,1,2025,9,"2025/02/27 00:00:00",NSW1,182673.85486966,114646.86099996,0.627600
D,CO2EII,PUBLISHING,1,2025,9,"2025/02/27 00:00:00",QLD1,177546.31477649,109270.79185455,0.615400
D,CO2EII,PUBLISHING,1,2025,9,"2025/02/27 00:00:00",SA1,30595.23350831,7524.78455765,0.245900
D,CO2EII,PUBLISHING,1,2025,9,"2025/02/27 00:00:00",TAS1,22835.78188820,242.77871319,0.010600
D,CO2EII,PUBLISHING,1,2025,9,"2025/02/27 00:00:00",VIC1,125584.76648700,100135.56188464,0.797400
D,CO2EII,PUBLISHING,1,2025,9,"2025/02/28 00:00:00",NEM,547633.21290657,329136.72035307,0.601000
D,CO2EII,PUBLISHING,1,2025,9,"2025/02/28 00:00:00",NSW1,198014.82331061,120192.89979764,0.607000
D,CO2EII,PUBLISHING,1,2025,9,"2025/02/28 00:00:00",QLD1,171722.29834195,110002.82153003,0.640600
D,CO2EII,PUBLISHING,1,2025,9,"2025/02/28 00:00:00",SA1,31122.18918522,5929.66100327,0.190500
D,CO2EII,PUBLISHING,1,2025,9,"2025/02/28 00:00:00",TAS1,21656.68929779,202.24998019,0.009300
D,CO2EII,PUBLISHING,1,2025,9,"2025/02/28 00:00:00",VIC1,125117.21277100,92809.08804194,0.741800
D,CO2EII,PUBLISHING,1,2025,9,"2025/03/01 00:00:00",NEM,499127.86809196,307114.85804221,0.615300
D,CO2EII,PUBLISHING,1,2025,9,"2025/03/01 00:00:00",NSW1,179018.63652378,108419.87552067,0.605600
D,CO2EII,PUBLISHING,1,2025,9,"2025/03/01 00:00:00",QLD1,166271.08983030,106967.67316588,0.643300
D,CO2EII,PUBLISHING,1,2025,9,"2025/03/01 00:00:00",SA1,25448.95714007,3751.48409951,0.147400
D,CO2EII,PUBLISHING,1,2025,9,"2025/03/01 00:00:00",TAS1,19038.99316250,88.09287116,0.004600
D,CO2EII,PUBLISHING,1,2025,9,"2025/03/01 00:00:00",VIC1,109350.19143531,87887.73238499,0.803700
D,CO2EII,PUBLISHING,1,2025,10,"2025/03/02 00:00:00",NEM,489508.96320470,283871.73164620,0.579900
D,CO2EII,PUBLISHING,1,2025,10,"2025/03/02 00:00:00",NSW1,164392.89041573,91754.82741098,0.558100
D,CO2EII,PUBLISHING,1,2025,10,"2025/03/02 00:00:00",QLD1,159990.53794632,100586.19273250,0.628700
D,CO2EII,PUBLISHING,1,2025,10,"2025/03/02 00:00:00",SA1,22865.36961398,954.77260767,0.041800
D,CO2EII,PUBLISHING,1,2025,10,"2025/03/02 00:00:00",TAS1,14992.19684293,532.63782258,0.035500
D,CO2EII,PUBLISHING,1,2025,10,"2025/03/02 00:00:00",VIC1,127267.96838574,90043.30107247,0.707500
D,CO2EII,PUBLISHING,1,2025,10,"2025/03/03 00:00:00",NEM,509576.46768126,286208.98333090,0.561700
D,CO2EII,PUBLISHING,1,2025,10,"2025/03/03 00:00:00",NSW1,179048.79667081,88661.17056130,0.495200
D,CO2EII,PUBLISHING,1,2025,10,"2025/03/03 00:00:00",QLD1,163378.45497028,105172.11458501,0.643700
D,CO2EII,PUBLISHING,1,2025,10,"2025/03/03 00:00:00",SA1,23614.65184295,1021.09754383,0.043200
D,CO2EII,PUBLISHING,1,2025,10,"2025/03/03 00:00:00",TAS1,16508.07479515,727.41344365,0.044100
D,CO2EII,PUBLISHING,1,2025,10,"2025/03/03 00:00:00",VIC1,127026.48940207,90627.18719711,0.713500
D,CO2EII,PUBLISHING,1,2025,10,"2025/03/04 00:00:00",NEM,521932.91473964,303681.44336039,0.581800
D,CO2EII,PUBLISHING,1,2025,10,"2025/03/04 00:00:00",NSW1,176400.14479389,85071.28155411,0.482300
D,CO2EII,PUBLISHING,1,2025,10,"2025/03/04 00:00:00",QLD1,171045.12922131,110818.98375515,0.647900
D,CO2EII,PUBLISHING,1,2025,10,"2025/03/04 00:00:00",SA1,25168.61506644,3810.98690373,0.151400
D,CO2EII,PUBLISHING,1,2025,10,"2025/03/04 00:00:00",TAS1,21564.21080401,264.26478090,0.012300
D,CO2EII,PUBLISHING,1,2025,10,"2025/03/04 00:00:00",VIC1,127754.81485399,103715.92636650,0.811800
D,CO2EII,PUBLISHING,1,2025,10,"2025/03/05 00:00:00",NEM,533304.82156852,304553.12537442,0.571100
D,CO2EII,PUBLISHING,1,2025,10,"2025/03/05 00:00:00",NSW1,174733.76275797,90359.76088240,0.517100
D,CO2EII,PUBLISHING,1,2025,10,"2025/03/05 00:00:00",QLD1,169442.17106165,110047.51504609,0.649500
D,CO2EII,PUBLISHING,1,2025,10,"2025/03/05 00:00:00",SA1,30310.91783621,1950.28307257,0.064300
D,CO2EII,PUBLISHING,1,2025,10,"2025/03/05 00:00:00",TAS1,18389.39800775,269.35974070,0.014600
D,CO2EII,PUBLISHING,1,2025,10,"2025/03/05 00:00:00",VIC1,140428.57190494,101926.20663266,0.725800
D,CO2EII,PUBLISHING,1,2025,10,"2025/03/06 00:00:00",NEM,526409.12641930,276220.80955623,0.524700
D,CO2EII,PUBLISHING,1,2025,10,"2025/03/06 00:00:00",NSW1,176922.28710015,88990.79102240,0.503000
D,CO2EII,PUBLISHING,1,2025,10,"2025/03/06 00:00:00",QLD1,160270.98623954,104374.72154419,0.651200
D,CO2EII,PUBLISHING,1,2025,10,"2025/03/06 00:00:00",SA1,36368.93257312,974.02883413,0.026800
D,CO2EII,PUBLISHING,1,2025,10,"2025/03/06 00:00:00",TAS1,16230.04382855,0.00000000,0.000000
D,CO2EII,PUBLISHING,1,2025,10,"2025/03/06 00:00:00",VIC1,136616.87667794,81881.26815551,0.599300
D,CO2EII,PUBLISHING,1,2025,10,"2025/03/07 00:00:00",NEM,519392.19893322,286732.90588853,0.552100
D,CO2EII,PUBLISHING,1,2025,10,"2025/03/07 00:00:00",NSW1,180118.78969069,89435.93201422,0.496500
D,CO2EII,PUBLISHING,1,2025,10,"2025/03/07 00:00:00",QLD1,160150.05079393,105391.31623991,0.658100
D,CO2EII,PUBLISHING,1,2025,10,"2025/03/07 00:00:00",SA1,33399.25809986,2140.61762623,0.064100
D,CO2EII,PUBLISHING,1,2025,10,"2025/03/07 00:00:00",TAS1,16812.80532586,0.00000000,0.000000
D,CO2EII,PUBLISHING,1,2025,10,"2025/03/07 00:00:00",VIC1,128911.29502288,89765.04000817,0.696300
D,CO2EII,PUBLISHING,1,2025,10,"2025/03/08 00:00:00",NEM,495633.94839237,287240.53718628,0.579500
D,CO2EII,PUBLISHING,1,2025,10,"2025/03/08 00:00:00",NSW1,168746.27236037,83287.28130191,0.493600
D,CO2EII,PUBLISHING,1,2025,10,"2025/03/08 00:00:00",QLD1,157020.17607928,105141.96915007,0.669600
D,CO2EII,PUBLISHING,1,2025,10,"2025/03/08 00:00:00",SA1,29380.73987894,3951.29348868,0.134500
D,CO2EII,PUBLISHING,1,2025,10,"2025/03/08 00:00:00",TAS1,16677.74688893,0.00000000,0.000000
D,CO2EII,PUBLISHING,1,2025,10,"2025/03/08 00:00:00",VIC1,123809.01318485,94859.99324562,0.766200
D,CO2EII,PUBLISHING,1,2025,11,"2025/03/09 00:00:00",NEM,511776.60816142,312954.24737118,0.611500
D,CO2EII,PUBLISHING,1,2025,11,"2025/03/09 00:00:00",NSW1,170023.10521494,99288.07887392,0.584000
D,CO2EII,PUBLISHING,1,2025,11,"2025/03/09 00:00:00",QLD1,152402.03004113,106128.01692459,0.696400
D,CO2EII,PUBLISHING,1,2025,11,"2025/03/09 00:00:00",SA1,25353.48745428,7157.83294769,0.282300
D,CO2EII,PUBLISHING,1,2025,11,"2025/03/09 00:00:00",TAS1,19526.91005446,204.81721075,0.010500
D,CO2EII,PUBLISHING,1,2025,11,"2025/03/09 00:00:00",VIC1,144471.07539661,100175.50141423,0.693400
D,CO2EII,PUBLISHING,1,2025,11,"2025/03/10 00:00:00",NEM,549348.27162459,348048.17601708,0.633600
D,CO2EII,PUBLISHING,1,2025,11,"2025/03/10 00:00:00",NSW1,182349.34665555,115442.74868887,0.633100
D,CO2EII,PUBLISHING,1,2025,11,"2025/03/10 00:00:00",QLD1,160794.61483693,112175.44303911,0.697600
D,CO2EII,PUBLISHING,1,2025,11,"2025/03/10 00:00:00",SA1,33694.56870577,5373.00152396,0.159500
D,CO2EII,PUBLISHING,1,2025,11,"2025/03/10 00:00:00",TAS1,19765.29529963,244.51306714,0.012400
D,CO2EII,PUBLISHING,1,2025,11,"2025/03/10 00:00:00",VIC1,152744.44612671,114812.46969800,0.751700
D,CO2EII,PUBLISHING,1,2025,11,"2025/03/11 00:00:00",NEM,554166.45662195,352234.72198874,0.635600
D,CO2EII,PUBLISHING,1,2025,11,"2025/03/11 00:00:00",NSW1,186196.95975696,110834.13425743,0.595300
D,CO2EII,PUBLISHING,1,2025,11,"2025/03/11 00:00:00",QLD1,160706.12045897,112021.79631612,0.697100
D,CO2EII,PUBLISHING,1,2025,11,"2025/03/11 00:00:00",SA1,32217.36933142,6032.19799586,0.187200
D,CO2EII,PUBLISHING,1,2025,11,"2025/03/11 00:00:00",TAS1,21781.33356284,0.00000000,0.000000
D,CO2EII,PUBLISHING,1,2025,11,"2025/03/11 00:00:00",VIC1,153264.67351176,123346.59341933,0.804800
D,CO2EII,PUBLISHING,1,2025,11,"2025/03/12 00:00:00",NEM,547438.68220192,347272.07821591,0.634400
D,CO2EII,PUBLISHING,1,2025,11,"2025/03/12 00:00:00",NSW1,171805.06497076,109765.44609929,0.638900
D,CO2EII,PUBLISHING,1,2025,11,"2025/03/12 00:00:00",QLD1,164426.65002585,109551.17770018,0.666300
D,CO2EII,PUBLISHING,1,2025,11,"2025/03/12 00:00:00",SA1,31434.38824195,4713.56613216,0.149900
D,CO2EII,PUBLISHING,1,2025,11,"2025/03/12 00:00:00",TAS1,18735.97579832,187.44420880,0.010000
D,CO2EII,PUBLISHING,1,2025,11,"2025/03/12 00:00:00",VIC1,161036.60316504,123054.44407548,0.764100
D,CO2EII,PUBLISHING,1,2025,11,"2025/03/13 00:00:00",NEM,527706.56198860,347398.08894801,0.658300
D,CO2EII,PUBLISHING,1,2025,11,"2025/03/13 00:00:00",NSW1,171669.61900209,110860.52361081,0.645800
D,CO2EII,PUBLISHING,1,2025,11,"2025/03/13 00:00:00",QLD1,170373.48756603,111782.52735908,0.656100
D,CO2EII,PUBLISHING,1,2025,11,"2025/03/13 00:00:00",SA1,27855.94385229,5605.76815020,0.201200
D,CO2EII,PUBLISHING,1,2025,11,"2025/03/13 00:00:00",TAS1,23391.12345926,171.43364197,0.007300
D,CO2EII,PUBLISHING,1,2025,11,"2025/03/13 00:00:00",VIC1,134416.38810893,118977.83618595,0.885100
D,CO2EII,PUBLISHING,1,2025,11,"2025/03/14 00:00:00",NEM,545140.13017950,351884.12500097,0.645500
D,CO2EII,PUBLISHING,1,2025,11,"2025/03/14 00:00:00",NSW1,192170.06913972,117266.92234377,0.610200
D,CO2EII,PUBLISHING,1,2025,11,"2025/03/14 00:00:00",QLD1,175464.01460446,112313.69195432,0.640100
D,CO2EII,PUBLISHING,1,2025,11,"2025/03/14 00:00:00",SA1,30295.78032117,6427.97767404,0.212200
D,CO2EII,PUBLISHING,1,2025,11,"2025/03/14 00:00:00",TAS1,24473.59315546,176.97531850,0.007200
D,CO2EII,PUBLISHING,1,2025,11,"2025/03/14 00:00:00",VIC1,122736.67295869,115698.55771034,0.942700
D,CO2EII,PUBLISHING,1,2025,11,"2025/03/15 00:00:00",NEM,555131.05071791,341861.07363652,0.615800
D,CO2EII,PUBLISHING,1,2025,11,"2025/03/15 00:00:00",NSW1,182203.13275118,112583.29370382,0.617900
D,CO2EII,PUBLISHING,1,2025,11,"2025/03/15 00:00:00",QLD1,167630.90856655,109334.46816316,0.652200
D,CO2EII,PUBLISHING,1,2025,11,"2025/03/15 00:00:00",SA1,41068.75197902,6151.36190298,0.149800
D,CO2EII,PUBLISHING,1,2025,11,"2025/03/15 00:00:00",TAS1,22382.37066883,116.45031966,0.005200
D,CO2EII,PUBLISHING,1,2025,11,"2025/03/15 00:00:00",VIC1,141845.88675233,113675.49954690,0.801400
D,CO2EII,PUBLISHING,1,2025,12,"2025/03/16 00:00:00",NEM,545808.03986216,297227.63012374,0.544600
D,CO2EII,PUBLISHING,1,2025,12,"2025/03/16 00:00:00",NSW1,199991.25280195,110693.62182896,0.553500
D,CO2EII,PUBLISHING,1,2025,12,"2025/03/16 00:00:00",QLD1,158725.45279175,105263.59035669,0.663200
D,CO2EII,PUBLISHING,1,2025,12,"2025/03/16 00:00:00",SA1,29117.60319742,1453.16483020,0.049900
D,CO2EII,PUBLISHING,1,2025,12,"2025/03/16 00:00:00",TAS1,17116.64449275,0.00000000,0.000000
D,CO2EII,PUBLISHING,1,2025,12,"2025/03/16 00:00:00",VIC1,140857.08657829,79817.25310789,0.566700
D,CO2EII,PUBLISHING,1,2025,12,"2025/03/17 00:00:00",NEM,492168.74958386,289946.68286749,0.589100
D,CO2EII,PUBLISHING,1,2025,12,"2025/03/17 00:00:00",NSW1,167395.65323276,90792.34861977,0.542400
D,CO2EII,PUBLISHING,1,2025,12,"2025/03/17 00:00:00",QLD1,163432.15371671,108023.98115736,0.661000
D,CO2EII,PUBLISHING,1,2025,12,"2025/03/17 00:00:00",SA1,27267.77466470,1256.69270264,0.046100
D,CO2EII,PUBLISHING,1,2025,12,"2025/03/17 00:00:00",TAS1,16503.25680581,0.00000000,0.000000
D,CO2EII,PUBLISHING,1,2025,12,"2025/03/17 00:00:00",VIC1,117569.91116388,89873.66038772,0.764400
D,CO2EII,PUBLISHING,1,2025,12,"2025/03/18 00:00:00",NEM,481976.55472955,317098.02167890,0.657900
D,CO2EII,PUBLISHING,1,2025,12,"2025/03/18 00:00:00",NSW1,163315.14644611,101934.20552711,0.624200
D,CO2EII,PUBLISHING,1,2025,12,"2025/03/18 00:00:00",QLD1,161981.89423302,111284.13550708,0.687000
D,CO2EII,PUBLISHING,1,2025,12,"2025/03/18 00:00:00",SA1,24205.96148862,3393.10144027,0.140200
D,CO2EII,PUBLISHING,1,2025,12,"2025/03/18 00:00:00",TAS1,20520.28730539,0.00000000,0.000000
D,CO2EII,PUBLISHING,1,2025,12,"2025/03/18 00:00:00",VIC1,111953.26525641,100486.57920444,0.897600
D,CO2EII,PUBLISHING,1,2025,12,"2025/03/19 00:00:00",NEM,502541.13963801,334147.37648770,0.664900
D,CO2EII,PUBLISHING,1,2025,12,"2025/03/19 00:00:00",NSW1,162499.11819891,112096.38446325,0.689800
D,CO2EII,PUBLISHING,1,2025,12,"2025/03/19 00:00:00",QLD1,163447.59311030,114454.52390791,0.700300
D,CO2EII,PUBLISHING,1,2025,12,"2025/03/19 00:00:00",SA1,27596.71287169,4587.78370369,0.166200
D,CO2EII,PUBLISHING,1,2025,12,"2025/03/19 00:00:00",TAS1,22751.09245053,169.93694831,0.007500
D,CO2EII,PUBLISHING,1,2025,12,"2025/03/19 00:00:00",VIC1,126246.62300658,102838.74746454,0.814600
D,CO2EII,PUBLISHING,1,2025,12,"2025/03/20 00:00:00",NEM,548199.11260781,331938.42537127,0.605500
D,CO2EII,PUBLISHING,1,2025,12,"2025/03/20 00:00:00",NSW1,172007.50669751,112967.58931229,0.656800
D,CO2EII,PUBLISHING,1,2025,12,"2025/03/20 00:00:00",QLD1,168628.38572732,115327.37869677,0.683900
D,CO2EII,PUBLISHING,1,2025,12,"2025/03/20 00:00:00",SA1,29904.70744503,3843.49736761,0.128500
D,CO2EII,PUBLISHING,1,2025,12,"2025/03/20 00:00:00",TAS1,21215.75381887,169.73707819,0.008000
D,CO2EII,PUBLISHING,1,2025,12,"2025/03/20 00:00:00",VIC1,156442.75891908,99630.22291641,0.636800
D,CO2EII,PUBLISHING,1,2025,12,"2025/03/21 00:00:00",NEM,518326.35583836,347033.79609311,0.669500
D,CO2EII,PUBLISHING,1,2025,12,"2025/03/21 00:00:00",NSW1,176194.75794186,120859.37638941,0.685900
D,CO2EII,PUBLISHING,1,2025,12,"2025/03/21 00:00:00",QLD1,172300.47934937,117274.02868863,0.680600
D,CO2EII,PUBLISHING,1,2025,12,"2025/03/21 00:00:00",SA1,27009.45310508,6263.49212954,0.231900
D,CO2EII,PUBLISHING,1,2025,12,"2025/03/21 00:00:00",TAS1,24476.68196374,251.89975494,0.010300
D,CO2EII,PUBLISHING,1,2025,12,"2025/03/21 00:00:00",VIC1,118344.98347831,102384.99913059,0.865100
D,CO2EII,PUBLISHING,1,2025,12,"2025/03/22 00:00:00",NEM,468787.77238456,309217.87036981,0.659600
D,CO2EII,PUBLISHING,1,2025,12,"2025/03/22 00:00:00",NSW1,158282.96775055,102000.24753243,0.644400
D,CO2EII,PUBLISHING,1,2025,12,"2025/03/22 00:00:00",QLD1,167138.35793241,115683.54390355,0.692100
D,CO2EII,PUBLISHING,1,2025,12,"2025/03/22 00:00:00",SA1,18467.02868971,3310.00007327,0.179200
D,CO2EII,PUBLISHING,1,2025,12,"2025/03/22 00:00:00",TAS1,20661.40995034,0.00000000,0.000000
D,CO2EII,PUBLISHING,1,2025,12,"2025/03/22 00:00:00",VIC1,104238.00806155,88224.07886056,0.846400
D,CO2EII,PUBLISHING,1,2025,13,"2025/03/23 00:00:00",NEM,474120.93812785,312850.66618119,0.659900
D,CO2EII,PUBLISHING,1,2025,13,"2025/03/23 00:00:00",NSW1,172822.18284661,109531.61641250,0.633800
D,CO2EII,PUBLISHING,1,2025,13,"2025/03/23 00:00:00",QLD1,158061.17587530,114971.16270147,0.727400
D,CO2EII,PUBLISHING,1,2025,13,"2025/03/23 00:00:00",SA1,18405.73876366,1652.28818217,0.089800
D,CO2EII,PUBLISHING,1,2025,13,"2025/03/23 00:00:00",TAS1,16796.87133985,0.00000000,0.000000
D,CO2EII,PUBLISHING,1,2025,13,"2025/03/23 00:00:00",VIC1,108034.96930243,86695.59888505,0.802500
D,CO2EII,PUBLISHING,1,2025,13,"2025/03/24 00:00:00",NEM,514182.09869870,329413.66802412,0.640700
D,CO2EII,PUBLISHING,1,2025,13,"2025/03/24 00:00:00",NSW1,173934.20958996,114466.12510936,0.658100
D,CO2EII,PUBLISHING,1,2025,13,"2025/03/24 00:00:00",QLD1,166939.42442934,122277.40552382,0.732500
D,CO2EII,PUBLISHING,1,2025,13,"2025/03/24 00:00:00",SA1,29908.88042847,1606.64092734,0.053700
D,CO2EII,PUBLISHING,1,2025,13,"2025/03/24 00:00:00",TAS1,17328.42054054,0.00000000,0.000000
D,CO2EII,PUBLISHING,1,2025,13,"2025/03/24 00:00:00",VIC1,126071.16371039,91063.49646360,0.722300
D,CO2EII,PUBLISHING,1,2025,13,"2025/03/25 00:00:00",NEM,516569.55495868,323142.51797285,0.625600
D,CO2EII,PUBLISHING,1,2025,13,"2025/03/25 00:00:00",NSW1,180144.63073585,113355.55394083,0.629200
D,CO2EII,PUBLISHING,1,2025,13,"2025/03/25 00:00:00",QLD1,162610.55829305,116939.86712186,0.719100
D,CO2EII,PUBLISHING,1,2025,13,"2025/03/25 00:00:00",SA1,32622.89680676,1568.48168655,0.048100
D,CO2EII,PUBLISHING,1,2025,13,"2025/03/25 00:00:00",TAS1,15934.59260999,195.60883044,0.012300
D,CO2EII,PUBLISHING,1,2025,13,"2025/03/25 00:00:00",VIC1,125256.87651303,91083.00639317,0.727200
D,CO2EII,PUBLISHING,1,2025,13,"2025/03/26 00:00:00",NEM,515203.22939501,325846.58174123,0.632500
D,CO2EII,PUBLISHING,1,2025,13,"2025/03/26 00:00:00",NSW1,171105.09527742,113026.18284584,0.660600
D,CO2EII,PUBLISHING,1,2025,13,"2025/03/26 00:00:00",QLD1,164634.60370490,118243.26075581,0.718200
D,CO2EII,PUBLISHING,1,2025,13,"2025/03/26 00:00:00",SA1,35469.78145679,1470.03026371,0.041400
D,CO2EII,PUBLISHING,1,2025,13,"2025/03/26 00:00:00",TAS1,16760.62909121,129.01434155,0.007700
D,CO2EII,PUBLISHING,1,2025,13,"2025/03/26 00:00:00",VIC1,127233.11986469,92978.09353432,0.730800
D,CO2EII,PUBLISHING,1,2025,13,"2025/03/27 00:00:00",NEM,506782.49733829,309910.31226393,0.611500
D,CO2EII,PUBLISHING,1,2025,13,"2025/03/27 00:00:00",NSW1,171939.82859904,113288.83940551,0.658900
D,CO2EII,PUBLISHING,1,2025,13,"2025/03/27 00:00:00",QLD1,158248.83682551,112681.99217019,0.712100
D,CO2EII,PUBLISHING,1,2025,13,"2025/03/27 00:00:00",SA1,38434.24920010,2208.47111222,0.057500
D,CO2EII,PUBLISHING,1,2025,13,"2025/03/27 00:00:00",TAS1,18344.84864914,540.95541157,0.029500
D,CO2EII,PUBLISHING,1,2025,13,"2025/03/27 00:00:00",VIC1,119814.73406450,81190.05416444,0.677600
D,CO2EII,PUBLISHING,1,2025,13,"2025/03/28 00:00:00",NEM,523181.05928228,332995.42945243,0.636500
D,CO2EII,PUBLISHING,1,2025,13,"2025/03/28 00:00:00",NSW1,182969.68989199,122384.33523040,0.668900
D,CO2EII,PUBLISHING,1,2025,13,"2025/03/28 00:00:00",QLD1,159696.51060150,115222.01779981,0.721500
D,CO2EII,PUBLISHING,1,2025,13,"2025/03/28 00:00:00",SA1,39580.65016757,5249.13678821,0.132600
D,CO2EII,PUBLISHING,1,2025,13,"2025/03/28 00:00:00",TAS1,27233.42425521,389.16208172,0.014300
D,CO2EII,PUBLISHING,1,2025,13,"2025/03/28 00:00:00",VIC1,113700.78436601,89750.77755229,0.789400
D,CO2EII,PUBLISHING,1,2025,13,"2025/03/29 00:00:00",NEM,495307.45134404,306364.38776970,0.618500
D,CO2EII,PUBLISHING,1,2025,13,"2025/03/29 00:00:00",NSW1,168590.97807921,110860.25291667,0.657600
D,CO2EII,PUBLISHING,1,2025,13,"2025/03/29 00:00:00",QLD1,154188.87326263,112234.06705138,0.727900
D,CO2EII,PUBLISHING,1,2025,13,"2025/03/29 00:00:00",SA1,33019.77648819,2561.91868139,0.077600
D,CO2EII,PUBLISHING,1,2025,13,"2025/03/29 00:00:00",TAS1,19889.17336715,0.00000000,0.000000
D,CO2EII,PUBLISHING,1,2025,13,"2025/03/29 00:00:00",VIC1,119618.65014686,80708.14912026,0.674700
D,CO2EII,PUBLISHING,1,2025,14,"2025/03/30 00:00:00",NEM,472669.24130262,254581.24723410,0.538600
D,CO2EII,PUBLISHING,1,2025,14,"2025/03/30 00:00:00",NSW1,146340.36964939,87934.29487315,0.600900
D,CO2EII,PUBLISHING,1,2025,14,"2025/03/30 00:00:00",QLD1,153571.33032717,104821.94117250,0.682600
D,CO2EII,PUBLISHING,1,2025,14,"2025/03/30 00:00:00",SA1,31328.27606694,906.05673299,0.028900
D,CO2EII,PUBLISHING,1,2025,14,"2025/03/30 00:00:00",TAS1,16156.46169305,621.18166279,0.038400
D,CO2EII,PUBLISHING,1,2025,14,"2025/03/30 00:00:00",VIC1,125272.80356607,60297.77279267,0.481300
D,CO2EII,PUBLISHING,1,2025,14,"2025/03/31 00:00:00",NEM,503784.86265040,274101.27290891,0.544100
D,CO2EII,PUBLISHING,1,2025,14,"2025/03/31 00:00:00",NSW1,165701.24378071,98172.92249162,0.592500
D,CO2EII,PUBLISHING,1,2025,14,"2025/03/31 00:00:00",QLD1,155167.37510890,111248.64026169,0.717000
D,CO2EII,PUBLISHING,1,2025,14,"2025/03/31 00:00:00",SA1,30285.37232123,919.36541259,0.030400
D,CO2EII,PUBLISHING,1,2025,14,"2025/03/31 00:00:00",TAS1,17234.27167872,52.32109097,0.003000
D,CO2EII,PUBLISHING,1,2025,14,"2025/03/31 00:00:00",VIC1,135396.59976084,63708.02365204,0.470500
D,CO2EII,PUBLISHING,1,2025,14,"2025/04/01 00:00:00",NEM,490262.12576573,285697.87866971,0.582700
D,CO2EII,PUBLISHING,1,2025,14,"2025/04/01 00:00:00",NSW1,162431.29812203,100841.29495346,0.620800
D,CO2EII,PUBLISHING,1,2025,14,"2025/04/01 00:00:00",QLD1,153904.40160554,110286.75196868,0.716600
D,CO2EII,PUBLISHING,1,2025,14,"2025/04/01 00:00:00",SA1,24584.59423390,1917.78462228,0.078000
D,CO2EII,PUBLISHING,1,2025,14,"2025/04/01 00:00:00",TAS1,18958.24741430,0.00000000,0.000000
D,CO2EII,PUBLISHING,1,2025,14,"2025/04/01 00:00:00",VIC1,130383.58438996,72652.04712529,0.557200
D,CO2EII,PUBLISHING,1,2025,14,"2025/04/02 00:00:00",NEM,487749.53179073,323656.33652903,0.663600
D,CO2EII,PUBLISHING,1,2025,14,"2025/04/02 00:00:00",NSW1,154420.30038465,102321.33247901,0.662600
D,CO2EII,PUBLISHING,1,2025,14,"2025/04/02 00:00:00",QLD1,164973.23238819,120419.07621486,0.729900
D,CO2EII,PUBLISHING,1,2025,14,"2025/04/02 00:00:00",SA1,27586.86128177,3780.86784338,0.137100
D,CO2EII,PUBLISHING,1,2025,14,"2025/04/02 00:00:00",TAS1,24442.56015499,508.04873406,0.020800
D,CO2EII,PUBLISHING,1,2025,14,"2025/04/02 00:00:00",VIC1,116326.57758113,96627.01125772,0.830700
D,CO2EII,PUBLISHING,1,2025,14,"2025/04/03 00:00:00",NEM,491438.37930903,324874.00904888,0.661100
D,CO2EII,PUBLISHING,1,2025,14,"2025/04/03 00:00:00",NSW1,159086.11914231,106367.02735429,0.668600
D,CO2EII,PUBLISHING,1,2025,14,"2025/04/03 00:00:00",QLD1,154973.28732873,116964.77570837,0.754700
D,CO2EII,PUBLISHING,1,2025,14,"2025/04/03 00:00:00",SA1,23506.04342620,2218.29916871,0.094400
D,CO2EII,PUBLISHING,1,2025,14,"2025/04/03 00:00:00",TAS1,20497.42767273,178.83213873,0.008700
D,CO2EII,PUBLISHING,1,2025,14,"2025/04/03 00:00:00",VIC1,133375.50173906,99145.07467878,0.743400
D,CO2EII,PUBLISHING,1,2025,14,"2025/04/04 00:00:00",NEM,489844.84550147,315336.18907060,0.643700
D,CO2EII,PUBLISHING,1,2025,14,"2025/04/04 00:00:00",NSW1,155379.74620041,95584.16113740,0.615200
D,CO2EII,PUBLISHING,1,2025,14,"2025/04/04 00:00:00",QLD1,160507.66628928,113121.40878241,0.704800
D,CO2EII,PUBLISHING,1,2025,14,"2025/04/04 00:00:00",SA1,21816.45457991,2395.33600327,0.109800
D,CO2EII,PUBLISHING,1,2025,14,"2025/04/04 00:00:00",TAS1,20515.68460377,154.28170777,0.007500
D,CO2EII,PUBLISHING,1,2025,14,"2025/04/04 00:00:00",VIC1,131625.29382810,104081.00143975,0.790700
D,CO2EII,PUBLISHING,1,2025,14,"2025/04/05 00:00:00",NEM,434393.25509431,250820.44996425,0.577400
D,CO2EII,PUBLISHING,1,2025,14,"2025/04/05 00:00:00",NSW1,134053.61950121,71368.13540852,0.532400
D,CO2EII,PUBLISHING,1,2025,14,"2025/04/05 00:00:00",QLD1,155660.53268990,105611.36602618,0.678500
D,CO2EII,PUBLISHING,1,2025,14,"2025/04/05 00:00:00",SA1,17870.12907841,3737.14447213,0.209100
D,CO2EII,PUBLISHING,1,2025,14,"2025/04/05 00:00:00",TAS1,23775.79483800,0.00000000,0.000000
D,CO2EII,PUBLISHING,1,2025,14,"2025/04/05 00:00:00",VIC1,103033.17898679,70103.80405742,0.680400
D,CO2EII,PUBLISHING,1,2025,15,"2025/04/06 00:00:00",NEM,447433.39933088,256383.43436886,0.573000
D,CO2EII,PUBLISHING,1,2025,15,"2025/04/06 00:00:00",NSW1,138450.21614390,77372.30415843,0.558800
D,CO2EII,PUBLISHING,1,2025,15,"2025/04/06 00:00:00",QLD1,147604.42874981,100596.33608050,0.681500
D,CO2EII,PUBLISHING,1,2025,15,"2025/04/06 00:00:00",SA1,19708.59453878,2547.52962477,0.129300
D,CO2EII,PUBLISHING,1,2025,15,"2025/04/06 00:00:00",TAS1,20511.00014014,0.00000000,0.000000
D,CO2EII,PUBLISHING,1,2025,15,"2025/04/06 00:00:00",VIC1,121159.15975825,75867.26450516,0.626200
D,CO2EII,PUBLISHING,1,2025,15,"2025/04/07 00:00:00",NEM,478596.26213437,283668.17099572,0.592700
D,CO2EII,PUBLISHING,1,2025,15,"2025/04/07 00:00:00",NSW1,148542.30991738,81891.96594895,0.551300
D,CO2EII,PUBLISHING,1,2025,15,"2025/04/07 00:00:00",QLD1,156992.24290645,103099.55818210,0.656700
D,CO2EII,PUBLISHING,1,2025,15,"2025/04/07 00:00:00",SA1,24482.74428864,5990.60244300,0.244700
D,CO2EII,PUBLISHING,1,2025,15,"2025/04/07 00:00:00",TAS1,26926.78618545,195.11072083,0.007200
D,CO2EII,PUBLISHING,1,2025,15,"2025/04/07 00:00:00",VIC1,121652.17883645,92490.93370084,0.760300
D,CO2EII,PUBLISHING,1,2025,15,"2025/04/08 00:00:00",NEM,486536.34917593,313481.35189533,0.644300
D,CO2EII,PUBLISHING,1,2025,15,"2025/04/08 00:00:00",NSW1,155315.17544946,95600.62375402,0.615500
D,CO2EII,PUBLISHING,1,2025,15,"2025/04/08 00:00:00",QLD1,161671.63835188,102361.82059289,0.633100
D,CO2EII,PUBLISHING,1,2025,15,"2025/04/08 00:00:00",SA1,27083.08397120,7650.59239107,0.282500
D,CO2EII,PUBLISHING,1,2025,15,"2025/04/08 00:00:00",TAS1,26511.09167064,0.00000000,0.000000
D,CO2EII,PUBLISHING,1,2025,15,"2025/04/08 00:00:00",VIC1,115955.35973275,107868.31515735,0.930300
D,CO2EII,PUBLISHING,1,2025,15,"2025/04/09 00:00:00",NEM,481175.48954722,311490.43637436,0.647400
D,CO2EII,PUBLISHING,1,2025,15,"2025/04/09 00:00:00",NSW1,151170.05438770,91430.66513173,0.604800
D,CO2EII,PUBLISHING,1,2025,15,"2025/04/09 00:00:00",QLD1,164662.51047831,102761.77242601,0.624100
D,CO2EII,PUBLISHING,1,2025,15,"2025/04/09 00:00:00",SA1,28539.25477212,8649.99741340,0.303100
D,CO2EII,PUBLISHING,1,2025,15,"2025/04/09 00:00:00",TAS1,25054.67019741,192.64211060,0.007700
D,CO2EII,PUBLISHING,1,2025,15,"2025/04/09 00:00:00",VIC1,111748.99971168,108455.35929262,0.970500
D,CO2EII,PUBLISHING,1,2025,15,"2025/04/10 00:00:00",NEM,486646.75364917,297052.64002526,0.610400
D,CO2EII,PUBLISHING,1,2025,15,"2025/04/10 00:00:00",NSW1,149953.50047882,93684.65110861,0.624800
D,CO2EII,PUBLISHING,1,2025,15,"2025/04/10 00:00:00",QLD1,159927.91013418,99341.46747861,0.621200
D,CO2EII,PUBLISHING,1,2025,15,"2025/04/10 00:00:00",SA1,27470.03778099,4183.21689354,0.152300
D,CO2EII,PUBLISHING,1,2025,15,"2025/04/10 00:00:00",TAS1,20093.82100069,0.00000000,0.000000
D,CO2EII,PUBLISHING,1,2025,15,"2025/04/10 00:00:00",VIC1,129201.48425449,99843.30454450,0.772800
D,CO2EII,PUBLISHING,1,2025,15,"2025/04/11 00:00:00",NEM,483496.24628281,306568.67619703,0.634100
D,CO2EII,PUBLISHING,1,2025,15,"2025/04/11 00:00:00",NSW1,154827.44030216,93280.92782847,0.602500
D,CO2EII,PUBLISHING,1,2025,15,"2025/04/11 00:00:00",QLD1,162566.48988926,102012.19720085,0.627500
D,CO2EII,PUBLISHING,1,2025,15,"2025/04/11 00:00:00",SA1,23676.20435202,4400.92546044,0.185900
D,CO2EII,PUBLISHING,1,2025,15,"2025/04/11 00:00:00",TAS1,19158.41770936,0.00000000,0.000000
D,CO2EII,PUBLISHING,1,2025,15,"2025/04/11 00:00:00",VIC1,123267.69403001,106874.62570727,0.867000
D,CO2EII,PUBLISHING,1,2025,15,"2025/04/12 00:00:00",NEM,463932.62895769,273341.95264541,0.589200
D,CO2EII,PUBLISHING,1,2025,15,"2025/04/12 00:00:00",NSW1,144486.68524648,80161.32000115,0.554800
D,CO2EII,PUBLISHING,1,2025,15,"2025/04/12 00:00:00",QLD1,158385.19892601,97265.60798973,0.614100
D,CO2EII,PUBLISHING,1,2025,15,"2025/04/12 00:00:00",SA1,27341.63223062,3904.91747270,0.142800
D,CO2EII,PUBLISHING,1,2025,15,"2025/04/12 00:00:00",TAS1,21298.15878597,155.23726258,0.007300
D,CO2EII,PUBLISHING,1,2025,15,"2025/04/12 00:00:00",VIC1,112420.95376861,91854.86991925,0.817100
D,CO2EII,PUBLISHING,1,2025,16,"2025/04/13 00:00:00",NEM,458090.03219339,263594.07938352,0.575400
D,CO2EII,PUBLISHING,1,2025,16,"2025/04/13 00:00:00",NSW1,129743.55330064,77871.79005573,0.600200
D,CO2EII,PUBLISHING,1,2025,16,"2025/04/13 00:00:00",QLD1,152640.04907892,95647.91027391,0.626600
D,CO2EII,PUBLISHING,1,2025,16,"2025/04/13 00:00:00",SA1,20983.93115326,4324.87823238,0.206100
D,CO2EII,PUBLISHING,1,2025,16,"2025/04/13 00:00:00",TAS1,20915.81310861,219.44421409,0.010500
D,CO2EII,PUBLISHING,1,2025,16,"2025/04/13 00:00:00",VIC1,133806.68555196,85530.05660741,0.639200
D,CO2EII,PUBLISHING,1,2025,16,"2025/04/14 00:00:00",NEM,495143.63862482,308084.43269840,0.622200
D,CO2EII,PUBLISHING,1,2025,16,"2025/04/14 00:00:00",NSW1,152847.50336880,88462.26474230,0.578800
D,CO2EII,PUBLISHING,1,2025,16,"2025/04/14 00:00:00",QLD1,161389.81706511,100052.85914249,0.619900
D,CO2EII,PUBLISHING,1,2025,16,"2025/04/14 00:00:00",SA1,22964.87109501,4359.35193298,0.189800
D,CO2EII,PUBLISHING,1,2025,16,"2025/04/14 00:00:00",TAS1,19177.04608938,519.53365924,0.027100
D,CO2EII,PUBLISHING,1,2025,16,"2025/04/14 00:00:00",VIC1,138764.40100652,114690.42322139,0.826500
D,CO2EII,PUBLISHING,1,2025,16,"2025/04/15 00:00:00",NEM,493451.63585181,306549.74883923,0.621200
D,CO2EII,PUBLISHING,1,2025,16,"2025/04/15 00:00:00",NSW1,151463.12042614,80825.39350936,0.533600
D,CO2EII,PUBLISHING,1,2025,16,"2025/04/15 00:00:00",QLD1,158310.71732391,99276.90186547,0.627100
D,CO2EII,PUBLISHING,1,2025,16,"2025/04/15 00:00:00",SA1,26637.64654168,5659.05018649,0.212400
D,CO2EII,PUBLISHING,1,2025,16,"2025/04/15 00:00:00",TAS1,24570.48670854,248.72939494,0.010100
D,CO2EII,PUBLISHING,1,2025,16,"2025/04/15 00:00:00",VIC1,132469.66485154,120539.67388297,0.909900
D,CO2EII,PUBLISHING,1,2025,16,"2025/04/16 00:00:00",NEM,488455.22177200,305369.69201037,0.625200
D,CO2EII,PUBLISHING,1,2025,16,"2025/04/16 00:00:00",NSW1,143554.01950625,79804.37724345,0.555900
D,CO2EII,PUBLISHING,1,2025,16,"2025/04/16 00:00:00",QLD1,156051.50668242,101972.52076588,0.653500
D,CO2EII,PUBLISHING,1,2025,16,"2025/04/16 00:00:00",SA1,24648.58270651,6986.30553600,0.283400
D,CO2EII,PUBLISHING,1,2025,16,"2025/04/16 00:00:00",TAS1,23840.37960716,517.99333610,0.021700
D,CO2EII,PUBLISHING,1,2025,16,"2025/04/16 00:00:00",VIC1,140360.73326966,116088.49512894,0.827100
D,CO2EII,PUBLISHING,1,2025,16,"2025/04/17 00:00:00",NEM,483051.19426134,303955.99550391,0.629200
D,CO2EII,PUBLISHING,1,2025,16,"2025/04/17 00:00:00",NSW1,142321.33979076,81320.50927330,0.571400
D,CO2EII,PUBLISHING,1,2025,16,"2025/04/17 00:00:00",QLD1,156454.18475007,103133.51910231,0.659200
D,CO2EII,PUBLISHING,1,2025,16,"2025/04/17 00:00:00",SA1,24833.36476711,8300.41604612,0.334200
D,CO2EII,PUBLISHING,1,2025,16,"2025/04/17 00:00:00",TAS1,28656.83034072,265.77861268,0.009300
D,CO2EII,PUBLISHING,1,2025,16,"2025/04/17 00:00:00",VIC1,130785.47461268,110935.77246950,0.848200
D,CO2EII,PUBLISHING,1,2025,16,"2025/04/18 00:00:00",NEM,431611.19605230,273496.20167698,0.633700
D,CO2EII,PUBLISHING,1,2025,16,"2025/04/18 00:00:00",NSW1,120147.36183228,75504.87070188,0.628400
D,CO2EII,PUBLISHING,1,2025,16,"2025/04/18 00:00:00",QLD1,140679.96208219,95760.44209256,0.680700
D,CO2EII,PUBLISHING,1,2025,16,"2025/04/18 00:00:00",SA1,21940.78358884,5327.90327087,0.242800
D,CO2EII,PUBLISHING,1,2025,16,"2025/04/18 00:00:00",TAS1,22982.06275755,232.72360364,0.010100
D,CO2EII,PUBLISHING,1,2025,16,"2025/04/18 00:00:00",VIC1,125861.02579144,96670.26200803,0.768100
D,CO2EII,PUBLISHING,1,2025,16,"2025/04/19 00:00:00",NEM,447148.74769422,265766.10938033,0.594400
D,CO2EII,PUBLISHING,1,2025,16,"2025/04/19 00:00:00",NSW1,123407.36063924,78978.94196300,0.640000
D,CO2EII,PUBLISHING,1,2025,16,"2025/04/19 00:00:00",QLD1,140587.62764180,95136.66622164,0.676700
D,CO2EII,PUBLISHING,1,2025,16,"2025/04/19 00:00:00",SA1,41167.70891459,2019.62377976,0.049100
D,CO2EII,PUBLISHING,1,2025,16,"2025/04/19 00:00:00",TAS1,15667.85467286,124.88583755,0.008000
D,CO2EII,PUBLISHING,1,2025,16,"2025/04/19 00:00:00",VIC1,126318.19582573,89505.99157838,0.708600
D,CO2EII,PUBLISHING,1,2025,17,"2025/04/20 00:00:00",NEM,442330.14990746,244873.26352220,0.553600
D,CO2EII,PUBLISHING,1,2025,17,"2025/04/20 00:00:00",NSW1,130116.73763081,79548.28285580,0.611400
D,CO2EII,PUBLISHING,1,2025,17,"2025/04/20 00:00:00",QLD1,132638.87751616,91542.94612469,0.690200
D,CO2EII,PUBLISHING,1,2025,17,"2025/04/20 00:00:00",SA1,39379.25446381,1345.04093388,0.034200
D,CO2EII,PUBLISHING,1,2025,17,"2025/04/20 00:00:00",TAS1,15129.03474890,177.81353280,0.011800
D,CO2EII,PUBLISHING,1,2025,17,"2025/04/20 00:00:00",VIC1,125066.24554778,72259.18007503,0.577800
D,CO2EII,PUBLISHING,1,2025,17,"2025/04/21 00:00:00",NEM,454980.36103677,273055.00435390,0.600100
D,CO2EII,PUBLISHING,1,2025,17,"2025/04/21 00:00:00",NSW1,132541.47790583,85170.71920451,0.642600
D,CO2EII,PUBLISHING,1,2025,17,"2025/04/21 00:00:00",QLD1,138452.21620910,94589.88509928,0.683200
D,CO2EII,PUBLISHING,1,2025,17,"2025/04/21 00:00:00",SA1,37309.25237280,928.39223266,0.024900
D,CO2EII,PUBLISHING,1,2025,17,"2025/04/21 00:00:00",TAS1,15275.63092251,377.56605018,0.024700
D,CO2EII,PUBLISHING,1,2025,17,"2025/04/21 00:00:00",VIC1,131401.78362653,91988.44176727,0.700100
D,CO2EII,PUBLISHING,1,2025,17,"2025/04/22 00:00:00",NEM,486407.28163202,284349.05091506,0.584600
D,CO2EII,PUBLISHING,1,2025,17,"2025/04/22 00:00:00",NSW1,159870.70750514,90553.93749709,0.566400
D,CO2EII,PUBLISHING,1,2025,17,"2025/04/22 00:00:00",QLD1,143973.41048990,94494.88041261,0.656300
D,CO2EII,PUBLISHING,1,2025,17,"2025/04/22 00:00:00",SA1,20689.47954391,1089.97662318,0.052700
D,CO2EII,PUBLISHING,1,2025,17,"2025/04/22 00:00:00",TAS1,17243.88816893,34.27827876,0.002000
D,CO2EII,PUBLISHING,1,2025,17,"2025/04/22 00:00:00",VIC1,144629.79592414,98175.97810342,0.678800
D,CO2EII,PUBLISHING,1,2025,17,"2025/04/23 00:00:00",NEM,479460.04218372,275680.52113191,0.575000
D,CO2EII,PUBLISHING,1,2025,17,"2025/04/23 00:00:00",NSW1,160546.33823948,87183.45739878,0.543000
D,CO2EII,PUBLISHING,1,2025,17,"2025/04/23 00:00:00",QLD1,145008.91214728,93239.20866797,0.643000
D,CO2EII,PUBLISHING,1,2025,17,"2025/04/23 00:00:00",SA1,22863.03514468,2881.23602281,0.126000
D,CO2EII,PUBLISHING,1,2025,17,"2025/04/23 00:00:00",TAS1,18864.50283218,197.66005360,0.010500
D,CO2EII,PUBLISHING,1,2025,17,"2025/04/23 00:00:00",VIC1,132177.25382010,92178.95898875,0.697400
D,CO2EII,PUBLISHING,1,2025,17,"2025/04/24 00:00:00",NEM,485572.83154078,297347.53608067,0.612400
D,CO2EII,PUBLISHING,1,2025,17,"2025/04/24 00:00:00",NSW1,163594.72607156,95128.97554724,0.581500
D,CO2EII,PUBLISHING,1,2025,17,"2025/04/24 00:00:00",QLD1,148968.25217487,97564.44996174,0.654900
D,CO2EII,PUBLISHING,1,2025,17,"2025/04/24 00:00:00",SA1,17449.59448376,4442.80279117,0.254600
D,CO2EII,PUBLISHING,1,2025,17,"2025/04/24 00:00:00",TAS1,17686.48665204,209.96833421,0.011900
D,CO2EII,PUBLISHING,1,2025,17,"2025/04/24 00:00:00",VIC1,137873.77215855,100001.33944631,0.725300
D,CO2EII,PUBLISHING,1,2025,17,"2025/04/25 00:00:00",NEM,457662.96933722,312124.90021175,0.682000
D,CO2EII,PUBLISHING,1,2025,17,"2025/04/25 00:00:00",NSW1,149943.43424792,91481.81793236,0.610100
D,CO2EII,PUBLISHING,1,2025,17,"2025/04/25 00:00:00",QLD1,147086.47515088,97520.45667594,0.663000
D,CO2EII,PUBLISHING,1,2025,17,"2025/04/25 00:00:00",SA1,17378.61774443,5506.39571537,0.316800
D,CO2EII,PUBLISHING,1,2025,17,"2025/04/25 00:00:00",TAS1,17715.75142617,247.48079075,0.014000
D,CO2EII,PUBLISHING,1,2025,17,"2025/04/25 00:00:00",VIC1,125538.69076782,117368.74909733,0.934900
D,CO2EII,PUBLISHING,1,2025,17,"2025/04/26 00:00:00",NEM,458015.12129223,314793.04362111,0.687300
D,CO2EII,PUBLISHING,1,2025,17,"2025/04/26 00:00:00",NSW1,150284.48530640,101520.27652334,0.675500
D,CO2EII,PUBLISHING,1,2025,17,"2025/04/26 00:00:00",QLD1,146069.08706794,99927.50978362,0.684100
D,CO2EII,PUBLISHING,1,2025,17,"2025/04/26 00:00:00",SA1,26781.43788652,2848.80185171,0.106400
D,CO2EII,PUBLISHING,1,2025,17,"2025/04/26 00:00:00",TAS1,19234.42334178,303.14290841,0.015800
D,CO2EII,PUBLISHING,1,2025,17,"2025/04/26 00:00:00",VIC1,115645.68768959,110193.31255403,0.952900
D,CO2EII,PUBLISHING,1,2025,18,"2025/04/27 00:00:00",NEM,468922.50917468,313990.15782585,0.669600
D,CO2EII,PUBLISHING,1,2025,18,"2025/04/27 00:00:00",NSW1,152675.76114387,98602.10059340,0.645800
D,CO2EII,PUBLISHING,1,2025,18,"2025/04/27 00:00:00",QLD1,148060.25386329,96839.60542015,0.654100
D,CO2EII,PUBLISHING,1,2025,18,"2025/04/27 00:00:00",SA1,20151.87548116,3351.00697492,0.166300
D,CO2EII,PUBLISHING,1,2025,18,"2025/04/27 00:00:00",TAS1,17585.07485843,197.59858041,0.011200
D,CO2EII,PUBLISHING,1,2025,18,"2025/04/27 00:00:00",VIC1,130449.54382793,114999.84625697,0.881600
D,CO2EII,PUBLISHING,1,2025,18,"2025/04/28 00:00:00",NEM,492596.95124587,333551.69149229,0.677100
D,CO2EII,PUBLISHING,1,2025,18,"2025/04/28 00:00:00",NSW1,159378.98659238,103898.12598378,0.651900
D,CO2EII,PUBLISHING,1,2025,18,"2025/04/28 00:00:00",QLD1,157581.24651651,99939.83683537,0.634200
D,CO2EII,PUBLISHING,1,2025,18,"2025/04/28 00:00:00",SA1,19925.25587694,5851.38144187,0.293700
D,CO2EII,PUBLISHING,1,2025,18,"2025/04/28 00:00:00",TAS1,24057.66592244,233.08492778,0.009700
D,CO2EII,PUBLISHING,1,2025,18,"2025/04/28 00:00:00",VIC1,131653.79633760,123629.26230349,0.939000
D,CO2EII,PUBLISHING,1,2025,18,"2025/04/29 00:00:00",NEM,501831.38247548,319264.54518092,0.636200
D,CO2EII,PUBLISHING,1,2025,18,"2025/04/29 00:00:00",NSW1,163599.22643161,107602.29045160,0.657700
D,CO2EII,PUBLISHING,1,2025,18,"2025/04/29 00:00:00",QLD1,147919.95366850,97382.19281966,0.658300
D,CO2EII,PUBLISHING,1,2025,18,"2025/04/29 00:00:00",SA1,22322.95027328,6438.47943799,0.288400
D,CO2EII,PUBLISHING,1,2025,18,"2025/04/29 00:00:00",TAS1,20451.97143545,126.24146973,0.006200
D,CO2EII,PUBLISHING,1,2025,18,"2025/04/29 00:00:00",VIC1,147537.28066664,107715.34100194,0.730100
D,CO2EII,PUBLISHING,1,2025,18,"2025/04/30 00:00:00",NEM,507337.00113818,304659.63829882,0.600500
D,CO2EII,PUBLISHING,1,2025,18,"2025/04/30 00:00:00",NSW1,178558.67000757,109313.94783289,0.612200
D,CO2EII,PUBLISHING,1,2025,18,"2025/04/30 00:00:00",QLD1,150097.61211936,100914.24584123,0.672300
D,CO2EII,PUBLISHING,1,2025,18,"2025/04/30 00:00:00",SA1,28194.70421741,2553.79284878,0.090600
D,CO2EII,PUBLISHING,1,2025,18,"2025/04/30 00:00:00",TAS1,19353.71416898,0.00000000,0.000000
D,CO2EII,PUBLISHING,1,2025,18,"2025/04/30 00:00:00",VIC1,131132.30062486,91877.65177592,0.700600
D,CO2EII,PUBLISHING,1,2025,18,"2025/05/01 00:00:00",NEM,497294.48083713,305575.38392457,0.614500
D,CO2EII,PUBLISHING,1,2025,18,"2025/05/01 00:00:00",NSW1,175911.86366493,108661.12110692,0.617700
D,CO2EII,PUBLISHING,1,2025,18,"2025/05/01 00:00:00",QLD1,150295.05850250,96046.63413230,0.639100
D,CO2EII,PUBLISHING,1,2025,18,"2025/05/01 00:00:00",SA1,29862.52903456,4508.72371648,0.151000
D,CO2EII,PUBLISHING,1,2025,18,"2025/05/01 00:00:00",TAS1,23387.84103780,331.55338036,0.014200
D,CO2EII,PUBLISHING,1,2025,18,"2025/05/01 00:00:00",VIC1,117837.18859734,96027.35158851,0.814900
D,CO2EII,PUBLISHING,1,2025,18,"2025/05/02 00:00:00",NEM,498752.46008310,307485.78552153,0.616500
D,CO2EII,PUBLISHING,1,2025,18,"2025/05/02 00:00:00",NSW1,168054.10204324,105542.99529291,0.628000
D,CO2EII,PUBLISHING,1,2025,18,"2025/05/02 00:00:00",QLD1,155994.63351968,98041.66285779,0.628500
D,CO2EII,PUBLISHING,1,2025,18,"2025/05/02 00:00:00",SA1,32998.11616318,5102.88044368,0.154600
D,CO2EII,PUBLISHING,1,2025,18,"2025/05/02 00:00:00",TAS1,25185.27076875,298.57566380,0.011900
D,CO2EII,PUBLISHING,1,2025,18,"2025/05/02 00:00:00",VIC1,116520.33758825,98499.67126335,0.845300
D,CO2EII,PUBLISHING,1,2025,18,"2025/05/03 00:00:00",NEM,470854.23229281,261266.55849920,0.554900
D,CO2EII,PUBLISHING,1,2025,18,"2025/05/03 00:00:00",NSW1,144697.12760948,93037.07368431,0.643000
D,CO2EII,PUBLISHING,1,2025,18,"2025/05/03 00:00:00",QLD1,142689.90066498,90585.92480311,0.634800
D,CO2EII,PUBLISHING,1,2025,18,"2025/05/03 00:00:00",SA1,39293.33828968,983.43262125,0.025000
D,CO2EII,PUBLISHING,1,2025,18,"2025/05/03 00:00:00",TAS1,17254.15234566,300.11658276,0.017400
D,CO2EII,PUBLISHING,1,2025,18,"2025/05/03 00:00:00",VIC1,126919.71338301,76360.01080777,0.601600
D,CO2EII,PUBLISHING,1,2025,19,"2025/05/04 00:00:00",NEM,460668.00665340,234171.36363682,0.508300
D,CO2EII,PUBLISHING,1,2025,19,"2025/05/04 00:00:00",NSW1,135650.55996945,86835.94020212,0.640100
D,CO2EII,PUBLISHING,1,2025,19,"2025/05/04 00:00:00",QLD1,143384.12023604,87939.19178292,0.613300
D,CO2EII,PUBLISHING,1,2025,19,"2025/05/04 00:00:00",SA1,34303.07810074,934.74495996,0.027200
D,CO2EII,PUBLISHING,1,2025,19,"2025/05/04 00:00:00",TAS1,16679.26601416,338.31797833,0.020300
D,CO2EII,PUBLISHING,1,2025,19,"2025/05/04 00:00:00",VIC1,130650.98233301,58123.16871349,0.444900
D,CO2EII,PUBLISHING,1,2025,19,"2025/05/05 00:00:00",NEM,488359.14490787,252908.55199890,0.517900
D,CO2EII,PUBLISHING,1,2025,19,"2025/05/05 00:00:00",NSW1,149550.85461276,96684.83209060,0.646500
D,CO2EII,PUBLISHING,1,2025,19,"2025/05/05 00:00:00",QLD1,148304.00683391,90327.03437754,0.609100
D,CO2EII,PUBLISHING,1,2025,19,"2025/05/05 00:00:00",SA1,32292.00521368,974.63897039,0.030200
D,CO2EII,PUBLISHING,1,2025,19,"2025/05/05 00:00:00",TAS1,17114.17313760,105.69240366,0.006200
D,CO2EII,PUBLISHING,1,2025,19,"2025/05/05 00:00:00",VIC1,141098.10510992,64816.35415671,0.459400
D,CO2EII,PUBLISHING,1,2025,19,"2025/05/06 00:00:00",NEM,494979.11877569,262815.14549763,0.531000
D,CO2EII,PUBLISHING,1,2025,19,"2025/05/06 00:00:00",NSW1,161288.27227495,95864.21263548,0.594400
D,CO2EII,PUBLISHING,1,2025,19,"2025/05/06 00:00:00",QLD1,147285.22215149,92576.09498709,0.628500
D,CO2EII,PUBLISHING,1,2025,19,"2025/05/06 00:00:00",SA1,24568.11435513,1305.93508371,0.053200
D,CO2EII,PUBLISHING,1,2025,19,"2025/05/06 00:00:00",TAS1,17542.16706496,0.00000000,0.000000
D,CO2EII,PUBLISHING,1,2025,19,"2025/05/06 00:00:00",VIC1,144295.34292916,73068.90279135,0.506400
D,CO2EII,PUBLISHING,1,2025,19,"2025/05/07 00:00:00",NEM,500938.01250652,265657.47558129,0.530300
D,CO2EII,PUBLISHING,1,2025,19,"2025/05/07 00:00:00",NSW1,167020.24801678,93335.77920322,0.558800
D,CO2EII,PUBLISHING,1,2025,19,"2025/05/07 00:00:00",QLD1,145223.57173732,93442.99029346,0.643400
D,CO2EII,PUBLISHING,1,2025,19,"2025/05/07 00:00:00",SA1,27848.92748479,1091.80954107,0.039200
D,CO2EII,PUBLISHING,1,2025,19,"2025/05/07 00:00:00",TAS1,18842.49799378,469.85826707,0.024900
D,CO2EII,PUBLISHING,1,2025,19,"2025/05/07 00:00:00",VIC1,142002.76727385,77317.03827647,0.544500
D,CO2EII,PUBLISHING,1,2025,19,"2025/05/08 00:00:00",NEM,503956.72685465,305651.66307976,0.606500
D,CO2EII,PUBLISHING,1,2025,19,"2025/05/08 00:00:00",NSW1,169713.54400648,102645.11823500,0.604800
D,CO2EII,PUBLISHING,1,2025,19,"2025/05/08 00:00:00",QLD1,151487.03728642,94999.39661777,0.627100
D,CO2EII,PUBLISHING,1,2025,19,"2025/05/08 00:00:00",SA1,31105.98774335,3409.71449281,0.109600
D,CO2EII,PUBLISHING,1,2025,19,"2025/05/08 00:00:00",TAS1,23430.04502690,621.72717899,0.026500
D,CO2EII,PUBLISHING,1,2025,19,"2025/05/08 00:00:00",VIC1,128220.11279150,103975.70655519,0.810900
D,CO2EII,PUBLISHING,1,2025,19,"2025/05/09 00:00:00",NEM,502002.05442951,318154.41457229,0.633800
D,CO2EII,PUBLISHING,1,2025,19,"2025/05/09 00:00:00",NSW1,170255.55542931,106587.80543602,0.626000
D,CO2EII,PUBLISHING,1,2025,19,"2025/05/09 00:00:00",QLD1,155600.19846763,96491.22016955,0.620100
D,CO2EII,PUBLISHING,1,2025,19,"2025/05/09 00:00:00",SA1,32717.60189130,5818.48414332,0.177800
D,CO2EII,PUBLISHING,1,2025,19,"2025/05/09 00:00:00",TAS1,21912.96731816,397.38002730,0.018100
D,CO2EII,PUBLISHING,1,2025,19,"2025/05/09 00:00:00",VIC1,121515.73132311,108859.52479610,0.895800
D,CO2EII,PUBLISHING,1,2025,19,"2025/05/10 00:00:00",NEM,467615.54348766,295460.01349750,0.631800
D,CO2EII,PUBLISHING,1,2025,19,"2025/05/10 00:00:00",NSW1,161303.59207935,103785.06260297,0.643400
D,CO2EII,PUBLISHING,1,2025,19,"2025/05/10 00:00:00",QLD1,148290.15492275,90490.48977678,0.610200
D,CO2EII,PUBLISHING,1,2025,19,"2025/05/10 00:00:00",SA1,31282.71858605,5151.72174996,0.164700
D,CO2EII,PUBLISHING,1,2025,19,"2025/05/10 00:00:00",TAS1,18930.04758134,185.68502209,0.009800
D,CO2EII,PUBLISHING,1,2025,19,"2025/05/10 00:00:00",VIC1,107809.03031817,95847.05434570,0.889000
D,CO2EII,PUBLISHING,1,2025,20,"2025/05/11 00:00:00",NEM,465623.28513908,287112.78910338,0.616600
D,CO2EII,PUBLISHING,1,2025,20,"2025/05/11 00:00:00",NSW1,151261.86510977,95850.63265054,0.633700
D,CO2EII,PUBLISHING,1,2025,20,"2025/05/11 00:00:00",QLD1,149569.40122185,92362.85008125,0.617500
D,CO2EII,PUBLISHING,1,2025,20,"2025/05/11 00:00:00",SA1,20904.25792861,4930.47710795,0.235900
D,CO2EII,PUBLISHING,1,2025,20,"2025/05/11 00:00:00",TAS1,18514.90775142,266.73012155,0.014400
D,CO2EII,PUBLISHING,1,2025,20,"2025/05/11 00:00:00",VIC1,125372.85312743,93702.09914209,0.747400
D,CO2EII,PUBLISHING,1,2025,20,"2025/05/12 00:00:00",NEM,499224.72818124,323492.66358017,0.648000
D,CO2EII,PUBLISHING,1,2025,20,"2025/05/12 00:00:00",NSW1,167312.81647692,105362.14829522,0.629700
D,CO2EII,PUBLISHING,1,2025,20,"2025/05/12 00:00:00",QLD1,163195.15010719,103107.38264561,0.631800
D,CO2EII,PUBLISHING,1,2025,20,"2025/05/12 00:00:00",SA1,26330.94748754,7931.74294096,0.301200
D,CO2EII,PUBLISHING,1,2025,20,"2025/05/12 00:00:00",TAS1,21184.23572485,468.92964438,0.022100
D,CO2EII,PUBLISHING,1,2025,20,"2025/05/12 00:00:00",VIC1,121201.57838474,106622.46005400,0.879700
D,CO2EII,PUBLISHING,1,2025,20,"2025/05/13 00:00:00",NEM,503823.21657582,330708.17815273,0.656400
D,CO2EII,PUBLISHING,1,2025,20,"2025/05/13 00:00:00",NSW1,172181.37416003,104667.89973759,0.607900
D,CO2EII,PUBLISHING,1,2025,20,"2025/05/13 00:00:00",QLD1,159146.67344464,103518.45439924,0.650500
D,CO2EII,PUBLISHING,1,2025,20,"2025/05/13 00:00:00",SA1,25378.51280799,8026.08452262,0.316300
D,CO2EII,PUBLISHING,1,2025,20,"2025/05/13 00:00:00",TAS1,22786.46258102,589.66433717,0.025900
D,CO2EII,PUBLISHING,1,2025,20,"2025/05/13 00:00:00",VIC1,124330.19358214,113906.07515611,0.916200
D,CO2EII,PUBLISHING,1,2025,20,"2025/05/14 00:00:00",NEM,507269.48540388,343791.39198835,0.677700
D,CO2EII,PUBLISHING,1,2025,20,"2025/05/14 00:00:00",NSW1,167218.91766742,110487.72902456,0.660700
D,CO2EII,PUBLISHING,1,2025,20,"2025/05/14 00:00:00",QLD1,160284.27477407,110934.30583485,0.692100
D,CO2EII,PUBLISHING,1,2025,20,"2025/05/14 00:00:00",SA1,29680.23223877,7223.08463886,0.243400
D,CO2EII,PUBLISHING,1,2025,20,"2025/05/14 00:00:00",TAS1,21929.49208754,571.62981071,0.026100
D,CO2EII,PUBLISHING,1,2025,20,"2025/05/14 00:00:00",VIC1,128156.56863608,114574.64267937,0.894000
D,CO2EII,PUBLISHING,1,2025,20,"2025/05/15 00:00:00",NEM,530004.84583397,356005.52284903,0.671700
D,CO2EII,PUBLISHING,1,2025,20,"2025/05/15 00:00:00",NSW1,186595.81465031,113854.85428780,0.610200
D,CO2EII,PUBLISHING,1,2025,20,"2025/05/15 00:00:00",QLD1,160783.49467444,114067.77662204,0.709400
D,CO2EII,PUBLISHING,1,2025,20,"2025/05/15 00:00:00",SA1,26724.03220332,8560.53731708,0.320300
D,CO2EII,PUBLISHING,1,2025,20,"2025/05/15 00:00:00",TAS1,25523.98919030,415.27743378,0.016300
D,CO2EII,PUBLISHING,1,2025,20,"2025/05/15 00:00:00",VIC1,130377.51511560,119107.07718833,0.913600
D,CO2EII,PUBLISHING,1,2025,20,"2025/05/16 00:00:00",NEM,530562.71212670,361569.81986519,0.681500
D,CO2EII,PUBLISHING,1,2025,20,"2025/05/16 00:00:00",NSW1,176779.61904004,117072.41856887,0.662300
D,CO2EII,PUBLISHING,1,2025,20,"2025/05/16 00:00:00",QLD1,162875.67861795,117308.44794845,0.720200
D,CO2EII,PUBLISHING,1,2025,20,"2025/05/16 00:00:00",SA1,25974.55915060,8757.82476139,0.337200
D,CO2EII,PUBLISHING,1,2025,20,"2025/05/16 00:00:00",TAS1,28844.01429211,434.63132058,0.015100
D,CO2EII,PUBLISHING,1,2025,20,"2025/05/16 00:00:00",VIC1,136088.84102600,117996.49726590,0.867100
D,CO2EII,PUBLISHING,1,2025,20,"2025/05/17 00:00:00",NEM,500939.61146063,323993.17540501,0.646800
D,CO2EII,PUBLISHING,1,2025,20,"2025/05/17 00:00:00",NSW1,145177.64367154,93429.55115499,0.643600
D,CO2EII,PUBLISHING,1,2025,20,"2025/05/17 00:00:00",QLD1,157874.76448989,106491.28674489,0.674500
D,CO2EII,PUBLISHING,1,2025,20,"2025/05/17 00:00:00",SA1,24865.76721914,3846.84132255,0.154700
D,CO2EII,PUBLISHING,1,2025,20,"2025/05/17 00:00:00",TAS1,20034.21050801,123.22928532,0.006200
D,CO2EII,PUBLISHING,1,2025,20,"2025/05/17 00:00:00",VIC1,152987.22557205,120102.26689726,0.785000
D,CO2EII,PUBLISHING,1,2025,21,"2025/05/18 00:00:00",NEM,504947.08828583,298660.93274074,0.591500
D,CO2EII,PUBLISHING,1,2025,21,"2025/05/18 00:00:00",NSW1,168777.40075188,100841.53681085,0.597500
D,CO2EII,PUBLISHING,1,2025,21,"2025/05/18 00:00:00",QLD1,150249.47288522,95662.80110649,0.636700
D,CO2EII,PUBLISHING,1,2025,21,"2025/05/18 00:00:00",SA1,32612.61235951,2437.11439645,0.074700
D,CO2EII,PUBLISHING,1,2025,21,"2025/05/18 00:00:00",TAS1,20497.42682989,150.31947496,0.007300
D,CO2EII,PUBLISHING,1,2025,21,"2025/05/18 00:00:00",VIC1,132810.17545933,99569.16095199,0.749700
D,CO2EII,PUBLISHING,1,2025,21,"2025/05/19 00:00:00",NEM,555436.83246787,330765.66638142,0.595500
D,CO2EII,PUBLISHING,1,2025,21,"2025/05/19 00:00:00",NSW1,197259.89218977,106759.26053666,0.541200
D,CO2EII,PUBLISHING,1,2025,21,"2025/05/19 00:00:00",QLD1,157780.25094816,99656.49312052,0.631600
D,CO2EII,PUBLISHING,1,2025,21,"2025/05/19 00:00:00",SA1,38590.99990779,5690.74420633,0.147500
D,CO2EII,PUBLISHING,1,2025,21,"2025/05/19 00:00:00",TAS1,26324.74278653,346.14164764,0.013100
D,CO2EII,PUBLISHING,1,2025,21,"2025/05/19 00:00:00",VIC1,135480.94663562,118313.02687027,0.873300
D,CO2EII,PUBLISHING,1,2025,21,"2025/05/20 00:00:00",NEM,549475.13594548,333256.06579254,0.606500
D,CO2EII,PUBLISHING,1,2025,21,"2025/05/20 00:00:00",NSW1,196766.11530448,114071.38208547,0.579700
D,CO2EII,PUBLISHING,1,2025,21,"2025/05/20 00:00:00",QLD1,150990.23162455,99242.62053589,0.657300
D,CO2EII,PUBLISHING,1,2025,21,"2025/05/20 00:00:00",SA1,36426.71874985,7484.34846007,0.205500
D,CO2EII,PUBLISHING,1,2025,21,"2025/05/20 00:00:00",TAS1,28359.38271491,399.54331999,0.014100
D,CO2EII,PUBLISHING,1,2025,21,"2025/05/20 00:00:00",VIC1,136932.68755169,112058.17139112,0.818300
D,CO2EII,PUBLISHING,1,2025,21,"2025/05/21 00:00:00",NEM,549879.90378633,363097.71573308,0.660300
D,CO2EII,PUBLISHING,1,2025,21,"2025/05/21 00:00:00",NSW1,189137.79993154,124852.99102585,0.660100
D,CO2EII,PUBLISHING,1,2025,21,"2025/05/21 00:00:00",QLD1,156818.41081419,104212.35487897,0.664500
D,CO2EII,PUBLISHING,1,2025,21,"2025/05/21 00:00:00",SA1,29604.22357979,10389.21221513,0.350900
D,CO2EII,PUBLISHING,1,2025,21,"2025/05/21 00:00:00",TAS1,30042.74482229,493.60134585,0.016400
D,CO2EII,PUBLISHING,1,2025,21,"2025/05/21 00:00:00",VIC1,144276.72463852,123149.55626728,0.853600
D,CO2EII,PUBLISHING,1,2025,21,"2025/05/22 00:00:00",NEM,551454.24187037,356728.21568681,0.646900
D,CO2EII,PUBLISHING,1,2025,21,"2025/05/22 00:00:00",NSW1,195360.19099236,125480.94038744,0.642300
D,CO2EII,PUBLISHING,1,2025,21,"2025/05/22 00:00:00",QLD1,156494.60660533,102533.34529785,0.655200
D,CO2EII,PUBLISHING,1,2025,21,"2025/05/22 00:00:00",SA1,28414.79243736,9022.14746619,0.317500
D,CO2EII,PUBLISHING,1,2025,21,"2025/05/22 00:00:00",TAS1,24058.63410439,400.86552377,0.016700
D,CO2EII,PUBLISHING,1,2025,21,"2025/05/22 00:00:00",VIC1,147126.01773093,119290.91701156,0.810800
D,CO2EII,PUBLISHING,1,2025,21,"2025/05/23 00:00:00",NEM,527434.13919113,349006.66016616,0.661700
D,CO2EII,PUBLISHING,1,2025,21,"2025/05/23 00:00:00",NSW1,183122.12528210,119573.68729852,0.653000
D,CO2EII,PUBLISHING,1,2025,21,"2025/05/23 00:00:00",QLD1,153803.80722855,102925.67555834,0.669200
D,CO2EII,PUBLISHING,1,2025,21,"2025/05/23 00:00:00",SA1,31970.72011147,8188.91863055,0.256100
D,CO2EII,PUBLISHING,1,2025,21,"2025/05/23 00:00:00",TAS1,25407.29930994,233.99271503,0.009200
D,CO2EII,PUBLISHING,1,2025,21,"2025/05/23 00:00:00",VIC1,133130.18725907,118084.38596372,0.887000
D,CO2EII,PUBLISHING,1,2025,21,"2025/05/24 00:00:00",NEM,491551.04513024,254837.62407414,0.518400
D,CO2EII,PUBLISHING,1,2025,21,"2025/05/24 00:00:00",NSW1,163516.86106956,89999.51709481,0.550400
D,CO2EII,PUBLISHING,1,2025,21,"2025/05/24 00:00:00",QLD1,125645.92554187,85206.67569045,0.678100
D,CO2EII,PUBLISHING,1,2025,21,"2025/05/24 00:00:00",SA1,39351.21048440,1111.70752282,0.028300
D,CO2EII,PUBLISHING,1,2025,21,"2025/05/24 00:00:00",TAS1,17876.59502115,0.00000000,0.000000
D,CO2EII,PUBLISHING,1,2025,21,"2025/05/24 00:00:00",VIC1,145160.45301326,78519.72376606,0.540900
D,CO2EII,PUBLISHING,1,2025,22,"2025/05/25 00:00:00",NEM,485153.50933631,272150.72309883,0.561000
D,CO2EII,PUBLISHING,1,2025,22,"2025/05/25 00:00:00",NSW1,158424.29322144,96906.99401166,0.611700
D,CO2EII,PUBLISHING,1,2025,22,"2025/05/25 00:00:00",QLD1,136175.94518576,89254.24228407,0.655400
D,CO2EII,PUBLISHING,1,2025,22,"2025/05/25 00:00:00",SA1,30978.18466690,1977.42646837,0.063800
D,CO2EII,PUBLISHING,1,2025,22,"2025/05/25 00:00:00",TAS1,17861.27982448,0.00000000,0.000000
D,CO2EII,PUBLISHING,1,2025,22,"2025/05/25 00:00:00",VIC1,141713.80643773,84012.06033473,0.592800
D,CO2EII,PUBLISHING,1,2025,22,"2025/05/26 00:00:00",NEM,549224.28639615,278644.33005990,0.507300
D,CO2EII,PUBLISHING,1,2025,22,"2025/05/26 00:00:00",NSW1,182232.12668141,113721.09597795,0.624000
D,CO2EII,PUBLISHING,1,2025,22,"2025/05/26 00:00:00",QLD1,146094.67714566,94068.03933966,0.643900
D,CO2EII,PUBLISHING,1,2025,22,"2025/05/26 00:00:00",SA1,45829.63863952,976.43166150,0.021300
D,CO2EII,PUBLISHING,1,2025,22,"2025/05/26 00:00:00",TAS1,19953.31481675,0.00000000,0.000000
D,CO2EII,PUBLISHING,1,2025,22,"2025/05/26 00:00:00",VIC1,155114.52911281,69878.76308079,0.450500
D,CO2EII,PUBLISHING,1,2025,22,"2025/05/27 00:00:00",NEM,556674.12557948,289233.31988791,0.519600
D,CO2EII,PUBLISHING,1,2025,22,"2025/05/27 00:00:00",NSW1,186510.89229547,104062.68186663,0.557900
D,CO2EII,PUBLISHING,1,2025,22,"2025/05/27 00:00:00",QLD1,148288.47928112,92859.51432493,0.626200
D,CO2EII,PUBLISHING,1,2025,22,"2025/05/27 00:00:00",SA1,38931.27132490,2420.49642143,0.062200
D,CO2EII,PUBLISHING,1,2025,22,"2025/05/27 00:00:00",TAS1,20553.78451343,0.00000000,0.000000
D,CO2EII,PUBLISHING,1,2025,22,"2025/05/27 00:00:00",VIC1,162389.69816456,89890.62727492,0.553500
D,CO2EII,PUBLISHING,1,2025,22,"2025/05/28 00:00:00",NEM,539283.77731016,319586.31311617,0.592600
D,CO2EII,PUBLISHING,1,2025,22,"2025/05/28 00:00:00",NSW1,179224.63511823,107995.58396486,0.602600
D,CO2EII,PUBLISHING,1,2025,22,"2025/05/28 00:00:00",QLD1,151079.91809116,96302.82684614,0.637400
D,CO2EII,PUBLISHING,1,2025,22,"2025/05/28 00:00:00",SA1,24921.29554054,5589.18993962,0.224300
D,CO2EII,PUBLISHING,1,2025,22,"2025/05/28 00:00:00",TAS1,21654.37689760,229.79197465,0.010600
D,CO2EII,PUBLISHING,1,2025,22,"2025/05/28 00:00:00",VIC1,162403.55166263,109468.92039090,0.674100
D,CO2EII,PUBLISHING,1,2025,22,"2025/05/29 00:00:00",NEM,548112.20759845,364101.89733507,0.664300
D,CO2EII,PUBLISHING,1,2025,22,"2025/05/29 00:00:00",NSW1,189534.79836495,130867.67487866,0.690500
D,CO2EII,PUBLISHING,1,2025,22,"2025/05/29 00:00:00",QLD1,157765.22123233,111936.91232899,0.709500
D,CO2EII,PUBLISHING,1,2025,22,"2025/05/29 00:00:00",SA1,36004.04996973,5926.77401274,0.164600
D,CO2EII,PUBLISHING,1,2025,22,"2025/05/29 00:00:00",TAS1,22702.84791475,257.28170104,0.011300
D,CO2EII,PUBLISHING,1,2025,22,"2025/05/29 00:00:00",VIC1,142105.29011669,115113.25441364,0.810100
D,CO2EII,PUBLISHING,1,2025,22,"2025/05/30 00:00:00",NEM,543185.57206123,358023.81533895,0.659100
D,CO2EII,PUBLISHING,1,2025,22,"2025/05/30 00:00:00",NSW1,180483.56620983,119077.42078677,0.659800
D,CO2EII,PUBLISHING,1,2025,22,"2025/05/30 00:00:00",QLD1,163039.49113944,115641.01235873,0.709300
D,CO2EII,PUBLISHING,1,2025,22,"2025/05/30 00:00:00",SA1,39853.81769704,6722.41811263,0.168700
D,CO2EII,PUBLISHING,1,2025,22,"2025/05/30 00:00:00",TAS1,23462.55804296,850.62758317,0.036300
D,CO2EII,PUBLISHING,1,2025,22,"2025/05/30 00:00:00",VIC1,136346.13897196,115732.33649765,0.848800
D,CO2EII,PUBLISHING,1,2025,22,"2025/05/31 00:00:00",NEM,503566.51258329,332048.46902537,0.659400
D,CO2EII,PUBLISHING,1,2025,22,"2025/05/31 00:00:00",NSW1,157446.35163745,105720.76440407,0.671500
D,CO2EII,PUBLISHING,1,2025,22,"2025/05/31 00:00:00",QLD1,165649.28131747,108288.75897358,0.653700
D,CO2EII,PUBLISHING,1,2025,22,"2025/05/31 00:00:00",SA1,30505.25981689,6432.96543090,0.210900
D,CO2EII,PUBLISHING,1,2025,22,"2025/05/31 00:00:00",TAS1,25215.32737682,679.15438630,0.026900
D,CO2EII,PUBLISHING,1,2025,22,"2025/05/31 00:00:00",VIC1,124750.29243466,110926.82583052,0.889200
D,CO2EII,PUBLISHING,1,2025,23,"2025/06/01 00:00:00",NEM,499192.30677946,299905.54576894,0.600800
D,CO2EII,PUBLISHING,1,2025,23,"2025/06/01 00:00:00",NSW1,143372.16493082,94779.18454809,0.661100
D,CO2EII,PUBLISHING,1,2025,23,"2025/06/01 00:00:00",QLD1,159471.38333550,102670.29984305,0.643800
D,CO2EII,PUBLISHING,1,2025,23,"2025/06/01 00:00:00",SA1,31622.98679930,3927.26736213,0.124200
D,CO2EII,PUBLISHING,1,2025,23,"2025/06/01 00:00:00",TAS1,21604.65272235,163.30895762,0.007600
D,CO2EII,PUBLISHING,1,2025,23,"2025/06/01 00:00:00",VIC1,143121.11899149,98365.48505805,0.687300
D,CO2EII,PUBLISHING,1,2025,23,"2025/06/02 00:00:00",NEM,551703.39658223,356289.73853647,0.645800
D,CO2EII,PUBLISHING,1,2025,23,"2025/06/02 00:00:00",NSW1,171320.84382536,119427.32373826,0.697100
D,CO2EII,PUBLISHING,1,2025,23,"2025/06/02 00:00:00",QLD1,177159.22400784,120394.73248593,0.679600
D,CO2EII,PUBLISHING,1,2025,23,"2025/06/02 00:00:00",SA1,27178.00206600,8377.07803300,0.308200
D,CO2EII,PUBLISHING,1,2025,23,"2025/06/02 00:00:00",TAS1,27072.48221482,325.04435837,0.012000
D,CO2EII,PUBLISHING,1,2025,23,"2025/06/02 00:00:00",VIC1,148972.84446821,107765.55992091,0.723400
D,CO2EII,PUBLISHING,1,2025,23,"2025/06/03 00:00:00",NEM,553955.43685573,341436.04334308,0.616400
D,CO2EII,PUBLISHING,1,2025,23,"2025/06/03 00:00:00",NSW1,172736.91373459,117317.60611957,0.679200
D,CO2EII,PUBLISHING,1,2025,23,"2025/06/03 00:00:00",QLD1,168078.60565671,109761.69131026,0.653000
D,CO2EII,PUBLISHING,1,2025,23,"2025/06/03 00:00:00",SA1,35127.04680678,6686.58719657,0.190400
D,CO2EII,PUBLISHING,1,2025,23,"2025/06/03 00:00:00",TAS1,23013.27222620,305.05854069,0.013300
D,CO2EII,PUBLISHING,1,2025,23,"2025/06/03 00:00:00",VIC1,154999.59843145,107365.10017599,0.692700
D,CO2EII,PUBLISHING,1,2025,23,"2025/06/04 00:00:00",NEM,574485.12668919,350414.51485515,0.610000
D,CO2EII,PUBLISHING,1,2025,23,"2025/06/04 00:00:00",NSW1,192536.00773337,126378.07244445,0.656400
D,CO2EII,PUBLISHING,1,2025,23,"2025/06/04 00:00:00",QLD1,162875.41236100,106246.83590201,0.652300
D,CO2EII,PUBLISHING,1,2025,23,"2025/06/04 00:00:00",SA1,47683.44791411,6585.98201565,0.138100
D,CO2EII,PUBLISHING,1,2025,23,"2025/06/04 00:00:00",TAS1,28118.02656218,357.42061140,0.012700
D,CO2EII,PUBLISHING,1,2025,23,"2025/06/04 00:00:00",VIC1,143272.23211853,110846.20388164,0.773700
D,CO2EII,PUBLISHING,1,2025,23,"2025/06/05 00:00:00",NEM,577593.18722775,353352.26627369,0.611800
D,CO2EII,PUBLISHING,1,2025,23,"2025/06/05 00:00:00",NSW1,185759.80384433,128717.77142662,0.692900
D,CO2EII,PUBLISHING,1,2025,23,"2025/06/05 00:00:00",QLD1,166610.83828329,108432.35797312,0.650800
D,CO2EII,PUBLISHING,1,2025,23,"2025/06/05 00:00:00",SA1,52687.42801637,5050.52550043,0.095900
D,CO2EII,PUBLISHING,1,2025,23,"2025/06/05 00:00:00",TAS1,25979.76768681,331.17185042,0.012700
D,CO2EII,PUBLISHING,1,2025,23,"2025/06/05 00:00:00",VIC1,146555.34939695,110820.43952310,0.756200
D,CO2EII,PUBLISHING,1,2025,23,"2025/06/06 00:00:00",NEM,599679.52417562,328703.47843369,0.548100
D,CO2EII,PUBLISHING,1,2025,23,"2025/06/06 00:00:00",NSW1,195302.52843718,129985.28810074,0.665600
D,CO2EII,PUBLISHING,1,2025,23,"2025/06/06 00:00:00",QLD1,161132.87733848,110774.99191222,0.687500
D,CO2EII,PUBLISHING,1,2025,23,"2025/06/06 00:00:00",SA1,47981.73042321,975.28771626,0.020300
D,CO2EII,PUBLISHING,1,2025,23,"2025/06/06 00:00:00",TAS1,21570.12779158,0.00000000,0.000000
D,CO2EII,PUBLISHING,1,2025,23,"2025/06/06 00:00:00",VIC1,173692.26018517,86967.91070447,0.500700
D,CO2EII,PUBLISHING,1,2025,23,"2025/06/07 00:00:00",NEM,547249.17107056,279483.12473489,0.510700
D,CO2EII,PUBLISHING,1,2025,23,"2025/06/07 00:00:00",NSW1,180390.30875140,103503.53018230,0.573800
D,CO2EII,PUBLISHING,1,2025,23,"2025/06/07 00:00:00",QLD1,146855.19371731,95926.41204822,0.653200
D,CO2EII,PUBLISHING,1,2025,23,"2025/06/07 00:00:00",SA1,51306.00052913,2179.51678991,0.042500
D,CO2EII,PUBLISHING,1,2025,23,"2025/06/07 00:00:00",TAS1,20421.74117104,0.00000000,0.000000
D,CO2EII,PUBLISHING,1,2025,23,"2025/06/07 00:00:00",VIC1,148275.92690168,77873.66571446,0.525200
D,CO2EII,PUBLISHING,1,2025,24,"2025/06/08 00:00:00",NEM,542475.40883038,284663.58056730,0.524700
D,CO2EII,PUBLISHING,1,2025,24,"2025/06/08 00:00:00",NSW1,180285.00109424,101434.00329407,0.562600
D,CO2EII,PUBLISHING,1,2025,24,"2025/06/08 00:00:00",QLD1,147439.95041508,96282.79599113,0.653000
D,CO2EII,PUBLISHING,1,2025,24,"2025/06/08 00:00:00",SA1,42818.90405632,2824.84397829,0.066000
D,CO2EII,PUBLISHING,1,2025,24,"2025/06/08 00:00:00",TAS1,18989.74042182,125.58847675,0.006600
D,CO2EII,PUBLISHING,1,2025,24,"2025/06/08 00:00:00",VIC1,152941.81284292,83996.34882706,0.549200
D,CO2EII,PUBLISHING,1,2025,24,"2025/06/09 00:00:00",NEM,559733.38038096,320837.56534530,0.573200
D,CO2EII,PUBLISHING,1,2025,24,"2025/06/09 00:00:00",NSW1,200973.14410019,116482.55048457,0.579600
D,CO2EII,PUBLISHING,1,2025,24,"2025/06/09 00:00:00",QLD1,159749.63695738,101994.65253924,0.638500
D,CO2EII,PUBLISHING,1,2025,24,"2025/06/09 00:00:00",SA1,33973.49752587,7019.20793346,0.206600
D,CO2EII,PUBLISHING,1,2025,24,"2025/06/09 00:00:00",TAS1,22325.18551539,284.59800858,0.012700
D,CO2EII,PUBLISHING,1,2025,24,"2025/06/09 00:00:00",VIC1,142711.91628213,95056.55637945,0.666100
D,CO2EII,PUBLISHING,1,2025,24,"2025/06/10 00:00:00",NEM,575625.10265397,353196.40769670,0.613600
D,CO2EII,PUBLISHING,1,2025,24,"2025/06/10 00:00:00",NSW1,200178.52998073,125895.74133458,0.628900
D,CO2EII,PUBLISHING,1,2025,24,"2025/06/10 00:00:00",QLD1,169463.55729444,109247.28504752,0.644700
D,CO2EII,PUBLISHING,1,2025,24,"2025/06/10 00:00:00",SA1,43547.49106064,12754.82714081,0.292900
D,CO2EII,PUBLISHING,1,2025,24,"2025/06/10 00:00:00",TAS1,32607.64965909,584.55429145,0.017900
D,CO2EII,PUBLISHING,1,2025,24,"2025/06/10 00:00:00",VIC1,129827.87465907,104713.99988234,0.806600
D,CO2EII,PUBLISHING,1,2025,24,"2025/06/11 00:00:00",NEM,588967.43094920,367914.82241731,0.624700
D,CO2EII,PUBLISHING,1,2025,24,"2025/06/11 00:00:00",NSW1,204210.50062666,131946.28540197,0.646100
D,CO2EII,PUBLISHING,1,2025,24,"2025/06/11 00:00:00",QLD1,173475.52912868,113418.70240855,0.653800
D,CO2EII,PUBLISHING,1,2025,24,"2025/06/11 00:00:00",SA1,40249.46139020,14171.95551960,0.352100
D,CO2EII,PUBLISHING,1,2025,24,"2025/06/11 00:00:00",TAS1,36386.22480565,681.14416918,0.018700
D,CO2EII,PUBLISHING,1,2025,24,"2025/06/11 00:00:00",VIC1,134645.71499801,107696.73491801,0.799900
D,CO2EII,PUBLISHING,1,2025,24,"2025/06/12 00:00:00",NEM,602915.49503074,382347.72367475,0.634200
D,CO2EII,PUBLISHING,1,2025,24,"2025/06/12 00:00:00",NSW1,206326.29043660,139834.59554438,0.677700
D,CO2EII,PUBLISHING,1,2025,24,"2025/06/12 00:00:00",QLD1,183034.27827625,123270.04847660,0.673500
D,CO2EII,PUBLISHING,1,2025,24,"2025/06/12 00:00:00",SA1,48959.67033571,12650.57892476,0.258400
D,CO2EII,PUBLISHING,1,2025,24,"2025/06/12 00:00:00",TAS1,34208.43917719,755.06439794,0.022100
D,CO2EII,PUBLISHING,1,2025,24,"2025/06/12 00:00:00",VIC1,130386.81680499,105837.43633107,0.811700
D,CO2EII,PUBLISHING,1,2025,24,"2025/06/13 00:00:00",NEM,606662.13240961,389176.01996588,0.641500
D,CO2EII,PUBLISHING,1,2025,24,"2025/06/13 00:00:00",NSW1,214074.91842392,142406.43764840,0.665200
D,CO2EII,PUBLISHING,1,2025,24,"2025/06/13 00:00:00",QLD1,181748.41986706,117948.11319838,0.649000
D,CO2EII,PUBLISHING,1,2025,24,"2025/06/13 00:00:00",SA1,35463.02489401,11424.26336584,0.322100
D,CO2EII,PUBLISHING,1,2025,24,"2025/06/13 00:00:00",TAS1,37177.96110495,766.92758330,0.020600
D,CO2EII,PUBLISHING,1,2025,24,"2025/06/13 00:00:00",VIC1,138197.80811967,116630.27816996,0.843900
D,CO2EII,PUBLISHING,1,2025,24,"2025/06/14 00:00:00",NEM,573602.32107921,333605.21305027,0.581600
D,CO2EII,PUBLISHING,1,2025,24,"2025/06/14 00:00:00",NSW1,184957.83631755,124004.36647004,0.670400
D,CO2EII,PUBLISHING,1,2025,24,"2025/06/14 00:00:00",QLD1,163955.37123084,107793.23214028,0.657500
D,CO2EII,PUBLISHING,1,2025,24,"2025/06/14 00:00:00",SA1,45935.06619098,2287.26477344,0.049800
D,CO2EII,PUBLISHING,1,2025,24,"2025/06/14 00:00:00",TAS1,20476.10333291,16.11351972,0.000800
D,CO2EII,PUBLISHING,1,2025,24,"2025/06/14 00:00:00",VIC1,158277.94400693,99504.23614679,0.628700
D,CO2EII,PUBLISHING,1,2025,25,"2025/06/15 00:00:00",NEM,552184.36610941,351497.16863894,0.636600
D,CO2EII,PUBLISHING,1,2025,25,"2025/06/15 00:00:00",NSW1,189706.78427117,131275.15475548,0.692000
D,CO2EII,PUBLISHING,1,2025,25,"2025/06/15 00:00:00",QLD1,160310.77237203,109128.29211673,0.680700
D,CO2EII,PUBLISHING,1,2025,25,"2025/06/15 00:00:00",SA1,30020.77468327,5615.98924592,0.187100
D,CO2EII,PUBLISHING,1,2025,25,"2025/06/15 00:00:00",TAS1,25810.35326891,267.29243851,0.010400
D,CO2EII,PUBLISHING,1,2025,25,"2025/06/15 00:00:00",VIC1,146335.68151403,105210.44008230,0.719000
D,CO2EII,PUBLISHING,1,2025,25,"2025/06/16 00:00:00",NEM,611342.51089811,334774.57696968,0.547600
D,CO2EII,PUBLISHING,1,2025,25,"2025/06/16 00:00:00",NSW1,197756.43741737,131768.10286577,0.666300
D,CO2EII,PUBLISHING,1,2025,25,"2025/06/16 00:00:00",QLD1,162575.98347296,115465.04900775,0.710200
D,CO2EII,PUBLISHING,1,2025,25,"2025/06/16 00:00:00",SA1,45470.87118780,2410.64876036,0.053000
D,CO2EII,PUBLISHING,1,2025,25,"2025/06/16 00:00:00",TAS1,25086.00802530,148.36797689,0.005900
D,CO2EII,PUBLISHING,1,2025,25,"2025/06/16 00:00:00",VIC1,180453.21079468,84982.40835891,0.470900
D,CO2EII,PUBLISHING,1,2025,25,"2025/06/17 00:00:00",NEM,625360.48193457,370477.82560504,0.592400
D,CO2EII,PUBLISHING,1,2025,25,"2025/06/17 00:00:00",NSW1,217356.14271386,130946.41383316,0.602500
D,CO2EII,PUBLISHING,1,2025,25,"2025/06/17 00:00:00",QLD1,173967.68073480,127917.08142514,0.735300
D,CO2EII,PUBLISHING,1,2025,25,"2025/06/17 00:00:00",SA1,29324.21415702,8863.49303485,0.302300
D,CO2EII,PUBLISHING,1,2025,25,"2025/06/17 00:00:00",TAS1,28267.84106366,248.71006792,0.008800
D,CO2EII,PUBLISHING,1,2025,25,"2025/06/17 00:00:00",VIC1,176444.60326523,102502.12724397,0.580900
D,CO2EII,PUBLISHING,1,2025,25,"2025/06/18 00:00:00",NEM,616673.96294483,388935.15404498,0.630700
D,CO2EII,PUBLISHING,1,2025,25,"2025/06/18 00:00:00",NSW1,209184.49751060,138482.45700607,0.662000
D,CO2EII,PUBLISHING,1,2025,25,"2025/06/18 00:00:00",QLD1,181403.37706275,124955.99296178,0.688800
D,CO2EII,PUBLISHING,1,2025,25,"2025/06/18 00:00:00",SA1,42675.39844232,13712.37665872,0.321300
D,CO2EII,PUBLISHING,1,2025,25,"2025/06/18 00:00:00",TAS1,36384.34544756,781.99102042,0.021500
D,CO2EII,PUBLISHING,1,2025,25,"2025/06/18 00:00:00",VIC1,147026.34448160,111002.33639799,0.755000
D,CO2EII,PUBLISHING,1,2025,25,"2025/06/19 00:00:00",NEM,609983.53414670,366461.67396431,0.600800
D,CO2EII,PUBLISHING,1,2025,25,"2025/06/19 00:00:00",NSW1,202368.49397464,138205.63842290,0.682900
D,CO2EII,PUBLISHING,1,2025,25,"2025/06/19 00:00:00",QLD1,177609.87597893,113553.40633868,0.639300
D,CO2EII,PUBLISHING,1,2025,25,"2025/06/19 00:00:00",SA1,35090.65436821,8618.02359699,0.245600
D,CO2EII,PUBLISHING,1,2025,25,"2025/06/19 00:00:00",TAS1,28680.21060389,256.29381608,0.008900
D,CO2EII,PUBLISHING,1,2025,25,"2025/06/19 00:00:00",VIC1,166234.29922103,105828.31178966,0.636600
D,CO2EII,PUBLISHING,1,2025,25,"2025/06/20 00:00:00",NEM,594381.82454504,378004.26418753,0.636000
D,CO2EII,PUBLISHING,1,2025,25,"2025/06/20 00:00:00",NSW1,199217.42173515,136658.21701054,0.686000
D,CO2EII,PUBLISHING,1,2025,25,"2025/06/20 00:00:00",QLD1,180224.07735916,118294.37040122,0.656400
D,CO2EII,PUBLISHING,1,2025,25,"2025/06/20 00:00:00",SA1,33941.29436712,8495.57792357,0.250300
D,CO2EII,PUBLISHING,1,2025,25,"2025/06/20 00:00:00",TAS1,27518.31897034,328.00439964,0.011900
D,CO2EII,PUBLISHING,1,2025,25,"2025/06/20 00:00:00",VIC1,153480.71211327,114228.09445256,0.744300
D,CO2EII,PUBLISHING,1,2025,25,"2025/06/21 00:00:00",NEM,551778.35109511,342599.61117081,0.620900
D,CO2EII,PUBLISHING,1,2025,25,"2025/06/21 00:00:00",NSW1,186263.85902674,127060.03087797,0.682200
D,CO2EII,PUBLISHING,1,2025,25,"2025/06/21 00:00:00",QLD1,166287.45270520,106191.00976780,0.638600
D,CO2EII,PUBLISHING,1,2025,25,"2025/06/21 00:00:00",SA1,36567.61602957,4102.43122017,0.112200
D,CO2EII,PUBLISHING,1,2025,25,"2025/06/21 00:00:00",TAS1,20949.49576577,126.92105686,0.006100
D,CO2EII,PUBLISHING,1,2025,25,"2025/06/21 00:00:00",VIC1,141709.92756783,105119.21824801,0.741800
D,CO2EII,PUBLISHING,1,2025,26,"2025/06/22 00:00:00",NEM,547642.61668065,306443.68291211,0.559600
D,CO2EII,PUBLISHING,1,2025,26,"2025/06/22 00:00:00",NSW1,168568.67711997,117279.30793828,0.695700
D,CO2EII,PUBLISHING,1,2025,26,"2025/06/22 00:00:00",QLD1,159386.26692053,98753.16104544,0.619600
D,CO2EII,PUBLISHING,1,2025,26,"2025/06/22 00:00:00",SA1,47306.67012544,1006.18602432,0.021300
D,CO2EII,PUBLISHING,1,2025,26,"2025/06/22 00:00:00",TAS1,18313.16763457,0.00000000,0.000000
D,CO2EII,PUBLISHING,1,2025,26,"2025/06/22 00:00:00",VIC1,154067.83488014,89405.02790407,0.580300
D,CO2EII,PUBLISHING,1,2025,26,"2025/06/23 00:00:00",NEM,573573.38443833,289526.68570732,0.504800
D,CO2EII,PUBLISHING,1,2025,26,"2025/06/23 00:00:00",NSW1,180246.51103542,109719.43964966,0.608700
D,CO2EII,PUBLISHING,1,2025,26,"2025/06/23 00:00:00",QLD1,160458.34655833,101649.61601198,0.633500
D,CO2EII,PUBLISHING,1,2025,26,"2025/06/23 00:00:00",SA1,41209.90373128,914.50284740,0.022200
D,CO2EII,PUBLISHING,1,2025,26,"2025/06/23 00:00:00",TAS1,19631.81702849,0.00000000,0.000000
D,CO2EII,PUBLISHING,1,2025,26,"2025/06/23 00:00:00",VIC1,172026.80608481,77243.12719828,0.449000
D,CO2EII,PUBLISHING,1,2025,26,"2025/06/24 00:00:00",NEM,589414.05907584,297527.66656543,0.504800
D,CO2EII,PUBLISHING,1,2025,26,"2025/06/24 00:00:00",NSW1,184775.17800686,105591.40273934,0.571500
D,CO2EII,PUBLISHING,1,2025,26,"2025/06/24 00:00:00",QLD1,153386.76079879,102278.48026592,0.666800
D,CO2EII,PUBLISHING,1,2025,26,"2025/06/24 00:00:00",SA1,48199.86157517,1158.69947046,0.024000
D,CO2EII,PUBLISHING,1,2025,26,"2025/06/24 00:00:00",TAS1,20453.97795938,0.00000000,0.000000
D,CO2EII,PUBLISHING,1,2025,26,"2025/06/24 00:00:00",VIC1,182598.28073564,88499.08408971,0.484700
D,CO2EII,PUBLISHING,1,2025,26,"2025/06/25 00:00:00",NEM,604628.75234718,311374.20659044,0.515000
D,CO2EII,PUBLISHING,1,2025,26,"2025/06/25 00:00:00",NSW1,199135.37835550,106435.30169257,0.534500
D,CO2EII,PUBLISHING,1,2025,26,"2025/06/25 00:00:00",QLD1,162740.15300947,100751.58714468,0.619100
D,CO2EII,PUBLISHING,1,2025,26,"2025/06/25 00:00:00",SA1,43783.48770568,4108.47365751,0.093800
D,CO2EII,PUBLISHING,1,2025,26,"2025/06/25 00:00:00",TAS1,22463.19559844,0.00000000,0.000000
D,CO2EII,PUBLISHING,1,2025,26,"2025/06/25 00:00:00",VIC1,176506.53767809,100078.84409568,0.567000
D,CO2EII,PUBLISHING,1,2025,26,"2025/06/26 00:00:00",NEM,607907.46157385,385488.51455186,0.634100
D,CO2EII,PUBLISHING,1,2025,26,"2025/06/26 00:00:00",NSW1,205290.55698809,131375.76175091,0.640000
D,CO2EII,PUBLISHING,1,2025,26,"2025/06/26 00:00:00",QLD1,182715.78156296,111457.88833336,0.610000
D,CO2EII,PUBLISHING,1,2025,26,"2025/06/26 00:00:00",SA1,38061.69809494,17307.93610724,0.454700
D,CO2EII,PUBLISHING,1,2025,26,"2025/06/26 00:00:00",TAS1,37341.92767593,1096.50599877,0.029400
D,CO2EII,PUBLISHING,1,2025,26,"2025/06/26 00:00:00",VIC1,144497.49725193,124250.42236158,0.859900
D,CO2EII,PUBLISHING,1,2025,26,"2025/06/27 00:00:00",NEM,609630.54860041,399030.62105999,0.654500
D,CO2EII,PUBLISHING,1,2025,26,"2025/06/27 00:00:00",NSW1,212574.67649946,138907.05657937,0.653500
D,CO2EII,PUBLISHING,1,2025,26,"2025/06/27 00:00:00",QLD1,189567.67893698,116487.60442017,0.614500
D,CO2EII,PUBLISHING,1,2025,26,"2025/06/27 00:00:00",SA1,37826.34276822,15949.16393937,0.421600
D,CO2EII,PUBLISHING,1,2025,26,"2025/06/27 00:00:00",TAS1,31686.65459529,1176.33183689,0.037100
D,CO2EII,PUBLISHING,1,2025,26,"2025/06/27 00:00:00",VIC1,137975.19580046,126510.46428419,0.916900
D,CO2EII,PUBLISHING,1,2025,26,"2025/06/28 00:00:00",NEM,560311.41371683,379287.39878088,0.676900
D,CO2EII,PUBLISHING,1,2025,26,"2025/06/28 00:00:00",NSW1,186720.79318167,127035.00105754,0.680300
D,CO2EII,PUBLISHING,1,2025,26,"2025/06/28 00:00:00",QLD1,173571.33279328,107998.83181228,0.622200
D,CO2EII,PUBLISHING,1,2025,26,"2025/06/28 00:00:00",SA1,33032.46309669,12881.65820778,0.390000
D,CO2EII,PUBLISHING,1,2025,26,"2025/06/28 00:00:00",TAS1,26288.89384996,848.50320389,0.032300
D,CO2EII,PUBLISHING,1,2025,26,"2025/06/28 00:00:00",VIC1,140697.93079523,130523.40449939,0.927700
D,CO2EII,PUBLISHING,1,2025,27,"2025/06/29 00:00:00",NEM,556799.82501010,384284.11053726,0.690200
D,CO2EII,PUBLISHING,1,2025,27,"2025/06/29 00:00:00",NSW1,187949.41359247,129943.25503827,0.691400
D,CO2EII,PUBLISHING,1,2025,27,"2025/06/29 00:00:00",QLD1,165823.30800170,111526.23215843,0.672600
D,CO2EII,PUBLISHING,1,2025,27,"2025/06/29 00:00:00",SA1,34968.13995347,11739.86237867,0.335700
D,CO2EII,PUBLISHING,1,2025,27,"2025/06/29 00:00:00",TAS1,24985.25006096,850.15169078,0.034000
D,CO2EII,PUBLISHING,1,2025,27,"2025/06/29 00:00:00",VIC1,143073.71340150,130224.60927111,0.910200
D,CO2EII,PUBLISHING,1,2025,27,"2025/06/30 00:00:00",NEM,614646.11094078,409533.59388935,0.666300
D,CO2EII,PUBLISHING,1,2025,27,"2025/06/30 00:00:00",NSW1,207287.85791668,138831.28456873,0.669800
D,CO2EII,PUBLISHING,1,2025,27,"2025/06/30 00:00:00",QLD1,182930.13276377,125083.13714259,0.683800
D,CO2EII,PUBLISHING,1,2025,27,"2025/06/30 00:00:00",SA1,40918.35746393,11957.57345331,0.292200
D,CO2EII,PUBLISHING,1,2025,27,"2025/06/30 00:00:00",TAS1,33238.17898874,848.44947991,0.025500
D,CO2EII,PUBLISHING,1,2025,27,"2025/06/30 00:00:00",VIC1,150271.58380766,132813.14924481,0.883800
D,CO2EII,PUBLISHING,1,2025,27,"2025/07/01 00:00:00",NEM,630028.53569708,383224.26532543,0.608300
D,CO2EII,PUBLISHING,1,2025,27,"2025/07/01 00:00:00",NSW1,231271.09118740,141283.58887600,0.610900
D,CO2EII,PUBLISHING,1,2025,27,"2025/07/01 00:00:00",QLD1,176807.82320398,104884.76790971,0.593200
D,CO2EII,PUBLISHING,1,2025,27,"2025/07/01 00:00:00",SA1,38405.99637097,15092.49353105,0.393000
D,CO2EII,PUBLISHING,1,2025,27,"2025/07/01 00:00:00",TAS1,31052.46288108,895.66456128,0.028800
D,CO2EII,PUBLISHING,1,2025,27,"2025/07/01 00:00:00",VIC1,152491.16205365,121067.75044739,0.793900
D,CO2EII,PUBLISHING,1,2025,27,"2025/07/02 00:00:00",NEM,615807.05524958,368447.62375442,0.598300
D,CO2EII,PUBLISHING,1,2025,27,"2025/07/02 00:00:00",NSW1,213642.68060183,124935.63366603,0.584800
D,CO2EII,PUBLISHING,1,2025,27,"2025/07/02 00:00:00",QLD1,175135.13105590,102153.53883762,0.583300
D,CO2EII,PUBLISHING,1,2025,27,"2025/07/02 00:00:00",SA1,38627.36756314,17704.23764574,0.458300
D,CO2EII,PUBLISHING,1,2025,27,"2025/07/02 00:00:00",TAS1,28840.85878952,852.25690138,0.029600
D,CO2EII,PUBLISHING,1,2025,27,"2025/07/02 00:00:00",VIC1,159561.01723919,122801.95670365,0.769600
D,CO2EII,PUBLISHING,1,2025,27,"2025/07/03 00:00:00",NEM,574586.26492122,370556.85108334,0.644900
D,CO2EII,PUBLISHING,1,2025,27,"2025/07/03 00:00:00",NSW1,191042.24208022,126989.84261165,0.664700
D,CO2EII,PUBLISHING,1,2025,27,"2025/07/03 00:00:00",QLD1,176182.36982871,105551.77796255,0.599100
D,CO2EII,PUBLISHING,1,2025,27,"2025/07/03 00:00:00",SA1,40816.50581830,11995.46056157,0.293900
D,CO2EII,PUBLISHING,1,2025,27,"2025/07/03 00:00:00",TAS1,28982.90959616,852.33064960,0.029400
D,CO2EII,PUBLISHING,1,2025,27,"2025/07/03 00:00:00",VIC1,137562.23759783,125167.43929797,0.909900
D,CO2EII,PUBLISHING,1,2025,27,"2025/07/04 00:00:00",NEM,581939.81263841,344536.99132042,0.592000
D,CO2EII,PUBLISHING,1,2025,27,"2025/07/04 00:00:00",NSW1,184624.98876743,123921.80459048,0.671200
D,CO2EII,PUBLISHING,1,2025,27,"2025/07/04 00:00:00",QLD1,174393.74583863,106327.01807066,0.609700
D,CO2EII,PUBLISHING,1,2025,27,"2025/07/04 00:00:00",SA1,45202.49056911,2331.08518987,0.051600
D,CO2EII,PUBLISHING,1,2025,27,"2025/07/04 00:00:00",TAS1,25971.10011844,852.22269810,0.032800
D,CO2EII,PUBLISHING,1,2025,27,"2025/07/04 00:00:00",VIC1,151747.48734480,111104.86077131,0.732200
D,CO2EII,PUBLISHING,1,2025,27,"2025/07/05 00:00:00",NEM,544820.67250536,304873.04161329,0.559600
D,CO2EII,PUBLISHING,1,2025,27,"2025/07/05 00:00:00",NSW1,166575.73230340,114829.01774444,0.689400
D,CO2EII,PUBLISHING,1,2025,27,"2025/07/05 00:00:00",QLD1,163778.34995022,99186.16160037,0.605600
D,CO2EII,PUBLISHING,1,2025,27,"2025/07/05 00:00:00",SA1,40365.33855263,1408.36986590,0.034900
D,CO2EII,PUBLISHING,1,2025,27,"2025/07/05 00:00:00",TAS1,23648.36783902,851.49067385,0.036000
D,CO2EII,PUBLISHING,1,2025,27,"2025/07/05 00:00:00",VIC1,150452.88386009,88598.00172873,0.588900
D,CO2EII,PUBLISHING,1,2025,28,"2025/07/06 00:00:00",NEM,516249.18994934,333838.80245070,0.646700
D,CO2EII,PUBLISHING,1,2025,28,"2025/07/06 00:00:00",NSW1,168958.92986889,107018.19085841,0.633400
D,CO2EII,PUBLISHING,1,2025,28,"2025/07/06 00:00:00",QLD1,161822.46435821,104710.20851075,0.647100
D,CO2EII,PUBLISHING,1,2025,28,"2025/07/06 00:00:00",SA1,35672.93602469,4782.19972944,0.134100
D,CO2EII,PUBLISHING,1,2025,28,"2025/07/06 00:00:00",TAS1,25269.44314619,851.86800197,0.033700
D,CO2EII,PUBLISHING,1,2025,28,"2025/07/06 00:00:00",VIC1,124525.41655136,116476.33535013,0.935400
D,CO2EII,PUBLISHING,1,2025,28,"2025/07/07 00:00:00",NEM,567391.42523267,354355.43868921,0.624500
D,CO2EII,PUBLISHING,1,2025,28,"2025/07/07 00:00:00",NSW1,191667.83954622,125299.92433497,0.653700
D,CO2EII,PUBLISHING,1,2025,28,"2025/07/07 00:00:00",QLD1,164917.64939756,106204.52018059,0.644000
D,CO2EII,PUBLISHING,1,2025,28,"2025/07/07 00:00:00",SA1,40309.87729229,5014.68719160,0.124400
D,CO2EII,PUBLISHING,1,2025,28,"2025/07/07 00:00:00",TAS1,27637.53982499,852.14135338,0.030800
D,CO2EII,PUBLISHING,1,2025,28,"2025/07/07 00:00:00",VIC1,142858.51917161,116984.16562867,0.818900
D,CO2EII,PUBLISHING,1,2025,28,"2025/07/08 00:00:00",NEM,612475.77877611,329602.97713796,0.538100
D,CO2EII,PUBLISHING,1,2025,28,"2025/07/08 00:00:00",NSW1,199721.44348486,124479.93027137,0.623300
D,CO2EII,PUBLISHING,1,2025,28,"2025/07/08 00:00:00",QLD1,163182.12062557,105513.06954305,0.646600
D,CO2EII,PUBLISHING,1,2025,28,"2025/07/08 00:00:00",SA1,40941.63049295,1862.01930059,0.045500
D,CO2EII,PUBLISHING,1,2025,28,"2025/07/08 00:00:00",TAS1,22671.70079132,845.41192089,0.037300
D,CO2EII,PUBLISHING,1,2025,28,"2025/07/08 00:00:00",VIC1,185958.88338141,96902.54610206,0.521100
D,CO2EII,PUBLISHING,1,2025,28,"2025/07/09 00:00:00",NEM,595449.36005504,326215.81673591,0.547800
D,CO2EII,PUBLISHING,1,2025,28,"2025/07/09 00:00:00",NSW1,190283.25845071,121786.30521118,0.640000
D,CO2EII,PUBLISHING,1,2025,28,"2025/07/09 00:00:00",QLD1,156951.93694657,102553.22937543,0.653400
D,CO2EII,PUBLISHING,1,2025,28,"2025/07/09 00:00:00",SA1,49760.04504526,3361.78680700,0.067600
D,CO2EII,PUBLISHING,1,2025,28,"2025/07/09 00:00:00",TAS1,23749.22428641,852.22100997,0.035900
D,CO2EII,PUBLISHING,1,2025,28,"2025/07/09 00:00:00",VIC1,174704.89532609,97662.27433233,0.559000
D,CO2EII,PUBLISHING,1,2025,28,"2025/07/10 00:00:00",NEM,595764.29941306,312661.50848699,0.524800
D,CO2EII,PUBLISHING,1,2025,28,"2025/07/10 00:00:00",NSW1,205621.43752379,115488.60468597,0.561700
D,CO2EII,PUBLISHING,1,2025,28,"2025/07/10 00:00:00",QLD1,155940.28728306,96865.31590750,0.621200
D,CO2EII,PUBLISHING,1,2025,28,"2025/07/10 00:00:00",SA1,46220.73122471,2259.83126144,0.048900
D,CO2EII,PUBLISHING,1,2025,28,"2025/07/10 00:00:00",TAS1,23572.07282657,363.14771976,0.015400
D,CO2EII,PUBLISHING,1,2025,28,"2025/07/10 00:00:00",VIC1,164409.77055493,97684.60891232,0.594200
D,CO2EII,PUBLISHING,1,2025,28,"2025/07/11 00:00:00",NEM,576866.50656720,314379.25703467,0.545000
D,CO2EII,PUBLISHING,1,2025,28,"2025/07/11 00:00:00",NSW1,196735.59534004,112976.76426064,0.574300
D,CO2EII,PUBLISHING,1,2025,28,"2025/07/11 00:00:00",QLD1,163563.57180251,98368.90943593,0.601400
D,CO2EII,PUBLISHING,1,2025,28,"2025/07/11 00:00:00",SA1,39295.98032499,5560.93321365,0.141500
D,CO2EII,PUBLISHING,1,2025,28,"2025/07/11 00:00:00",TAS1,23404.72389594,0.00000000,0.000000
D,CO2EII,PUBLISHING,1,2025,28,"2025/07/11 00:00:00",VIC1,153866.63520372,97472.65012445,0.633500
D,CO2EII,PUBLISHING,1,2025,28,"2025/07/12 00:00:00",NEM,527534.01792322,314677.79128629,0.596500
D,CO2EII,PUBLISHING,1,2025,28,"2025/07/12 00:00:00",NSW1,179440.75322863,109829.35084375,0.612100
D,CO2EII,PUBLISHING,1,2025,28,"2025/07/12 00:00:00",QLD1,159056.42729129,98488.31987876,0.619200
D,CO2EII,PUBLISHING,1,2025,28,"2025/07/12 00:00:00",SA1,34666.04518276,6237.83194868,0.179900
D,CO2EII,PUBLISHING,1,2025,28,"2025/07/12 00:00:00",TAS1,22712.85400863,0.00000000,0.000000
D,CO2EII,PUBLISHING,1,2025,28,"2025/07/12 00:00:00",VIC1,131657.93821191,100122.28861510,0.760500
D,CO2EII,PUBLISHING,1,2025,29,"2025/07/13 00:00:00",NEM,554035.47760872,288581.75710429,0.520900
D,CO2EII,PUBLISHING,1,2025,29,"2025/07/13 00:00:00",NSW1,174776.80527052,108268.73914652,0.619500
D,CO2EII,PUBLISHING,1,2025,29,"2025/07/13 00:00:00",QLD1,150096.03075439,99530.80713308,0.663100
D,CO2EII,PUBLISHING,1,2025,29,"2025/07/13 00:00:00",SA1,40423.55681733,1848.18569475,0.045700
D,CO2EII,PUBLISHING,1,2025,29,"2025/07/13 00:00:00",TAS1,20376.67950256,0.00000000,0.000000
D,CO2EII,PUBLISHING,1,2025,29,"2025/07/13 00:00:00",VIC1,168362.40526392,78934.02512994,0.468800
D,CO2EII,PUBLISHING,1,2025,29,"2025/07/14 00:00:00",NEM,576002.63786042,346127.43748362,0.600900
D,CO2EII,PUBLISHING,1,2025,29,"2025/07/14 00:00:00",NSW1,195375.65700490,117759.08773890,0.602700
D,CO2EII,PUBLISHING,1,2025,29,"2025/07/14 00:00:00",QLD1,157697.40885142,101340.42721054,0.642600
D,CO2EII,PUBLISHING,1,2025,29,"2025/07/14 00:00:00",SA1,34253.66883705,9245.34201285,0.269900
D,CO2EII,PUBLISHING,1,2025,29,"2025/07/14 00:00:00",TAS1,26175.75911995,274.39192913,0.010500
D,CO2EII,PUBLISHING,1,2025,29,"2025/07/14 00:00:00",VIC1,162500.14404710,117508.18859220,0.723100
D,CO2EII,PUBLISHING,1,2025,29,"2025/07/15 00:00:00",NEM,615897.58729221,389562.75565039,0.632500
D,CO2EII,PUBLISHING,1,2025,29,"2025/07/15 00:00:00",NSW1,224590.36553106,148089.19315545,0.659400
D,CO2EII,PUBLISHING,1,2025,29,"2025/07/15 00:00:00",QLD1,167375.57226653,112681.18725467,0.673200
D,CO2EII,PUBLISHING,1,2025,29,"2025/07/15 00:00:00",SA1,33206.07430290,9557.15082166,0.287800
D,CO2EII,PUBLISHING,1,2025,29,"2025/07/15 00:00:00",TAS1,29209.52319583,0.00000000,0.000000
D,CO2EII,PUBLISHING,1,2025,29,"2025/07/15 00:00:00",VIC1,161516.05199589,119235.22441861,0.738200
D,CO2EII,PUBLISHING,1,2025,29,"2025/07/16 00:00:00",NEM,587948.14767799,353478.08922823,0.601200
D,CO2EII,PUBLISHING,1,2025,29,"2025/07/16 00:00:00",NSW1,193210.55459703,124542.15587799,0.644600
D,CO2EII,PUBLISHING,1,2025,29,"2025/07/16 00:00:00",QLD1,164530.75877695,106955.19542921,0.650100
D,CO2EII,PUBLISHING,1,2025,29,"2025/07/16 00:00:00",SA1,34475.44505299,6784.54431369,0.196800
D,CO2EII,PUBLISHING,1,2025,29,"2025/07/16 00:00:00",TAS1,30134.70604266,0.00000000,0.000000
D,CO2EII,PUBLISHING,1,2025,29,"2025/07/16 00:00:00",VIC1,165596.68320836,115196.19360734,0.695600
D,CO2EII,PUBLISHING,1,2025,29,"2025/07/17 00:00:00",NEM,593263.19970668,358024.71350729,0.603500
D,CO2EII,PUBLISHING,1,2025,29,"2025/07/17 00:00:00",NSW1,195678.22686652,137902.85936171,0.704700
D,CO2EII,PUBLISHING,1,2025,29,"2025/07/17 00:00:00",QLD1,171557.17188299,106090.07523807,0.618400
D,CO2EII,PUBLISHING,1,2025,29,"2025/07/17 00:00:00",SA1,37042.56692042,6762.94194057,0.182600
D,CO2EII,PUBLISHING,1,2025,29,"2025/07/17 00:00:00",TAS1,32175.31732306,144.10371482,0.004500
D,CO2EII,PUBLISHING,1,2025,29,"2025/07/17 00:00:00",VIC1,156809.91671369,107124.73325212,0.683200
D,CO2EII,PUBLISHING,1,2025,29,"2025/07/18 00:00:00",NEM,598393.47699974,393214.80499065,0.657100
D,CO2EII,PUBLISHING,1,2025,29,"2025/07/18 00:00:00",NSW1,208609.06958169,151311.97523372,0.725300
D,CO2EII,PUBLISHING,1,2025,29,"2025/07/18 00:00:00",QLD1,170394.80592932,117213.46371456,0.687900
D,CO2EII,PUBLISHING,1,2025,29,"2025/07/18 00:00:00",SA1,33391.45018283,7926.20560950,0.237400
D,CO2EII,PUBLISHING,1,2025,29,"2025/07/18 00:00:00",TAS1,31750.12340985,73.00105202,0.002300
D,CO2EII,PUBLISHING,1,2025,29,"2025/07/18 00:00:00",VIC1,154248.02789605,116690.15938085,0.756500
D,CO2EII,PUBLISHING,1,2025,29,"2025/07/19 00:00:00",NEM,552431.18459130,309488.37889048,0.560200
D,CO2EII,PUBLISHING,1,2025,29,"2025/07/19 00:00:00",NSW1,177935.08007174,120681.91457684,0.678200
D,CO2EII,PUBLISHING,1,2025,29,"2025/07/19 00:00:00",QLD1,151738.55722531,101015.89140815,0.665700
D,CO2EII,PUBLISHING,1,2025,29,"2025/07/19 00:00:00",SA1,40049.43824122,4384.70271467,0.109500
D,CO2EII,PUBLISHING,1,2025,29,"2025/07/19 00:00:00",TAS1,27819.57943325,0.00000000,0.000000
D,CO2EII,PUBLISHING,1,2025,29,"2025/07/19 00:00:00",VIC1,154888.52961978,83405.87019082,0.538500
D,CO2EII,PUBLISHING,1,2025,30,"2025/07/20 00:00:00",NEM,533247.21903047,339885.28545362,0.637400
D,CO2EII,PUBLISHING,1,2025,30,"2025/07/20 00:00:00",NSW1,184505.04857228,121909.55414046,0.660700
D,CO2EII,PUBLISHING,1,2025,30,"2025/07/20 00:00:00",QLD1,152604.84348920,100545.25404670,0.658900
D,CO2EII,PUBLISHING,1,2025,30,"2025/07/20 00:00:00",SA1,32252.18148802,5565.79259589,0.172600
D,CO2EII,PUBLISHING,1,2025,30,"2025/07/20 00:00:00",TAS1,31844.38295603,0.00000000,0.000000
D,CO2EII,PUBLISHING,1,2025,30,"2025/07/20 00:00:00",VIC1,132040.76252494,111864.68467057,0.847200
D,CO2EII,PUBLISHING,1,2025,30,"2025/07/21 00:00:00",NEM,580428.20923932,297018.56449721,0.511700
D,CO2EII,PUBLISHING,1,2025,30,"2025/07/21 00:00:00",NSW1,183909.69538042,112331.16020195,0.610800
D,CO2EII,PUBLISHING,1,2025,30,"2025/07/21 00:00:00",QLD1,161671.31186128,98577.41380064,0.609700
D,CO2EII,PUBLISHING,1,2025,30,"2025/07/21 00:00:00",SA1,42369.30507612,1399.57493374,0.033000
D,CO2EII,PUBLISHING,1,2025,30,"2025/07/21 00:00:00",TAS1,30358.71022170,0.00000000,0.000000
D,CO2EII,PUBLISHING,1,2025,30,"2025/07/21 00:00:00",VIC1,162119.18669980,84710.41556088,0.522500
D,CO2EII,PUBLISHING,1,2025,30,"2025/07/22 00:00:00",NEM,594791.59504285,301741.25621892,0.507300
D,CO2EII,PUBLISHING,1,2025,30,"2025/07/22 00:00:00",NSW1,187113.90640411,118286.29396627,0.632200
D,CO2EII,PUBLISHING,1,2025,30,"2025/07/22 00:00:00",QLD1,157565.96553204,96510.43204662,0.612500
D,CO2EII,PUBLISHING,1,2025,30,"2025/07/22 00:00:00",SA1,45266.12941219,2635.11836747,0.058200
D,CO2EII,PUBLISHING,1,2025,30,"2025/07/22 00:00:00",TAS1,29324.79841361,0.00000000,0.000000
D,CO2EII,PUBLISHING,1,2025,30,"2025/07/22 00:00:00",VIC1,175520.79528090,84309.41183856,0.480300
D,CO2EII,PUBLISHING,1,2025,30,"2025/07/23 00:00:00",NEM,585598.83971190,342465.33876491,0.584800
D,CO2EII,PUBLISHING,1,2025,30,"2025/07/23 00:00:00",NSW1,190579.25674323,122266.34029985,0.641600
D,CO2EII,PUBLISHING,1,2025,30,"2025/07/23 00:00:00",QLD1,160086.16870139,107785.60624657,0.673300
D,CO2EII,PUBLISHING,1,2025,30,"2025/07/23 00:00:00",SA1,35653.69984806,6996.39297793,0.196200
D,CO2EII,PUBLISHING,1,2025,30,"2025/07/23 00:00:00",TAS1,31568.47918250,0.00000000,0.000000
D,CO2EII,PUBLISHING,1,2025,30,"2025/07/23 00:00:00",VIC1,167711.23523672,105416.99924056,0.628600
D,CO2EII,PUBLISHING,1,2025,30,"2025/07/24 00:00:00",NEM,580909.10574231,342442.66607662,0.589500
D,CO2EII,PUBLISHING,1,2025,30,"2025/07/24 00:00:00",NSW1,186427.77596064,120103.37329753,0.644200
D,CO2EII,PUBLISHING,1,2025,30,"2025/07/24 00:00:00",QLD1,166066.37167654,105157.32196345,0.633200
D,CO2EII,PUBLISHING,1,2025,30,"2025/07/24 00:00:00",SA1,44116.84708567,3413.13250167,0.077400
D,CO2EII,PUBLISHING,1,2025,30,"2025/07/24 00:00:00",TAS1,29993.49267545,0.00000000,0.000000
D,CO2EII,PUBLISHING,1,2025,30,"2025/07/24 00:00:00",VIC1,154304.61834401,113768.83831397,0.737300
D,CO2EII,PUBLISHING,1,2025,30,"2025/07/25 00:00:00",NEM,632846.57371297,341930.40037932,0.540300
D,CO2EII,PUBLISHING,1,2025,30,"2025/07/25 00:00:00",NSW1,193840.55224254,131679.45206004,0.679300
D,CO2EII,PUBLISHING,1,2025,30,"2025/07/25 00:00:00",QLD1,165596.42414839,99330.62780536,0.599800
D,CO2EII,PUBLISHING,1,2025,30,"2025/07/25 00:00:00",SA1,54928.98728660,2713.77724683,0.049400
D,CO2EII,PUBLISHING,1,2025,30,"2025/07/25 00:00:00",TAS1,30343.38082681,19.55463843,0.000600
D,CO2EII,PUBLISHING,1,2025,30,"2025/07/25 00:00:00",VIC1,188137.22920863,108186.98862866,0.575000
D,CO2EII,PUBLISHING,1,2025,30,"2025/07/26 00:00:00",NEM,575306.10417976,324189.00211766,0.563500
D,CO2EII,PUBLISHING,1,2025,30,"2025/07/26 00:00:00",NSW1,195326.96205800,116233.44825232,0.595100
D,CO2EII,PUBLISHING,1,2025,30,"2025/07/26 00:00:00",QLD1,152344.94827839,99686.61519137,0.654300
D,CO2EII,PUBLISHING,1,2025,30,"2025/07/26 00:00:00",SA1,47968.73442115,1752.14632732,0.036500
D,CO2EII,PUBLISHING,1,2025,30,"2025/07/26 00:00:00",TAS1,30092.64039609,0.00000000,0.000000
D,CO2EII,PUBLISHING,1,2025,30,"2025/07/26 00:00:00",VIC1,149572.81902613,106516.79234665,0.712100
D,CO2EII,PUBLISHING,1,2025,31,"2025/07/27 00:00:00",NEM,540809.95453668,299027.38926835,0.552900
D,CO2EII,PUBLISHING,1,2025,31,"2025/07/27 00:00:00",NSW1,181061.81129496,98583.30597483,0.544500
D,CO2EII,PUBLISHING,1,2025,31,"2025/07/27 00:00:00",QLD1,144055.75849424,90900.18714652,0.631000
D,CO2EII,PUBLISHING,1,2025,31,"2025/07/27 00:00:00",SA1,46091.18794286,947.80442390,0.020600
D,CO2EII,PUBLISHING,1,2025,31,"2025/07/27 00:00:00",TAS1,28650.29748821,0.00000000,0.000000
D,CO2EII,PUBLISHING,1,2025,31,"2025/07/27 00:00:00",VIC1,140950.89931641,108596.09172310,0.770500
D,CO2EII,PUBLISHING,1,2025,31,"2025/07/28 00:00:00",NEM,575131.84722198,327675.20026659,0.569700
D,CO2EII,PUBLISHING,1,2025,31,"2025/07/28 00:00:00",NSW1,197169.42324152,109924.28030857,0.557500
D,CO2EII,PUBLISHING,1,2025,31,"2025/07/28 00:00:00",QLD1,155983.50588447,97709.21408247,0.626400
D,CO2EII,PUBLISHING,1,2025,31,"2025/07/28 00:00:00",SA1,30346.73507450,7623.19870691,0.251200
D,CO2EII,PUBLISHING,1,2025,31,"2025/07/28 00:00:00",TAS1,31353.70275377,0.00000000,0.000000
D,CO2EII,PUBLISHING,1,2025,31,"2025/07/28 00:00:00",VIC1,160278.48026772,112418.50716864,0.701400
D,CO2EII,PUBLISHING,1,2025,31,"2025/07/29 00:00:00",NEM,587456.69668848,394370.96083661,0.671300
D,CO2EII,PUBLISHING,1,2025,31,"2025/07/29 00:00:00",NSW1,206863.59714270,140924.09754963,0.681200
D,CO2EII,PUBLISHING,1,2025,31,"2025/07/29 00:00:00",QLD1,168718.21516542,109760.67986932,0.650600
D,CO2EII,PUBLISHING,1,2025,31,"2025/07/29 00:00:00",SA1,38109.97516882,11722.64359957,0.307600
D,CO2EII,PUBLISHING,1,2025,31,"2025/07/29 00:00:00",TAS1,32887.05473547,262.30444104,0.008000
D,CO2EII,PUBLISHING,1,2025,31,"2025/07/29 00:00:00",VIC1,140877.85447607,131701.23537705,0.934900
D,CO2EII,PUBLISHING,1,2025,31,"2025/07/30 00:00:00",NEM,608034.80364250,391204.63549632,0.643400
D,CO2EII,PUBLISHING,1,2025,31,"2025/07/30 00:00:00",NSW1,212070.39761547,146312.39751071,0.689900
D,CO2EII,PUBLISHING,1,2025,31,"2025/07/30 00:00:00",QLD1,172893.92136372,105977.85684387,0.613000
D,CO2EII,PUBLISHING,1,2025,31,"2025/07/30 00:00:00",SA1,34192.33295321,10158.05721747,0.297100
D,CO2EII,PUBLISHING,1,2025,31,"2025/07/30 00:00:00",TAS1,30960.77282876,203.50505059,0.006600
D,CO2EII,PUBLISHING,1,2025,31,"2025/07/30 00:00:00",VIC1,157917.37888134,128552.81887368,0.814100
D,CO2EII,PUBLISHING,1,2025,31,"2025/07/31 00:00:00",NEM,597920.03684087,377139.44415494,0.630800
D,CO2EII,PUBLISHING,1,2025,31,"2025/07/31 00:00:00",NSW1,206887.34583865,133961.44238390,0.647500
D,CO2EII,PUBLISHING,1,2025,31,"2025/07/31 00:00:00",QLD1,164649.79179052,106882.02549840,0.649100
D,CO2EII,PUBLISHING,1,2025,31,"2025/07/31 00:00:00",SA1,33134.44926393,10097.52185650,0.304700
D,CO2EII,PUBLISHING,1,2025,31,"2025/07/31 00:00:00",TAS1,31385.85114381,220.12335503,0.007000
D,CO2EII,PUBLISHING,1,2025,31,"2025/07/31 00:00:00",VIC1,161862.59880396,125978.33106111,0.778300
D,CO2EII,PUBLISHING,1,2025,31,"2025/08/01 00:00:00",NEM,614143.97577583,401993.00542316,0.654600
D,CO2EII,PUBLISHING,1,2025,31,"2025/08/01 00:00:00",NSW1,226011.84335145,145349.11149128,0.643100
D,CO2EII,PUBLISHING,1,2025,31,"2025/08/01 00:00:00",QLD1,169875.91929179,117217.06910596,0.690000
D,CO2EII,PUBLISHING,1,2025,31,"2025/08/01 00:00:00",SA1,36851.89821890,9917.31859764,0.269100
D,CO2EII,PUBLISHING,1,2025,31,"2025/08/01 00:00:00",TAS1,31830.87125634,239.07812517,0.007500
D,CO2EII,PUBLISHING,1,2025,31,"2025/08/01 00:00:00",VIC1,149573.44365735,129270.42810311,0.864300
D,CO2EII,PUBLISHING,1,2025,31,"2025/08/02 00:00:00",NEM,560055.01485326,355625.10971867,0.635000
D,CO2EII,PUBLISHING,1,2025,31,"2025/08/02 00:00:00",NSW1,204304.89657511,121315.10402568,0.593800
D,CO2EII,PUBLISHING,1,2025,31,"2025/08/02 00:00:00",QLD1,157729.61017089,101882.49751596,0.645900
D,CO2EII,PUBLISHING,1,2025,31,"2025/08/02 00:00:00",SA1,29157.09830091,9479.41445100,0.325100
D,CO2EII,PUBLISHING,1,2025,31,"2025/08/02 00:00:00",TAS1,29780.23536967,0.00000000,0.000000
D,CO2EII,PUBLISHING,1,2025,31,"2025/08/02 00:00:00",VIC1,139083.17443668,122948.09372603,0.884000
D,CO2EII,PUBLISHING,1,2025,32,"2025/08/03 00:00:00",NEM,536918.92151723,304799.46922653,0.567700
D,CO2EII,PUBLISHING,1,2025,32,"2025/08/03 00:00:00",NSW1,183470.42224066,103832.71152279,0.565900
D,CO2EII,PUBLISHING,1,2025,32,"2025/08/03 00:00:00",QLD1,151284.24011084,92295.18108599,0.610100
D,CO2EII,PUBLISHING,1,2025,32,"2025/08/03 00:00:00",SA1,40566.04970132,1801.87830855,0.044400
D,CO2EII,PUBLISHING,1,2025,32,"2025/08/03 00:00:00",TAS1,25904.23341378,0.00000000,0.000000
D,CO2EII,PUBLISHING,1,2025,32,"2025/08/03 00:00:00",VIC1,135693.97605063,106869.69830920,0.787600
D,CO2EII,PUBLISHING,1,2025,32,"2025/08/04 00:00:00",NEM,570855.85160006,291362.18140311,0.510400
D,CO2EII,PUBLISHING,1,2025,32,"2025/08/04 00:00:00",NSW1,173487.56733418,104516.94200343,0.602400
D,CO2EII,PUBLISHING,1,2025,32,"2025/08/04 00:00:00",QLD1,152877.28657175,99594.78555759,0.651500
D,CO2EII,PUBLISHING,1,2025,32,"2025/08/04 00:00:00",SA1,45777.65251254,1045.99745314,0.022800
D,CO2EII,PUBLISHING,1,2025,32,"2025/08/04 00:00:00",TAS1,22059.13670847,642.28966672,0.029100
D,CO2EII,PUBLISHING,1,2025,32,"2025/08/04 00:00:00",VIC1,176654.20847312,85562.16672223,0.484300
D,CO2EII,PUBLISHING,1,2025,32,"2025/08/05 00:00:00",NEM,540506.60445546,292573.96859247,0.541300
D,CO2EII,PUBLISHING,1,2025,32,"2025/08/05 00:00:00",NSW1,171227.15923875,103495.04973193,0.604400
D,CO2EII,PUBLISHING,1,2025,32,"2025/08/05 00:00:00",QLD1,154502.69506436,103306.56057526,0.668600
D,CO2EII,PUBLISHING,1,2025,32,"2025/08/05 00:00:00",SA1,39620.48483762,3156.99424643,0.079700
D,CO2EII,PUBLISHING,1,2025,32,"2025/08/05 00:00:00",TAS1,22862.53193856,801.35204022,0.035100
D,CO2EII,PUBLISHING,1,2025,32,"2025/08/05 00:00:00",VIC1,152293.73337617,81814.01199863,0.537200
D,CO2EII,PUBLISHING,1,2025,32,"2025/08/06 00:00:00",NEM,544660.09743515,322273.74902985,0.591700
D,CO2EII,PUBLISHING,1,2025,32,"2025/08/06 00:00:00",NSW1,167908.65965499,105657.25862414,0.629300
D,CO2EII,PUBLISHING,1,2025,32,"2025/08/06 00:00:00",QLD1,163140.56872798,106109.83646434,0.650400
D,CO2EII,PUBLISHING,1,2025,32,"2025/08/06 00:00:00",SA1,35718.40413598,9552.00231729,0.267400
D,CO2EII,PUBLISHING,1,2025,32,"2025/08/06 00:00:00",TAS1,27881.33348006,221.34556072,0.007900
D,CO2EII,PUBLISHING,1,2025,32,"2025/08/06 00:00:00",VIC1,150011.13143614,100733.30606336,0.671500
D,CO2EII,PUBLISHING,1,2025,32,"2025/08/07 00:00:00",NEM,574496.71727818,374012.67742422,0.651000
D,CO2EII,PUBLISHING,1,2025,32,"2025/08/07 00:00:00",NSW1,192596.59095335,134475.77472823,0.698200
D,CO2EII,PUBLISHING,1,2025,32,"2025/08/07 00:00:00",QLD1,174400.38328052,109622.38333399,0.628600
D,CO2EII,PUBLISHING,1,2025,32,"2025/08/07 00:00:00",SA1,39347.60055336,11306.88100941,0.287400
D,CO2EII,PUBLISHING,1,2025,32,"2025/08/07 00:00:00",TAS1,28932.59456039,69.04636864,0.002400
D,CO2EII,PUBLISHING,1,2025,32,"2025/08/07 00:00:00",VIC1,139219.54793056,118538.59198395,0.851500
D,CO2EII,PUBLISHING,1,2025,32,"2025/08/08 00:00:00",NEM,576385.31147464,358786.45544141,0.622500
D,CO2EII,PUBLISHING,1,2025,32,"2025/08/08 00:00:00",NSW1,190723.29394517,125798.03076479,0.659600
D,CO2EII,PUBLISHING,1,2025,32,"2025/08/08 00:00:00",QLD1,175925.63907525,111293.78713200,0.632600
D,CO2EII,PUBLISHING,1,2025,32,"2025/08/08 00:00:00",SA1,40595.72536043,6574.70224017,0.162000
D,CO2EII,PUBLISHING,1,2025,32,"2025/08/08 00:00:00",TAS1,27886.86066536,90.86321574,0.003300
D,CO2EII,PUBLISHING,1,2025,32,"2025/08/08 00:00:00",VIC1,141253.79242843,115029.07208871,0.814300
D,CO2EII,PUBLISHING,1,2025,32,"2025/08/09 00:00:00",NEM,532157.87333453,334238.36891034,0.628100
D,CO2EII,PUBLISHING,1,2025,32,"2025/08/09 00:00:00",NSW1,192033.66615290,113805.37888975,0.592600
D,CO2EII,PUBLISHING,1,2025,32,"2025/08/09 00:00:00",QLD1,157819.87861945,101002.26330939,0.640000
D,CO2EII,PUBLISHING,1,2025,32,"2025/08/09 00:00:00",SA1,32951.21120858,7442.80807407,0.225900
D,CO2EII,PUBLISHING,1,2025,32,"2025/08/09 00:00:00",TAS1,25720.70016410,0.00000000,0.000000
D,CO2EII,PUBLISHING,1,2025,32,"2025/08/09 00:00:00",VIC1,123632.41718950,111987.91863713,0.905800
D,CO2EII,PUBLISHING,1,2025,33,"2025/08/10 00:00:00",NEM,516669.80179137,326808.10412141,0.632500
D,CO2EII,PUBLISHING,1,2025,33,"2025/08/10 00:00:00",NSW1,181367.79671677,111818.08764886,0.616500
D,CO2EII,PUBLISHING,1,2025,33,"2025/08/10 00:00:00",QLD1,160725.49114401,101444.90845990,0.631200
D,CO2EII,PUBLISHING,1,2025,33,"2025/08/10 00:00:00",SA1,30072.26037239,5672.87638683,0.188600
D,CO2EII,PUBLISHING,1,2025,33,"2025/08/10 00:00:00",TAS1,24671.48118677,0.00000000,0.000000
D,CO2EII,PUBLISHING,1,2025,33,"2025/08/10 00:00:00",VIC1,119832.77237143,107872.23162582,0.900200
D,CO2EII,PUBLISHING,1,2025,33,"2025/08/11 00:00:00",NEM,552248.74519810,326033.41560945,0.590400
D,CO2EII,PUBLISHING,1,2025,33,"2025/08/11 00:00:00",NSW1,180209.77413796,114803.64954819,0.637100
D,CO2EII,PUBLISHING,1,2025,33,"2025/08/11 00:00:00",QLD1,168868.57662941,103153.30466909,0.610800
D,CO2EII,PUBLISHING,1,2025,33,"2025/08/11 00:00:00",SA1,42441.74005592,4194.19409215,0.098800
D,CO2EII,PUBLISHING,1,2025,33,"2025/08/11 00:00:00",TAS1,24398.30702084,426.26925641,0.017500
D,CO2EII,PUBLISHING,1,2025,33,"2025/08/11 00:00:00",VIC1,136330.34735397,103455.99804361,0.758900
D,CO2EII,PUBLISHING,1,2025,33,"2025/08/12 00:00:00",NEM,562217.93340497,346770.95702016,0.616800
D,CO2EII,PUBLISHING,1,2025,33,"2025/08/12 00:00:00",NSW1,183622.00546506,125979.70718547,0.686100
D,CO2EII,PUBLISHING,1,2025,33,"2025/08/12 00:00:00",QLD1,165401.44623712,104198.04321767,0.630000
D,CO2EII,PUBLISHING,1,2025,33,"2025/08/12 00:00:00",SA1,33875.94419861,8495.70586010,0.250800
D,CO2EII,PUBLISHING,1,2025,33,"2025/08/12 00:00:00",TAS1,26909.27438570,2896.27210291,0.107600
D,CO2EII,PUBLISHING,1,2025,33,"2025/08/12 00:00:00",VIC1,152409.26311848,105201.22865401,0.690300
D,CO2EII,PUBLISHING,1,2025,33,"2025/08/13 00:00:00",NEM,552483.03985362,373098.18205858,0.675300
D,CO2EII,PUBLISHING,1,2025,33,"2025/08/13 00:00:00",NSW1,190110.30571297,139382.93894150,0.733200
D,CO2EII,PUBLISHING,1,2025,33,"2025/08/13 00:00:00",QLD1,167158.99474729,110401.18755310,0.660500
D,CO2EII,PUBLISHING,1,2025,33,"2025/08/13 00:00:00",SA1,34902.29162603,12963.93062921,0.371400
D,CO2EII,PUBLISHING,1,2025,33,"2025/08/13 00:00:00",TAS1,27968.27412041,2899.84451465,0.103700
D,CO2EII,PUBLISHING,1,2025,33,"2025/08/13 00:00:00",VIC1,132343.17364692,107450.28042012,0.811900
D,CO2EII,PUBLISHING,1,2025,33,"2025/08/14 00:00:00",NEM,563950.03906305,345241.62122965,0.612200
D,CO2EII,PUBLISHING,1,2025,33,"2025/08/14 00:00:00",NSW1,196305.01799100,134389.47450969,0.684600
D,CO2EII,PUBLISHING,1,2025,33,"2025/08/14 00:00:00",QLD1,163174.39261281,108416.53307851,0.664400
D,CO2EII,PUBLISHING,1,2025,33,"2025/08/14 00:00:00",SA1,42837.14230451,5338.90678444,0.124600
D,CO2EII,PUBLISHING,1,2025,33,"2025/08/14 00:00:00",TAS1,26194.19274096,2796.45875361,0.106800
D,CO2EII,PUBLISHING,1,2025,33,"2025/08/14 00:00:00",VIC1,135439.29341377,94300.24810340,0.696300
D,CO2EII,PUBLISHING,1,2025,33,"2025/08/15 00:00:00",NEM,563457.10358591,308619.98683606,0.547700
D,CO2EII,PUBLISHING,1,2025,33,"2025/08/15 00:00:00",NSW1,182415.67483475,118230.85107621,0.648100
D,CO2EII,PUBLISHING,1,2025,33,"2025/08/15 00:00:00",QLD1,149917.48933581,101221.74896504,0.675200
D,CO2EII,PUBLISHING,1,2025,33,"2025/08/15 00:00:00",SA1,41784.65129852,2166.75198111,0.051900
D,CO2EII,PUBLISHING,1,2025,33,"2025/08/15 00:00:00",TAS1,28928.04689059,2416.94245756,0.083600
D,CO2EII,PUBLISHING,1,2025,33,"2025/08/15 00:00:00",VIC1,160411.24122624,84583.69235614,0.527300
D,CO2EII,PUBLISHING,1,2025,33,"2025/08/16 00:00:00",NEM,520187.06750517,304292.48152475,0.585000
D,CO2EII,PUBLISHING,1,2025,33,"2025/08/16 00:00:00",NSW1,182798.97168641,110322.45096159,0.603500
D,CO2EII,PUBLISHING,1,2025,33,"2025/08/16 00:00:00",QLD1,143836.68505069,95587.79372330,0.664600
D,CO2EII,PUBLISHING,1,2025,33,"2025/08/16 00:00:00",SA1,38660.01324392,4030.86545089,0.104300
D,CO2EII,PUBLISHING,1,2025,33,"2025/08/16 00:00:00",TAS1,26357.30106054,2455.39569629,0.093200
D,CO2EII,PUBLISHING,1,2025,33,"2025/08/16 00:00:00",VIC1,128534.09646361,91895.97569268,0.715000
D,CO2EII,PUBLISHING,1,2025,34,"2025/08/17 00:00:00",NEM,518385.83856831,327169.70210141,0.631100
D,CO2EII,PUBLISHING,1,2025,34,"2025/08/17 00:00:00",NSW1,172708.89862436,115607.11805472,0.669400
D,CO2EII,PUBLISHING,1,2025,34,"2025/08/17 00:00:00",QLD1,150816.53001640,96335.43200230,0.638800
D,CO2EII,PUBLISHING,1,2025,34,"2025/08/17 00:00:00",SA1,39365.29820523,5755.90825826,0.146200
D,CO2EII,PUBLISHING,1,2025,34,"2025/08/17 00:00:00",TAS1,28676.57664815,2907.28960376,0.101400
D,CO2EII,PUBLISHING,1,2025,34,"2025/08/17 00:00:00",VIC1,126818.53507417,106563.95418237,0.840300
D,CO2EII,PUBLISHING,1,2025,34,"2025/08/18 00:00:00",NEM,594546.36460223,357598.16716306,0.601500
D,CO2EII,PUBLISHING,1,2025,34,"2025/08/18 00:00:00",NSW1,209586.75780422,128106.47890976,0.611200
D,CO2EII,PUBLISHING,1,2025,34,"2025/08/18 00:00:00",QLD1,167982.63387640,105795.70628492,0.629800
D,CO2EII,PUBLISHING,1,2025,34,"2025/08/18 00:00:00",SA1,42639.93722836,10204.34228300,0.239300
D,CO2EII,PUBLISHING,1,2025,34,"2025/08/18 00:00:00",TAS1,33216.78411408,3146.82614319,0.094700
D,CO2EII,PUBLISHING,1,2025,34,"2025/08/18 00:00:00",VIC1,141120.25157917,110344.81354219,0.781900
D,CO2EII,PUBLISHING,1,2025,34,"2025/08/19 00:00:00",NEM,589894.58504076,352837.86124882,0.598100
D,CO2EII,PUBLISHING,1,2025,34,"2025/08/19 00:00:00",NSW1,209811.39739088,124299.48337666,0.592400
D,CO2EII,PUBLISHING,1,2025,34,"2025/08/19 00:00:00",QLD1,178842.29898745,108354.04803497,0.605900
D,CO2EII,PUBLISHING,1,2025,34,"2025/08/19 00:00:00",SA1,41289.07431283,9244.15842593,0.223900
D,CO2EII,PUBLISHING,1,2025,34,"2025/08/19 00:00:00",TAS1,31707.57873731,3158.84602038,0.099600
D,CO2EII,PUBLISHING,1,2025,34,"2025/08/19 00:00:00",VIC1,128244.23561229,107781.32539088,0.840400
D,CO2EII,PUBLISHING,1,2025,34,"2025/08/20 00:00:00",NEM,593938.15568953,344683.31545106,0.580300
D,CO2EII,PUBLISHING,1,2025,34,"2025/08/20 00:00:00",NSW1,207676.08860880,123782.61227915,0.596000
D,CO2EII,PUBLISHING,1,2025,34,"2025/08/20 00:00:00",QLD1,184947.93278853,110094.86574319,0.595300
D,CO2EII,PUBLISHING,1,2025,34,"2025/08/20 00:00:00",SA1,43709.67452070,4532.65543055,0.103700
D,CO2EII,PUBLISHING,1,2025,34,"2025/08/20 00:00:00",TAS1,29276.05187052,2902.34394082,0.099100
D,CO2EII,PUBLISHING,1,2025,34,"2025/08/20 00:00:00",VIC1,128328.40790098,103370.83805735,0.805500
D,CO2EII,PUBLISHING,1,2025,34,"2025/08/21 00:00:00",NEM,580450.80104687,342004.83329240,0.589200
D,CO2EII,PUBLISHING,1,2025,34,"2025/08/21 00:00:00",NSW1,206997.70703872,125893.96907106,0.608200
D,CO2EII,PUBLISHING,1,2025,34,"2025/08/21 00:00:00",QLD1,169025.12921006,107770.76044935,0.637600
D,CO2EII,PUBLISHING,1,2025,34,"2025/08/21 00:00:00",SA1,49275.91530787,4128.33027882,0.083800
D,CO2EII,PUBLISHING,1,2025,34,"2025/08/21 00:00:00",TAS1,27958.84576096,2664.09222234,0.095300
D,CO2EII,PUBLISHING,1,2025,34,"2025/08/21 00:00:00",VIC1,127193.20372926,101547.68127083,0.798400
D,CO2EII,PUBLISHING,1,2025,34,"2025/08/22 00:00:00",NEM,551072.53189188,329810.51131229,0.598500
D,CO2EII,PUBLISHING,1,2025,34,"2025/08/22 00:00:00",NSW1,171464.79531222,114714.31388212,0.669000
D,CO2EII,PUBLISHING,1,2025,34,"2025/08/22 00:00:00",QLD1,164097.15970757,107502.29223708,0.655100
D,CO2EII,PUBLISHING,1,2025,34,"2025/08/22 00:00:00",SA1,36681.29264457,4588.27103298,0.125100
D,CO2EII,PUBLISHING,1,2025,34,"2025/08/22 00:00:00",TAS1,26675.90909650,2892.71870436,0.108400
D,CO2EII,PUBLISHING,1,2025,34,"2025/08/22 00:00:00",VIC1,152153.37513102,100112.91545575,0.658000
D,CO2EII,PUBLISHING,1,2025,34,"2025/08/23 00:00:00",NEM,479296.38517300,310519.97776959,0.647900
D,CO2EII,PUBLISHING,1,2025,34,"2025/08/23 00:00:00",NSW1,160741.83455924,101968.69360252,0.634400
D,CO2EII,PUBLISHING,1,2025,34,"2025/08/23 00:00:00",QLD1,149922.64907389,98919.69360691,0.659800
D,CO2EII,PUBLISHING,1,2025,34,"2025/08/23 00:00:00",SA1,28222.05267681,7727.32860001,0.273800
D,CO2EII,PUBLISHING,1,2025,34,"2025/08/23 00:00:00",TAS1,25557.62040807,2903.98845663,0.113600
D,CO2EII,PUBLISHING,1,2025,34,"2025/08/23 00:00:00",VIC1,114852.22845499,99000.27350352,0.862000
D,CO2EII,PUBLISHING,1,2025,35,"2025/08/24 00:00:00",NEM,479936.38588254,310619.77795986,0.647200
D,CO2EII,PUBLISHING,1,2025,35,"2025/08/24 00:00:00",NSW1,154994.24166227,102838.58106297,0.663500
D,CO2EII,PUBLISHING,1,2025,35,"2025/08/24 00:00:00",QLD1,150110.27484909,98685.59385392,0.657400
D,CO2EII,PUBLISHING,1,2025,35,"2025/08/24 00:00:00",SA1,37477.28593721,3562.39615705,0.095100
D,CO2EII,PUBLISHING,1,2025,35,"2025/08/24 00:00:00",TAS1,25178.85200541,2903.51852602,0.115300
D,CO2EII,PUBLISHING,1,2025,35,"2025/08/24 00:00:00",VIC1,112175.73142856,102629.68835990,0.914900
D,CO2EII,PUBLISHING,1,2025,35,"2025/08/25 00:00:00",NEM,529028.10759627,305535.44351345,0.577500
D,CO2EII,PUBLISHING,1,2025,35,"2025/08/25 00:00:00",NSW1,160783.30595387,104396.16544563,0.649300
D,CO2EII,PUBLISHING,1,2025,35,"2025/08/25 00:00:00",QLD1,153034.10353471,97329.15985711,0.636000
D,CO2EII,PUBLISHING,1,2025,35,"2025/08/25 00:00:00",SA1,45926.28232809,2023.99292056,0.044100
D,CO2EII,PUBLISHING,1,2025,35,"2025/08/25 00:00:00",TAS1,27353.06380125,2903.44620426,0.106100
D,CO2EII,PUBLISHING,1,2025,35,"2025/08/25 00:00:00",VIC1,141931.35197835,98882.67908589,0.696700
D,CO2EII,PUBLISHING,1,2025,35,"2025/08/26 00:00:00",NEM,525716.18513986,276229.43736918,0.525400
D,CO2EII,PUBLISHING,1,2025,35,"2025/08/26 00:00:00",NSW1,160396.06880868,94977.84162789,0.592100
D,CO2EII,PUBLISHING,1,2025,35,"2025/08/26 00:00:00",QLD1,145145.13984771,93298.00849081,0.642800
D,CO2EII,PUBLISHING,1,2025,35,"2025/08/26 00:00:00",SA1,37581.18424494,1305.11360817,0.034700
D,CO2EII,PUBLISHING,1,2025,35,"2025/08/26 00:00:00",TAS1,29470.54422542,2898.77203258,0.098400
D,CO2EII,PUBLISHING,1,2025,35,"2025/08/26 00:00:00",VIC1,153123.24801311,83749.70160973,0.546900
D,CO2EII,PUBLISHING,1,2025,35,"2025/08/27 00:00:00",NEM,539392.08250525,254698.27078836,0.472200
D,CO2EII,PUBLISHING,1,2025,35,"2025/08/27 00:00:00",NSW1,171375.31814130,83501.24388439,0.487200
D,CO2EII,PUBLISHING,1,2025,35,"2025/08/27 00:00:00",QLD1,141726.71354858,91882.37025708,0.648300
D,CO2EII,PUBLISHING,1,2025,35,"2025/08/27 00:00:00",SA1,39922.18776630,1101.84430244,0.027600
D,CO2EII,PUBLISHING,1,2025,35,"2025/08/27 00:00:00",TAS1,28308.22401590,1466.21335607,0.051800
D,CO2EII,PUBLISHING,1,2025,35,"2025/08/27 00:00:00",VIC1,158059.63903317,76746.59898838,0.485600
D,CO2EII,PUBLISHING,1,2025,35,"2025/08/28 00:00:00",NEM,536133.51826058,252825.47367701,0.471600
D,CO2EII,PUBLISHING,1,2025,35,"2025/08/28 00:00:00",NSW1,169570.43886523,82611.96876113,0.487200
D,CO2EII,PUBLISHING,1,2025,35,"2025/08/28 00:00:00",QLD1,146352.36228014,92276.39982183,0.630500
D,CO2EII,PUBLISHING,1,2025,35,"2025/08/28 00:00:00",SA1,45389.47531637,1442.43281317,0.031800
D,CO2EII,PUBLISHING,1,2025,35,"2025/08/28 00:00:00",TAS1,30057.32545187,0.00000000,0.000000
D,CO2EII,PUBLISHING,1,2025,35,"2025/08/28 00:00:00",VIC1,144763.91634697,76494.67228088,0.528400
D,CO2EII,PUBLISHING,1,2025,35,"2025/08/29 00:00:00",NEM,554108.72418602,254742.20729460,0.459700
D,CO2EII,PUBLISHING,1,2025,35,"2025/08/29 00:00:00",NSW1,168056.99837929,83004.73942636,0.493900
D,CO2EII,PUBLISHING,1,2025,35,"2025/08/29 00:00:00",QLD1,147216.66015079,93215.31183847,0.633200
D,CO2EII,PUBLISHING,1,2025,35,"2025/08/29 00:00:00",SA1,44768.66892294,1275.04819053,0.028500
D,CO2EII,PUBLISHING,1,2025,35,"2025/08/29 00:00:00",TAS1,30666.71633499,0.00000000,0.000000
D,CO2EII,PUBLISHING,1,2025,35,"2025/08/29 00:00:00",VIC1,163399.68039801,77247.10783924,0.472700
D,CO2EII,PUBLISHING,1,2025,35,"2025/08/30 00:00:00",NEM,519021.32563721,242425.79862820,0.467100
D,CO2EII,PUBLISHING,1,2025,35,"2025/08/30 00:00:00",NSW1,166802.40694643,83512.01401132,0.500700
D,CO2EII,PUBLISHING,1,2025,35,"2025/08/30 00:00:00",QLD1,141749.34455244,84997.44157573,0.599600
D,CO2EII,PUBLISHING,1,2025,35,"2025/08/30 00:00:00",SA1,31763.72306368,3581.51730275,0.112800
D,CO2EII,PUBLISHING,1,2025,35,"2025/08/30 00:00:00",TAS1,32068.31309490,0.00000000,0.000000
D,CO2EII,PUBLISHING,1,2025,35,"2025/08/30 00:00:00",VIC1,146637.53797976,70334.82573840,0.479700
D,CO2EII,PUBLISHING,1,2025,36,"2025/08/31 00:00:00",NEM,491414.67160406,280567.08861787,0.570900
D,CO2EII,PUBLISHING,1,2025,36,"2025/08/31 00:00:00",NSW1,150904.06762808,89174.14277948,0.590900
D,CO2EII,PUBLISHING,1,2025,36,"2025/08/31 00:00:00",QLD1,149089.71883441,93283.24542741,0.625700
D,CO2EII,PUBLISHING,1,2025,36,"2025/08/31 00:00:00",SA1,22560.40067967,6531.60197012,0.289500
D,CO2EII,PUBLISHING,1,2025,36,"2025/08/31 00:00:00",TAS1,32269.55573351,0.00000000,0.000000
D,CO2EII,PUBLISHING,1,2025,36,"2025/08/31 00:00:00",VIC1,136590.92872839,91578.09844086,0.670500
D,CO2EII,PUBLISHING,1,2025,36,"2025/09/01 00:00:00",NEM,533910.67804439,337730.28198773,0.632600
D,CO2EII,PUBLISHING,1,2025,36,"2025/09/01 00:00:00",NSW1,164511.43580915,106380.98636968,0.646600
D,CO2EII,PUBLISHING,1,2025,36,"2025/09/01 00:00:00",QLD1,167949.25509219,112363.42023496,0.669000
D,CO2EII,PUBLISHING,1,2025,36,"2025/09/01 00:00:00",SA1,29697.40147504,10884.91685743,0.366500
D,CO2EII,PUBLISHING,1,2025,36,"2025/09/01 00:00:00",TAS1,34820.75164207,314.03373144,0.009000
D,CO2EII,PUBLISHING,1,2025,36,"2025/09/01 00:00:00",VIC1,136931.83402594,107786.92479422,0.787200
D,CO2EII,PUBLISHING,1,2025,36,"2025/09/02 00:00:00",NEM,526675.82130181,300724.07244604,0.571000
D,CO2EII,PUBLISHING,1,2025,36,"2025/09/02 00:00:00",NSW1,162338.88720785,102176.75855893,0.629400
D,CO2EII,PUBLISHING,1,2025,36,"2025/09/02 00:00:00",QLD1,152270.88565105,102783.93485393,0.675000
D,CO2EII,PUBLISHING,1,2025,36,"2025/09/02 00:00:00",SA1,32207.51603693,3763.49027384,0.116900
D,CO2EII,PUBLISHING,1,2025,36,"2025/09/02 00:00:00",TAS1,32659.09970543,87.90783281,0.002700
D,CO2EII,PUBLISHING,1,2025,36,"2025/09/02 00:00:00",VIC1,147199.43270055,91911.98092653,0.624400
D,CO2EII,PUBLISHING,1,2025,36,"2025/09/03 00:00:00",NEM,516582.12801451,271133.66996132,0.524900
D,CO2EII,PUBLISHING,1,2025,36,"2025/09/03 00:00:00",NSW1,162145.75409557,93432.83837003,0.576200
D,CO2EII,PUBLISHING,1,2025,36,"2025/09/03 00:00:00",QLD1,142788.67953920,95808.57852387,0.671000
D,CO2EII,PUBLISHING,1,2025,36,"2025/09/03 00:00:00",SA1,31912.99899606,2942.76939998,0.092200
D,CO2EII,PUBLISHING,1,2025,36,"2025/09/03 00:00:00",TAS1,31646.32965484,0.00000000,0.000000
D,CO2EII,PUBLISHING,1,2025,36,"2025/09/03 00:00:00",VIC1,148088.36572884,78949.48366744,0.533100
D,CO2EII,PUBLISHING,1,2025,36,"2025/09/04 00:00:00",NEM,525269.19929545,272624.43062738,0.519000
D,CO2EII,PUBLISHING,1,2025,36,"2025/09/04 00:00:00",NSW1,171967.33390932,91815.96810967,0.533900
D,CO2EII,PUBLISHING,1,2025,36,"2025/09/04 00:00:00",QLD1,145283.81238622,93139.50487082,0.641100
D,CO2EII,PUBLISHING,1,2025,36,"2025/09/04 00:00:00",SA1,28573.40591295,4991.29375882,0.174700
D,CO2EII,PUBLISHING,1,2025,36,"2025/09/04 00:00:00",TAS1,34232.14457659,0.00000000,0.000000
D,CO2EII,PUBLISHING,1,2025,36,"2025/09/04 00:00:00",VIC1,145212.50251037,82677.66388807,0.569400
D,CO2EII,PUBLISHING,1,2025,36,"2025/09/05 00:00:00",NEM,516944.25898240,281458.18778160,0.544500
D,CO2EII,PUBLISHING,1,2025,36,"2025/09/05 00:00:00",NSW1,168275.60255811,97736.31535468,0.580800
D,CO2EII,PUBLISHING,1,2025,36,"2025/09/05 00:00:00",QLD1,149205.66537356,98639.97934088,0.661100
D,CO2EII,PUBLISHING,1,2025,36,"2025/09/05 00:00:00",SA1,46124.26153010,2328.22879038,0.050500
D,CO2EII,PUBLISHING,1,2025,36,"2025/09/05 00:00:00",TAS1,32426.86183896,0.00000000,0.000000
D,CO2EII,PUBLISHING,1,2025,36,"2025/09/05 00:00:00",VIC1,120911.86768167,82753.66429566,0.684400
D,CO2EII,PUBLISHING,1,2025,36,"2025/09/06 00:00:00",NEM,478402.62897893,226288.04524744,0.473000
D,CO2EII,PUBLISHING,1,2025,36,"2025/09/06 00:00:00",NSW1,139160.08002991,79236.73100722,0.569400
D,CO2EII,PUBLISHING,1,2025,36,"2025/09/06 00:00:00",QLD1,141635.92709224,83352.84580536,0.588500
D,CO2EII,PUBLISHING,1,2025,36,"2025/09/06 00:00:00",SA1,40000.87692668,720.30915139,0.018000
D,CO2EII,PUBLISHING,1,2025,36,"2025/09/06 00:00:00",TAS1,29496.75808289,0.00000000,0.000000
D,CO2EII,PUBLISHING,1,2025,36,"2025/09/06 00:00:00",VIC1,128108.98684721,62978.15928347,0.491600
D,CO2EII,PUBLISHING,1,2025,37,"2025/09/07 00:00:00",NEM,456208.30418451,214131.21401241,0.469400
D,CO2EII,PUBLISHING,1,2025,37,"2025/09/07 00:00:00",NSW1,134019.94581341,75992.72638963,0.567000
D,CO2EII,PUBLISHING,1,2025,37,"2025/09/07 00:00:00",QLD1,133949.23257396,81387.11987683,0.607600
D,CO2EII,PUBLISHING,1,2025,37,"2025/09/07 00:00:00",SA1,28786.65489895,907.35574611,0.031500
D,CO2EII,PUBLISHING,1,2025,37,"2025/09/07 00:00:00",TAS1,30175.22169193,0.00000000,0.000000
D,CO2EII,PUBLISHING,1,2025,37,"2025/09/07 00:00:00",VIC1,129277.24920626,55844.01199984,0.432000
D,CO2EII,PUBLISHING,1,2025,37,"2025/09/08 00:00:00",NEM,483964.12485840,231423.23067976,0.478200
D,CO2EII,PUBLISHING,1,2025,37,"2025/09/08 00:00:00",NSW1,152510.01836336,76388.63952607,0.500900
D,CO2EII,PUBLISHING,1,2025,37,"2025/09/08 00:00:00",QLD1,144678.02259354,87531.86077825,0.605000
D,CO2EII,PUBLISHING,1,2025,37,"2025/09/08 00:00:00",SA1,18284.50419606,2161.54758072,0.118200
D,CO2EII,PUBLISHING,1,2025,37,"2025/09/08 00:00:00",TAS1,30252.73879522,0.00000000,0.000000
D,CO2EII,PUBLISHING,1,2025,37,"2025/09/08 00:00:00",VIC1,138238.84091022,65341.18279472,0.472700
D,CO2EII,PUBLISHING,1,2025,37,"2025/09/09 00:00:00",NEM,499736.76195599,279468.50996482,0.559200
D,CO2EII,PUBLISHING,1,2025,37,"2025/09/09 00:00:00",NSW1,162878.51946696,101387.21643653,0.622500
D,CO2EII,PUBLISHING,1,2025,37,"2025/09/09 00:00:00",QLD1,146105.50565337,92051.86563066,0.630000
D,CO2EII,PUBLISHING,1,2025,37,"2025/09/09 00:00:00",SA1,36398.84106330,5406.23646297,0.148500
D,CO2EII,PUBLISHING,1,2025,37,"2025/09/09 00:00:00",TAS1,32307.07798847,0.00000000,0.000000
D,CO2EII,PUBLISHING,1,2025,37,"2025/09/09 00:00:00",VIC1,122046.81778389,80623.19143466,0.660600
D,CO2EII,PUBLISHING,1,2025,37,"2025/09/10 00:00:00",NEM,543177.62979965,301732.28964253,0.555500
D,CO2EII,PUBLISHING,1,2025,37,"2025/09/10 00:00:00",NSW1,180511.28502688,121338.95253076,0.672200
D,CO2EII,PUBLISHING,1,2025,37,"2025/09/10 00:00:00",QLD1,152572.08379738,92108.73337230,0.603700
D,CO2EII,PUBLISHING,1,2025,37,"2025/09/10 00:00:00",SA1,41981.28349134,4532.84869409,0.108000
D,CO2EII,PUBLISHING,1,2025,37,"2025/09/10 00:00:00",TAS1,31628.79648146,0.00000000,0.000000
D,CO2EII,PUBLISHING,1,2025,37,"2025/09/10 00:00:00",VIC1,136484.18100259,83751.75504538,0.613600
D,CO2EII,PUBLISHING,1,2025,37,"2025/09/11 00:00:00",NEM,519020.99975875,281828.94209747,0.543000
D,CO2EII,PUBLISHING,1,2025,37,"2025/09/11 00:00:00",NSW1,176635.15450408,112646.23234354,0.637700
D,CO2EII,PUBLISHING,1,2025,37,"2025/09/11 00:00:00",QLD1,144136.05775043,86148.19895523,0.597700
D,CO2EII,PUBLISHING,1,2025,37,"2025/09/11 00:00:00",SA1,29817.50946097,4309.72894579,0.144500
D,CO2EII,PUBLISHING,1,2025,37,"2025/09/11 00:00:00",TAS1,31983.45612576,0.00000000,0.000000
D,CO2EII,PUBLISHING,1,2025,37,"2025/09/11 00:00:00",VIC1,136448.82191751,78724.78185291,0.577000
D,CO2EII,PUBLISHING,1,2025,37,"2025/09/12 00:00:00",NEM,501090.58201773,280441.88809259,0.559700
D,CO2EII,PUBLISHING,1,2025,37,"2025/09/12 00:00:00",NSW1,167526.53377532,105166.73828286,0.627800
D,CO2EII,PUBLISHING,1,2025,37,"2025/09/12 00:00:00",QLD1,149000.45345664,92321.77857000,0.619600
D,CO2EII,PUBLISHING,1,2025,37,"2025/09/12 00:00:00",SA1,26236.62421332,7017.62324022,0.267500
D,CO2EII,PUBLISHING,1,2025,37,"2025/09/12 00:00:00",TAS1,33322.77370111,0.00000000,0.000000
D,CO2EII,PUBLISHING,1,2025,37,"2025/09/12 00:00:00",VIC1,125004.19687134,75935.74799951,0.607500
D,CO2EII,PUBLISHING,1,2025,37,"2025/09/13 00:00:00",NEM,461172.15339002,271046.80203437,0.587700
D,CO2EII,PUBLISHING,1,2025,37,"2025/09/13 00:00:00",NSW1,153019.20505447,97819.72257849,0.639300
D,CO2EII,PUBLISHING,1,2025,37,"2025/09/13 00:00:00",QLD1,150611.54204860,96013.02409856,0.637500
D,CO2EII,PUBLISHING,1,2025,37,"2025/09/13 00:00:00",SA1,25086.48560322,5473.44254017,0.218200
D,CO2EII,PUBLISHING,1,2025,37,"2025/09/13 00:00:00",TAS1,32184.29252754,0.00000000,0.000000
D,CO2EII,PUBLISHING,1,2025,37,"2025/09/13 00:00:00",VIC1,100270.62815619,71740.61281715,0.715500
D,CO2EII,PUBLISHING,1,2025,38,"2025/09/14 00:00:00",NEM,438591.20165311,218052.94145865,0.497200
D,CO2EII,PUBLISHING,1,2025,38,"2025/09/14 00:00:00",NSW1,122073.46889680,77798.96179338,0.637300
D,CO2EII,PUBLISHING,1,2025,38,"2025/09/14 00:00:00",QLD1,137129.46849141,86955.81568045,0.634100
D,CO2EII,PUBLISHING,1,2025,38,"2025/09/14 00:00:00",SA1,34990.44503223,1033.05194348,0.029500
D,CO2EII,PUBLISHING,1,2025,38,"2025/09/14 00:00:00",TAS1,27077.65600300,0.00000000,0.000000
D,CO2EII,PUBLISHING,1,2025,38,"2025/09/14 00:00:00",VIC1,117320.16322967,52265.11204134,0.445500
D,CO2EII,PUBLISHING,1,2025,38,"2025/09/15 00:00:00",NEM,468044.17791570,213497.20885747,0.456100
D,CO2EII,PUBLISHING,1,2025,38,"2025/09/15 00:00:00",NSW1,138628.47010013,73626.82571229,0.531100
D,CO2EII,PUBLISHING,1,2025,38,"2025/09/15 00:00:00",QLD1,142344.42927607,86531.35948282,0.607900
D,CO2EII,PUBLISHING,1,2025,38,"2025/09/15 00:00:00",SA1,31534.06388062,1127.52006241,0.035800
D,CO2EII,PUBLISHING,1,2025,38,"2025/09/15 00:00:00",TAS1,26563.26862942,0.00000000,0.000000
D,CO2EII,PUBLISHING,1,2025,38,"2025/09/15 00:00:00",VIC1,128973.94602946,52211.50359995,0.404800
D,CO2EII,PUBLISHING,1,2025,38,"2025/09/16 00:00:00",NEM,498768.50812172,228536.71360408,0.458200
D,CO2EII,PUBLISHING,1,2025,38,"2025/09/16 00:00:00",NSW1,151505.60107423,80318.77603843,0.530100
D,CO2EII,PUBLISHING,1,2025,38,"2025/09/16 00:00:00",QLD1,146816.28500607,87811.92097427,0.598100
D,CO2EII,PUBLISHING,1,2025,38,"2025/09/16 00:00:00",SA1,33825.03441575,1049.84475087,0.031000
D,CO2EII,PUBLISHING,1,2025,38,"2025/09/16 00:00:00",TAS1,28134.22591463,0.00000000,0.000000
D,CO2EII,PUBLISHING,1,2025,38,"2025/09/16 00:00:00",VIC1,138487.36171104,59356.17184051,0.428600
D,CO2EII,PUBLISHING,1,2025,38,"2025/09/17 00:00:00",NEM,491056.16238989,252182.83310286,0.513600
D,CO2EII,PUBLISHING,1,2025,38,"2025/09/17 00:00:00",NSW1,152681.87353206,86199.76191817,0.564600
D,CO2EII,PUBLISHING,1,2025,38,"2025/09/17 00:00:00",QLD1,150702.55298395,91860.75680767,0.609600
D,CO2EII,PUBLISHING,1,2025,38,"2025/09/17 00:00:00",SA1,27997.28115202,5343.50759631,0.190900
D,CO2EII,PUBLISHING,1,2025,38,"2025/09/17 00:00:00",TAS1,30815.13666641,0.00000000,0.000000
D,CO2EII,PUBLISHING,1,2025,38,"2025/09/17 00:00:00",VIC1,128859.31805545,68778.80678071,0.533800
D,CO2EII,PUBLISHING,1,2025,38,"2025/09/18 00:00:00",NEM,477625.89478850,258244.33746038,0.540700
D,CO2EII,PUBLISHING,1,2025,38,"2025/09/18 00:00:00",NSW1,135900.90242704,88709.33794647,0.652800
D,CO2EII,PUBLISHING,1,2025,38,"2025/09/18 00:00:00",QLD1,150390.94284860,93063.53002952,0.618800
D,CO2EII,PUBLISHING,1,2025,38,"2025/09/18 00:00:00",SA1,25730.26877826,1634.38910359,0.063500
D,CO2EII,PUBLISHING,1,2025,38,"2025/09/18 00:00:00",TAS1,30454.52658874,0.00000000,0.000000
D,CO2EII,PUBLISHING,1,2025,38,"2025/09/18 00:00:00",VIC1,135149.25414586,74837.08038080,0.553700
D,CO2EII,PUBLISHING,1,2025,38,"2025/09/19 00:00:00",NEM,486182.17741491,236990.54908658,0.487500
D,CO2EII,PUBLISHING,1,2025,38,"2025/09/19 00:00:00",NSW1,135857.31074163,85165.66684089,0.626900
D,CO2EII,PUBLISHING,1,2025,38,"2025/09/19 00:00:00",QLD1,152232.82591227,89707.35232703,0.589300
D,CO2EII,PUBLISHING,1,2025,38,"2025/09/19 00:00:00",SA1,33840.35535936,1036.47091090,0.030600
D,CO2EII,PUBLISHING,1,2025,38,"2025/09/19 00:00:00",TAS1,28371.65345147,0.00000000,0.000000
D,CO2EII,PUBLISHING,1,2025,38,"2025/09/19 00:00:00",VIC1,135880.03195018,61081.05900776,0.449500
D,CO2EII,PUBLISHING,1,2025,38,"2025/09/20 00:00:00",NEM,470740.09268768,222082.94796647,0.471800
D,CO2EII,PUBLISHING,1,2025,38,"2025/09/20 00:00:00",NSW1,143706.42350914,71669.87446478,0.498700
D,CO2EII,PUBLISHING,1,2025,38,"2025/09/20 00:00:00",QLD1,137330.12869953,90831.95927381,0.661400
D,CO2EII,PUBLISHING,1,2025,38,"2025/09/20 00:00:00",SA1,36277.21131019,1097.85715886,0.030300
D,CO2EII,PUBLISHING,1,2025,38,"2025/09/20 00:00:00",TAS1,29605.91270273,0.00000000,0.000000
D,CO2EII,PUBLISHING,1,2025,38,"2025/09/20 00:00:00",VIC1,123820.41646609,58483.25706902,0.472300
D,CO2EII,PUBLISHING,1,2025,39,"2025/09/21 00:00:00",NEM,458238.14353726,218671.68969878,0.477200
D,CO2EII,PUBLISHING,1,2025,39,"2025/09/21 00:00:00",NSW1,131864.15147874,74943.42191480,0.568300
D,CO2EII,PUBLISHING,1,2025,39,"2025/09/21 00:00:00",QLD1,132151.00854224,86204.31917817,0.652300
D,CO2EII,PUBLISHING,1,2025,39,"2025/09/21 00:00:00",SA1,37517.68425014,1104.32057082,0.029400
D,CO2EII,PUBLISHING,1,2025,39,"2025/09/21 00:00:00",TAS1,28789.71299856,0.00000000,0.000000
D,CO2EII,PUBLISHING,1,2025,39,"2025/09/21 00:00:00",VIC1,127915.58626758,56419.62803499,0.441100
D,CO2EII,PUBLISHING,1,2025,39,"2025/09/22 00:00:00",NEM,491135.88991848,246324.96055006,0.501500
D,CO2EII,PUBLISHING,1,2025,39,"2025/09/22 00:00:00",NSW1,147089.33174806,81052.49429961,0.551000
D,CO2EII,PUBLISHING,1,2025,39,"2025/09/22 00:00:00",QLD1,149425.48124153,91968.74792024,0.615500
D,CO2EII,PUBLISHING,1,2025,39,"2025/09/22 00:00:00",SA1,33190.66863667,3689.74409711,0.111200
D,CO2EII,PUBLISHING,1,2025,39,"2025/09/22 00:00:00",TAS1,31094.51862005,0.00000000,0.000000
D,CO2EII,PUBLISHING,1,2025,39,"2025/09/22 00:00:00",VIC1,130335.88967217,69613.97423310,0.534100
D,CO2EII,PUBLISHING,1,2025,39,"2025/09/23 00:00:00",NEM,483089.27831819,263752.74214394,0.546000
D,CO2EII,PUBLISHING,1,2025,39,"2025/09/23 00:00:00",NSW1,142408.88720432,89874.71705821,0.631100
D,CO2EII,PUBLISHING,1,2025,39,"2025/09/23 00:00:00",QLD1,149419.79151802,95902.06114404,0.641800
D,CO2EII,PUBLISHING,1,2025,39,"2025/09/23 00:00:00",SA1,30687.78324476,5157.53989050,0.168100
D,CO2EII,PUBLISHING,1,2025,39,"2025/09/23 00:00:00",TAS1,31716.68070005,0.00000000,0.000000
D,CO2EII,PUBLISHING,1,2025,39,"2025/09/23 00:00:00",VIC1,128856.13565104,72818.42405119,0.565100
D,CO2EII,PUBLISHING,1,2025,39,"2025/09/24 00:00:00",NEM,479895.48764592,249018.44023707,0.518900
D,CO2EII,PUBLISHING,1,2025,39,"2025/09/24 00:00:00",NSW1,146071.29507141,81886.05001083,0.560600
D,CO2EII,PUBLISHING,1,2025,39,"2025/09/24 00:00:00",QLD1,148095.61869915,94440.47105397,0.637700
D,CO2EII,PUBLISHING,1,2025,39,"2025/09/24 00:00:00",SA1,26712.22937207,4117.10337411,0.154100
D,CO2EII,PUBLISHING,1,2025,39,"2025/09/24 00:00:00",TAS1,29516.15272417,0.00000000,0.000000
D,CO2EII,PUBLISHING,1,2025,39,"2025/09/24 00:00:00",VIC1,129500.19177912,68574.81579816,0.529500
D,CO2EII,PUBLISHING,1,2025,39,"2025/09/25 00:00:00",NEM,484616.08239650,240313.46559600,0.495900
D,CO2EII,PUBLISHING,1,2025,39,"2025/09/25 00:00:00",NSW1,142604.04152215,77794.13141997,0.545500
D,CO2EII,PUBLISHING,1,2025,39,"2025/09/25 00:00:00",QLD1,147773.63961830,94649.59244796,0.640500
D,CO2EII,PUBLISHING,1,2025,39,"2025/09/25 00:00:00",SA1,29976.69294143,4120.42796145,0.137500
D,CO2EII,PUBLISHING,1,2025,39,"2025/09/25 00:00:00",TAS1,28975.12969035,0.00000000,0.000000
D,CO2EII,PUBLISHING,1,2025,39,"2025/09/25 00:00:00",VIC1,135286.57862427,63749.31376662,0.471200
D,CO2EII,PUBLISHING,1,2025,39,"2025/09/26 00:00:00",NEM,471791.59044681,225378.72990357,0.477700
D,CO2EII,PUBLISHING,1,2025,39,"2025/09/26 00:00:00",NSW1,146559.74465961,73107.93094169,0.498800
D,CO2EII,PUBLISHING,1,2025,39,"2025/09/26 00:00:00",QLD1,139205.96586656,90712.25727033,0.651600
D,CO2EII,PUBLISHING,1,2025,39,"2025/09/26 00:00:00",SA1,29158.28128372,1339.35427667,0.045900
D,CO2EII,PUBLISHING,1,2025,39,"2025/09/26 00:00:00",TAS1,29183.57948902,0.00000000,0.000000
D,CO2EII,PUBLISHING,1,2025,39,"2025/09/26 00:00:00",VIC1,127684.01914790,60219.18741488,0.471600
D,CO2EII,PUBLISHING,1,2025,39,"2025/09/27 00:00:00",NEM,436874.09343991,224121.99170037,0.513000
D,CO2EII,PUBLISHING,1,2025,39,"2025/09/27 00:00:00",NSW1,138442.19608108,69483.05253240,0.501900
D,CO2EII,PUBLISHING,1,2025,39,"2025/09/27 00:00:00",QLD1,134099.54916084,80735.09654427,0.602100
D,CO2EII,PUBLISHING,1,2025,39,"2025/09/27 00:00:00",SA1,17543.97668543,1178.62109181,0.067200
D,CO2EII,PUBLISHING,1,2025,39,"2025/09/27 00:00:00",TAS1,26775.63110725,0.00000000,0.000000
D,CO2EII,PUBLISHING,1,2025,39,"2025/09/27 00:00:00",VIC1,120012.74040531,72725.22153189,0.606000
D,CO2EII,PUBLISHING,1,2025,40,"2025/09/28 00:00:00",NEM,427269.45865881,251267.48968329,0.588100
D,CO2EII,PUBLISHING,1,2025,40,"2025/09/28 00:00:00",NSW1,139612.14536151,76479.27580827,0.547800
D,CO2EII,PUBLISHING,1,2025,40,"2025/09/28 00:00:00",QLD1,138452.41750494,88472.83118623,0.639000
D,CO2EII,PUBLISHING,1,2025,40,"2025/09/28 00:00:00",SA1,18488.60144063,3316.69129354,0.179400
D,CO2EII,PUBLISHING,1,2025,40,"2025/09/28 00:00:00",TAS1,27713.41264236,53.66050465,0.001900
D,CO2EII,PUBLISHING,1,2025,40,"2025/09/28 00:00:00",VIC1,103002.88170937,82945.03089060,0.805300
D,CO2EII,PUBLISHING,1,2025,40,"2025/09/29 00:00:00",NEM,474157.66576471,261479.85102144,0.551500
D,CO2EII,PUBLISHING,1,2025,40,"2025/09/29 00:00:00",NSW1,135770.11161120,78699.03719888,0.579600
D,CO2EII,PUBLISHING,1,2025,40,"2025/09/29 00:00:00",QLD1,153419.95524892,101009.03730965,0.658400
D,CO2EII,PUBLISHING,1,2025,40,"2025/09/29 00:00:00",SA1,32330.73843841,1963.82420084,0.060700
D,CO2EII,PUBLISHING,1,2025,40,"2025/09/29 00:00:00",TAS1,29153.83056499,0.00000000,0.000000
D,CO2EII,PUBLISHING,1,2025,40,"2025/09/29 00:00:00",VIC1,123483.02990119,79807.95231207,0.646300
D,CO2EII,PUBLISHING,1,2025,40,"2025/09/30 00:00:00",NEM,491611.83219207,247860.02389604,0.504200
D,CO2EII,PUBLISHING,1,2025,40,"2025/09/30 00:00:00",NSW1,148544.21446735,77819.31049229,0.523900
D,CO2EII,PUBLISHING,1,2025,40,"2025/09/30 00:00:00",QLD1,153448.11743827,95966.88382525,0.625400
D,CO2EII,PUBLISHING,1,2025,40,"2025/09/30 00:00:00",SA1,38827.60337110,931.14582200,0.024000
D,CO2EII,PUBLISHING,1,2025,40,"2025/09/30 00:00:00",TAS1,29562.01463811,0.00000000,0.000000
D,CO2EII,PUBLISHING,1,2025,40,"2025/09/30 00:00:00",VIC1,121229.88227724,73142.68375650,0.603300
D,CO2EII,PUBLISHING,1,2025,40,"2025/10/01 00:00:00",NEM,501265.90269727,220889.22427156,0.440700
D,CO2EII,PUBLISHING,1,2025,40,"2025/10/01 00:00:00",NSW1,151261.51677825,71281.39286577,0.471200
D,CO2EII,PUBLISHING,1,2025,40,"2025/10/01 00:00:00",QLD1,151238.12767227,93436.08103729,0.617800
D,CO2EII,PUBLISHING,1,2025,40,"2025/10/01 00:00:00",SA1,41780.15097936,625.56131106,0.015000
D,CO2EII,PUBLISHING,1,2025,40,"2025/10/01 00:00:00",TAS1,27557.80473301,0.00000000,0.000000
D,CO2EII,PUBLISHING,1,2025,40,"2025/10/01 00:00:00",VIC1,129428.30253438,55546.18905744,0.429200
D,CO2EII,PUBLISHING,1,2025,40,"2025/10/02 00:00:00",NEM,505075.65650691,219933.43658248,0.435400
D,CO2EII,PUBLISHING,1,2025,40,"2025/10/02 00:00:00",NSW1,151725.08240067,66939.50273634,0.441200
D,CO2EII,PUBLISHING,1,2025,40,"2025/10/02 00:00:00",QLD1,149167.65599709,92659.21008294,0.621200
D,CO2EII,PUBLISHING,1,2025,40,"2025/10/02 00:00:00",SA1,33591.04102933,703.53143073,0.020900
D,CO2EII,PUBLISHING,1,2025,40,"2025/10/02 00:00:00",TAS1,29298.71011657,0.00000000,0.000000
D,CO2EII,PUBLISHING,1,2025,40,"2025/10/02 00:00:00",VIC1,141293.16696325,59631.19233247,0.422000
D,CO2EII,PUBLISHING,1,2025,40,"2025/10/03 00:00:00",NEM,469582.44870818,232332.57107086,0.494800
D,CO2EII,PUBLISHING,1,2025,40,"2025/10/03 00:00:00",NSW1,152700.64796329,72296.35250740,0.473500
D,CO2EII,PUBLISHING,1,2025,40,"2025/10/03 00:00:00",QLD1,143281.02790614,87329.87411087,0.609500
D,CO2EII,PUBLISHING,1,2025,40,"2025/10/03 00:00:00",SA1,20208.82626650,3556.58280435,0.176000
D,CO2EII,PUBLISHING,1,2025,40,"2025/10/03 00:00:00",TAS1,29651.20965274,0.00000000,0.000000
D,CO2EII,PUBLISHING,1,2025,40,"2025/10/03 00:00:00",VIC1,123740.73691951,69149.76164824,0.558800
D,CO2EII,PUBLISHING,1,2025,40,"2025/10/04 00:00:00",NEM,414562.37631546,223969.57024219,0.540300
D,CO2EII,PUBLISHING,1,2025,40,"2025/10/04 00:00:00",NSW1,128162.10564198,73448.84108864,0.573100
D,CO2EII,PUBLISHING,1,2025,40,"2025/10/04 00:00:00",QLD1,136612.51743848,82860.78483421,0.606500
D,CO2EII,PUBLISHING,1,2025,40,"2025/10/04 00:00:00",SA1,30629.16390674,1771.93116243,0.057900
D,CO2EII,PUBLISHING,1,2025,40,"2025/10/04 00:00:00",TAS1,28075.23913203,0.00000000,0.000000
D,CO2EII,PUBLISHING,1,2025,40,"2025/10/04 00:00:00",VIC1,91083.35019623,65888.01315691,0.723400
D,CO2EII,PUBLISHING,1,2025,41,"2025/10/05 00:00:00",NEM,433836.84189002,196621.59755499,0.453200
D,CO2EII,PUBLISHING,1,2025,41,"2025/10/05 00:00:00",NSW1,125626.54418741,61920.57310708,0.492900
D,CO2EII,PUBLISHING,1,2025,41,"2025/10/05 00:00:00",QLD1,131295.66690729,81875.52978326,0.623600
D,CO2EII,PUBLISHING,1,2025,41,"2025/10/05 00:00:00",SA1,31921.40235943,705.34204367,0.022100
D,CO2EII,PUBLISHING,1,2025,41,"2025/10/05 00:00:00",TAS1,25194.64270675,0.00000000,0.000000
D,CO2EII,PUBLISHING,1,2025,41,"2025/10/05 00:00:00",VIC1,119798.58572914,52120.15262098,0.435100
D,CO2EII,PUBLISHING,1,2025,41,"2025/10/06 00:00:00",NEM,456805.07616236,230224.88398204,0.504000
D,CO2EII,PUBLISHING,1,2025,41,"2025/10/06 00:00:00",NSW1,150314.45550504,70347.08781037,0.468000
D,CO2EII,PUBLISHING,1,2025,41,"2025/10/06 00:00:00",QLD1,136647.92809613,85333.15553482,0.624500
D,CO2EII,PUBLISHING,1,2025,41,"2025/10/06 00:00:00",SA1,21617.73741987,3057.16087651,0.141400
D,CO2EII,PUBLISHING,1,2025,41,"2025/10/06 00:00:00",TAS1,29296.96583857,0.00000000,0.000000
D,CO2EII,PUBLISHING,1,2025,41,"2025/10/06 00:00:00",VIC1,118927.98930275,71487.47976034,0.601100
D,CO2EII,PUBLISHING,1,2025,41,"2025/10/07 00:00:00",NEM,476023.13791496,262558.46730863,0.551600
D,CO2EII,PUBLISHING,1,2025,41,"2025/10/07 00:00:00",NSW1,148463.79093461,89430.07412568,0.602400
D,CO2EII,PUBLISHING,1,2025,41,"2025/10/07 00:00:00",QLD1,155507.38549289,92978.81211066,0.597900
D,CO2EII,PUBLISHING,1,2025,41,"2025/10/07 00:00:00",SA1,16769.22014597,4895.20642878,0.291900
D,CO2EII,PUBLISHING,1,2025,41,"2025/10/07 00:00:00",TAS1,30230.59853507,0.00000000,0.000000
D,CO2EII,PUBLISHING,1,2025,41,"2025/10/07 00:00:00",VIC1,125052.14280642,75254.37464351,0.601800
D,CO2EII,PUBLISHING,1,2025,41,"2025/10/08 00:00:00",NEM,481271.61575554,241380.06704391,0.501500
D,CO2EII,PUBLISHING,1,2025,41,"2025/10/08 00:00:00",NSW1,154316.03355021,78100.25891574,0.506100
D,CO2EII,PUBLISHING,1,2025,41,"2025/10/08 00:00:00",QLD1,153094.70781727,89483.58387321,0.584500
D,CO2EII,PUBLISHING,1,2025,41,"2025/10/08 00:00:00",SA1,19357.93539166,2276.88445081,0.117600
D,CO2EII,PUBLISHING,1,2025,41,"2025/10/08 00:00:00",TAS1,28462.85537225,0.00000000,0.000000
D,CO2EII,PUBLISHING,1,2025,41,"2025/10/08 00:00:00",VIC1,126040.08362415,71519.33980415,0.567400
D,CO2EII,PUBLISHING,1,2025,41,"2025/10/09 00:00:00",NEM,495834.97267407,240251.84702828,0.484500
D,CO2EII,PUBLISHING,1,2025,41,"2025/10/09 00:00:00",NSW1,162007.93212960,92694.64362883,0.572200
D,CO2EII,PUBLISHING,1,2025,41,"2025/10/09 00:00:00",QLD1,156473.09920686,89498.51245163,0.572000
D,CO2EII,PUBLISHING,1,2025,41,"2025/10/09 00:00:00",SA1,29154.99096900,798.00010721,0.027400
D,CO2EII,PUBLISHING,1,2025,41,"2025/10/09 00:00:00",TAS1,28216.56314315,0.00000000,0.000000
D,CO2EII,PUBLISHING,1,2025,41,"2025/10/09 00:00:00",VIC1,119982.38722546,57260.69084061,0.477200
D,CO2EII,PUBLISHING,1,2025,41,"2025/10/10 00:00:00",NEM,480666.21920999,212830.76910259,0.442800
D,CO2EII,PUBLISHING,1,2025,41,"2025/10/10 00:00:00",NSW1,151779.38769404,71572.51279875,0.471600
D,CO2EII,PUBLISHING,1,2025,41,"2025/10/10 00:00:00",QLD1,154452.30792869,92650.85221973,0.599900
D,CO2EII,PUBLISHING,1,2025,41,"2025/10/10 00:00:00",SA1,29963.10474162,1034.59774845,0.034500
D,CO2EII,PUBLISHING,1,2025,41,"2025/10/10 00:00:00",TAS1,29002.46621834,0.00000000,0.000000
D,CO2EII,PUBLISHING,1,2025,41,"2025/10/10 00:00:00",VIC1,115468.95262730,47572.80633566,0.412000
D,CO2EII,PUBLISHING,1,2025,41,"2025/10/11 00:00:00",NEM,447506.39851914,197415.66842781,0.441100
D,CO2EII,PUBLISHING,1,2025,41,"2025/10/11 00:00:00",NSW1,139689.07555342,62359.94792513,0.446400
D,CO2EII,PUBLISHING,1,2025,41,"2025/10/11 00:00:00",QLD1,141941.24555875,86393.21368103,0.608700
D,CO2EII,PUBLISHING,1,2025,41,"2025/10/11 00:00:00",SA1,26144.09599424,1033.70153574,0.039500
D,CO2EII,PUBLISHING,1,2025,41,"2025/10/11 00:00:00",TAS1,29332.05403073,0.00000000,0.000000
D,CO2EII,PUBLISHING,1,2025,41,"2025/10/11 00:00:00",VIC1,110399.92738200,47628.80528591,0.431400
D,CO2EII,PUBLISHING,1,2025,42,"2025/10/12 00:00:00",NEM,462404.99455722,229726.11966638,0.496800
D,CO2EII,PUBLISHING,1,2025,42,"2025/10/12 00:00:00",NSW1,145977.05868206,72627.63902620,0.497500
D,CO2EII,PUBLISHING,1,2025,42,"2025/10/12 00:00:00",QLD1,148004.46970523,94851.93356338,0.640900
D,CO2EII,PUBLISHING,1,2025,42,"2025/10/12 00:00:00",SA1,24227.07481418,1245.39164142,0.051400
D,CO2EII,PUBLISHING,1,2025,42,"2025/10/12 00:00:00",TAS1,29264.56261346,0.00000000,0.000000
D,CO2EII,PUBLISHING,1,2025,42,"2025/10/12 00:00:00",VIC1,114931.82874229,61001.15543538,0.530800
D,CO2EII,PUBLISHING,1,2025,42,"2025/10/13 00:00:00",NEM,470387.25810468,267111.94602469,0.567900
D,CO2EII,PUBLISHING,1,2025,42,"2025/10/13 00:00:00",NSW1,151432.05293621,81400.21261249,0.537500
D,CO2EII,PUBLISHING,1,2025,42,"2025/10/13 00:00:00",QLD1,160653.64291242,103510.69545490,0.644300
D,CO2EII,PUBLISHING,1,2025,42,"2025/10/13 00:00:00",SA1,24924.72893654,4411.13397647,0.177000
D,CO2EII,PUBLISHING,1,2025,42,"2025/10/13 00:00:00",TAS1,32072.10122657,0.00000000,0.000000
D,CO2EII,PUBLISHING,1,2025,42,"2025/10/13 00:00:00",VIC1,101304.73209294,77789.90398083,0.767900
D,CO2EII,PUBLISHING,1,2025,42,"2025/10/14 00:00:00",NEM,468336.03419547,252628.42384986,0.539400
D,CO2EII,PUBLISHING,1,2025,42,"2025/10/14 00:00:00",NSW1,150750.58309103,83517.62176791,0.554000
D,CO2EII,PUBLISHING,1,2025,42,"2025/10/14 00:00:00",QLD1,155876.38442611,94381.41723018,0.605500
D,CO2EII,PUBLISHING,1,2025,42,"2025/10/14 00:00:00",SA1,18444.73716619,3213.82203424,0.174200
D,CO2EII,PUBLISHING,1,2025,42,"2025/10/14 00:00:00",TAS1,28756.99481334,0.00000000,0.000000
D,CO2EII,PUBLISHING,1,2025,42,"2025/10/14 00:00:00",VIC1,114507.33469880,71515.56281753,0.624600
D,CO2EII,PUBLISHING,1,2025,42,"2025/10/15 00:00:00",NEM,456802.27504330,260786.50132096,0.570900
D,CO2EII,PUBLISHING,1,2025,42,"2025/10/15 00:00:00",NSW1,151037.80279073,91309.14791266,0.604500
D,CO2EII,PUBLISHING,1,2025,42,"2025/10/15 00:00:00",QLD1,155717.21322378,97681.37686570,0.627300
D,CO2EII,PUBLISHING,1,2025,42,"2025/10/15 00:00:00",SA1,25893.27601955,5240.37146309,0.202400
D,CO2EII,PUBLISHING,1,2025,42,"2025/10/15 00:00:00",TAS1,28950.49405520,0.00000000,0.000000
D,CO2EII,PUBLISHING,1,2025,42,"2025/10/15 00:00:00",VIC1,95203.48895404,66555.60507951,0.699100
D,CO2EII,PUBLISHING,1,2025,42,"2025/10/16 00:00:00",NEM,483178.60720444,225357.53476800,0.466400
D,CO2EII,PUBLISHING,1,2025,42,"2025/10/16 00:00:00",NSW1,150836.76005509,82495.78732676,0.546900
D,CO2EII,PUBLISHING,1,2025,42,"2025/10/16 00:00:00",QLD1,148458.11781620,90421.67295923,0.609100
D,CO2EII,PUBLISHING,1,2025,42,"2025/10/16 00:00:00",SA1,31944.88225926,1531.19880873,0.047900
D,CO2EII,PUBLISHING,1,2025,42,"2025/10/16 00:00:00",TAS1,28309.43058438,0.00000000,0.000000
D,CO2EII,PUBLISHING,1,2025,42,"2025/10/16 00:00:00",VIC1,123629.41648951,50908.87567328,0.411800
D,CO2EII,PUBLISHING,1,2025,42,"2025/10/17 00:00:00",NEM,474141.91146868,248822.83564893,0.524800
D,CO2EII,PUBLISHING,1,2025,42,"2025/10/17 00:00:00",NSW1,174794.71452728,92105.60812861,0.526900
D,CO2EII,PUBLISHING,1,2025,42,"2025/10/17 00:00:00",QLD1,148181.52428563,93866.21571744,0.633500
D,CO2EII,PUBLISHING,1,2025,42,"2025/10/17 00:00:00",SA1,21117.19901168,3135.06994573,0.148500
D,CO2EII,PUBLISHING,1,2025,42,"2025/10/17 00:00:00",TAS1,29740.31763997,0.00000000,0.000000
D,CO2EII,PUBLISHING,1,2025,42,"2025/10/17 00:00:00",VIC1,100308.15600412,59715.94185715,0.595300
D,CO2EII,PUBLISHING,1,2025,42,"2025/10/18 00:00:00",NEM,428295.70669953,235933.28962959,0.550900
D,CO2EII,PUBLISHING,1,2025,42,"2025/10/18 00:00:00",NSW1,137744.98849088,80261.19108748,0.582700
D,CO2EII,PUBLISHING,1,2025,42,"2025/10/18 00:00:00",QLD1,148051.61216388,92657.49338555,0.625800
D,CO2EII,PUBLISHING,1,2025,42,"2025/10/18 00:00:00",SA1,20254.32563871,2142.58483473,0.105800
D,CO2EII,PUBLISHING,1,2025,42,"2025/10/18 00:00:00",TAS1,28921.76489492,0.00000000,0.000000
D,CO2EII,PUBLISHING,1,2025,42,"2025/10/18 00:00:00",VIC1,93323.01551114,60872.02032183,0.652300
D,CO2EII,PUBLISHING,1,2025,43,"2025/10/19 00:00:00",NEM,451714.50853518,223233.76098048,0.494200
D,CO2EII,PUBLISHING,1,2025,43,"2025/10/19 00:00:00",NSW1,125231.45652253,71723.24077390,0.572700
D,CO2EII,PUBLISHING,1,2025,43,"2025/10/19 00:00:00",QLD1,151744.42451216,90290.51761610,0.595000
D,CO2EII,PUBLISHING,1,2025,43,"2025/10/19 00:00:00",SA1,31967.69138564,2369.48765354,0.074100
D,CO2EII,PUBLISHING,1,2025,43,"2025/10/19 00:00:00",TAS1,28353.06021326,0.00000000,0.000000
D,CO2EII,PUBLISHING,1,2025,43,"2025/10/19 00:00:00",VIC1,114417.87590159,58850.51493694,0.514300
D,CO2EII,PUBLISHING,1,2025,43,"2025/10/20 00:00:00",NEM,512079.90819744,276593.59353321,0.540100
D,CO2EII,PUBLISHING,1,2025,43,"2025/10/20 00:00:00",NSW1,174416.94227791,93118.53311494,0.533900
D,CO2EII,PUBLISHING,1,2025,43,"2025/10/20 00:00:00",QLD1,165183.69958608,100222.86936451,0.606700
D,CO2EII,PUBLISHING,1,2025,43,"2025/10/20 00:00:00",SA1,32927.94285949,7140.44143144,0.216900
D,CO2EII,PUBLISHING,1,2025,43,"2025/10/20 00:00:00",TAS1,26593.87661166,0.00000000,0.000000
D,CO2EII,PUBLISHING,1,2025,43,"2025/10/20 00:00:00",VIC1,112957.44686230,76111.74962232,0.673800
D,CO2EII,PUBLISHING,1,2025,43,"2025/10/21 00:00:00",NEM,488404.03221486,281097.46210503,0.575500
D,CO2EII,PUBLISHING,1,2025,43,"2025/10/21 00:00:00",NSW1,153928.27489580,99129.52455357,0.644000
D,CO2EII,PUBLISHING,1,2025,43,"2025/10/21 00:00:00",QLD1,162137.83079415,99669.11060705,0.614700
D,CO2EII,PUBLISHING,1,2025,43,"2025/10/21 00:00:00",SA1,40864.49270762,6637.54577925,0.162400
D,CO2EII,PUBLISHING,1,2025,43,"2025/10/21 00:00:00",TAS1,27178.48342645,0.00000000,0.000000
D,CO2EII,PUBLISHING,1,2025,43,"2025/10/21 00:00:00",VIC1,104294.95039084,75661.28116516,0.725500
D,CO2EII,PUBLISHING,1,2025,43,"2025/10/22 00:00:00",NEM,530705.85708499,249268.04871010,0.469700
D,CO2EII,PUBLISHING,1,2025,43,"2025/10/22 00:00:00",NSW1,174467.47444599,92986.99026134,0.533000
D,CO2EII,PUBLISHING,1,2025,43,"2025/10/22 00:00:00",QLD1,158890.38633617,96074.32842673,0.604700
D,CO2EII,PUBLISHING,1,2025,43,"2025/10/22 00:00:00",SA1,30671.99946907,1346.76753785,0.043900
D,CO2EII,PUBLISHING,1,2025,43,"2025/10/22 00:00:00",TAS1,30309.68027746,0.00000000,0.000000
D,CO2EII,PUBLISHING,1,2025,43,"2025/10/22 00:00:00",VIC1,136366.31655630,58859.96248418,0.431600
D,CO2EII,PUBLISHING,1,2025,43,"2025/10/23 00:00:00",NEM,485303.12063033,284377.49318312,0.586000
D,CO2EII,PUBLISHING,1,2025,43,"2025/10/23 00:00:00",NSW1,148136.27271911,83390.36431989,0.562900
D,CO2EII,PUBLISHING,1,2025,43,"2025/10/23 00:00:00",QLD1,173314.41887442,108226.35836023,0.624500
D,CO2EII,PUBLISHING,1,2025,43,"2025/10/23 00:00:00",SA1,23307.53765570,6753.66239246,0.289800
D,CO2EII,PUBLISHING,1,2025,43,"2025/10/23 00:00:00",TAS1,27918.68648105,0.00000000,0.000000
D,CO2EII,PUBLISHING,1,2025,43,"2025/10/23 00:00:00",VIC1,112626.20490005,86007.10811054,0.763700
D,CO2EII,PUBLISHING,1,2025,43,"2025/10/24 00:00:00",NEM,474340.46872028,275662.21334016,0.581100
D,CO2EII,PUBLISHING,1,2025,43,"2025/10/24 00:00:00",NSW1,144676.55927885,80045.28291220,0.553300
D,CO2EII,PUBLISHING,1,2025,43,"2025/10/24 00:00:00",QLD1,176064.77484305,104862.27970481,0.595600
D,CO2EII,PUBLISHING,1,2025,43,"2025/10/24 00:00:00",SA1,24929.75166483,7242.92547872,0.290500
D,CO2EII,PUBLISHING,1,2025,43,"2025/10/24 00:00:00",TAS1,27145.17376264,0.00000000,0.000000
D,CO2EII,PUBLISHING,1,2025,43,"2025/10/24 00:00:00",VIC1,101524.20917091,83511.72524443,0.822600
D,CO2EII,PUBLISHING,1,2025,43,"2025/10/25 00:00:00",NEM,463086.00115735,268408.93164617,0.579600
D,CO2EII,PUBLISHING,1,2025,43,"2025/10/25 00:00:00",NSW1,132228.82354068,82602.09179876,0.624700
D,CO2EII,PUBLISHING,1,2025,43,"2025/10/25 00:00:00",QLD1,162715.69359201,97990.59681751,0.602200
D,CO2EII,PUBLISHING,1,2025,43,"2025/10/25 00:00:00",SA1,38349.41648920,3799.33175681,0.099100
D,CO2EII,PUBLISHING,1,2025,43,"2025/10/25 00:00:00",TAS1,29691.43082505,0.00000000,0.000000
D,CO2EII,PUBLISHING,1,2025,43,"2025/10/25 00:00:00",VIC1,100100.63671041,84016.91127309,0.839300
D,CO2EII,PUBLISHING,1,2025,44,"2025/10/26 00:00:00",NEM,484362.22907339,247935.24183312,0.511900
D,CO2EII,PUBLISHING,1,2025,44,"2025/10/26 00:00:00",NSW1,154040.88596343,77295.44131611,0.501800
D,CO2EII,PUBLISHING,1,2025,44,"2025/10/26 00:00:00",QLD1,151584.59150212,90846.82354460,0.599300
D,CO2EII,PUBLISHING,1,2025,44,"2025/10/26 00:00:00",SA1,36458.65562113,1042.61088875,0.028600
D,CO2EII,PUBLISHING,1,2025,44,"2025/10/26 00:00:00",TAS1,27533.27529123,0.00000000,0.000000
D,CO2EII,PUBLISHING,1,2025,44,"2025/10/26 00:00:00",VIC1,114744.82069548,78750.36608366,0.686300
D,CO2EII,PUBLISHING,1,2025,44,"2025/10/27 00:00:00",NEM,522779.37235806,248589.06920293,0.475500
D,CO2EII,PUBLISHING,1,2025,44,"2025/10/27 00:00:00",NSW1,163662.88845836,75961.29154976,0.464100
D,CO2EII,PUBLISHING,1,2025,44,"2025/10/27 00:00:00",QLD1,163934.42959444,100234.54118088,0.611400
D,CO2EII,PUBLISHING,1,2025,44,"2025/10/27 00:00:00",SA1,30899.38284198,1798.82580521,0.058200
D,CO2EII,PUBLISHING,1,2025,44,"2025/10/27 00:00:00",TAS1,26277.38186165,36.63933380,0.001400
D,CO2EII,PUBLISHING,1,2025,44,"2025/10/27 00:00:00",VIC1,138005.28960163,70557.77133328,0.511300
D,CO2EII,PUBLISHING,1,2025,44,"2025/10/28 00:00:00",NEM,506570.77100850,279171.26684647,0.551100
D,CO2EII,PUBLISHING,1,2025,44,"2025/10/28 00:00:00",NSW1,178749.41554336,87735.84980551,0.490800
D,CO2EII,PUBLISHING,1,2025,44,"2025/10/28 00:00:00",QLD1,161580.70898116,111644.31411918,0.691000
D,CO2EII,PUBLISHING,1,2025,44,"2025/10/28 00:00:00",SA1,27023.49818654,3245.83377107,0.120100
D,CO2EII,PUBLISHING,1,2025,44,"2025/10/28 00:00:00",TAS1,24578.56173198,31.39624680,0.001300
D,CO2EII,PUBLISHING,1,2025,44,"2025/10/28 00:00:00",VIC1,114638.58656546,76513.87290391,0.667400
D,CO2EII,PUBLISHING,1,2025,44,"2025/10/29 00:00:00",NEM,477512.64700633,280832.86187165,0.588100
D,CO2EII,PUBLISHING,1,2025,44,"2025/10/29 00:00:00",NSW1,160252.64351143,89621.73620813,0.559300
D,CO2EII,PUBLISHING,1,2025,44,"2025/10/29 00:00:00",QLD1,156312.92831285,101545.87845382,0.649600
D,CO2EII,PUBLISHING,1,2025,44,"2025/10/29 00:00:00",SA1,24249.26678892,5932.31798447,0.244600
D,CO2EII,PUBLISHING,1,2025,44,"2025/10/29 00:00:00",TAS1,27068.52697959,54.83830411,0.002000
D,CO2EII,PUBLISHING,1,2025,44,"2025/10/29 00:00:00",VIC1,109629.28141354,83678.09092112,0.763300
D,CO2EII,PUBLISHING,1,2025,44,"2025/10/30 00:00:00",NEM,472317.72954963,266874.98993572,0.565000
D,CO2EII,PUBLISHING,1,2025,44,"2025/10/30 00:00:00",NSW1,139417.68671587,75695.85450486,0.542900
D,CO2EII,PUBLISHING,1,2025,44,"2025/10/30 00:00:00",QLD1,161561.99298843,103991.35579872,0.643700
D,CO2EII,PUBLISHING,1,2025,44,"2025/10/30 00:00:00",SA1,24768.87093757,4729.18622677,0.190900
D,CO2EII,PUBLISHING,1,2025,44,"2025/10/30 00:00:00",TAS1,26259.35166885,0.00000000,0.000000
D,CO2EII,PUBLISHING,1,2025,44,"2025/10/30 00:00:00",VIC1,120309.82723891,82458.59340537,0.685400
D,CO2EII,PUBLISHING,1,2025,44,"2025/10/31 00:00:00",NEM,488205.59143884,275614.62195304,0.564500
D,CO2EII,PUBLISHING,1,2025,44,"2025/10/31 00:00:00",NSW1,153098.47335816,81379.08712441,0.531500
D,CO2EII,PUBLISHING,1,2025,44,"2025/10/31 00:00:00",QLD1,165566.24365484,101457.48422280,0.612800
D,CO2EII,PUBLISHING,1,2025,44,"2025/10/31 00:00:00",SA1,27380.14149664,2774.24151158,0.101300
D,CO2EII,PUBLISHING,1,2025,44,"2025/10/31 00:00:00",TAS1,27951.63604618,0.00000000,0.000000
D,CO2EII,PUBLISHING,1,2025,44,"2025/10/31 00:00:00",VIC1,114209.09688302,90003.80909425,0.788100
D,CO2EII,PUBLISHING,1,2025,44,"2025/11/01 00:00:00",NEM,442805.74268002,250819.72231638,0.566400
D,CO2EII,PUBLISHING,1,2025,44,"2025/11/01 00:00:00",NSW1,151408.80598842,80219.86896510,0.529800
D,CO2EII,PUBLISHING,1,2025,44,"2025/11/01 00:00:00",QLD1,154318.37751472,88611.34284372,0.574200
D,CO2EII,PUBLISHING,1,2025,44,"2025/11/01 00:00:00",SA1,17355.23561234,3483.32768715,0.200700
D,CO2EII,PUBLISHING,1,2025,44,"2025/11/01 00:00:00",TAS1,22575.44436360,0.00000000,0.000000
D,CO2EII,PUBLISHING,1,2025,44,"2025/11/01 00:00:00",VIC1,97147.87920094,78505.18282041,0.808100
D,CO2EII,PUBLISHING,1,2025,45,"2025/11/02 00:00:00",NEM,463199.13754525,236389.99141833,0.510300
D,CO2EII,PUBLISHING,1,2025,45,"2025/11/02 00:00:00",NSW1,137115.93037618,70924.38009162,0.517300
D,CO2EII,PUBLISHING,1,2025,45,"2025/11/02 00:00:00",QLD1,155360.49808285,89146.74759925,0.573800
D,CO2EII,PUBLISHING,1,2025,45,"2025/11/02 00:00:00",SA1,31349.93047646,918.55639378,0.029300
D,CO2EII,PUBLISHING,1,2025,45,"2025/11/02 00:00:00",TAS1,23211.33345775,0.00000000,0.000000
D,CO2EII,PUBLISHING,1,2025,45,"2025/11/02 00:00:00",VIC1,116161.44515201,75400.30733368,0.649100
D,CO2EII,PUBLISHING,1,2025,45,"2025/11/03 00:00:00",NEM,521735.28834074,295335.45646421,0.566100
D,CO2EII,PUBLISHING,1,2025,45,"2025/11/03 00:00:00",NSW1,168364.81146195,87042.29112306,0.517000
D,CO2EII,PUBLISHING,1,2025,45,"2025/11/03 00:00:00",QLD1,172587.87348490,104797.92283747,0.607200
D,CO2EII,PUBLISHING,1,2025,45,"2025/11/03 00:00:00",SA1,40112.38148535,1645.37580352,0.041000
D,CO2EII,PUBLISHING,1,2025,45,"2025/11/03 00:00:00",TAS1,24489.95964396,0.00000000,0.000000
D,CO2EII,PUBLISHING,1,2025,45,"2025/11/03 00:00:00",VIC1,116180.26226458,101849.86670016,0.876700
D,CO2EII,PUBLISHING,1,2025,45,"2025/11/04 00:00:00",NEM,498310.89128240,253943.24466731,0.509600
D,CO2EII,PUBLISHING,1,2025,45,"2025/11/04 00:00:00",NSW1,153384.44397959,71267.48602663,0.464600
D,CO2EII,PUBLISHING,1,2025,45,"2025/11/04 00:00:00",QLD1,159715.08180556,101503.38842777,0.635500
D,CO2EII,PUBLISHING,1,2025,45,"2025/11/04 00:00:00",SA1,36798.93676621,1018.69087868,0.027700
D,CO2EII,PUBLISHING,1,2025,45,"2025/11/04 00:00:00",TAS1,21930.64251747,0.00000000,0.000000
D,CO2EII,PUBLISHING,1,2025,45,"2025/11/04 00:00:00",VIC1,126481.78621357,80153.67933423,0.633700
D,CO2EII,PUBLISHING,1,2025,45,"2025/11/05 00:00:00",NEM,461374.57373023,240623.48241615,0.521500
D,CO2EII,PUBLISHING,1,2025,45,"2025/11/05 00:00:00",NSW1,139223.27943576,66952.12905149,0.480900
D,CO2EII,PUBLISHING,1,2025,45,"2025/11/05 00:00:00",QLD1,150360.91724467,95614.66953557,0.635900
D,CO2EII,PUBLISHING,1,2025,45,"2025/11/05 00:00:00",SA1,18679.71601972,3094.20291082,0.165600
D,CO2EII,PUBLISHING,1,2025,45,"2025/11/05 00:00:00",TAS1,24714.22227384,0.00000000,0.000000
D,CO2EII,PUBLISHING,1,2025,45,"2025/11/05 00:00:00",VIC1,128396.43875624,74962.48091827,0.583800
D,CO2EII,PUBLISHING,1,2025,45,"2025/11/06 00:00:00",NEM,464347.29756404,256230.97382829,0.551800
D,CO2EII,PUBLISHING,1,2025,45,"2025/11/06 00:00:00",NSW1,132176.77654486,73509.89321171,0.556100
D,CO2EII,PUBLISHING,1,2025,45,"2025/11/06 00:00:00",QLD1,156598.80302022,95166.68439829,0.607700
D,CO2EII,PUBLISHING,1,2025,45,"2025/11/06 00:00:00",SA1,31531.89412992,1604.53470247,0.050900
D,CO2EII,PUBLISHING,1,2025,45,"2025/11/06 00:00:00",TAS1,27842.53852702,0.00000000,0.000000
D,CO2EII,PUBLISHING,1,2025,45,"2025/11/06 00:00:00",VIC1,116197.28534202,85949.86151582,0.739700
D,CO2EII,PUBLISHING,1,2025,45,"2025/11/07 00:00:00",NEM,497962.92710886,248880.62967644,0.499800
D,CO2EII,PUBLISHING,1,2025,45,"2025/11/07 00:00:00",NSW1,144367.66364268,77650.13590333,0.537900
D,CO2EII,PUBLISHING,1,2025,45,"2025/11/07 00:00:00",QLD1,157719.89976049,91095.56891418,0.577600
D,CO2EII,PUBLISHING,1,2025,45,"2025/11/07 00:00:00",SA1,37908.95164939,547.79437395,0.014500
D,CO2EII,PUBLISHING,1,2025,45,"2025/11/07 00:00:00",TAS1,27309.07488243,0.00000000,0.000000
D,CO2EII,PUBLISHING,1,2025,45,"2025/11/07 00:00:00",VIC1,130657.33717387,79587.13048498,0.609100
D,CO2EII,PUBLISHING,1,2025,45,"2025/11/08 00:00:00",NEM,495247.53983313,229219.92094558,0.462800
D,CO2EII,PUBLISHING,1,2025,45,"2025/11/08 00:00:00",NSW1,159025.01845422,70919.02980862,0.446000
D,CO2EII,PUBLISHING,1,2025,45,"2025/11/08 00:00:00",QLD1,147014.37100117,88436.12324352,0.601500
D,CO2EII,PUBLISHING,1,2025,45,"2025/11/08 00:00:00",SA1,30434.63348691,581.34561706,0.019100
D,CO2EII,PUBLISHING,1,2025,45,"2025/11/08 00:00:00",TAS1,26761.14790732,0.00000000,0.000000
D,CO2EII,PUBLISHING,1,2025,45,"2025/11/08 00:00:00",VIC1,132012.36898351,69283.42227638,0.524800
D,CO2EII,PUBLISHING,1,2025,46,"2025/11/09 00:00:00",NEM,448038.50429015,255305.23760359,0.569800
D,CO2EII,PUBLISHING,1,2025,46,"2025/11/09 00:00:00",NSW1,142367.51387464,76169.59084783,0.535000
D,CO2EII,PUBLISHING,1,2025,46,"2025/11/09 00:00:00",QLD1,140778.76862461,96022.07589374,0.682100
D,CO2EII,PUBLISHING,1,2025,46,"2025/11/09 00:00:00",SA1,22380.94661494,1706.77300121,0.076300
D,CO2EII,PUBLISHING,1,2025,46,"2025/11/09 00:00:00",TAS1,27018.58625376,0.00000000,0.000000
D,CO2EII,PUBLISHING,1,2025,46,"2025/11/09 00:00:00",VIC1,115492.68892220,81406.79786081,0.704900
D,CO2EII,PUBLISHING,1,2025,46,"2025/11/10 00:00:00",NEM,477478.96591378,263652.33722878,0.552200
D,CO2EII,PUBLISHING,1,2025,46,"2025/11/10 00:00:00",NSW1,148490.40695419,83378.49788410,0.561500
D,CO2EII,PUBLISHING,1,2025,46,"2025/11/10 00:00:00",QLD1,159950.39915035,100218.88725443,0.626600
D,CO2EII,PUBLISHING,1,2025,46,"2025/11/10 00:00:00",SA1,23335.59616578,3048.69814584,0.130600
D,CO2EII,PUBLISHING,1,2025,46,"2025/11/10 00:00:00",TAS1,28944.01833770,0.00000000,0.000000
D,CO2EII,PUBLISHING,1,2025,46,"2025/11/10 00:00:00",VIC1,116758.54530576,77006.25394441,0.659500
D,CO2EII,PUBLISHING,1,2025,46,"2025/11/11 00:00:00",NEM,482633.95316152,246992.63384397,0.511800
D,CO2EII,PUBLISHING,1,2025,46,"2025/11/11 00:00:00",NSW1,147778.33976228,77397.76359412,0.523700
D,CO2EII,PUBLISHING,1,2025,46,"2025/11/11 00:00:00",QLD1,146483.16267462,88992.28686192,0.607500
D,CO2EII,PUBLISHING,1,2025,46,"2025/11/11 00:00:00",SA1,27766.88027052,1595.00911780,0.057400
D,CO2EII,PUBLISHING,1,2025,46,"2025/11/11 00:00:00",TAS1,30048.35806676,0.00000000,0.000000
D,CO2EII,PUBLISHING,1,2025,46,"2025/11/11 00:00:00",VIC1,130557.21238734,79007.57427013,0.605200
D,CO2EII,PUBLISHING,1,2025,46,"2025/11/12 00:00:00",NEM,461773.44083104,246143.43473888,0.533000
D,CO2EII,PUBLISHING,1,2025,46,"2025/11/12 00:00:00",NSW1,145233.59871326,78803.92398180,0.542600
D,CO2EII,PUBLISHING,1,2025,46,"2025/11/12 00:00:00",QLD1,145606.89307366,86787.66441106,0.596000
D,CO2EII,PUBLISHING,1,2025,46,"2025/11/12 00:00:00",SA1,15273.93747903,2129.06124762,0.139400
D,CO2EII,PUBLISHING,1,2025,46,"2025/11/12 00:00:00",TAS1,30021.90123134,0.00000000,0.000000
D,CO2EII,PUBLISHING,1,2025,46,"2025/11/12 00:00:00",VIC1,125637.11033375,78422.78509840,0.624200
D,CO2EII,PUBLISHING,1,2025,46,"2025/11/13 00:00:00",NEM,473800.96552413,239433.60400279,0.505300
D,CO2EII,PUBLISHING,1,2025,46,"2025/11/13 00:00:00",NSW1,144962.01265330,75002.25484652,0.517400
D,CO2EII,PUBLISHING,1,2025,46,"2025/11/13 00:00:00",QLD1,149742.27147846,89748.09628951,0.599400
D,CO2EII,PUBLISHING,1,2025,46,"2025/11/13 00:00:00",SA1,28987.21971823,1434.85852938,0.049500
D,CO2EII,PUBLISHING,1,2025,46,"2025/11/13 00:00:00",TAS1,30756.79044001,0.00000000,0.000000
D,CO2EII,PUBLISHING,1,2025,46,"2025/11/13 00:00:00",VIC1,119352.67123413,73248.39433738,0.613700
D,CO2EII,PUBLISHING,1,2025,46,"2025/11/14 00:00:00",NEM,470213.59017721,272808.56274587,0.580200
D,CO2EII,PUBLISHING,1,2025,46,"2025/11/14 00:00:00",NSW1,153531.37269713,87846.77700048,0.572200
D,CO2EII,PUBLISHING,1,2025,46,"2025/11/14 00:00:00",QLD1,161948.51631440,102596.77351096,0.633500
D,CO2EII,PUBLISHING,1,2025,46,"2025/11/14 00:00:00",SA1,25057.25817286,1417.21666033,0.056600
D,CO2EII,PUBLISHING,1,2025,46,"2025/11/14 00:00:00",TAS1,29030.07787011,0.00000000,0.000000
D,CO2EII,PUBLISHING,1,2025,46,"2025/11/14 00:00:00",VIC1,100646.36512271,80947.79557410,0.804300
D,CO2EII,PUBLISHING,1,2025,46,"2025/11/15 00:00:00",NEM,455285.84415115,262924.92701507,0.577500
D,CO2EII,PUBLISHING,1,2025,46,"2025/11/15 00:00:00",NSW1,146476.73551836,76188.91638134,0.520100
D,CO2EII,PUBLISHING,1,2025,46,"2025/11/15 00:00:00",QLD1,158017.37830064,98695.40436539,0.624600
D,CO2EII,PUBLISHING,1,2025,46,"2025/11/15 00:00:00",SA1,21555.98200333,1745.38374744,0.081000
D,CO2EII,PUBLISHING,1,2025,46,"2025/11/15 00:00:00",TAS1,26818.69491731,0.00000000,0.000000
D,CO2EII,PUBLISHING,1,2025,46,"2025/11/15 00:00:00",VIC1,102417.05341151,86295.22252090,0.842600
D,CO2EII,PUBLISHING,1,2025,47,"2025/11/16 00:00:00",NEM,470693.98252849,239993.23061914,0.509900
D,CO2EII,PUBLISHING,1,2025,47,"2025/11/16 00:00:00",NSW1,155820.04884720,69312.59408833,0.444800
D,CO2EII,PUBLISHING,1,2025,47,"2025/11/16 00:00:00",QLD1,144277.87300861,99931.93085169,0.692600
D,CO2EII,PUBLISHING,1,2025,47,"2025/11/16 00:00:00",SA1,38103.16217925,617.32404619,0.016200
D,CO2EII,PUBLISHING,1,2025,47,"2025/11/16 00:00:00",TAS1,27255.31893605,0.00000000,0.000000
D,CO2EII,PUBLISHING,1,2025,47,"2025/11/16 00:00:00",VIC1,105237.57955738,70131.38163293,0.666400
D,CO2EII,PUBLISHING,1,2025,47,"2025/11/17 00:00:00",NEM,499978.75745867,226684.56081228,0.453400
D,CO2EII,PUBLISHING,1,2025,47,"2025/11/17 00:00:00",NSW1,151631.04003221,66026.36316794,0.435400
D,CO2EII,PUBLISHING,1,2025,47,"2025/11/17 00:00:00",QLD1,154973.03401830,95970.63323658,0.619300
D,CO2EII,PUBLISHING,1,2025,47,"2025/11/17 00:00:00",SA1,42621.88848123,496.11885559,0.011600
D,CO2EII,PUBLISHING,1,2025,47,"2025/11/17 00:00:00",TAS1,28439.27668252,0.00000000,0.000000
D,CO2EII,PUBLISHING,1,2025,47,"2025/11/17 00:00:00",VIC1,122313.51824441,64191.44555217,0.524800
D,CO2EII,PUBLISHING,1,2025,47,"2025/11/18 00:00:00",NEM,480897.78249554,246069.34955877,0.511700
D,CO2EII,PUBLISHING,1,2025,47,"2025/11/18 00:00:00",NSW1,141498.80579007,72994.01544733,0.515900
D,CO2EII,PUBLISHING,1,2025,47,"2025/11/18 00:00:00",QLD1,160697.07963061,97499.83718834,0.606700
D,CO2EII,PUBLISHING,1,2025,47,"2025/11/18 00:00:00",SA1,19715.52871883,1060.39306364,0.053800
D,CO2EII,PUBLISHING,1,2025,47,"2025/11/18 00:00:00",TAS1,27615.57576798,0.00000000,0.000000
D,CO2EII,PUBLISHING,1,2025,47,"2025/11/18 00:00:00",VIC1,131370.79258805,74515.10385946,0.567200
D,CO2EII,PUBLISHING,1,2025,47,"2025/11/19 00:00:00",NEM,475833.18009355,260674.71096916,0.547800
D,CO2EII,PUBLISHING,1,2025,47,"2025/11/19 00:00:00",NSW1,144401.03996181,77040.23382530,0.533500
D,CO2EII,PUBLISHING,1,2025,47,"2025/11/19 00:00:00",QLD1,169587.79451932,100909.65131794,0.595000
D,CO2EII,PUBLISHING,1,2025,47,"2025/11/19 00:00:00",SA1,19077.23965548,1014.35852698,0.053200
D,CO2EII,PUBLISHING,1,2025,47,"2025/11/19 00:00:00",TAS1,27969.03011668,0.00000000,0.000000
D,CO2EII,PUBLISHING,1,2025,47,"2025/11/19 00:00:00",VIC1,114798.07584026,81710.46729894,0.711800
D,CO2EII,PUBLISHING,1,2025,47,"2025/11/20 00:00:00",NEM,482067.95028266,266201.56168620,0.552200
D,CO2EII,PUBLISHING,1,2025,47,"2025/11/20 00:00:00",NSW1,150105.21762153,81345.61813290,0.541900
D,CO2EII,PUBLISHING,1,2025,47,"2025/11/20 00:00:00",QLD1,165220.01222187,101233.14751478,0.612700
D,CO2EII,PUBLISHING,1,2025,47,"2025/11/20 00:00:00",SA1,22919.66450592,1028.06415113,0.044900
D,CO2EII,PUBLISHING,1,2025,47,"2025/11/20 00:00:00",TAS1,27374.01641023,0.00000000,0.000000
D,CO2EII,PUBLISHING,1,2025,47,"2025/11/20 00:00:00",VIC1,116449.03952311,82594.73188739,0.709300
D,CO2EII,PUBLISHING,1,2025,47,"2025/11/21 00:00:00",NEM,489033.92831547,245355.12308951,0.501700
D,CO2EII,PUBLISHING,1,2025,47,"2025/11/21 00:00:00",NSW1,172747.44549760,83799.63211341,0.485100
D,CO2EII,PUBLISHING,1,2025,47,"2025/11/21 00:00:00",QLD1,159804.48022685,93817.17124760,0.587100
D,CO2EII,PUBLISHING,1,2025,47,"2025/11/21 00:00:00",SA1,28403.35670587,996.26943325,0.035100
D,CO2EII,PUBLISHING,1,2025,47,"2025/11/21 00:00:00",TAS1,24275.14341027,0.00000000,0.000000
D,CO2EII,PUBLISHING,1,2025,47,"2025/11/21 00:00:00",VIC1,103803.50247488,66742.05029525,0.643000
D,CO2EII,PUBLISHING,1,2025,47,"2025/11/22 00:00:00",NEM,477514.59636452,253438.22191591,0.530700
D,CO2EII,PUBLISHING,1,2025,47,"2025/11/22 00:00:00",NSW1,156690.75005405,85700.78361466,0.546900
D,CO2EII,PUBLISHING,1,2025,47,"2025/11/22 00:00:00",QLD1,169528.67527799,94412.00180425,0.556900
D,CO2EII,PUBLISHING,1,2025,47,"2025/11/22 00:00:00",SA1,33224.21736131,1785.37379014,0.053700
D,CO2EII,PUBLISHING,1,2025,47,"2025/11/22 00:00:00",TAS1,27972.79605723,4.90958978,0.000200
D,CO2EII,PUBLISHING,1,2025,47,"2025/11/22 00:00:00",VIC1,90098.15761394,71535.15311708,0.794000
D,CO2EII,PUBLISHING,1,2025,48,"2025/11/23 00:00:00",NEM,463011.02141144,249271.88817752,0.538400
D,CO2EII,PUBLISHING,1,2025,48,"2025/11/23 00:00:00",NSW1,157898.84375142,82375.60758448,0.521700
D,CO2EII,PUBLISHING,1,2025,48,"2025/11/23 00:00:00",QLD1,160424.58490763,100685.82439740,0.627600
D,CO2EII,PUBLISHING,1,2025,48,"2025/11/23 00:00:00",SA1,21859.21152836,2315.86321231,0.105900
D,CO2EII,PUBLISHING,1,2025,48,"2025/11/23 00:00:00",TAS1,27276.78732057,0.00000000,0.000000
D,CO2EII,PUBLISHING,1,2025,48,"2025/11/23 00:00:00",VIC1,95551.59390346,63894.59298333,0.668700
D,CO2EII,PUBLISHING,1,2025,48,"2025/11/24 00:00:00",NEM,503376.18366651,255086.93165750,0.506800
D,CO2EII,PUBLISHING,1,2025,48,"2025/11/24 00:00:00",NSW1,159371.12897986,89310.69680655,0.560400
D,CO2EII,PUBLISHING,1,2025,48,"2025/11/24 00:00:00",QLD1,168259.23695424,98621.00941726,0.586100
D,CO2EII,PUBLISHING,1,2025,48,"2025/11/24 00:00:00",SA1,33532.92960652,1365.22420390,0.040700
D,CO2EII,PUBLISHING,1,2025,48,"2025/11/24 00:00:00",TAS1,25385.76702966,0.00000000,0.000000
D,CO2EII,PUBLISHING,1,2025,48,"2025/11/24 00:00:00",VIC1,116827.12109623,65790.00122979,0.563100
D,CO2EII,PUBLISHING,1,2025,48,"2025/11/25 00:00:00",NEM,511437.96167451,270354.15197925,0.528600
D,CO2EII,PUBLISHING,1,2025,48,"2025/11/25 00:00:00",NSW1,179684.20310213,98299.05761431,0.547100
D,CO2EII,PUBLISHING,1,2025,48,"2025/11/25 00:00:00",QLD1,171525.90785006,104567.25478142,0.609600
D,CO2EII,PUBLISHING,1,2025,48,"2025/11/25 00:00:00",SA1,24017.39002871,1109.71806712,0.046200
D,CO2EII,PUBLISHING,1,2025,48,"2025/11/25 00:00:00",TAS1,25888.35758079,0.00000000,0.000000
D,CO2EII,PUBLISHING,1,2025,48,"2025/11/25 00:00:00",VIC1,110322.10311282,66378.12151640,0.601700
D,CO2EII,PUBLISHING,1,2025,48,"2025/11/26 00:00:00",NEM,540788.05988223,274917.23291572,0.508400
D,CO2EII,PUBLISHING,1,2025,48,"2025/11/26 00:00:00",NSW1,193107.41368993,104181.62804810,0.539500
D,CO2EII,PUBLISHING,1,2025,48,"2025/11/26 00:00:00",QLD1,173635.22669711,108889.26012100,0.627100
D,CO2EII,PUBLISHING,1,2025,48,"2025/11/26 00:00:00",SA1,32249.73479017,860.40529593,0.026700
D,CO2EII,PUBLISHING,1,2025,48,"2025/11/26 00:00:00",TAS1,24662.74340435,0.00000000,0.000000
D,CO2EII,PUBLISHING,1,2025,48,"2025/11/26 00:00:00",VIC1,117132.94130067,60985.93945069,0.520700
D,CO2EII,PUBLISHING,1,2025,48,"2025/11/27 00:00:00",NEM,518505.55511689,272149.27034925,0.524900
D,CO2EII,PUBLISHING,1,2025,48,"2025/11/27 00:00:00",NSW1,180718.63608206,94373.50122763,0.522200
D,CO2EII,PUBLISHING,1,2025,48,"2025/11/27 00:00:00",QLD1,172207.60115074,109263.61482887,0.634500
D,CO2EII,PUBLISHING,1,2025,48,"2025/11/27 00:00:00",SA1,24094.77401288,2344.24838366,0.097300
D,CO2EII,PUBLISHING,1,2025,48,"2025/11/27 00:00:00",TAS1,26750.19995197,0.00000000,0.000000
D,CO2EII,PUBLISHING,1,2025,48,"2025/11/27 00:00:00",VIC1,114734.34391924,66167.90590909,0.576700
D,CO2EII,PUBLISHING,1,2025,48,"2025/11/28 00:00:00",NEM,524338.32504901,290536.17118936,0.554100
D,CO2EII,PUBLISHING,1,2025,48,"2025/11/28 00:00:00",NSW1,173636.17207159,98011.34305557,0.564500
D,CO2EII,PUBLISHING,1,2025,48,"2025/11/28 00:00:00",QLD1,177189.29789021,112196.48460606,0.633200
D,CO2EII,PUBLISHING,1,2025,48,"2025/11/28 00:00:00",SA1,31188.98512417,2211.89867501,0.070900
D,CO2EII,PUBLISHING,1,2025,48,"2025/11/28 00:00:00",TAS1,28051.34448758,0.00000000,0.000000
D,CO2EII,PUBLISHING,1,2025,48,"2025/11/28 00:00:00",VIC1,114272.52547546,78116.44485272,0.683600
D,CO2EII,PUBLISHING,1,2025,48,"2025/11/29 00:00:00",NEM,501110.48906792,271106.41229168,0.541000
D,CO2EII,PUBLISHING,1,2025,48,"2025/11/29 00:00:00",NSW1,172549.84766679,91194.43866221,0.528500
D,CO2EII,PUBLISHING,1,2025,48,"2025/11/29 00:00:00",QLD1,168073.92084873,107524.74561612,0.639700
D,CO2EII,PUBLISHING,1,2025,48,"2025/11/29 00:00:00",SA1,31942.70176137,949.66140497,0.029700
D,CO2EII,PUBLISHING,1,2025,48,"2025/11/29 00:00:00",TAS1,23974.85895322,0.00000000,0.000000
D,CO2EII,PUBLISHING,1,2025,48,"2025/11/29 00:00:00",VIC1,104569.15983781,71437.56660838,0.683200
D,CO2EII,PUBLISHING,1,2025,49,"2025/11/30 00:00:00",NEM,474250.40083898,243746.38537604,0.514000
D,CO2EII,PUBLISHING,1,2025,49,"2025/11/30 00:00:00",NSW1,154183.18014046,80122.37697302,0.519700
D,CO2EII,PUBLISHING,1,2025,49,"2025/11/30 00:00:00",QLD1,153192.30163833,96140.89800465,0.627600
D,CO2EII,PUBLISHING,1,2025,49,"2025/11/30 00:00:00",SA1,35567.23255571,884.20997351,0.024900
D,CO2EII,PUBLISHING,1,2025,49,"2025/11/30 00:00:00",TAS1,21614.45229968,0.00000000,0.000000
D,CO2EII,PUBLISHING,1,2025,49,"2025/11/30 00:00:00",VIC1,109693.23420480,66598.90042486,0.607100
D,CO2EII,PUBLISHING,1,2025,49,"2025/12/01 00:00:00",NEM,494642.55744835,236379.93622972,0.477900
D,CO2EII,PUBLISHING,1,2025,49,"2025/12/01 00:00:00",NSW1,161069.86690852,78946.72779373,0.490100
D,CO2EII,PUBLISHING,1,2025,49,"2025/12/01 00:00:00",QLD1,153774.94492185,94407.55908320,0.613900
D,CO2EII,PUBLISHING,1,2025,49,"2025/12/01 00:00:00",SA1,33669.93291145,901.89500584,0.026800
D,CO2EII,PUBLISHING,1,2025,49,"2025/12/01 00:00:00",TAS1,22014.04961791,0.00000000,0.000000
D,CO2EII,PUBLISHING,1,2025,49,"2025/12/01 00:00:00",VIC1,124113.76308862,62123.75434695,0.500500
D,CO2EII,PUBLISHING,1,2025,49,"2025/12/02 00:00:00",NEM,454031.57026598,263927.90765052,0.581300
D,CO2EII,PUBLISHING,1,2025,49,"2025/12/02 00:00:00",NSW1,148971.84304953,87862.11664934,0.589800
D,CO2EII,PUBLISHING,1,2025,49,"2025/12/02 00:00:00",QLD1,157044.37181854,95788.09673518,0.609900
D,CO2EII,PUBLISHING,1,2025,49,"2025/12/02 00:00:00",SA1,14971.07909631,3352.24947033,0.223900
D,CO2EII,PUBLISHING,1,2025,49,"2025/12/02 00:00:00",TAS1,26401.65245075,0.00000000,0.000000
D,CO2EII,PUBLISHING,1,2025,49,"2025/12/02 00:00:00",VIC1,106642.62385085,76925.44479567,0.721300
D,CO2EII,PUBLISHING,1,2025,49,"2025/12/03 00:00:00",NEM,455148.61951473,252489.27997256,0.554700
D,CO2EII,PUBLISHING,1,2025,49,"2025/12/03 00:00:00",NSW1,141199.49337241,85652.86146836,0.606600
D,CO2EII,PUBLISHING,1,2025,49,"2025/12/03 00:00:00",QLD1,154342.18986207,92784.13513137,0.601200
D,CO2EII,PUBLISHING,1,2025,49,"2025/12/03 00:00:00",SA1,19198.00726685,3189.40654960,0.166100
D,CO2EII,PUBLISHING,1,2025,49,"2025/12/03 00:00:00",TAS1,23261.37304675,0.00000000,0.000000
D,CO2EII,PUBLISHING,1,2025,49,"2025/12/03 00:00:00",VIC1,117147.55596665,70862.87682323,0.604900
D,CO2EII,PUBLISHING,1,2025,49,"2025/12/04 00:00:00",NEM,508710.88825186,251184.04021958,0.493800
D,CO2EII,PUBLISHING,1,2025,49,"2025/12/04 00:00:00",NSW1,150968.70299811,84512.84382600,0.559800
D,CO2EII,PUBLISHING,1,2025,49,"2025/12/04 00:00:00",QLD1,162720.18049234,96415.16351352,0.592500
D,CO2EII,PUBLISHING,1,2025,49,"2025/12/04 00:00:00",SA1,35253.49975808,2309.44464461,0.065500
D,CO2EII,PUBLISHING,1,2025,49,"2025/12/04 00:00:00",TAS1,20817.07971887,0.00000000,0.000000
D,CO2EII,PUBLISHING,1,2025,49,"2025/12/04 00:00:00",VIC1,138951.42528446,67946.58823545,0.489000
D,CO2EII,PUBLISHING,1,2025,49,"2025/12/05 00:00:00",NEM,512369.11929809,277096.76740941,0.540800
D,CO2EII,PUBLISHING,1,2025,49,"2025/12/05 00:00:00",NSW1,192767.42537937,98413.65134338,0.510500
D,CO2EII,PUBLISHING,1,2025,49,"2025/12/05 00:00:00",QLD1,168539.73489293,97926.63116379,0.581000
D,CO2EII,PUBLISHING,1,2025,49,"2025/12/05 00:00:00",SA1,26220.04438063,3536.95998608,0.134900
D,CO2EII,PUBLISHING,1,2025,49,"2025/12/05 00:00:00",TAS1,23112.54919207,0.00000000,0.000000
D,CO2EII,PUBLISHING,1,2025,49,"2025/12/05 00:00:00",VIC1,101729.36545309,77219.52491616,0.759100
D,CO2EII,PUBLISHING,1,2025,49,"2025/12/06 00:00:00",NEM,517659.12601699,275766.65883876,0.532700
D,CO2EII,PUBLISHING,1,2025,49,"2025/12/06 00:00:00",NSW1,193064.57257363,105975.16436570,0.548900
D,CO2EII,PUBLISHING,1,2025,49,"2025/12/06 00:00:00",QLD1,156849.41410137,96660.42489570,0.616300
D,CO2EII,PUBLISHING,1,2025,49,"2025/12/06 00:00:00",SA1,31759.09298635,1264.09862344,0.039800
D,CO2EII,PUBLISHING,1,2025,49,"2025/12/06 00:00:00",TAS1,21794.84121917,0.00000000,0.000000
D,CO2EII,PUBLISHING,1,2025,49,"2025/12/06 00:00:00",VIC1,114191.20513647,71866.97095392,0.629400
D,CO2EII,PUBLISHING,1,2025,50,"2025/12/07 00:00:00",NEM,447916.18997704,253788.78915277,0.566600
D,CO2EII,PUBLISHING,1,2025,50,"2025/12/07 00:00:00",NSW1,151227.47712141,81943.96371398,0.541900
D,CO2EII,PUBLISHING,1,2025,50,"2025/12/07 00:00:00",QLD1,159522.32434740,95208.11179844,0.596800
D,CO2EII,PUBLISHING,1,2025,50,"2025/12/07 00:00:00",SA1,14202.44662068,1601.84566999,0.112800
D,CO2EII,PUBLISHING,1,2025,50,"2025/12/07 00:00:00",TAS1,21448.92342941,0.00000000,0.000000
D,CO2EII,PUBLISHING,1,2025,50,"2025/12/07 00:00:00",VIC1,101515.01845814,75034.86797036,0.739200
D,CO2EII,PUBLISHING,1,2025,50,"2025/12/08 00:00:00",NEM,493066.19017219,267680.37869912,0.542900
D,CO2EII,PUBLISHING,1,2025,50,"2025/12/08 00:00:00",NSW1,153796.43653273,82737.60094002,0.538000
D,CO2EII,PUBLISHING,1,2025,50,"2025/12/08 00:00:00",QLD1,166526.66126810,99737.48236003,0.598900
D,CO2EII,PUBLISHING,1,2025,50,"2025/12/08 00:00:00",SA1,18648.89485373,3011.87939258,0.161500
D,CO2EII,PUBLISHING,1,2025,50,"2025/12/08 00:00:00",TAS1,24342.08891033,0.00000000,0.000000
D,CO2EII,PUBLISHING,1,2025,50,"2025/12/08 00:00:00",VIC1,129752.10860730,82193.41600649,0.633500
D,CO2EII,PUBLISHING,1,2025,50,"2025/12/09 00:00:00",NEM,503230.84771748,279572.07408754,0.555600
D,CO2EII,PUBLISHING,1,2025,50,"2025/12/09 00:00:00",NSW1,170281.99418861,88361.18545737,0.518900
D,CO2EII,PUBLISHING,1,2025,50,"2025/12/09 00:00:00",QLD1,171924.68186058,104337.25111196,0.606900
D,CO2EII,PUBLISHING,1,2025,50,"2025/12/09 00:00:00",SA1,20273.34278875,1626.68205921,0.080200
D,CO2EII,PUBLISHING,1,2025,50,"2025/12/09 00:00:00",TAS1,24582.84970308,0.00000000,0.000000
D,CO2EII,PUBLISHING,1,2025,50,"2025/12/09 00:00:00",VIC1,116167.97917646,85246.95545900,0.733800
D,CO2EII,PUBLISHING,1,2025,50,"2025/12/10 00:00:00",NEM,510797.18716152,276258.07213341,0.540800
D,CO2EII,PUBLISHING,1,2025,50,"2025/12/10 00:00:00",NSW1,166829.36517896,87248.05919888,0.523000
D,CO2EII,PUBLISHING,1,2025,50,"2025/12/10 00:00:00",QLD1,170557.68283103,101668.31165051,0.596100
D,CO2EII,PUBLISHING,1,2025,50,"2025/12/10 00:00:00",SA1,35594.75778401,1371.92779103,0.038500
D,CO2EII,PUBLISHING,1,2025,50,"2025/12/10 00:00:00",TAS1,24587.31251331,35.10958846,0.001400
D,CO2EII,PUBLISHING,1,2025,50,"2025/12/10 00:00:00",VIC1,113228.06885421,85934.66390453,0.759000
D,CO2EII,PUBLISHING,1,2025,50,"2025/12/11 00:00:00",NEM,499263.55619982,256119.39905548,0.513000
D,CO2EII,PUBLISHING,1,2025,50,"2025/12/11 00:00:00",NSW1,171055.74357992,86473.98422362,0.505500
D,CO2EII,PUBLISHING,1,2025,50,"2025/12/11 00:00:00",QLD1,167996.31682373,99212.11456847,0.590600
D,CO2EII,PUBLISHING,1,2025,50,"2025/12/11 00:00:00",SA1,29395.65868838,1433.18040425,0.048800
D,CO2EII,PUBLISHING,1,2025,50,"2025/12/11 00:00:00",TAS1,20154.38426941,0.00000000,0.000000
D,CO2EII,PUBLISHING,1,2025,50,"2025/12/11 00:00:00",VIC1,110661.45283838,69000.11985914,0.623500
D,CO2EII,PUBLISHING,1,2025,50,"2025/12/12 00:00:00",NEM,516927.44280325,284899.64964120,0.551100
D,CO2EII,PUBLISHING,1,2025,50,"2025/12/12 00:00:00",NSW1,170532.58454785,94176.82969064,0.552300
D,CO2EII,PUBLISHING,1,2025,50,"2025/12/12 00:00:00",QLD1,166250.70628012,104635.20227944,0.629400
D,CO2EII,PUBLISHING,1,2025,50,"2025/12/12 00:00:00",SA1,34523.76940428,3441.95252431,0.099700
D,CO2EII,PUBLISHING,1,2025,50,"2025/12/12 00:00:00",TAS1,23582.89646721,0.00000000,0.000000
D,CO2EII,PUBLISHING,1,2025,50,"2025/12/12 00:00:00",VIC1,122037.48610379,82645.66514681,0.677200
D,CO2EII,PUBLISHING,1,2025,50,"2025/12/13 00:00:00",NEM,468032.34305049,263736.47123720,0.563500
D,CO2EII,PUBLISHING,1,2025,50,"2025/12/13 00:00:00",NSW1,137775.01460017,87190.76743236,0.632800
D,CO2EII,PUBLISHING,1,2025,50,"2025/12/13 00:00:00",QLD1,166986.84006883,101163.48780312,0.605800
D,CO2EII,PUBLISHING,1,2025,50,"2025/12/13 00:00:00",SA1,35657.48237988,1462.90750844,0.041000
D,CO2EII,PUBLISHING,1,2025,50,"2025/12/13 00:00:00",TAS1,22655.16397896,0.00000000,0.000000
D,CO2EII,PUBLISHING,1,2025,50,"2025/12/13 00:00:00",VIC1,104957.84202265,73919.30849328,0.704300
D,CO2EII,PUBLISHING,1,2025,51,"2025/12/14 00:00:00",NEM,473083.72090043,234628.72933664,0.496000
D,CO2EII,PUBLISHING,1,2025,51,"2025/12/14 00:00:00",NSW1,159990.12359379,79630.79185949,0.497700
D,CO2EII,PUBLISHING,1,2025,51,"2025/12/14 00:00:00",QLD1,158724.01832204,98449.82253958,0.620300
D,CO2EII,PUBLISHING,1,2025,51,"2025/12/14 00:00:00",SA1,26686.10874157,904.45826133,0.033900
D,CO2EII,PUBLISHING,1,2025,51,"2025/12/14 00:00:00",TAS1,22140.13470051,0.00000000,0.000000
D,CO2EII,PUBLISHING,1,2025,51,"2025/12/14 00:00:00",VIC1,105543.33554252,55643.65667624,0.527200
D,CO2EII,PUBLISHING,1,2025,51,"2025/12/15 00:00:00",NEM,497966.23841806,272838.95321827,0.547900
D,CO2EII,PUBLISHING,1,2025,51,"2025/12/15 00:00:00",NSW1,163567.33203196,87688.77489219,0.536100
D,CO2EII,PUBLISHING,1,2025,51,"2025/12/15 00:00:00",QLD1,168340.01883513,112355.21618604,0.667400
D,CO2EII,PUBLISHING,1,2025,51,"2025/12/15 00:00:00",SA1,23935.91975028,879.77455204,0.036800
D,CO2EII,PUBLISHING,1,2025,51,"2025/12/15 00:00:00",TAS1,23898.83965214,0.00000000,0.000000
D,CO2EII,PUBLISHING,1,2025,51,"2025/12/15 00:00:00",VIC1,118224.12814855,71915.18758800,0.608300
D,CO2EII,PUBLISHING,1,2025,51,"2025/12/16 00:00:00",NEM,486141.32983083,276631.16991614,0.569000
D,CO2EII,PUBLISHING,1,2025,51,"2025/12/16 00:00:00",NSW1,173263.84454320,90817.41213143,0.524200
D,CO2EII,PUBLISHING,1,2025,51,"2025/12/16 00:00:00",QLD1,160974.72654109,106467.09898045,0.661400
D,CO2EII,PUBLISHING,1,2025,51,"2025/12/16 00:00:00",SA1,18091.85618229,885.29289491,0.048900
D,CO2EII,PUBLISHING,1,2025,51,"2025/12/16 00:00:00",TAS1,21973.09256909,0.00000000,0.000000
D,CO2EII,PUBLISHING,1,2025,51,"2025/12/16 00:00:00",VIC1,111837.80999516,78461.36590935,0.701600
D,CO2EII,PUBLISHING,1,2025,51,"2025/12/17 00:00:00",NEM,499870.93832744,280545.66625799,0.561200
D,CO2EII,PUBLISHING,1,2025,51,"2025/12/17 00:00:00",NSW1,157897.19870793,83829.84850922,0.530900
D,CO2EII,PUBLISHING,1,2025,51,"2025/12/17 00:00:00",QLD1,175913.24773708,101478.31795205,0.576900
D,CO2EII,PUBLISHING,1,2025,51,"2025/12/17 00:00:00",SA1,24434.95117843,4991.33443441,0.204300
D,CO2EII,PUBLISHING,1,2025,51,"2025/12/17 00:00:00",TAS1,24180.10728470,0.00000000,0.000000
D,CO2EII,PUBLISHING,1,2025,51,"2025/12/17 00:00:00",VIC1,117445.43341930,90246.16536231,0.768400
D,CO2EII,PUBLISHING,1,2025,51,"2025/12/18 00:00:00",NEM,558182.36944359,289613.69800370,0.518900
D,CO2EII,PUBLISHING,1,2025,51,"2025/12/18 00:00:00",NSW1,180680.46668641,87176.78936371,0.482500
D,CO2EII,PUBLISHING,1,2025,51,"2025/12/18 00:00:00",QLD1,176810.18384105,104090.54231616,0.588700
D,CO2EII,PUBLISHING,1,2025,51,"2025/12/18 00:00:00",SA1,34758.52476831,8940.91231489,0.257200
D,CO2EII,PUBLISHING,1,2025,51,"2025/12/18 00:00:00",TAS1,24481.37910329,0.00000000,0.000000
D,CO2EII,PUBLISHING,1,2025,51,"2025/12/18 00:00:00",VIC1,141451.81504453,89405.45400894,0.632100
D,CO2EII,PUBLISHING,1,2025,51,"2025/12/19 00:00:00",NEM,588081.29521381,314826.91063320,0.535300
D,CO2EII,PUBLISHING,1,2025,51,"2025/12/19 00:00:00",NSW1,205386.73148953,108436.51495549,0.528000
D,CO2EII,PUBLISHING,1,2025,51,"2025/12/19 00:00:00",QLD1,178302.90011502,104798.77704238,0.587800
D,CO2EII,PUBLISHING,1,2025,51,"2025/12/19 00:00:00",SA1,38973.44099058,3880.44094552,0.099600
D,CO2EII,PUBLISHING,1,2025,51,"2025/12/19 00:00:00",TAS1,27209.70343929,0.00000000,0.000000
D,CO2EII,PUBLISHING,1,2025,51,"2025/12/19 00:00:00",VIC1,138208.51917939,97711.17768981,0.707000
D,CO2EII,PUBLISHING,1,2025,51,"2025/12/20 00:00:00",NEM,516078.70158735,293350.46884611,0.568400
D,CO2EII,PUBLISHING,1,2025,51,"2025/12/20 00:00:00",NSW1,183493.52776239,98590.65781767,0.537300
D,CO2EII,PUBLISHING,1,2025,51,"2025/12/20 00:00:00",QLD1,180510.99657212,105503.95758273,0.584500
D,CO2EII,PUBLISHING,1,2025,51,"2025/12/20 00:00:00",SA1,17532.34336640,3074.26257101,0.175300
D,CO2EII,PUBLISHING,1,2025,51,"2025/12/20 00:00:00",TAS1,22456.16322877,0.00000000,0.000000
D,CO2EII,PUBLISHING,1,2025,51,"2025/12/20 00:00:00",VIC1,112085.67065767,86181.59087470,0.768900
D,CO2EII,PUBLISHING,1,2025,52,"2025/12/21 00:00:00",NEM,537409.71531863,290815.53079776,0.541100
D,CO2EII,PUBLISHING,1,2025,52,"2025/12/21 00:00:00",NSW1,197873.12458364,104328.82985716,0.527300
D,CO2EII,PUBLISHING,1,2025,52,"2025/12/21 00:00:00",QLD1,175841.06145143,100925.60245814,0.574000
D,CO2EII,PUBLISHING,1,2025,52,"2025/12/21 00:00:00",SA1,32494.42581972,1183.68280392,0.036400
D,CO2EII,PUBLISHING,1,2025,52,"2025/12/21 00:00:00",TAS1,19676.86568136,0.00000000,0.000000
D,CO2EII,PUBLISHING,1,2025,52,"2025/12/21 00:00:00",VIC1,111524.23778248,84377.41567854,0.756600
D,CO2EII,PUBLISHING,1,2025,52,"2025/12/22 00:00:00",NEM,525022.16896055,296945.47792619,0.565600
D,CO2EII,PUBLISHING,1,2025,52,"2025/12/22 00:00:00",NSW1,184838.47786664,101472.13750379,0.549000
D,CO2EII,PUBLISHING,1,2025,52,"2025/12/22 00:00:00",QLD1,184803.77660868,111151.53055682,0.601500
D,CO2EII,PUBLISHING,1,2025,52,"2025/12/22 00:00:00",SA1,17457.72439835,755.21812653,0.043300
D,CO2EII,PUBLISHING,1,2025,52,"2025/12/22 00:00:00",TAS1,23471.87021301,0.00000000,0.000000
D,CO2EII,PUBLISHING,1,2025,52,"2025/12/22 00:00:00",VIC1,114450.31987387,83566.59173905,0.730200
D,CO2EII,PUBLISHING,1,2025,52,"2025/12/23 00:00:00",NEM,502163.26391596,294738.24087081,0.586900
D,CO2EII,PUBLISHING,1,2025,52,"2025/12/23 00:00:00",NSW1,174107.05125119,92778.07133434,0.532900
D,CO2EII,PUBLISHING,1,2025,52,"2025/12/23 00:00:00",QLD1,177086.86786053,122202.61063642,0.690100
D,CO2EII,PUBLISHING,1,2025,52,"2025/12/23 00:00:00",SA1,16172.68139633,795.20309453,0.049200
D,CO2EII,PUBLISHING,1,2025,52,"2025/12/23 00:00:00",TAS1,21399.67978358,0.00000000,0.000000
D,CO2EII,PUBLISHING,1,2025,52,"2025/12/23 00:00:00",VIC1,113396.98362433,78962.35580552,0.696300
D,CO2EII,PUBLISHING,1,2025,52,"2025/12/24 00:00:00",NEM,491756.17028282,263081.86635355,0.535000
D,CO2EII,PUBLISHING,1,2025,52,"2025/12/24 00:00:00",NSW1,172036.34301254,83078.58873946,0.482900
D,CO2EII,PUBLISHING,1,2025,52,"2025/12/24 00:00:00",QLD1,160853.15084108,109647.54579205,0.681700
D,CO2EII,PUBLISHING,1,2025,52,"2025/12/24 00:00:00",SA1,19912.87160778,615.43473960,0.030900
D,CO2EII,PUBLISHING,1,2025,52,"2025/12/24 00:00:00",TAS1,23574.64765581,0.00000000,0.000000
D,CO2EII,PUBLISHING,1,2025,52,"2025/12/24 00:00:00",VIC1,115379.15716561,69740.29708244,0.604400
D,CO2EII,PUBLISHING,1,2025,52,"2025/12/25 00:00:00",NEM,412260.52626163,213897.82132581,0.518800
D,CO2EII,PUBLISHING,1,2025,52,"2025/12/25 00:00:00",NSW1,135090.08486809,60852.61159055,0.450500
D,CO2EII,PUBLISHING,1,2025,52,"2025/12/25 00:00:00",QLD1,142945.67290060,91645.69231652,0.641100
D,CO2EII,PUBLISHING,1,2025,52,"2025/12/25 00:00:00",SA1,22974.19402186,730.54983229,0.031800
D,CO2EII,PUBLISHING,1,2025,52,"2025/12/25 00:00:00",TAS1,20988.87824343,0.00000000,0.000000
D,CO2EII,PUBLISHING,1,2025,52,"2025/12/25 00:00:00",VIC1,90261.69622765,60668.96758645,0.672100
D,CO2EII,PUBLISHING,1,2025,52,"2025/12/26 00:00:00",NEM,423491.45827972,214207.41147782,0.505800
D,CO2EII,PUBLISHING,1,2025,52,"2025/12/26 00:00:00",NSW1,135673.43671169,62879.95739614,0.463500
D,CO2EII,PUBLISHING,1,2025,52,"2025/12/26 00:00:00",QLD1,148918.32677059,89075.41942588,0.598100
D,CO2EII,PUBLISHING,1,2025,52,"2025/12/26 00:00:00",SA1,25558.27356451,744.35290062,0.029100
D,CO2EII,PUBLISHING,1,2025,52,"2025/12/26 00:00:00",TAS1,22142.48126452,0.00000000,0.000000
D,CO2EII,PUBLISHING,1,2025,52,"2025/12/26 00:00:00",VIC1,91198.93996841,61507.68175518,0.674400
D,CO2EII,PUBLISHING,1,2025,52,"2025/12/27 00:00:00",NEM,397744.20116454,208180.90390755,0.523400
D,CO2EII,PUBLISHING,1,2025,52,"2025/12/27 00:00:00",NSW1,125054.04139665,56371.79647709,0.450800
D,CO2EII,PUBLISHING,1,2025,52,"2025/12/27 00:00:00",QLD1,140529.07140349,82542.57059589,0.587400
D,CO2EII,PUBLISHING,1,2025,52,"2025/12/27 00:00:00",SA1,19932.03226534,891.17980830,0.044700
D,CO2EII,PUBLISHING,1,2025,52,"2025/12/27 00:00:00",TAS1,21714.74772081,0.00000000,0.000000
D,CO2EII,PUBLISHING,1,2025,52,"2025/12/27 00:00:00",VIC1,90514.30837825,68375.35702627,0.755400
C,"END OF REPORT",2187
