Time (Month),Consumption (KWh) per household,Avg Tariff (c/KWh) per household,Primary Wholesale ($/MWh),GHG Emissions (tCO2-e) per household,Number of Domestic Consumers (households),Percentage Renewable Production,System Production Primary Spot,System Production Secondary Spot,System Production Off Spot,System Production Rooftop PV,System Production Coal,System Production Water,System Production Wind,System Production Gas,System Production Solar,System Production Battery,Number of Active Actors,Primary Total Unmet Demand (MWh),Primary Total Unmet Demand (Hours),Primary Total Unmet Demand (Days),Primary Max Unmet Demand Per Hour (MWh),Secondary Total Unmet Demand (MWh),Secondary Total Unmet Demand (Hours),Secondary Total Unmet Demand (Days),Secondary Max Unmet Demand Per Hour (MWh)
1998-01-01,610.093185430031,26.676000595092773,0.0,0.7772629725256107,1637917.0,0.019036668327859402,0.0,0.0,0.0,0.0,3267.53,63.41,0.0,0.0,0.0,0.0,16.0,0.0,0.0,0.0,0.0,0.0,0.0,0.0,0.0
1998-02-01,625.7827702752132,26.676000595092773,0.0,0.797251372941219,1640328.0,0.01903771009723436,0.0,0.0,0.0,0.0,3356.4900000000002,65.14,0.0,0.0,0.0,0.0,16.0,0.0,0.0,0.0,0.0,0.0,0.0,0.0,0.0
1998-03-01,612.5921403217432,26.676000595092773,0.0,0.7804374141656674,1642739.0,0.019037511589152255,0.0,0.0,0.0,0.0,3290.5699999999997,63.86,0.0,0.0,0.0,0.0,16.0,0.0,0.0,0.0,0.0,0.0,0.0,0.0,0.0
1998-04-01,584.3722456918822,26.676000595092773,0.0,0.7444807145810866,1645150.0,0.019038257504836797,0.0,0.0,0.0,0.0,3143.5899999999997,61.01,0.0,0.0,0.0,0.0,16.0,0.0,0.0,0.0,0.0,0.0,0.0,0.0,0.0
1998-05-01,606.8971042650318,26.676000595092773,0.0,0.7731751544792669,1647561.0,0.019036903690369037,0.0,0.0,0.0,0.0,3269.55,63.45,0.0,0.0,0.0,0.0,16.0,0.0,0.0,0.0,0.0,0.0,0.0,0.0,0.0
1998-06-01,608.6066915074922,26.676000595092773,0.0,0.7753584280848335,1649972.0,0.019036351903635187,0.0,0.0,0.0,0.0,3283.5600000000004,63.72,0.0,0.0,0.0,0.0,16.0,0.0,0.0,0.0,0.0,0.0,0.0,0.0,0.0
1998-07-01,636.8384327362361,26.676000595092773,0.0,0.8066502080714958,1652383.0,0.019038278971511002,0.0,0.0,0.0,0.0,3440.89,66.78,0.0,0.0,0.0,0.0,13.0,0.0,0.0,0.0,0.0,0.0,0.0,0.0,0.0
1998-08-01,636.8424105961226,26.676000595092773,0.0,0.8066752472462361,1654794.0,0.019036042370637753,0.0,0.0,0.0,0.0,3445.94,66.87,0.0,0.0,0.0,0.0,13.0,0.0,0.0,0.0,0.0,0.0,0.0,0.0,0.0
1998-09-01,596.3957386080781,26.676000595092773,0.0,0.7554239244566273,1657205.0,0.019037790256488087,0.0,0.0,0.0,0.0,3231.78,62.72,0.0,0.0,0.0,0.0,13.0,0.0,0.0,0.0,0.0,0.0,0.0,0.0,0.0
1998-10-01,594.3670101999498,26.676000595092773,0.0,0.7528538602623923,1659616.0,0.019038524119012065,0.0,0.0,0.0,0.0,3225.4700000000003,62.6,0.0,0.0,0.0,0.0,13.0,0.0,0.0,0.0,0.0,0.0,0.0,0.0,0.0
1998-11-01,568.6387766263725,26.676000595092773,0.0,0.7202822323952532,1662027.0,0.019036221832137153,0.0,0.0,0.0,0.0,3090.34,59.97,0.0,0.0,0.0,0.0,13.0,0.0,0.0,0.0,0.0,0.0,0.0,0.0,0.0
1998-12-01,593.1948201134558,26.676000595092773,0.0,0.75138170376178,1664438.0,0.019036072826271906,0.0,0.0,0.0,0.0,3228.47,62.65,0.0,0.0,0.0,0.0,13.0,0.0,0.0,0.0,0.0,0.0,0.0,0.0,0.0
1999-01-01,605.3940066592675,23.351999282836914,11.314876556396484,0.7821882285665479,1666850.0,0.01201081178691272,3325630.4730548314,0.0,37689.55199999994,0.0,3306707.0518667293,40346.501523529994,0.0,12128.343664571285,0.0,0.0,12.0,349.97103891761617,3.0,1.0,184.6858821444116,0.0,0.0,0.0,0.0
1999-02-01,633.7672778552904,23.351999282836914,29.625320434570312,0.8008131151085286,1669261.0,0.03104555179738443,3458633.7148568714,0.0,34042.17600000003,0.0,3349845.6789624346,108316.0124397596,0.0,30776.535454677192,0.0,0.0,12.0,33734.073791562434,65.0,9.0,1339.6796252918161,0.0,0.0,0.0,0.0
1999-03-01,604.2471250340976,23.351999282836914,6.440227508544922,0.7838285797931084,1671672.0,0.008356708167663396,3333399.528221652,0.0,37740.20999999994,0.0,3328488.6448449874,28137.003376664255,0.0,10370.399999999767,0.0,0.0,12.0,0.0,0.0,0.0,0.0,0.0,0.0,0.0,0.0
1999-04-01,597.8968784701834,23.351999282836914,11.861642837524414,0.7666477700327161,1674083.0,0.019567375143876686,3302022.3773344336,0.0,36473.759999999966,0.0,3257528.971352564,65247.24604240995,0.0,11715.27993945944,0.0,0.0,12.0,87.15544285587839,3.0,3.0,35.795097987575446,0.0,0.0,0.0,0.0
1999-05-01,633.9211473467844,23.351999282836914,6.487114906311035,0.8233964788555309,1676494.0,0.007215034021407848,3517433.4743452,0.0,37689.55199999994,0.0,3515007.941494134,25620.476851066105,0.0,10356.479999999769,0.0,0.0,12.0,0.0,0.0,0.0,0.0,0.0,0.0,0.0,0.0
1999-06-01,719.9424624978781,23.351999282836914,32.998435974121094,0.9004971939737624,1678905.0,0.042107436789895036,3992080.6056766813,0.0,36473.759999999966,0.0,3828686.6021447773,169463.4731817203,0.0,26399.650350184056,0.0,0.0,12.0,3581.7447162582407,36.0,16.0,335.9863366236618,0.0,0.0,0.0,0.0
1999-07-01,749.1899202767356,23.351999282836914,35.19152069091797,0.9332538316394001,1681316.0,0.045778434394611475,4157795.4557257188,0.0,37689.55199999994,0.0,3970183.732870388,191873.29815858332,0.0,29289.848696747533,0.0,0.0,12.0,3264.938758655647,35.0,17.0,212.43358695510733,0.0,0.0,0.0,0.0
1999-08-01,743.4542535696107,23.351999282836914,28.303625106811523,0.9297117094358535,1683727.0,0.0426515721249435,4133400.1685868697,0.0,37689.55199999994,0.0,3964516.639428418,177727.03639236707,0.0,24707.9167660851,0.0,0.0,12.0,1490.2387881245672,21.0,13.0,155.58710767509183,0.0,0.0,0.0,0.0
1999-09-01,684.5578475783121,23.351999282836914,10.333255767822266,0.8774409396867417,1686138.0,0.020509844007305163,3811056.237851563,0.0,36473.759999999966,0.0,3754191.4211837864,78830.10552765729,0.0,10503.831140118571,0.0,0.0,12.0,0.0,0.0,0.0,0.0,0.0,0.0,0.0,0.0
1999-10-01,682.4220084818386,23.351999282836914,8.721113204956055,0.8809224811381813,1688549.0,0.01354071551832513,3803371.1059999964,0.0,37638.893999999935,0.0,3774580.8081875215,51954.06581247525,0.0,10342.55999999977,0.0,0.0,12.0,0.0,0.0,0.0,0.0,0.0,0.0,0.0,0.0
1999-11-01,646.7397218148271,23.351999282836914,9.840929985046387,0.8358211965077524,1690960.0,0.012021135474629924,3608119.9399142982,0.0,36473.759999999966,0.0,3584577.359406394,43764.01429668538,0.0,12247.686211218934,0.0,0.0,11.0,775.8816748967074,5.0,0.0,276.46972557912113,0.0,0.0,0.0,0.0
1999-12-01,671.2273919891152,23.351999282836914,19.236154556274414,0.8551681728075675,1693371.0,0.024424021249443793,3734982.134951652,0.0,37689.55199999994,0.0,3652847.1996563557,92042.74372307719,0.0,23643.61557221932,0.0,0.0,28.0,16118.291173341971,42.0,5.0,1128.8950603794297,0.0,0.0,0.0,0.0
2000-01-01,653.5437296259429,14.29067611694336,14.925594329833984,0.8377019100765386,1695784.0,0.01921929625147282,3652519.6451345375,0.0,37689.55199999994,0.0,3597054.934698906,70843.69188167983,0.0,18172.44255395189,0.0,0.0,28.0,4020.1615382655955,21.0,5.0,467.14375266299294,0.0,0.0,0.0,0.0
2000-02-01,689.2141361857737,14.29067611694336,45.95066452026367,0.8573224105591736,1698195.0,0.044296733963180804,3820101.6228776895,0.0,35257.96799999999,0.0,3634054.3619701467,170608.35873923157,0.0,46825.7181683112,0.0,0.0,28.0,46040.07538793409,108.0,14.0,1147.6979455704682,0.0,0.0,0.0,0.0
2000-03-01,719.7310840959046,14.29067611694336,23.9537353515625,0.9060811049216135,1700606.0,0.0360386183338476,4029510.974725411,0.0,37740.20999999994,0.0,3891188.5830312357,146428.78025180474,0.0,25490.131442370028,0.0,0.0,33.0,20581.81007793178,44.0,5.0,1518.3392488366935,0.0,0.0,0.0,0.0
2000-04-01,642.9184206616845,14.29067611694336,8.175301551818848,0.8243383180332945,1703017.0,0.014478404964106595,3613196.2400000035,0.0,36473.759999999966,0.0,3582859.5405543083,52783.41944569551,0.0,10022.39999999981,0.0,0.0,43.0,0.0,0.0,0.0,0.0,0.0,0.0,0.0,0.0
2000-05-01,746.5345942484819,14.29067611694336,36.08145523071289,0.9219684714515006,1705428.0,0.04759184900538959,4193985.3479848495,0.0,37689.55199999994,0.0,3989739.1980193276,201196.29171703506,0.0,36601.282248486845,0.0,0.0,50.0,17373.905100490567,70.0,17.0,827.7199950274044,0.0,0.0,0.0,0.0
2000-06-01,732.4730258531396,14.29067611694336,53.2022819519043,0.8976476958442429,1707839.0,0.052662947768834005,4117805.675828294,0.0,36473.759999999966,0.0,3878791.6289967448,218565.70479901365,0.0,52917.46203253549,0.0,0.0,57.0,15540.122915305426,95.0,20.0,593.0637891489991,0.0,0.0,0.0,0.0
2000-07-01,742.552843151586,14.29067611694336,41.1947135925293,0.9166793238838534,1710250.0,0.04712811743689242,4187333.7007674384,0.0,37689.55199999994,0.0,3978861.1645662547,198922.36984767218,0.0,43101.5903535112,0.0,0.0,59.0,8145.909654219743,73.0,19.0,470.0701359636623,0.0,0.0,0.0,0.0
2000-08-01,738.4596251096978,14.29067611694336,31.972476959228516,0.9134134020426101,1712661.0,0.04679745122506978,4177970.0894534374,0.0,37638.893999999935,0.0,3983193.4896753724,197086.36223130883,0.0,31196.56554675632,0.0,0.0,61.0,3243.730619980632,37.0,14.0,304.63753338702463,0.0,0.0,0.0,0.0
2000-09-01,669.1905645943727,14.29067611694336,14.236373901367188,0.8480699083386516,1715072.0,0.02530946260273145,3788311.2398075196,0.0,36473.759999999966,0.0,3709115.880094794,96701.89762979925,0.0,14962.582082926709,0.0,0.0,61.0,914.9857393522393,11.0,9.0,158.63802217484226,0.0,0.0,0.0,0.0
2000-10-01,684.6373442997689,14.29067611694336,9.04964828491211,0.8723764234818566,1717483.0,0.020565561895812174,3881817.0147755756,0.0,37689.55199999994,0.0,3823600.1649583727,80521.75197254858,0.0,11246.521844654495,0.0,0.0,61.0,2.9526105553713933,1.0,1.0,2.9526105553713933,0.0,0.0,0.0,0.0
2000-11-01,657.43819095828,14.29067611694336,10.633688926696777,0.8340358470688745,1719894.0,0.024568310587099414,3731003.024223437,0.0,36473.759999999966,0.0,3658192.033717426,92462.1525251784,0.0,12817.957980832474,0.0,0.0,62.0,1603.2106984437628,7.0,1.0,439.8340076019199,0.0,0.0,0.0,0.0
2000-12-01,659.5678465776967,14.29067611694336,21.16303825378418,0.832623196813112,1722305.0,0.027504658289025256,3738702.6508343206,0.0,37689.55199999994,0.0,3643044.56541802,103754.55930770109,0.0,25454.950108599507,0.0,0.0,60.0,10197.605419171563,40.0,6.0,661.3550124459084,0.0,0.0,0.0,0.0
2001-01-01,699.6917756989839,15.696864128112793,29.324270248413086,0.8761617570813683,1724718.0,0.034396155256559764,3965426.5947787873,0.0,37689.55199999994,0.0,3827316.551538333,137549.46880148497,0.0,34111.998438970164,0.0,0.0,60.0,19453.79492043425,61.0,10.0,974.2526801485096,0.0,0.0,0.0,0.0
2001-02-01,676.4433924738685,15.696864128112793,54.00361251831055,0.8292407213503,1727129.0,0.050244121167157416,3778722.8536377964,0.0,34042.17600000003,0.0,3554317.7218158776,191381.23248812387,0.0,63328.41133379556,0.0,0.0,60.0,81584.72478567452,146.0,15.0,1697.8068928048333,0.0,0.0,0.0,0.0
2001-03-01,707.9107739630191,15.696864128112793,24.974815368652344,0.8840355779803324,1729540.0,0.03759413944308277,4034086.001872933,0.0,37740.20999999994,0.0,3884250.249473248,152921.02393748163,0.0,30511.248462203992,0.0,0.0,60.0,14536.323170490801,45.0,6.0,810.4015496106135,0.0,0.0,0.0,0.0
2001-04-01,665.3554286466534,15.696864128112793,13.552691459655762,0.8370578791640946,1731951.0,0.029921967447553655,3802825.795447749,0.0,47770.55999999979,0.0,3706998.1918595526,114783.48324817966,0.0,14312.440340016186,0.0,0.0,60.0,296.65487522937065,4.0,3.0,182.5221276305324,0.0,0.0,0.0,0.0
2001-05-01,726.7617717639109,15.696864128112793,27.77498435974121,0.8986840545461489,1734362.0,0.044941110092623006,4148818.8159249173,0.0,49362.911999999735,0.0,3966419.25281664,187997.4755669347,0.0,28779.351541342745,0.0,0.0,60.0,3378.1238907260476,28.0,14.0,276.5998976365504,0.0,0.0,0.0,0.0
2001-06-01,695.6954075172748,15.696864128112793,28.25281524658203,0.8618863898057519,1736773.0,0.04262628118754233,3969990.743831251,0.0,53274.23999999986,0.0,3806664.8177290875,165374.96793269453,5503.680000000076,31219.27816946843,0.0,0.0,60.0,4284.952203905845,40.0,14.0,398.1852571339855,0.0,0.0,0.0,0.0
2001-07-01,727.9448292992575,15.696864128112793,25.753803253173828,0.8971661387367671,1739184.0,0.048484439818139595,4163222.149550179,0.0,55050.04799999981,0.0,3973459.5153174372,198106.85775006123,5687.136000000081,26033.04048268069,0.0,0.0,60.0,1827.733504511205,25.0,12.0,137.99253241809492,0.0,0.0,0.0,0.0
2001-08-01,731.0436697395204,15.696864128112793,29.465984344482422,0.8988383661672565,1741595.0,0.05017916311031125,4186709.006786294,0.0,55050.04799999981,0.0,3983970.984369139,206408.81620945537,5687.136000000081,30706.47020769958,0.0,0.0,60.0,2180.8637683945326,26.0,11.0,339.2497176061115,0.0,0.0,0.0,0.0
2001-09-01,660.2832788419306,15.696864128112793,8.577130317687988,0.8357688637965128,1744006.0,0.024541859897756476,3785185.7565820334,0.0,53274.23999999986,0.0,3719808.657284162,88343.35551697534,5503.680000000076,10302.063780896042,0.0,0.0,60.0,0.0,0.0,0.0,0.0,0.0,0.0,0.0,0.0
2001-10-01,671.2761041606901,15.696864128112793,8.110883712768555,0.855047538361738,1746417.0,0.0183596762982365,3852783.943609374,0.0,54976.0559999998,0.0,3810969.3537168526,65790.95479822549,5679.492000000081,10354.693094295646,0.0,0.0,60.0,0.0,0.0,0.0,0.0,0.0,0.0,0.0,0.0
2001-11-01,640.4523486586445,15.696864128112793,7.8304924964904785,0.8153435026788893,1748828.0,0.01861181097313756,3677366.159609377,0.0,56103.83999999981,0.0,3638938.7554785376,63713.04495704253,5503.680000000076,10812.279173797082,0.0,0.0,61.0,0.0,0.0,0.0,0.0,0.0,0.0,0.0,0.0
2001-12-01,622.8321776753487,15.696864128112793,7.245479106903076,0.7957593707011658,1751239.0,0.014761384060609123,3577786.0320000015,0.0,57973.96799999977,0.0,3556166.711193327,47760.50480667507,5687.136000000081,11159.999999999758,0.0,0.0,61.0,0.0,0.0,0.0,0.0,0.0,0.0,0.0,0.0
2002-01-01,647.3245547007045,10.385764122009277,10.196918487548828,0.8225948215009663,1753652.0,0.01995381414627373,3724985.054030876,0.0,57973.96799999977,0.0,3679323.242931617,69498.30441351997,5687.136000000081,13464.690685739215,0.0,0.0,61.0,980.9703519387867,5.0,1.0,285.3279346822369,0.0,0.0,0.0,0.0
2002-02-01,615.9346219355456,10.385764122009277,25.89332389831543,0.7695717285905463,1756063.0,0.03438539575660096,3536808.3640904296,0.0,52363.58399999991,0.0,3425672.34463724,117812.90896260641,5136.768000000065,27014.5024905834,0.0,0.0,61.0,16228.008843161842,45.0,7.0,911.2553688268049,0.0,0.0,0.0,0.0
2002-03-01,661.8386168916913,10.385764122009277,14.640631675720215,0.8349375446549915,1758474.0,0.02647832952167782,3823936.3850331036,0.0,58051.88999999976,0.0,3746042.459901412,96696.45649326302,5694.780000000082,18548.788638429352,0.0,0.0,62.0,2335.7187424169583,17.0,4.0,313.3337383346766,0.0,0.0,0.0,0.0
2002-04-01,640.9191968811137,10.385764122009277,8.49912166595459,0.8110941602979048,1760885.0,0.024464409897390373,3705846.1592187514,0.0,56103.83999999981,0.0,3644914.323067653,86175.41805058453,5503.680000000076,10854.338100514517,0.0,0.0,62.0,0.0,0.0,0.0,0.0,0.0,0.0,0.0,0.0
2002-05-01,702.0676052120574,10.385764122009277,24.12929916381836,0.8711865910208574,1763296.0,0.042012071278593896,4067820.1738639036,0.0,57973.96799999977,0.0,3913923.478246288,167016.44345685947,5687.136000000081,24181.436160756508,0.0,0.0,62.0,715.8087220360985,12.0,7.0,126.83730403187883,0.0,0.0,0.0,0.0
2002-06-01,713.3301278184886,10.385764122009277,50.98084259033203,0.866496704844213,1765707.0,0.05722753061846812,4123464.081348933,0.0,64439.279999999955,0.0,3872451.2138260286,226723.2143203956,12005.280000000213,60387.573202507134,0.0,0.0,62.0,10536.516971375915,65.0,18.0,622.450507029087,0.0,0.0,0.0,0.0
2002-07-01,761.2687614740645,10.385764122009277,64.4716796875,0.9112667810311466,1768118.0,0.06744591098205376,4398250.425131452,0.0,68389.81919999995,0.0,4057925.6810141425,287591.06026685284,12405.456000000235,90034.86785045807,0.0,0.0,63.0,20068.079251257608,123.0,21.0,576.0841779401776,0.0,0.0,0.0,0.0
2002-08-01,747.9662857823848,10.385764122009277,47.48032760620117,0.9022637290658332,1770529.0,0.06318964124834199,4338263.952828697,0.0,68389.81919999995,0.0,4045404.882557876,264868.8315691197,12405.456000000235,65291.422701701646,0.0,0.0,66.0,7665.276501453206,67.0,19.0,522.8456448249613,0.0,0.0,0.0,0.0
2002-09-01,686.0858235473281,10.385764122009277,18.38346290588379,0.846351724839513,1772940.0,0.04723218256217581,3988209.387286162,0.0,66183.69599999998,0.0,3824721.2010287093,178638.57300070807,12005.280000000213,20947.53325674628,0.0,0.0,66.0,236.8751122775052,4.0,3.0,144.0727393139491,0.0,0.0,0.0,0.0
2002-10-01,685.9297119273879,10.385764122009277,8.805599212646484,0.8573234005621628,1775351.0,0.0358648876001458,3990922.100353901,0.0,68297.89739999993,0.0,3884332.8494918603,132525.5174735706,12388.782000000232,11314.781388470872,0.0,0.0,68.0,0.0,0.0,0.0,0.0,0.0,0.0,0.0,0.0
2002-11-01,660.3937984949616,10.385764122009277,14.067201614379883,0.8233857160111877,1777762.0,0.037296480179949895,3846562.6019223677,0.0,66183.69599999998,0.0,3732051.1530773905,133252.04588892602,12005.280000000213,17357.322956050233,0.0,0.0,69.0,663.6789331018645,5.0,1.0,199.6214288687397,0.0,0.0,0.0,0.0
2002-12-01,672.708214314002,10.385764122009277,20.598241806030273,0.8375402361574587,1780173.0,0.03687401817651189,3915534.9109946457,0.0,68418.52042636872,0.0,3788794.7357117143,133781.29012881053,12405.456000000235,30260.069154119683,28.701226368763905,0.0,69.0,7835.895750946356,29.0,5.0,689.2767608208251,0.0,0.0,0.0,0.0
2003-01-01,688.6035231960758,18.992431640625,32.936851501464844,0.8507275435815967,1782586.0,0.04213492550620775,3992861.234433281,0.0,68422.14932870449,0.0,3824995.3028819426,155148.40137374,15153.926968154987,47270.24320944426,32.3301287045358,0.0,66.0,30366.522976291286,68.0,8.0,1403.6567950154722,0.0,0.0,0.0,0.0
2003-02-01,641.38931325935,18.992431640625,38.86018753051758,0.7841519144612263,1784997.0,0.05154813908710091,3726851.5120541216,0.0,61794.9615162511,0.0,3528887.5538696186,179913.14761121798,14491.134316257288,48455.99625702846,23.511916251057716,0.0,66.0,27613.000581082106,66.0,9.0,1355.8201967303376,0.0,0.0,0.0,0.0
2003-03-01,682.3114812063054,18.992431640625,21.811996459960938,0.844644657808841,1787408.0,0.04262689544543501,3992978.5360525837,0.0,68503.25936651719,0.0,3841029.302588205,158249.539692204,14059.825423726683,29413.318348448596,21.518366517232757,0.0,66.0,8901.045352685182,29.0,5.0,757.0098301240128,0.0,0.0,0.0,0.0
2003-04-01,649.0762473747345,18.992431640625,10.296330451965332,0.8105301879320554,1789819.0,0.0364967576441125,3806230.718025636,0.0,66199.25750426286,0.0,3701710.866614851,128346.13265123984,12309.564674611102,11967.354084933082,15.561504262882721,0.0,66.0,0.0,0.0,0.0,0.0,0.0,0.0,0.0,0.0
2003-05-01,711.0962320684287,18.992431640625,25.122947692871094,0.870510177161013,1792230.0,0.053609326424239434,4177949.099724245,0.0,68401.02892230437,0.0,3971856.7929422967,212037.60121205042,14593.566571493788,29167.778998404297,11.209722304411626,0.0,66.0,1809.789908134398,21.0,11.0,208.28953767935855,0.0,0.0,0.0,0.0
2003-06-01,708.318822538881,18.992431640625,50.33534240722656,0.8559064473775939,1794641.0,0.06122084978678268,4159980.6104309126,0.0,66191.3068395803,0.0,3885245.1138592237,240695.4808796729,16919.841071396528,65223.37462062013,7.610839580314755,0.0,67.0,11087.896288093329,72.0,19.0,508.0795725776911,0.0,0.0,0.0,0.0
2003-07-01,758.6608512163255,18.992431640625,67.50764465332031,0.9029226993379342,1797052.0,0.07164096131418489,4440445.867045891,0.0,69397.07555676707,0.0,4068433.4138804083,302274.38109500596,19394.902241189033,100049.80982929136,10.296356767137768,0.0,68.0,34666.82038561847,158.0,22.0,827.889512607379,0.0,0.0,0.0,0.0
2003-08-01,746.3293215809383,18.992431640625,54.337345123291016,0.8954759982707864,1799463.0,0.06621991419031027,4390057.145047506,0.0,69399.36704093621,0.0,4063828.7428691667,275603.1269173963,18385.895678506906,81946.01958243453,12.587840936274365,0.0,69.0,17183.28361468309,108.0,19.0,585.3199571191626,0.0,0.0,0.0,0.0
2003-09-01,694.0590740529027,18.992431640625,27.675813674926758,0.8466658767262462,1801874.0,0.055883544325335245,4099127.185289362,0.0,67166.16503308319,0.0,3878820.5492935106,216881.3796287408,14863.871810064753,36664.58455704598,17.66903308322916,0.0,69.0,2396.549872868606,25.0,7.0,405.03967786675,0.0,0.0,0.0,0.0
2003-10-01,704.3033667075878,18.992431640625,21.081523895263672,0.8643359193449589,1804285.0,0.051632316190881065,4166172.613923387,0.0,69313.80637722358,0.0,3972264.813210019,203210.81335853608,14442.106337230733,25894.711017600388,20.288977223672536,0.0,69.0,393.5048947049795,8.0,4.0,89.57982431544588,0.0,0.0,0.0,0.0
2003-11-01,653.9788652877961,18.992431640625,15.752327919006348,0.8135267589707156,1806696.0,0.038792819303457605,3866859.2784175794,0.0,67177.53648623089,0.0,3740837.313891862,138782.5179836348,13062.00009753885,22280.646444545193,29.040486230937773,0.0,69.0,4433.14945166197,18.0,3.0,790.7561341460291,0.0,0.0,0.0,0.0
2003-12-01,682.377548702205,18.992431640625,34.84097671508789,0.8400149907873853,1809107.0,0.04413257880214025,3995228.3134881505,0.0,69418.22898757842,0.0,3808972.9902332216,162831.41887441883,15651.929882578588,57478.61449793073,31.449787578490465,0.0,70.0,50333.34609849175,88.0,11.0,1905.5323256882602,0.0,0.0,0.0,0.0
2004-01-01,658.3349894011659,20.72476577758789,15.056096076965332,0.8241700757575944,1811520.0,0.03294571699751641,3903043.2432926698,0.0,69417.29312964914,0.0,3802762.9222750277,116659.18811296462,13537.482277603165,19790.29062707368,30.513929649216266,0.0,70.0,2829.4199253291977,8.0,1.0,568.7912313569091,0.0,0.0,0.0,0.0
2004-02-01,664.8031264695294,20.72476577758789,42.24607849121094,0.806629458635185,1813931.0,0.05749943487601744,3930825.61382363,0.0,64935.37373985483,0.0,3688744.134583386,212819.17130951153,15851.075803359676,59910.99212737082,25.160939854863496,0.0,72.0,23928.8666357358,74.0,11.0,1225.52671019447,0.0,0.0,0.0,0.0
2004-03-01,691.7364681321029,20.72476577758789,22.760400772094727,0.8483475251636091,1816342.0,0.05154066577588032,4109833.7051707683,0.0,69503.21251095684,0.0,3914698.7031394653,199824.9597164815,14541.985191280235,30541.507123540945,23.171510956932426,0.0,73.0,13927.664188043653,29.0,4.0,1285.2225613238006,0.0,0.0,0.0,0.0
2004-04-01,654.3098485610745,20.72476577758789,18.194190979003906,0.8077187732906284,1818753.0,0.04630879084167966,3899340.780560564,0.0,67162.83976281657,0.0,3743311.5836222707,169068.5705752862,13719.10755923596,21344.718803772026,14.3437628166138,0.0,74.0,256.32108285986624,7.0,4.0,78.42811431199243,0.0,0.0,0.0,0.0
2004-05-01,728.2919056164079,20.72476577758789,51.56406784057617,0.8755515616540189,1821164.0,0.06492210001098407,4344916.712109642,0.0,69397.00974574835,0.0,4032719.390154068,266968.5269027014,18330.083516332532,76605.35153653825,10.230545748421862,0.0,74.0,12882.771755951595,80.0,19.0,511.08538361622186,0.0,0.0,0.0,0.0
2004-06-01,733.2497977873134,20.72476577758789,70.18730926513672,0.8676024201206542,1823575.0,0.07452018071214794,4343928.112780719,0.0,67156.26299192094,0.0,3946773.0818815106,308123.3114525683,19164.467474983772,117970.45197165581,7.766991920983217,0.0,74.0,46035.37666878225,212.0,21.0,834.2630006781133,0.0,0.0,0.0,0.0
2004-07-01,758.0200505370797,20.72476577758789,67.99044036865234,0.8961844011704077,1825986.0,0.0737781366743799,4483918.585961922,0.0,75261.29842561687,0.0,4073931.258647996,314788.72420213174,19798.393248494805,126646.86290329692,9.634185616995447,0.0,74.0,54599.33882142959,240.0,23.0,742.5487296416686,0.0,0.0,0.0,0.0
2004-08-01,752.7495396240532,20.72476577758789,60.88234329223633,0.8917567318970072,1828397.0,0.07346061524314433,4467106.344041046,0.0,75264.79606298998,0.0,4073094.2593869884,312189.70156798797,19719.122332096907,113349.91379397344,13.131822990087723,0.0,76.0,45378.60891940549,198.0,20.0,786.5249452758912,0.0,0.0,0.0,0.0
2004-09-01,695.4290127637634,20.72476577758789,34.67707824707031,0.8387904672335238,1830808.0,0.06322267400185573,4166769.1892152545,0.0,72838.81039023331,0.0,3894338.968969758,250277.08779212952,16278.943281217289,55467.7243721493,14.619190233430736,0.0,77.0,4381.379743371347,41.0,12.0,406.30997711800546,0.0,0.0,0.0,0.0
2004-10-01,685.5383890304432,20.72476577758789,19.240571975708008,0.8407897744690965,1833219.0,0.050979612317576854,4112781.734384616,0.0,75174.10735791917,0.0,3924823.673293022,197448.929914988,14805.72615459879,26881.178152007386,23.587827919328557,0.0,77.0,1184.0745660624416,8.0,3.0,314.9089222670368,0.0,0.0,0.0,0.0
2004-11-01,675.7718058650164,20.72476577758789,28.750062942504883,0.8241648774259902,1835630.0,0.05408058997714664,4050311.5576832267,0.0,72849.34092341995,0.0,3834539.918210074,206156.67500184788,15544.82166004554,43663.678011260636,25.1497234200588,0.0,77.0,11728.97658866323,43.0,8.0,1129.5274709218234,0.0,0.0,0.0,0.0
2004-12-01,675.9152815415978,20.72476577758789,26.918537139892578,0.8301279752773603,1838041.0,0.04731358217038277,4056456.2658622297,0.0,75281.47287329042,0.0,3869631.832898347,178615.55414552198,15706.187159409865,43749.34469895072,29.808633290529695,0.0,77.0,9461.272882464671,41.0,7.0,908.9727562799881,0.0,0.0,0.0,0.0
2005-01-01,684.5696768297388,20.223674774169922,36.150238037109375,0.8396053375530526,1840454.0,0.045376440530930595,4058742.215247832,0.0,75282.2343262984,0.0,3855323.9044936006,170340.5689460954,16126.913593958547,68197.48125417696,30.57008629852956,0.0,77.0,65705.42103134339,113.0,13.0,1830.375809833813,0.0,0.0,0.0,0.0
2005-02-01,635.6949640912384,20.223674774169922,39.70329666137695,0.7713259580077473,1842865.0,0.05612837689179961,3798789.4297760073,0.0,67988.11044351142,0.0,3568684.920783746,200018.30050568623,15781.808890605043,60591.69911597066,18.86532351142702,0.0,77.0,38222.30753438201,79.0,9.0,1237.294507243124,0.0,0.0,0.0,0.0
2005-03-01,681.8232069348976,20.223674774169922,26.68372344970703,0.8335927127586118,1845276.0,0.052511509367995673,4112502.5270463596,0.0,75375.32583189406,0.0,3907297.3031364214,202470.180738645,16156.855839043792,37893.720282250506,22.516881894202783,0.0,78.0,11084.012799933558,14.0,3.0,1687.2077397254325,0.0,0.0,0.0,0.0
2005-04-01,697.1895131588846,20.223674774169922,50.94426345825195,0.83530100478448,1847687.0,0.06496866854051342,4207292.125753245,0.0,72840.62751149961,0.0,3889106.5421281275,258367.211931353,18181.613123756855,91230.29377000713,16.436311499726198,0.0,78.0,13827.034332915046,92.0,21.0,716.1899237862349,0.0,0.0,0.0,0.0
2005-05-01,769.991103173994,20.223674774169922,73.2493667602539,0.9016342123197999,1850098.0,0.08010337714143366,4565424.799474601,0.0,75262.94157328807,0.0,4097019.49127076,348807.83200758125,20992.76851047961,149851.36072578054,11.27733328819495,0.0,79.0,107841.9594403991,313.0,25.0,1283.4091289020516,0.0,0.0,0.0,0.0
2005-06-01,764.132320004923,20.223674774169922,75.95098114013672,0.889091374593343,1852509.0,0.08475994357617787,4477283.655634591,0.0,72832.57519977914,0.0,3986823.5718915043,362539.93081265077,21150.25108634461,156363.4370440895,8.383999779247496,0.0,80.0,168423.45305235373,329.0,27.0,1306.9328667232112,0.0,0.0,0.0,0.0
2005-07-01,769.647208504949,20.223674774169922,65.85440826416016,0.9010458329304881,1854920.0,0.08097462801579736,4573903.1599129215,0.0,75260.56435930326,0.0,4106258.883785413,353627.6547857259,20883.951400018206,144379.3229817647,8.900119303381599,0.0,80.0,109615.98051293769,291.0,26.0,1301.086994485363,0.0,0.0,0.0,0.0
2005-08-01,769.8417783367639,20.223674774169922,65.40599060058594,0.9010724547444205,1857331.0,0.08070189052750767,4574869.220365607,0.0,75264.68012021747,0.0,4104346.8730815165,352084.7696945838,21239.561614483926,148444.66901502284,13.015880217588803,0.0,82.0,116035.48395052267,295.0,25.0,1445.3254795132525,0.0,0.0,0.0,0.0
2005-09-01,725.5232177366538,20.223674774169922,56.9139518737793,0.854188800354269,1859742.0,0.07718422904925852,4377698.773550021,0.0,72840.46146665288,0.0,3958432.5683404114,321820.32463497145,19881.804532945673,127157.61124169076,16.27026665299137,0.0,82.0,47080.45425987706,212.0,23.0,933.9791736461339,0.0,0.0,0.0,0.0
2005-10-01,717.3792916049325,20.223674774169922,43.04764938354492,0.8591193999011948,1862153.0,0.06499619124315016,4368911.120824478,0.0,75174.02616516686,0.0,4034839.9883379615,268557.97877632006,18708.985493457054,97981.94134673922,23.50663516700927,0.0,82.0,8814.516797053064,102.0,17.0,458.16887905334033,0.0,0.0,0.0,0.0
2005-11-01,685.4020564593117,20.223674774169922,38.87088394165039,0.826780421820186,1864564.0,0.059252600729747903,4148726.731658455,0.0,72852.29056229081,0.0,3864651.4976658425,231422.29898921953,17312.66111655689,84933.80908683687,28.09936229093182,0.0,83.0,38340.642057749115,126.0,16.0,1658.8295671823216,0.0,0.0,0.0,0.0
2005-12-01,778.0371992126301,20.223674774169922,57.4217643737793,0.9127493906093672,1866975.0,0.0794516884074414,4543490.5204986185,0.0,82113.603492066,0.0,4095413.008681631,341052.3942578544,24520.405375484155,140581.28522365124,32.01925206598153,0.0,85.0,216315.43087431672,291.0,22.0,2259.6343648506736,0.0,0.0,0.0,0.0
2006-01-01,773.7992326900569,24.90675163269043,58.358642578125,0.908075844076968,1869388.0,0.07674970003572738,4542860.265611075,0.0,82111.72686707623,0.0,4086979.4852999393,328733.37807251245,24359.314987795664,160864.6602908288,30.1426270762003,0.0,86.0,218925.40964832524,260.0,20.0,2803.4075669016884,0.0,0.0,0.0,0.0
2006-02-01,708.0063138158791,24.90675163269043,57.52011489868164,0.8253615453221095,1872085.0,0.08159365796442763,4166294.1470197337,0.0,74162.77387985266,0.0,3717628.7959270994,322204.2913364476,21996.422267181064,156920.89700900682,24.56875985255608,0.0,86.0,177702.94599494227,269.0,20.0,3031.8914546712303,0.0,0.0,0.0,0.0
2006-03-01,764.8937316445325,24.90675163269043,56.627777099609375,0.8948616258992927,1874782.0,0.07799657769140382,4577257.9802838005,0.0,82105.68608988094,0.0,4098377.847849154,336795.764888605,24722.244737289428,175438.6958487549,24.10184988091435,0.0,87.0,120665.98207564918,280.0,26.0,2366.5160474882723,0.0,0.0,0.0,0.0
2006-04-01,690.5334227440094,24.90675163269043,36.84403610229492,0.8259234740983253,1877479.0,0.06465826146024198,4234591.968727798,0.0,79557.88355881556,0.0,3906446.6208783817,256079.92585387215,21347.59560970921,106999.02149583607,13.767648815546114,0.0,87.0,12851.337530544237,93.0,17.0,612.0948691109434,0.0,0.0,0.0,0.0
2006-05-01,774.4173949672796,24.90675163269043,59.799583435058594,0.8967516208342948,1880176.0,0.08557188690298864,4653006.329165412,0.0,82091.3202214355,0.0,4114905.8964087376,377688.537320843,25438.813122149048,193049.65535368514,9.73598143547818,0.0,87.0,118371.4267927428,320.0,28.0,1237.5903466900268,0.0,0.0,0.0,0.0
2006-06-01,789.2061758812198,24.90675163269043,69.60050201416016,0.8986834413100291,1882873.0,0.0970450332513073,4633170.103383888,0.0,80128.46968432306,0.0,4013224.8565043607,428544.4819379243,26528.858248086814,221075.0418935134,7.798484323057872,0.0,87.0,239950.82119724486,366.0,29.0,1536.2889377694282,0.0,0.0,0.0,0.0
2006-07-01,807.3160900947724,24.90675163269043,65.87792205810547,0.9221344425829718,1885570.0,0.09504377909951922,4763056.014698266,0.0,82799.6116806059,0.0,4142020.552396426,431232.2626037032,26978.930882278513,220900.84185586005,8.251440605884682,0.0,87.0,228314.18201956997,376.0,30.0,1446.3140742310502,0.0,0.0,0.0,0.0
2006-08-01,781.9821031665543,24.90675163269043,59.2468376159668,0.9013696193229148,1888267.0,0.08861054360400356,4702558.480384032,0.0,82805.64827763053,0.0,4135336.448375182,395783.11631191004,26046.32170541898,203469.1670315217,14.288037630531864,0.0,88.0,136605.69751022218,340.0,29.0,1314.413188710559,0.0,0.0,0.0,0.0
2006-09-01,719.3442075047436,24.90675163269043,44.558067321777344,0.844050547741089,1890964.0,0.07804816145867788,4406064.710908851,0.0,80139.0873158543,0.0,3968602.426274327,324969.85340235964,23284.969150740177,145410.59728142593,18.41611585428549,0.0,88.0,47976.06974404225,173.0,22.0,1201.8666363285574,0.0,0.0,0.0,0.0
2006-10-01,724.9417926439843,24.90675163269043,40.22292709350586,0.8576626012180095,1893661.0,0.07193251301217499,4464419.600818131,0.0,82709.05982023367,0.0,4061896.32956655,301905.8542952111,23376.151723864208,135239.77836250362,28.97829023368936,0.0,88.0,28851.19780880081,127.0,18.0,1641.0891699537724,0.0,0.0,0.0,0.0
2006-11-01,711.10465428996,24.90675163269043,42.105342864990234,0.8418021686818227,1896358.0,0.07032290345935047,4346080.00498292,0.0,80148.60148274981,0.0,3952368.8304039855,287317.6536024603,22237.71252117698,140358.94365529626,27.930282749796095,0.0,88.0,68801.27810463902,230.0,19.0,1680.9125166299955,0.0,0.0,0.0,0.0
2006-12-01,751.7507391834359,24.90675163269043,41.24738693237305,0.8874677563219152,1899055.0,0.07323187958973428,4510182.421440152,0.0,82823.57796655562,0.0,4091241.490809283,311754.5963181459,22757.737938461312,142505.16941426098,32.217726555612444,0.0,88.0,165713.54845697765,239.0,18.0,2594.8576063867395,0.0,0.0,0.0,0.0
2007-01-01,752.8221286011454,14.37978744506836,45.061275482177734,0.8875127653103718,1901756.0,0.0729460524182836,4501062.426361641,0.0,82825.5582856231,3.8953687125617003,4071595.6261726297,304134.48513368005,28405.003865718678,155003.88422961315,30.302676910541436,0.0,89.0,188391.91725702677,251.0,21.0,2872.1694038899104,0.0,0.0,0.0,0.0
2007-02-01,724.9168133842106,14.37978744506836,55.944068908691406,0.8387411563424457,1904453.0,0.08521911726715445,4208183.837835897,0.0,74808.4093158439,3.316514630357905,3715449.186521677,334531.3320949517,28530.021055425,182129.5576838426,25.79968121346792,0.0,89.0,318907.6397623286,324.0,23.0,2662.117470091486,0.0,0.0,0.0,0.0
2007-03-01,763.9330938835435,14.37978744506836,47.465030670166016,0.8933161140595595,1907150.0,0.07879041421319906,4588593.593932353,0.0,83668.5049030004,5.5974877844785755,4110161.4991166727,336789.443134895,29303.68947827889,170493.5951525021,22.71846521593335,0.0,89.0,189885.397455226,294.0,23.0,2984.406042736243,0.0,0.0,0.0,0.0
2007-04-01,722.9416806686609,14.37978744506836,44.321990966796875,0.8463563032557263,1909847.0,0.07932648671162401,4415831.526422818,0.0,80857.6760904081,7.990140479047651,3966315.515326035,326689.0141963951,28039.499161258773,150990.63293913114,16.214749929050296,0.0,92.0,105670.69582661832,251.0,20.0,982.7441720343745,0.0,0.0,0.0,0.0
2007-05-01,726.2044690213663,14.37978744506836,42.54021453857422,0.853506550179916,1912544.0,0.07442131549121932,4494569.757776756,0.0,89567.04909775354,12.465022664961017,4059053.5989468456,309589.9998397832,29202.231226663593,154800.50080346363,10.977435088416486,0.0,92.0,45522.76340615506,193.0,22.0,1112.3583859653331,0.0,0.0,0.0,0.0
2007-06-01,777.8655532123634,14.37978744506836,59.2009162902832,0.8873191191289284,1915241.0,0.09507225227944009,4608120.569837983,0.0,86672.04716402091,9.009588407623863,4007657.3211125555,409951.9115321319,33480.51540301282,213233.95699027888,7.934375613139216,0.0,94.0,271207.2393944829,368.0,29.0,1771.0027200003979,0.0,0.0,0.0,0.0
2007-07-01,793.8463078577097,14.37978744506836,57.53297805786133,0.9056665722750845,1917938.0,0.09513921135872261,4760712.40157397,0.0,89565.87978085602,13.16783822367615,4141676.2091562175,424173.6568422606,34261.97181481962,218677.13680067117,9.105302632177057,0.0,93.0,224881.5709400994,374.0,30.0,1812.8356132574509,0.0,0.0,0.0,0.0
2007-08-01,761.5059602683488,14.37978744506836,49.98149108886719,0.8785693446029509,1920635.0,0.08790447966447432,4670292.731266076,0.0,89584.70403153868,26.7206339649425,4122527.051563091,383555.6062935443,32051.752316233695,190234.89413320422,14.376757573575162,0.0,94.0,115372.43594262267,290.0,28.0,1286.8325295524746,0.0,0.0,0.0,0.0
2007-09-01,721.3481603800072,14.37978744506836,44.77159881591797,0.8395826302286239,1923332.0,0.08209994372764148,4464505.476837081,0.0,86732.34990032861,58.96098658581858,3985386.0831483733,341848.62581983965,29230.392086890773,164243.5109819799,18.2857137426531,0.0,94.0,73402.0441728752,274.0,20.0,1001.1494207081305,0.0,0.0,0.0,0.0
2007-10-01,713.3412840616626,14.37978744506836,35.891849517822266,0.8404508307798947,1926029.0,0.0751392028238129,4482274.0534440195,0.0,89517.35940371404,71.83019969164896,4069479.813399518,312330.94638799626,28734.47892398765,129727.32786251839,22.276874022274548,0.0,94.0,7928.488763591982,86.0,16.0,353.10096431169995,0.0,0.0,0.0,0.0
2007-11-01,689.8133794017398,14.37978744506836,34.43085861206055,0.8198274844635743,1928726.0,0.06729721401272032,4271719.289825013,0.0,86828.36682083308,145.44193227679926,3914785.110321564,264688.56430795556,26406.953897542968,122041.7964979481,27.82168855612557,0.0,96.0,76322.2571236869,147.0,16.0,2358.24016830468,0.0,0.0,0.0,0.0
2007-12-01,700.1454368100618,14.37978744506836,32.7686653137207,0.8359680329702706,1931423.0,0.06320288036874377,4324263.366686729,0.0,89743.36359461036,170.97361314929134,3984330.632922335,250672.4378432518,26116.93736275928,121219.93159838302,28.78334146090381,0.0,96.0,93582.58719443572,178.0,17.0,1988.0768626288818,0.0,0.0,0.0,0.0
2008-01-01,731.1589122517481,11.57286262512207,40.61344528198242,0.8608834471148231,1934124.0,0.07357819564022487,4476856.03606405,0.0,89765.46687120757,189.89198860849874,4054099.4821807663,305004.22121665196,28462.40135553028,147366.50435110048,31.968242598903537,0.0,96.0,147218.39452568174,232.0,23.0,2997.9679429761663,0.0,0.0,0.0,0.0
2008-02-01,697.7820872450268,11.57286262512207,46.06781005859375,0.8149074085896306,1936821.0,0.07859111255328034,4275572.125457673,0.0,83963.33856331187,173.83220253327022,3829229.143808184,311624.9605873805,28485.56403246001,160562.15438964972,22.906600778425794,0.0,96.0,145394.36636770496,266.0,23.0,2968.984705926364,0.0,0.0,0.0,0.0
2008-03-01,745.844586129131,11.57286262512207,42.849342346191406,0.876183208362811,1939518.0,0.07420843793375392,4516689.627993776,0.0,89744.37375384309,177.39149068402017,4074340.506168669,310263.97570434393,29036.40948657005,161125.30967419207,23.37562315891291,0.0,96.0,215495.89390667414,266.0,21.0,3667.3744306066037,0.0,0.0,0.0,0.0
2008-04-01,685.7762915022281,11.57286262512207,38.223052978515625,0.8101843071153837,1942215.0,0.07064932519992236,4324902.039132575,0.0,86944.48942588475,154.14537592647594,3930811.8991513513,282089.47844063793,27281.07071072321,141000.78593986185,14.886539958134577,0.0,97.0,33539.53264085208,178.0,20.0,1056.816940320215,0.0,0.0,0.0,0.0
2008-05-01,737.0677953552654,11.57286262512207,46.271263122558594,0.8569750096483282,1944912.0,0.08197701366689183,4601675.048167,0.0,89647.69340331847,94.91990420019779,4099533.159823779,350989.4271384435,30907.541156264775,178321.49308851117,9.166859118113608,0.0,97.0,87116.20825209611,282.0,26.0,1057.5529232399767,0.0,0.0,0.0,0.0
2008-06-01,737.5505042336526,11.57286262512207,49.884891510009766,0.8493733424947176,1947609.0,0.08914956283627151,4531893.833214385,0.0,86758.38012089313,95.98262563296733,3991194.869481452,377881.969803574,31050.79935244688,187969.32977691287,7.294295260017559,0.0,97.0,169547.65712371375,326.0,29.0,1294.3284917254705,0.0,0.0,0.0,0.0
2008-07-01,765.4798785421365,11.57286262512207,51.70846939086914,0.8786593391601949,1950306.0,0.09090732236078647,4711693.61605815,0.0,90535.93097893381,120.08403323166341,4131913.1141647124,400566.7847336042,32922.78762424822,204367.50257558768,9.125905701984912,0.0,97.0,174170.31346096774,357.0,30.0,1278.833551675456,0.0,0.0,0.0,0.0
2008-08-01,781.2199981259629,11.57286262512207,53.90487289428711,0.8909044137799039,1953003.0,0.0959284962049959,4762890.850638662,0.0,90641.6352636687,167.54090451225164,4145117.707570265,427941.8524802825,34369.72347103037,213593.94015708717,11.57331915626167,0.0,97.0,232217.36297462453,368.0,30.0,1496.79826750345,0.0,0.0,0.0,0.0
2008-09-01,701.6321521705784,11.57286262512207,41.883968353271484,0.8200190170414554,1955700.0,0.07831683731724412,4410520.322381886,0.0,87876.9781260659,313.4240333295571,3956400.2833776437,320495.739853844,29021.589107115906,160859.8452432805,19.178892736171342,0.0,97.0,75542.58694792227,228.0,19.0,1090.2001257838883,0.0,0.0,0.0,0.0
2008-10-01,703.6622298747394,11.57286262512207,36.0926399230957,0.8312702638566475,1958397.0,0.07141811921361298,4482811.079233861,0.0,90747.50668277271,383.13070298657925,4077902.2614103854,295450.7259113261,28471.796429942042,139040.53361220463,23.444349785989935,0.0,98.0,19941.008578797082,153.0,21.0,531.3425098848625,0.0,0.0,0.0,0.0
2008-11-01,671.548635608492,11.57286262512207,31.31006622314453,0.8032074206395907,1961094.0,0.061863557786918134,4248531.066972547,0.0,88000.10832738524,431.2103786718197,3922440.700242536,240497.20717358557,25384.766677235515,116465.52807918972,24.52274871326158,0.0,99.0,53368.450249547284,159.0,18.0,1765.039242108779,0.0,0.0,0.0,0.0
2008-12-01,727.774493314207,11.57286262512207,37.21058654785156,0.8516675578434845,1963791.0,0.08005957106206546,4554869.350639227,0.0,91090.77172171633,599.316915258212,4102756.7121862187,340263.2151819722,28473.770922736847,141508.0253882989,28.93376645794851,0.0,99.0,118029.35289627843,216.0,17.0,1821.7185019352173,0.0,0.0,0.0,0.0
2009-01-01,734.4759093858505,21.21329689025879,35.05735397338867,0.8725227682991145,1966492.0,0.06652804153237547,4400837.378747682,0.0,91255.65107354926,756.6028321773493,4029257.3697136114,268949.09962995694,26957.060562843282,133806.22188126965,36.527201371753726,0.0,99.0,322376.8838506509,216.0,16.0,4422.040193768503,0.0,0.0,0.0,0.0
2009-02-01,672.0954667124385,21.21329689025879,42.42395782470703,0.7847693072964051,1969189.0,0.07859376275361522,4115988.9581287755,0.0,82311.7368470907,578.1187491154403,3687016.427484439,300397.6209460753,26663.924726181747,154417.64449208084,25.534577975065982,0.0,100.0,213309.2078073463,254.0,22.0,2872.763124077923,0.0,0.0,0.0,0.0
2009-03-01,721.5432332295072,21.21329689025879,40.44165802001953,0.8470756358290629,1971886.0,0.07444719560587106,4534641.113353155,0.0,92251.0604062627,509.90888372571044,4089729.544840315,312628.45569026045,28800.393095201496,161615.09276737756,19.782482536802846,0.0,100.0,115777.72428745689,270.0,21.0,1286.0536113335725,0.0,0.0,0.0,0.0
2009-04-01,667.9881271134209,21.21329689025879,31.590044021606445,0.7897258175128293,1974583.0,0.07305743509872094,4260624.627264133,0.0,97296.50665014097,447.13701214764194,3898243.6304712873,258246.6383749467,57292.2517082522,111126.40181964547,14.448027993364649,0.0,100.0,44174.8868771517,121.0,17.0,1336.5207859498787,0.0,0.0,0.0,0.0
2009-05-01,718.7510114905325,21.21329689025879,39.91974639892578,0.8355094721481303,1977280.0,0.08371872759641079,4572046.3187317485,0.0,100237.13058193964,303.35930322995256,4089594.7083520982,321702.40651397116,66330.02928403967,160754.14762164152,9.802238709689654,0.0,100.0,64956.5520534967,245.0,22.0,924.2023709714936,0.0,0.0,0.0,0.0
2009-06-01,732.2812335698849,21.21329689025879,47.21061706542969,0.8353833576708082,1979977.0,0.09762932226818759,4560635.743963131,0.0,96996.77683078966,288.44898049969754,3987865.396155273,377546.7982227659,73705.05854342323,185713.6262416715,7.712650289957001,0.0,100.0,175367.23713558848,313.0,29.0,1610.7063547249736,0.0,0.0,0.0,0.0
2009-07-01,743.5382720507758,21.21329689025879,45.86112594604492,0.851868139325378,1982674.0,0.09399880122090495,4678106.785542836,0.0,100301.49563241657,367.69503333944937,4110009.02369745,372140.88796849415,73488.91025539432,188802.93666149976,9.831559077114742,0.0,99.0,135571.4216965078,324.0,28.0,1266.2078317358096,0.0,0.0,0.0,0.0
2009-08-01,720.7358221712718,21.21329689025879,39.629112243652344,0.8347474768771673,1985371.0,0.0871349825112718,4577862.662456374,0.0,100486.62502010098,549.4599378952146,4080084.0191630404,336273.60322536185,67884.84756138916,159955.16554657897,13.196042205777886,0.0,101.0,91410.52426511157,249.0,23.0,1237.3755667317191,0.0,0.0,0.0,0.0
2009-09-01,677.7866753048688,21.21329689025879,34.189579010009766,0.7909252134418777,1988068.0,0.08380735087445304,4360475.30559159,0.0,97479.30424022951,762.251003021982,3930742.101958599,306656.6128709186,63449.86608970992,123821.85987236007,16.438037207522427,0.0,102.0,33665.38675021928,134.0,18.0,916.3694121110739,0.0,0.0,0.0,0.0
2009-10-01,730.9034466649755,21.21329689025879,42.10042953491211,0.8423715575572451,1990765.0,0.09030327531209897,4650239.31857946,0.0,101033.44192990252,1220.7947345738526,4117773.3684306648,355657.3356152868,69125.25778353793,173929.1698799701,22.984565328704342,0.0,102.0,101774.95992225657,284.0,22.0,940.1129840882154,0.0,0.0,0.0,0.0
2009-11-01,723.4946038600184,21.21329689025879,39.294803619384766,0.8320315169466491,1993462.0,0.0937775384086935,4478942.011831719,0.0,98376.75920883944,1648.9327380721816,3964303.1269353423,359024.7691817631,65500.489770293956,154308.76114431722,27.211270767270836,0.0,103.0,230211.19009225364,240.0,21.0,3356.933311797128,0.0,0.0,0.0,0.0
2009-12-01,726.0864490253532,21.21329689025879,35.14451599121094,0.8408114823011243,1996159.0,0.08927175760332294,4567579.740231874,0.0,102504.94219162551,2229.9745695746888,4080219.464218343,351100.72421316744,60484.88728245791,142368.1031579033,92.53298205082865,0.0,103.0,164635.38685836483,233.0,20.0,3259.4070147487337,0.0,0.0,0.0,0.0
2010-01-01,750.8855047377004,19.933887481689453,43.205787658691406,0.857567489476211,1998860.0,0.09476710846140007,4691215.546329673,0.0,102880.9324190161,2548.9016824872797,4102276.9648732273,380535.8540198222,67905.17715011358,207090.98892651204,149.59609652883879,0.0,105.0,208952.97217764132,249.0,23.0,4263.995472044567,0.0,0.0,0.0,0.0
2010-02-01,680.5167177352431,19.933887481689453,40.66082763671875,0.7753521698694588,2001557.0,0.09529885447580941,4228543.546185596,0.0,92806.82067847186,2209.218789771019,3683173.74149789,344122.360695412,62486.699355906785,198909.6569563891,110.24156870082942,0.0,106.0,225868.4393956597,242.0,23.0,3193.2798482251637,0.0,0.0,0.0,0.0
2010-03-01,740.6965384626899,19.933887481689453,39.19279479980469,0.8433957253129939,2004254.0,0.097436618230956,4709545.571482942,0.0,103189.08160571828,2909.760433576618,4105603.285375354,393794.67406764894,68862.46982651237,207878.58085343044,96.88653214166487,0.0,106.0,135745.35906954066,236.0,19.0,2158.9993207609696,0.0,0.0,0.0,0.0
2010-04-01,653.691594862057,19.933887481689453,26.751813888549805,0.7677203901477428,2006951.0,0.07724872574850054,4268444.18156952,0.0,99427.50303401446,2278.5571435039774,3874483.0305712787,277436.3131642337,55119.608260891,125940.00008311737,63.54888051051165,0.0,106.0,10511.030955512808,65.0,14.0,563.2863345798328,0.0,0.0,0.0,0.0
2010-05-01,677.4320677053892,19.933887481689453,25.53994369506836,0.7929585663871945,2009648.0,0.08220562403382041,4426984.380565775,0.0,101950.72461396699,1720.3105712295524,4010971.91380564,309296.2751549111,58478.167024249145,114831.46322097488,47.979402737450854,0.0,106.0,9064.880855415084,63.0,16.0,521.9372690912974,0.0,0.0,0.0,0.0
2010-06-01,713.6420444804445,19.933887481689453,41.467010498046875,0.8080999519974937,2012345.0,0.10025231607764548,4600542.675784475,0.0,98739.03527392157,1753.2741494406407,3977971.378561179,397272.977516771,68793.85618901667,220949.7267175063,35.017924480944714,0.0,107.0,87697.3144366628,258.0,25.0,1083.7569263961977,0.0,0.0,0.0,0.0
2010-07-01,747.9938383418311,19.933887481689453,43.6203498840332,0.8423072603653654,2015042.0,0.10412485445065156,4798824.192228732,0.0,102427.91216789154,2205.686314360544,4121193.4634503163,430736.811743785,73862.42340492814,239624.93226970357,39.79121353099996,0.0,107.0,122877.90836706088,293.0,27.0,1168.7744669948515,0.0,0.0,0.0,0.0
2010-08-01,735.609511438298,19.933887481689453,41.6111946105957,0.833198560784834,2017739.0,0.09975946250761827,4749764.956397916,0.0,103416.11787723536,3180.835595888048,4108348.3427469414,405465.7832706947,72100.4487267742,230443.82029350812,52.847641347332356,0.0,107.0,94378.94167211947,257.0,22.0,1072.9046448764466,0.0,0.0,0.0,0.0
2010-09-01,688.1658216345382,19.933887481689453,35.23330307006836,0.7873531639823879,2020436.0,0.09495549571081492,4499622.492249834,0.0,101126.9628850163,4107.968299795734,3951066.7777298344,363674.1970960737,65929.45440578328,183397.32621814235,68.25138522057894,0.0,107.0,33900.52051808288,151.0,21.0,987.2781533191319,0.0,0.0,0.0,0.0
2010-10-01,713.2946771171248,19.933887481689453,35.76996994018555,0.8163055560031016,2023133.0,0.09453724718547969,4668820.810346151,0.0,108245.80579602288,8088.077829562137,4102586.0444108793,374696.932744087,65544.62660989187,192497.1379112941,109.94713646078246,0.0,107.0,33233.39174845088,184.0,20.0,719.4310029959115,0.0,0.0,0.0,0.0
2010-11-01,716.0946377534146,19.933887481689453,39.0251350402832,0.8126851179401129,2025830.0,0.09997594041959874,4584708.635771571,0.0,105635.12260746755,8567.909568550936,3986044.5208302033,391554.513189966,65432.86960591589,206121.99534548927,116.46983891661708,0.0,107.0,145275.46593285614,249.0,20.0,2433.511352077604,0.0,0.0,0.0,0.0
2010-12-01,731.8246195392026,19.933887481689453,36.93390655517578,0.8349611573737823,2028527.0,0.09648452314887541,4687480.2269191835,0.0,111114.54063844532,10799.577214999093,4105209.647159087,382325.180794811,66492.02287712072,200046.81472816534,132.5287834462319,0.0,107.0,149824.39500973394,233.0,20.0,2235.1609313289837,0.0,0.0,0.0,0.0
2011-01-01,707.1300183288049,24.27802276611328,33.896812438964844,0.8150681846464123,2031229.0,0.09022832884672152,4568374.642179436,0.0,111826.62073922266,11514.08096090526,4057382.5872221375,344256.46491754724,63355.40862597719,169973.62005377616,130.1051383174271,0.0,108.0,107608.20270321635,171.0,17.0,2768.5645882666013,0.0,0.0,0.0,0.0
2011-02-01,649.5862382823212,24.27802276611328,36.42223358154297,0.7453946643308427,2034746.0,0.09228706274490808,4169488.991933707,0.0,100443.72659772703,9854.587614997849,3677821.549259202,322178.66015140875,59124.676028351285,170513.01881474414,101.778662729183,0.0,109.0,135877.28616584215,179.0,15.0,3450.9334922513262,0.0,0.0,0.0,0.0
2011-03-01,687.5751559048072,24.27802276611328,29.109060287475586,0.794072639771981,2038263.0,0.09207597474897704,4540698.088390698,0.0,111248.94559759294,10975.688536092946,4054814.935134379,334386.09328860615,79787.21384134599,138303.28476636735,90.82242150000951,0.0,112.0,19582.94141601076,74.0,9.0,716.6615869179932,0.0,0.0,0.0,0.0
2011-04-01,640.955440840835,24.27802276611328,23.276424407958984,0.7528743390134846,2041780.0,0.08101508228979283,4258404.17553816,0.0,107423.1326133701,10261.61414786207,3887346.4779563644,275192.6999013574,65530.33144371166,94869.43674672721,76.12145550804175,0.0,112.0,1889.0388658720967,24.0,13.0,261.434435907659,0.0,0.0,0.0,0.0
2011-05-01,683.2904952190318,24.27802276611328,30.020984649658203,0.7875693959834994,2045297.0,0.09360424014820237,4529304.268986258,0.0,106432.21192086017,6210.171790607844,4031800.1152943196,344500.2211340323,80030.51995979893,139566.85123810684,39.60549025233278,0.0,114.0,22703.038418618948,94.0,19.0,874.7130340051394,0.0,0.0,0.0,0.0
2011-06-01,688.7770192901845,24.27802276611328,37.964691162109375,0.78385287932818,2048814.0,0.09858394481191486,4534037.808078916,0.0,104184.99920117055,7188.4117665373815,3957160.488198079,362994.98301999504,83820.54379069469,194507.05627014968,45.84423463317996,0.0,114.0,65697.19906171206,203.0,21.0,1113.9021792528065,0.0,0.0,0.0,0.0
2011-07-01,716.2908906994047,24.27802276611328,39.19292449951172,0.8112294144413357,2052331.0,0.1023690378920811,4722278.260432971,0.0,105113.0919321998,3419.1695179111903,4096206.1546792905,397450.5755818132,89850.39819188083,206859.26661998764,16.791774288613812,0.0,114.0,72827.87844716666,232.0,23.0,1123.9131899317845,0.0,0.0,0.0,0.0
2011-08-01,697.939730952872,24.27802276611328,32.9605827331543,0.7958649898201543,2055848.0,0.10144218642585989,4637114.402585695,0.0,113168.5295251357,11435.239644800353,4079409.5423801593,378830.12351160235,88150.22318393964,158812.64814999246,56.15924033535047,0.0,115.0,32576.416358163435,134.0,22.0,997.277582111401,0.0,0.0,0.0,0.0
2011-09-01,669.2295926171417,24.27802276611328,30.663145065307617,0.7658468399772188,2059365.0,0.10023193307279632,4458700.5703762425,0.0,115847.41970930029,17370.349085879185,3950186.0665474096,355365.2298466724,82442.27452871685,136598.74265343987,79.8474234210761,0.0,115.0,19411.98068985534,87.0,16.0,732.1264334796297,0.0,0.0,0.0,0.0
2011-10-01,713.1537334660926,24.27802276611328,38.500370025634766,0.8060088498791026,2062882.0,0.10442185112494783,4730176.330598603,0.0,126190.94032768773,24548.79693081855,4112895.746589115,391204.67875431955,87752.99806208037,206319.5255230879,101.67556686918856,0.0,115.0,47471.558925194535,221.0,20.0,792.1549294438078,0.0,0.0,0.0,0.0
2011-11-01,697.0952850828905,24.27802276611328,38.42922592163086,0.7855817123995924,2066399.0,0.10705055075426452,4592297.717257748,0.0,126413.56216996802,27906.0892546631,3984841.166976783,389314.6342508683,84329.93855572883,199703.7206743652,110.24971530490805,0.0,115.0,82878.59256173826,223.0,19.0,2365.33101493907,0.0,0.0,0.0,0.0
2011-12-01,715.2406184598796,24.27802276611328,36.88437271118164,0.8085276305815445,2069916.0,0.10553647356128867,4703008.541794201,0.0,139501.1887917858,37675.21316354411,4107259.580339066,384556.0617223856,85136.41608979569,194144.61828295467,148.84498824168617,0.0,115.0,92450.27642963444,227.0,21.0,1964.377740609012,0.0,0.0,0.0,0.0
2012-01-01,727.0182532497942,31.33726692199707,35.71197509765625,0.8222921077639347,2073439.0,0.10709847603635425,4677507.511317167,0.0,140607.22116873803,38785.02469944727,4097130.750089137,387630.3897477704,85854.93465784744,174979.5714624126,145.0658292907536,0.0,115.0,206645.25268597703,197.0,16.0,3185.1241250347057,0.0,0.0,0.0,0.0
2012-02-01,675.5256250012037,31.33726692199707,40.16069030761719,0.759498740225798,2076956.0,0.10834034308739918,4432851.7374008,0.0,125946.23340505055,30718.898971254654,3837804.5048330044,372107.21111829125,87561.3410996632,199074.03210983978,110.018673795864,0.0,116.0,117992.037408993,199.0,20.0,2472.744551294285,0.0,0.0,0.0,0.0
2012-03-01,685.8546109466453,31.33726692199707,30.711727142333984,0.7864840058794353,2080473.0,0.09710217950887683,4600074.973089935,0.0,123713.56514795075,21957.79343072265,4082421.9013162814,344595.50288124266,88796.66049364184,152349.04303877067,78.64107722807813,0.0,117.0,32550.2817566645,99.0,15.0,1647.2464477901094,0.0,0.0,0.0,0.0
2012-04-01,613.2942096651136,31.33726692199707,19.454172134399414,0.723159836518541,2083990.0,0.08138942340976797,4144744.714752898,0.0,119804.84330596686,21203.3390678842,3826192.4381396747,254491.57426426397,68677.42135009935,61366.54050886019,67.6182280826742,0.0,119.0,904.40402526978,8.0,3.0,243.61066620204565,0.0,0.0,0.0,0.0
2012-05-01,696.2592221247642,31.33726692199707,35.0880126953125,0.7879446316014403,2087507.0,0.10684731593612465,4686910.908116801,0.0,115273.61700695488,13553.26450790962,4086931.2767307186,395101.0046503035,100814.14205461879,172152.6193211574,43.22185904525428,0.0,119.0,42635.38169850657,152.0,22.0,907.4793987279727,0.0,0.0,0.0,0.0
2012-06-01,658.2636067304823,31.33726692199707,31.788362503051758,0.7526334696977083,2091024.0,0.09942811361750223,4447628.148372826,0.0,112069.72194688716,13637.354587826418,3927898.7566664433,345623.4829268638,90834.21767924938,149163.43430027348,35.14415906074473,0.0,119.0,28452.050031846662,111.0,21.0,882.6336998222555,0.0,0.0,0.0,0.0
2012-07-01,668.6094948726236,31.33726692199707,28.525484085083008,0.7687128180965933,2094541.0,0.09763862847558555,4536307.132562677,0.0,118215.19347571889,16497.682551096226,4044612.0368788363,343334.07713349647,91309.45265285416,125139.7005374923,40.38028462266757,0.0,120.0,13577.163166997278,78.0,20.0,598.1505138453736,0.0,0.0,0.0,0.0
2012-08-01,672.4661567983345,31.33726692199707,28.73801612854004,0.7704215264130236,2098058.0,0.10022341844510389,4555438.084491724,0.0,126554.1554151119,24558.449086130815,4051887.389671623,354207.97664994624,87052.327590595,130636.99081955988,60.11008898108024,0.0,121.0,20917.636122762287,103.0,19.0,847.1257090488339,0.0,0.0,0.0,0.0
2012-09-01,603.3403518789479,31.33726692199707,14.062055587768555,0.7170603710582042,2101575.0,0.07800227745936954,4088635.6129861735,0.0,137658.25407858787,38928.25755604174,3836013.0422042236,241429.0427556486,46685.09973947091,30650.299486831384,82.64532254614537,0.0,122.0,256.07739031602796,5.0,3.0,199.7063480514189,0.0,0.0,0.0,0.0
2012-10-01,633.8715837597597,31.33726692199707,15.540470123291016,0.7454536254459738,2105092.0,0.08712636037474153,4295530.6354525685,0.0,152039.12860191788,50136.818365992025,3992046.757321985,280723.174823949,53614.29513905532,37401.14469757901,103.72420592585591,0.0,123.0,290.05351055828896,5.0,2.0,112.06556658800537,0.0,0.0,0.0,0.0
2012-11-01,608.6405777458031,31.33726692199707,14.96990966796875,0.7196524216494986,2108609.0,0.08186877003356689,4083639.126933293,0.0,166297.57642151337,60645.16111418997,3834496.14336524,233108.9361961735,51396.34553953252,37659.17303234586,125.46410732322096,0.0,125.0,28013.25592839818,31.0,2.0,2632.733521485173,0.0,0.0,0.0,0.0
2012-12-01,619.2457268174342,31.33726692199707,17.849010467529297,0.7308381286651958,2112126.0,0.0804428315687145,4161243.6275390107,0.0,173701.80635435894,64527.36755037757,3893026.5417736717,221538.01672486655,59817.98461123658,62316.6046692348,129.9225639813473,0.0,125.0,24804.524216011723,51.0,9.0,2116.7538492641934,0.0,0.0,0.0,0.0
2013-01-01,654.4513506487368,13.639251708984375,29.359111785888672,0.7577723166232981,2115650.0,0.09338627266034372,4353417.996710128,0.0,186363.01908745218,77169.35849765583,3981799.7476697946,269114.04809409083,74383.92567913904,103575.79550710622,149.14434979627345,0.0,125.0,75518.92740944472,88.0,12.0,2568.5111747649335,0.0,0.0,0.0,0.0
2013-02-01,611.1774107467699,13.639251708984375,37.04218292236328,0.6878975840795988,2119167.0,0.11581955736339965,4095768.069075124,0.0,162540.55130892745,63927.673331791746,3619275.5234110295,296079.0082967427,129553.89542550742,119013.01506184586,121.0568571355414,0.0,125.0,58981.36143821768,101.0,17.0,1993.3918991770079,0.0,0.0,0.0,0.0
2013-03-01,680.5643232812797,13.639251708984375,33.24045944213867,0.7710269462769295,2122684.0,0.110900152013087,4527268.416272327,0.0,164935.67035656082,55787.9368333311,4017847.935677091,311008.8725457513,149741.09505889265,124126.0332305918,103.21728322967422,0.0,126.0,123205.36205653031,123.0,12.0,3080.9593669303304,0.0,0.0,0.0,0.0
2013-04-01,629.1785207513307,13.639251708984375,21.47644805908203,0.721952116970618,2126201.0,0.1072715343060003,4322653.703711966,0.0,140371.75735403868,34635.685440421796,3899923.2469247957,311535.8099280665,129029.78233591304,55287.75443319016,62.55550361671518,0.0,126.0,1329.0905098052212,13.0,7.0,407.7231431766918,0.0,0.0,0.0,0.0
2013-05-01,655.6825833279336,13.639251708984375,27.475313186645508,0.7467522834034451,2129718.0,0.11094412545808213,4511877.070665758,0.0,136902.34085148407,27808.78624993468,4020172.337020274,346608.594483131,137561.8453774684,82989.8140248873,49.03836154927559,0.0,127.0,5950.5273499401865,41.0,16.0,529.0608492871525,0.0,0.0,0.0,0.0
2013-06-01,646.7866878238918,13.639251708984375,36.54501724243164,0.7313771496278056,2133235.0,0.11270030596700534,4445076.319397341,0.0,136770.8677982855,21379.194098715478,3917368.362790104,342189.1930941773,149107.09265694316,119261.14205611928,36.72249956988948,0.0,128.0,17312.766620779577,78.0,18.0,745.7463322154767,0.0,0.0,0.0,0.0
2013-07-01,646.74281339154,13.639251708984375,24.336631774902344,0.7410512963756264,2136752.0,0.10588361645763042,4455240.481897779,0.0,146743.2750903646,27497.023948138696,4006730.6568554277,333977.0779952523,122197.92185390047,77945.94543320237,46.13490222571988,0.0,135.0,4446.177095836907,27.0,9.0,506.6032952866385,0.0,0.0,0.0,0.0
2013-08-01,642.2332893668973,13.639251708984375,24.797304153442383,0.7365502254343316,2140269.0,0.10497008970853036,4421341.198565943,0.0,156783.24553658415,37522.95903426479,3989297.916485962,319392.2836436794,120064.88073065487,78197.23794564321,60.17026231912067,0.0,135.0,3715.5029756034655,29.0,13.0,527.3094496301605,0.0,0.0,0.0,0.0
2013-09-01,594.7296045407518,13.639251708984375,14.659533500671387,0.6980141463288754,2143786.0,0.08885568268767727,4087597.4003304997,0.0,162256.81792503514,46736.62334853575,3807922.5474250163,251992.9865062795,75840.54803839541,34690.789560808036,165.24337649922686,0.0,135.0,55.73578157115344,2.0,1.0,46.73838516874139,0.0,0.0,0.0,0.0
2013-10-01,598.1326342858925,13.639251708984375,11.473159790039062,0.7127661322843204,2147303.0,0.07612829905823694,4097150.6720701843,0.0,184089.29728528278,64825.68713473803,3899933.4441618402,208424.37696862392,49896.107296963084,24392.795172757476,223.70912054461135,0.0,136.0,0.0,0.0,0.0,0.0,0.0,0.0,0.0,0.0
2013-11-01,594.7973331101626,13.639251708984375,15.2978515625,0.6974838800377261,2150820.0,0.08972401533768505,4069250.081812751,0.0,193644.8964062994,77753.00572606981,3816430.13116341,227767.22656464166,73510.36045164692,34391.834833052846,536.9394802294713,0.0,136.0,1444.9972301717294,4.0,1.0,612.538117668862,0.0,0.0,0.0,0.0
2013-12-01,612.9194271833979,13.639251708984375,22.446521759033203,0.7189850628580057,2154337.0,0.08665029823935454,4164571.6797068156,0.0,212104.1622622461,92281.74467514483,3909810.0508596073,206759.04075934296,76666.68370104794,56947.02462681821,622.3013471011346,0.0,136.0,24774.148599295793,26.0,5.0,2418.382478713159,0.0,0.0,0.0,0.0
2014-01-01,656.6099484628528,12.128607749938965,54.169410705566406,0.7473356153127232,2157861.0,0.10610944336744284,4317703.268780957,0.0,222142.3601559859,102279.69758806795,3904903.8347822535,259325.04691615675,115889.09215964368,123196.41516290308,662.5463279178409,0.0,137.0,183064.37190680447,119.0,10.0,3630.8368827320455,0.0,0.0,0.0,0.0
2014-02-01,587.9346416961772,12.128607749938965,43.24826431274414,0.6679487602114279,2161378.0,0.10992766374216371,4001651.016680278,0.0,180654.51918090545,72504.98948514159,3597945.1930437153,278761.6584070055,104664.48543502389,97605.85291453189,484.9085757637129,0.0,137.0,53524.45737514684,73.0,12.0,2026.7958030580512,0.0,0.0,0.0,0.0
2014-03-01,615.0034990149637,12.128607749938965,19.59857940673828,0.718291373654378,2164895.0,0.09210930090391226,4246628.3896085955,0.0,187112.9139287909,67472.58184785563,3948700.8398169936,260635.03603585396,76747.1191933602,46156.514802387894,440.2158409351297,0.0,137.0,4318.670845437234,13.0,2.0,922.190608515456,0.0,0.0,0.0,0.0
2014-04-01,595.6538702054776,12.128607749938965,21.376893997192383,0.692987330368775,2168412.0,0.09455821526942093,4149225.9099430684,0.0,156586.38747425177,40804.99433354848,3815892.943770375,266803.1590583356,96197.61685857807,53296.73016577899,266.2267307031256,0.0,137.0,4673.039381363487,10.0,2.0,1140.3557163192536,0.0,0.0,0.0,0.0
2014-05-01,593.8550477478776,12.128607749938965,13.71926498413086,0.7058087560248194,2171929.0,0.07775841875435446,4146194.658611243,0.0,153175.31960946435,33559.67736321044,3903216.392728284,234393.3876739155,63331.79288649959,30864.205562544157,415.52600625375555,0.0,137.0,0.0,0.0,0.0,0.0,0.0,0.0,0.0,0.0
2014-06-01,608.4945339944085,12.128607749938965,26.565771102905273,0.6995812943695361,2175446.0,0.10375790158367414,4268588.991703155,0.0,141915.55803263866,26233.87567244624,3856506.8458806854,309440.08016475063,118251.30961367465,67240.22724404806,326.73116019228524,0.0,138.0,1985.4293501427828,20.0,10.0,194.363084222181,0.0,0.0,0.0,0.0
2014-07-01,663.1723439085473,12.128607749938965,48.92158126831055,0.7416748299728002,2178963.0,0.121320651365918,4645001.211266523,0.0,153570.39858848602,33938.19600601066,4052800.6082675047,385824.2955979859,157896.2165136923,134091.21112733934,432.0863424752657,0.0,138.0,18188.37794187788,79.0,18.0,834.051086473768,0.0,0.0,0.0,0.0
2014-08-01,636.1941461090136,12.128607749938965,37.046573638916016,0.7128575436328224,2182480.0,0.12275205765113685,4449994.018311004,0.0,169050.0399260992,49192.9687818658,3921381.9319744487,352374.0250532461,160650.095417081,101199.08610622831,656.9549042332316,0.0,140.0,9225.892247269014,50.0,14.0,804.0292432107753,0.0,0.0,0.0,0.0
2014-09-01,607.6627735536691,12.128607749938965,30.509140014648438,0.683110171355555,2185997.0,0.12246945110576586,4234300.795095542,0.0,186511.23309588517,70240.3847781586,3775111.6446917695,332058.2669907262,134218.94535423102,75761.40925881677,915.8971177264631,0.0,140.0,7017.916189426303,35.0,11.0,647.2468949720405,0.0,0.0,0.0,0.0
2014-10-01,650.652610579334,12.128607749938965,34.08295822143555,0.7176192629558402,2189514.0,0.13720503944135642,4529512.645160739,0.0,213429.18957438992,93110.20638728463,3965309.35717512,378468.1818151681,173295.665949673,97935.49175078074,1279.0821571050517,0.0,141.0,5768.113294167966,29.0,14.0,650.496395079097,0.0,0.0,0.0,0.0
2014-11-01,613.4892758013908,12.128607749938965,28.200468063354492,0.687901283884996,2193031.0,0.1262515438699682,4245664.935513968,0.0,230354.2164797825,113423.40501711039,3817940.885525138,323723.9514961614,122277.24452057848,64572.32517208941,1575.8602626720149,0.0,141.0,8650.791266015784,27.0,4.0,938.1270013262783,0.0,0.0,0.0,0.0
2014-12-01,646.8768267299417,12.128607749938965,44.21459197998047,0.7157785286646783,2196548.0,0.13207409143674553,4469529.976524523,0.0,244925.4771094399,124001.45043151097,3945457.156848464,333610.79335896403,158885.03030033954,117188.11625675602,1723.9104379287944,0.0,142.0,21864.071281186087,69.0,10.0,1023.8405084359238,0.0,0.0,0.0,0.0
2015-01-01,667.033624354112,27.164865493774414,60.14500045776367,0.7325737173340593,2200072.0,0.13655032106222295,4534321.013743664,0.0,240154.0405348242,119328.76534808787,3957591.3759784265,357810.2826735837,168605.3064089366,135925.16892271832,1625.1589467361405,0.0,142.0,117264.32472412984,119.0,11.0,3400.717163682717,0.0,0.0,0.0,0.0
2015-02-01,613.4149191827216,27.164865493774414,67.47229766845703,0.662137841085475,2216234.0,0.14847888244126342,4239155.569926532,0.0,207953.7279929472,98963.67577992455,3611668.807878826,377030.45610820287,178477.63681404336,149304.84224545976,1325.4310930225558,0.0,142.0,84460.66188521413,118.0,17.0,1987.867384622109,0.0,0.0,0.0,0.0
2015-03-01,651.5335988776185,27.164865493774414,37.26545333862305,0.711866786624134,2232396.0,0.14386716799161742,4629319.406231576,0.0,214016.71584122308,91374.49525356859,4005100.19052853,395790.1170429893,203600.02513970205,112682.2377603533,1200.060347654346,0.0,143.0,4933.854919389956,35.0,10.0,1126.6883146210766,0.0,0.0,0.0,0.0
2015-04-01,626.653615339253,27.164865493774414,50.72274398803711,0.6851984968792968,2248558.0,0.1401884059482478,4500932.9726777645,0.0,179051.0402449698,60593.481063797924,3861196.576376625,376685.50519625994,213467.63266204056,134720.53185283727,769.6592711715964,0.0,143.0,22402.52613918871,80.0,16.0,995.6643207701936,0.0,0.0,0.0,0.0
2015-05-01,613.4215267229503,27.164865493774414,36.059425354003906,0.6851910078551634,2264720.0,0.12604036937273141,4453730.49690468,0.0,168379.13806927556,46246.55217770207,3913718.4432693226,351727.4294541235,179674.42892728045,96463.3594939566,690.4256515732914,0.0,143.0,8650.340057294732,46.0,18.0,604.682178609216,0.0,0.0,0.0,0.0
2015-06-01,601.9671337666745,27.164865493774414,45.67832946777344,0.6661330459786763,2280882.0,0.1317634652838798,4405876.8542156685,0.0,154083.0288692357,36028.42836235898,3815448.688918926,363607.3069672615,196387.41642872916,115452.63310074991,529.9293068766074,0.0,144.0,16760.092186582922,72.0,17.0,897.413906811531,0.0,0.0,0.0,0.0
2015-07-01,653.8425036699341,27.164865493774414,72.34352111816406,0.702170215977026,2297044.0,0.1501475648383041,4799314.333798151,0.0,161342.4873488681,39331.33709052459,3996790.25309318,439469.1002843136,260417.8083458023,190490.33631485375,568.9900183432436,0.0,144.0,45692.79933182509,158.0,24.0,1319.3711207232109,0.0,0.0,0.0,0.0
2015-08-01,607.6462710195287,27.164865493774414,37.24856185913086,0.6758181434597177,2313206.0,0.12886801670201548,4501423.411573731,0.0,171688.98276701124,49542.213276421804,3935955.3862330457,363327.73168326035,184311.62457649485,105681.83332092974,704.6092505892766,0.0,145.0,12257.580042075817,54.0,14.0,892.1080887833932,0.0,0.0,0.0,0.0
2015-09-01,564.1684783168654,27.164865493774414,28.167631149291992,0.628306679627468,2329368.0,0.13112602753332306,4174408.2082552244,0.0,201941.87112954463,83231.21176758611,3704219.405055354,334936.4687588626,150237.41785099698,70034.10779001137,1185.9881619583034,0.0,146.0,4169.878308592221,28.0,12.0,538.8207542755913,0.0,0.0,0.0,0.0
2015-10-01,575.656248267982,27.164865493774414,22.697202682495117,0.6442552605843033,2345530.0,0.1291756972749714,4250053.531110534,0.0,246793.8114352785,123730.43442359279,3833753.2687219153,315516.3172859865,135519.14367274358,52999.88345988865,1784.4454816854782,0.0,147.0,3882.614118246784,17.0,5.0,679.4611868752222,0.0,0.0,0.0,0.0
2015-11-01,552.3019089703483,27.164865493774414,26.70930290222168,0.6186558348112815,2361692.0,0.12684417669845074,4092427.9786889357,0.0,245945.90855574052,126595.47218026008,3696318.8379542185,290628.2379399303,127124.85779314992,63375.23620163837,1825.765175480316,0.0,150.0,9515.565072365414,29.0,5.0,1184.6646065814848,0.0,0.0,0.0,0.0
2015-12-01,577.5821391893699,27.164865493774414,40.941402435302734,0.6408388977629025,2377854.0,0.1311640522389763,4216661.294576325,0.0,288860.730107705,165071.37150395964,3787359.955508589,284713.9125321918,134424.37498361894,98016.21579192657,2347.1983637453413,0.0,150.0,72497.95888628201,80.0,9.0,2393.428770675604,0.0,0.0,0.0,0.0
2016-01-01,586.5778063675324,34.95477294921875,50.09962463378906,0.6489779507346461,2394020.0,0.1311415757285985,4333916.576004845,0.0,251075.96217611016,127762.54075413624,3833365.4106690865,313222.57252394786,154021.8578382773,121159.89921353328,1871.26118197378,0.0,150.0,95937.44912959001,106.0,12.0,3811.1286687125084,0.0,0.0,0.0,0.0
2016-02-01,545.6395270066055,34.95477294921875,36.290740966796875,0.5986159548603797,2398765.0,0.1425199944246342,4081079.0408928483,0.0,246084.64022742753,130582.86426300996,3601833.1480602254,329085.0688522039,150666.558654019,81679.48348640034,1894.5938044174782,0.0,152.0,35705.99470143377,50.0,9.0,3283.1459714758203,0.0,0.0,0.0,0.0
2016-03-01,587.3884444000649,34.95477294921875,48.710662841796875,0.645821181876259,2403510.0,0.13664815792417498,4391664.711889005,0.0,230627.94180049488,100549.31569752311,3840493.7879789174,338992.63618425146,186077.77233844768,121171.96762738803,1418.1778629718062,0.0,153.0,83687.32197651805,97.0,11.0,3507.6663897353383,0.0,0.0,0.0,0.0
2016-04-01,547.7135934525206,34.95477294921875,29.037826538085938,0.6086959167950932,2408255.0,0.13173219976656153,4209163.178734668,0.0,190707.38174670425,65027.4163218615,3711668.507376816,338244.9607354736,171047.3614155427,80334.76461683633,996.9235148427578,0.0,155.0,1919.844068240703,20.0,12.0,260.7090208702034,0.0,0.0,0.0,0.0
2016-05-01,559.2320762536262,34.95477294921875,34.11589050292969,0.6244384109541161,2413000.0,0.12691972480635424,4302880.542450472,0.0,180732.70729558912,51306.61511972916,3797950.2538626,344039.1274388014,168684.46717266142,87278.1462164095,765.64393585988,0.0,156.0,14476.71470902203,48.0,11.0,993.1389911784872,0.0,0.0,0.0,0.0
2016-06-01,579.8539548215382,34.95477294921875,59.55937194824219,0.6260097770707052,2417745.0,0.14806187368988608,4475613.332538846,0.0,162301.9758100762,37242.90301025828,3766656.7227914333,408457.26453449397,235636.47915058763,156867.497262329,548.9615998178825,0.0,157.0,35213.747188773734,111.0,23.0,1054.7971830217675,0.0,0.0,0.0,0.0
2016-07-01,574.9113515432468,34.95477294921875,44.11766815185547,0.6329462566323065,2422490.0,0.1349697222611895,4457754.7057835525,0.0,169731.9832116751,40457.27014387236,3847878.602810668,370663.5100843052,208302.05066390458,125981.9944646736,614.2648278027236,0.0,158.0,14902.653675964892,74.0,18.0,772.1775476002031,0.0,0.0,0.0,0.0
2016-08-01,594.5975564788741,34.95477294921875,53.512428283691406,0.6431392124275962,2427235.0,0.14815328753106988,4584505.965156705,0.0,195145.55723545156,65502.799830143034,3895929.945145175,408244.9172288576,228414.73988870412,146987.81513396968,982.3091653084987,0.0,159.0,31108.40360031205,106.0,18.0,895.9667185960616,0.0,0.0,0.0,0.0
2016-09-01,568.4763032590729,34.95477294921875,39.754276275634766,0.6143994668778875,2431980.0,0.15353236417232047,4384638.659682743,0.0,211228.1938844623,85452.11704397482,3761190.2398179565,381501.0990017661,232404.47857019227,101547.47349282808,1265.9656404876343,0.0,160.0,12542.784958147193,60.0,15.0,739.3528814979895,0.0,0.0,0.0,0.0
2016-10-01,568.8885696990839,34.95477294921875,29.285831451416016,0.6240624682955642,2436725.0,0.14379317078167428,4359683.775019893,0.0,256185.81531632808,125857.97700181349,3846282.5237507895,343602.3830030716,187606.46703992563,77136.06925610847,1840.3207845144564,0.0,161.0,4879.829898245658,35.0,11.0,491.40194301333804,0.0,0.0,0.0,0.0
2016-11-01,554.3537295154149,34.95477294921875,23.583059310913086,0.6075466712474015,2441470.0,0.14725371505067744,4233325.482177396,0.0,266472.46154283057,139743.04790874684,3755830.67598039,344121.6114840752,171741.44967379124,53636.37623914067,2219.3024340838947,0.0,162.0,11661.97507470072,13.0,3.0,2250.3690391385326,0.0,0.0,0.0,0.0
2016-12-01,579.9915379474004,34.95477294921875,34.80482482910156,0.6291556772194362,2446215.0,0.15325915074528385,4361984.596559877,0.0,317416.8973825346,185787.95226262446,3855188.2508248915,348338.1603884845,174918.66842546023,78610.96916103897,2968.4968799102,0.0,163.0,49878.426127903585,61.0,8.0,2523.337612466189,0.0,0.0,0.0,0.0
2017-01-01,576.8728926693453,24.345951080322266,43.254791259765625,0.6274181249448535,2450968.0,0.14790170360055274,4329519.089675118,0.0,304006.7268822798,172613.99403198817,3815607.7972625922,318012.6951047571,186979.5184683125,103990.5310794583,2732.28461029161,0.0,164.0,79464.12993869567,88.0,11.0,3222.5612471960967,0.0,0.0,0.0,0.0
2017-02-01,517.0131851726973,24.345951080322266,36.8060188293457,0.5665610962024414,2455713.0,0.1432699982182798,3892222.5965568633,0.0,265944.2268901015,147408.65122108613,3456467.2774390955,290798.33683984063,150860.83738570943,79967.13401221867,2326.1385490152747,0.0,164.0,73953.1158596735,59.0,7.0,3091.896259835178,0.0,0.0,0.0,0.0
2017-03-01,558.5411333987412,24.345951080322266,107.38835906982422,0.5110137010919861,2460458.0,0.2582401862245789,4109908.5334187225,0.0,275463.47358571866,144462.96869631045,2946984.0,570135.5417719474,406866.6880530796,280993.755833696,2340.0566494082277,0.0,166.0,195518.22039400422,286.0,30.0,3238.3386763357785,0.0,0.0,0.0,0.0
2017-04-01,470.42211128251915,24.345951080322266,49.328731536865234,0.4645218712313663,2465203.0,0.21799016332906193,3634435.8960094587,0.0,212255.1483401599,86114.93261705221,2851712.605598774,462940.8410349266,280932.1451819287,130982.7196038302,1457.1738131075479,0.0,170.0,23412.31142344118,80.0,18.0,1440.5331354437558,0.0,0.0,0.0,0.0
2017-05-01,505.49120872180305,24.345951080322266,71.63646697998047,0.488905845402696,2469948.0,0.22521166464560846,3899916.6479103477,0.0,196602.2468478374,66843.4798505772,2943757.283890834,504784.58482756506,342292.82240234205,204153.40902960754,1098.3187572602053,0.0,172.0,65271.2783453295,169.0,24.0,1619.162967527829,0.0,0.0,0.0,0.0
2017-06-01,505.2481257271104,24.345951080322266,88.19599151611328,0.48047333221628125,2474693.0,0.23215710030121192,3887342.948642015,0.0,178540.65965797586,53158.96844508648,2851697.2097772574,518567.26192977314,363779.560296707,245303.5478382805,871.5800128894189,0.0,173.0,101896.60112383729,235.0,28.0,1343.925925519044,0.0,0.0,0.0,0.0
2017-07-01,459.0157124316075,24.345951080322266,40.66436767578125,0.46789267808133844,2479438.0,0.1976650361695436,3589777.304316942,0.0,198614.96354148522,68785.54298033778,2915847.3413886456,427910.2726841711,244328.53655576071,96762.605928367,1168.9723211474748,0.0,174.0,5277.863686495228,45.0,16.0,551.2383145549752,0.0,0.0,0.0,0.0
2017-08-01,512.7701944663497,24.345951080322266,77.76730346679688,0.4896859026020663,2484183.0,0.23337660166772095,3940562.764788329,0.0,216626.22402140024,86518.77649546233,2943698.724454242,522977.01428619225,351408.96289138054,217549.51539651415,1446.9992859380184,0.0,177.0,88860.96454782512,200.0,26.0,1690.0117937616774,0.0,0.0,0.0,0.0
2017-09-01,483.69016701166123,24.345951080322266,62.14215087890625,0.46519678515508733,2488928.0,0.23172630764351893,3717777.1950125364,0.0,239382.3310033851,112952.203532483,2834818.818852058,481897.7399393524,312675.6311187294,180389.63630239674,1920.016270902032,0.0,178.0,55740.409818883396,150.0,21.0,1628.7790634459757,0.0,0.0,0.0,0.0
2017-10-01,460.6927211386577,24.345951080322266,26.83858871459961,0.463942355981577,2493673.0,0.21080902110371208,3555527.8716524728,0.0,271630.2691024692,140597.55366622523,2920928.6312959865,437668.98934654734,218916.3742654905,72957.54477444927,2545.1979062441205,0.0,179.0,2231.9452763112313,14.0,7.0,584.4859241678337,0.0,0.0,0.0,0.0
2017-11-01,462.5278876473032,24.345951080322266,42.69522476196289,0.45774787064498457,2498418.0,0.21943152917326006,3459107.5890068887,0.0,316590.7715065516,188409.61554109456,2815756.854291729,405141.05368654896,224152.82376842372,106061.48846018597,3671.0447654568575,0.0,181.0,76261.84598852186,94.0,11.0,2665.308500680426,0.0,0.0,0.0,0.0
2017-12-01,475.4864145882629,24.345951080322266,37.69771957397461,0.4672956388476183,2503163.0,0.22613814063572535,3549917.2166001983,0.0,354479.21397136844,211162.3625197743,2895493.346778354,419285.5688385502,240695.733443037,99976.89178025602,4193.531211594543,0.0,182.0,63003.764233124006,68.0,8.0,2784.9964663401424,0.0,0.0,0.0,0.0
2018-01-01,514.7875766173987,23.962505340576172,60.283477783203125,0.4890497410118182,2507916.0,0.24412463978662033,3787150.2168165683,0.0,346633.9521775963,203434.92454343382,2935150.014881065,493350.0916366355,300097.9460878079,164086.48845105982,4075.7073941626422,0.0,183.0,169696.16206443563,155.0,17.0,3614.4955213637268,0.0,0.0,0.0,0.0
2018-02-01,452.121475996961,23.962505340576172,52.49857711791992,0.43185674675331465,2512661.0,0.24258731589292945,3391271.3407276366,0.0,314197.6823639589,182405.73921160924,2653426.1974293687,429889.177255994,275483.7912675545,130164.31589471751,3761.3540323500683,0.0,184.0,81291.2480783281,109.0,13.0,3584.948667026025,0.0,0.0,0.0,0.0
2018-03-01,464.27076125186005,23.962505340576172,29.447053909301758,0.46232090110971574,2517406.0,0.21946788950189955,3577427.416303404,0.0,308637.5551008661,162512.87193778798,2931826.1745416666,441080.86161273916,237677.84560514148,75155.02918385684,4223.192523078501,0.0,185.0,9795.181849634948,29.0,7.0,912.7561565597675,0.0,0.0,0.0,0.0
2018-04-01,454.42402140078053,23.962505340576172,38.034488677978516,0.44924920393474194,2522151.0,0.22130444667427188,3556581.494375209,0.0,253688.28878243614,113167.57863940351,2841556.514637016,446387.2884943366,273465.22138814395,100136.59436571095,3005.9591330328076,0.0,185.0,9547.391116974515,51.0,15.0,624.897857470005,0.0,0.0,0.0,0.0
2018-05-01,507.01611779827897,23.962505340576172,74.87586212158203,0.481602783695875,2526896.0,0.23701105968426042,3972204.3470132304,0.0,213319.53730411417,69472.1822629625,2946063.4177730693,525702.9000303885,386933.54092564306,221816.9829241318,1945.8644011518634,0.0,185.0,82060.83135165335,194.0,28.0,1467.016142292734,0.0,0.0,0.0,0.0
2018-06-01,512.817970636437,23.962505340576172,91.72158813476562,0.47688963814867746,2531641.0,0.24612309507984093,3971452.384976903,0.0,202474.24582137386,62313.473936837865,2851583.4742685803,538775.7412691809,415373.4277730335,270538.284866107,2836.748684536128,0.0,185.0,150999.63498470292,277.0,29.0,1772.3769780872703,0.0,0.0,0.0,0.0
2018-07-01,525.9337498314532,23.962505340576172,85.1217041015625,0.4889682152333713,2536386.0,0.2476497053067972,4082806.2329922393,0.0,221250.09293234063,73912.4921618766,2945844.7754655755,552576.2989657687,427216.7731677307,265480.8800331665,3360.3501304643833,0.0,185.0,139432.24891086636,274.0,29.0,1715.175755852903,0.0,0.0,0.0,0.0
2018-08-01,520.1644464610443,23.962505340576172,74.06238555908203,0.48240844688162615,2541131.0,0.2530918516056762,4031058.599555391,0.0,257579.6459452243,108548.32111953651,2940810.004424957,540904.3717993709,421886.16818296915,235770.54978809328,5054.074185688118,0.0,187.0,112856.81668709706,236.0,29.0,1536.4051329301478,0.0,0.0,0.0,0.0
2018-09-01,453.1752528402797,23.962505340576172,31.892635345458984,0.44413399854049257,2545876.0,0.22904684285786933,3510645.7011582186,0.0,306244.9106669326,158594.63301177075,2826524.156503546,420952.87733420904,279019.8348244139,88967.37569604984,7612.557775459128,0.0,189.0,9712.401679707544,51.0,18.0,841.2149513562513,0.0,0.0,0.0,0.0
2018-10-01,445.15747341529766,23.962505340576172,18.562721252441406,0.44578760290765296,2550621.0,0.21929408152173,3396146.5646463316,0.0,364447.0759960597,209796.99529631645,2868887.0788464113,383768.3834836932,213125.48517044366,38532.53047578426,9980.174060031632,0.0,189.0,82.64699999959885,3.0,2.0,40.35208365841663,0.0,0.0,0.0,0.0
2018-11-01,421.91216444141463,23.962505340576172,36.90145492553711,0.426238975076041,2555366.0,0.2117517183194855,3159549.525902999,0.0,379109.0129677631,223073.12210554432,2723797.7132190615,335070.1979624263,172143.1904546992,35821.47176200197,11046.033940780504,0.0,190.0,172.58067572060236,5.0,3.0,68.45385079958169,0.0,0.0,0.0,0.0
2018-12-01,463.93691523531595,23.962505340576172,208.8321990966797,0.4538421999066789,2560111.0,0.2312776318512805,3443054.955257556,0.0,401922.88249603106,237332.21363643243,2847794.1437163614,391131.0852384061,239426.0866008302,76947.31744892534,12047.646335401902,0.0,190.0,55639.07518440799,52.0,6.0,2984.62266025412,0.0,0.0,0.0,0.0
2019-01-01,504.5612554895698,22.326873779296875,260.1769714355469,0.4703078925040715,2564864.0,0.2589910464312659,3605362.417725333,0.0,474585.6042607925,306123.007397985,2850546.065588706,424478.1622757542,299768.48122451175,140653.85506731746,15088.69856549053,0.0,191.0,142881.62153706365,137.0,16.0,3573.8346825274484,0.0,0.0,0.0,0.0
2019-02-01,441.19786317684907,22.326873779296875,114.65079498291016,0.4173854446682896,2569609.0,0.2539944389969281,3246246.5903079906,0.0,393364.48639185296,243475.54874105845,2598176.6528258016,395726.676694775,263874.83506051725,89388.00545031865,11965.016038522386,0.0,191.0,70587.77286725247,63.0,8.0,3294.0252244345265,0.0,0.0,0.0,0.0
2019-03-01,486.8386399073321,22.326873779296875,102.39421081542969,0.46363174419402803,2574354.0,0.2482915363674805,3675842.762458673,0.0,376337.77234742243,213778.2835865187,2908851.693638049,462192.8670884526,309616.067652953,107059.02108291409,10577.041000257203,0.0,191.0,65042.63235214072,71.0,10.0,3494.0620699342544,0.0,0.0,0.0,0.0
2019-04-01,419.55000564150504,22.326873779296875,34.04668045043945,0.4303294083179206,2579099.0,0.19762550069659493,3264980.060681952,0.0,303752.7462430892,149474.64988633178,2781927.5755874654,339390.6839132411,201359.44102122216,52067.22949696893,7790.4821603206055,0.0,192.0,1509.7346802623879,13.0,6.0,333.64779865001356,0.0,0.0,0.0,0.0
2019-05-01,462.7918713358856,22.326873779296875,106.82838439941406,0.4557899055941789,2583844.0,0.22196080755320144,3671665.259561269,0.0,263604.9250024909,107145.07816278114,2919267.637851367,436471.59787334607,315369.6933702194,112486.92722994146,5919.535207920633,0.0,192.0,21868.087721682747,71.0,16.0,1316.9267123739182,0.0,0.0,0.0,0.0
2019-06-01,487.7460268895526,22.326873779296875,232.51055908203125,0.4561222461748635,2588589.0,0.2490792077534933,3873695.8450646456,0.0,226057.98462741537,76467.02894967739,2846024.9680415094,512532.5362910745,417940.5630543591,202560.6326310141,4270.766415271874,0.0,192.0,88935.58519856508,192.0,26.0,1565.2344708569112,0.0,0.0,0.0,0.0
2019-07-01,496.74434530993693,22.326873779296875,190.5746307373047,0.46648586150066185,2593334.0,0.24677057509319367,3976804.0783745265,0.0,234294.51716113123,79652.54983648496,2938469.738749723,519445.176405554,425493.49435857905,202622.02839021868,4483.051017916492,0.0,193.0,62542.814308508365,182.0,27.0,1316.383186557579,0.0,0.0,0.0,0.0
2019-08-01,497.1303797921464,22.326873779296875,168.3059844970703,0.4636907966954741,2598079.0,0.252750430637238,3913900.2037814064,0.0,289421.650971447,130820.69166760358,2916584.899735158,504404.7056841105,408865.8501765859,193430.2253457818,7843.332805903505,0.0,194.0,68390.53016795161,177.0,28.0,1412.4762269027428,0.0,0.0,0.0,0.0
2019-09-01,442.49591981632256,22.326873779296875,64.88530731201172,0.430355354062794,2602824.0,0.2336164524070849,3435721.729499155,0.0,342511.55408045364,184925.73629173683,2774290.033180292,400000.7650341129,277837.8994908213,92244.53518250662,11040.417497231832,0.0,194.0,14137.388815544962,56.0,15.0,1125.795502763293,0.0,0.0,0.0,0.0
2019-10-01,450.7991926579891,22.326873779296875,42.31101989746094,0.43561469996515123,2607569.0,0.24165225509725186,3422449.4754697555,0.0,425135.7175286133,257732.09963947357,2817373.162589437,395222.5149597728,251929.03902743006,70709.36826070402,15421.920139375274,0.0,194.0,5905.891078224326,28.0,9.0,820.6330255420612,0.0,0.0,0.0,0.0
2019-11-01,432.0479850431457,22.326873779296875,35.47743606567383,0.41786320576136915,2612314.0,0.24301819271631708,3252836.056380266,0.0,429973.24244251876,266553.80136291357,2705670.530927678,382852.0561154083,220389.12255995753,53352.01436068635,15949.784456807964,0.0,194.0,12313.455644792795,20.0,4.0,2202.0771421137624,0.0,0.0,0.0,0.0
2019-12-01,474.49828223207805,22.326873779296875,75.78916931152344,0.44247931054453904,2617059.0,0.2656599676311049,3493310.8989387043,0.0,472088.47830687027,301372.5563821583,2793800.427612903,425995.6510150687,297225.0770956759,88238.58953111645,18033.234908727318,0.0,194.0,82002.25567662994,66.0,10.0,4223.991784492969,0.0,0.0,0.0,0.0
2020-01-01,489.6907177173649,32.546138763427734,114.61822509765625,0.44749217209047853,2621812.0,0.2728155122858365,3507100.519403411,0.0,564811.5124579966,367880.5829603464,2799112.017680105,394732.5769342808,308771.2493186286,115317.36605319752,22012.87686393086,0.0,194.0,95500.0574386217,109.0,15.0,3202.6282536876042,0.0,0.0,0.0,0.0
2020-02-01,455.14374902200865,32.546138763427734,77.55763244628906,0.4204391148484834,2626557.0,0.2697746071790898,3360221.178054525,0.0,465307.4002047936,285279.14713379805,2672454.16688713,405319.035914616,308629.77828526904,78459.90453263604,17070.253295381066,0.0,194.0,72351.23589187689,63.0,8.0,3073.485810004019,0.0,0.0,0.0,0.0
2020-03-01,459.1787639731205,32.546138763427734,43.64076614379883,0.44174026229137914,2631302.0,0.24073316202842734,3478394.276602023,0.0,442081.7315410815,240818.79020810378,2865543.922934054,396615.6437450128,274115.66269841936,54912.47048545383,14409.878147649953,0.0,194.0,33551.01451365339,30.0,5.0,2724.328498731961,0.0,0.0,0.0,0.0
2020-04-01,426.2757833983992,32.546138763427734,23.188852310180664,0.42279709325957565,2636047.0,0.2187868360509869,3324467.3696292145,0.0,353555.12137814384,163496.5542194739,2777138.311255133,359155.8002256431,256877.53729348248,41229.31458188992,9783.146163125552,0.0,194.0,510.4554071177531,4.0,3.0,198.7383990003441,0.0,0.0,0.0,0.0
2020-05-01,474.1702489253224,32.546138763427734,48.99741744995117,0.4443158763659221,2640792.0,0.25965148928962833,3808207.181572631,0.0,306798.05272379186,114539.31717446819,2923211.4903604626,464211.15452921693,464026.7654319879,69618.23171750059,6853.6911175351825,0.0,194.0,8796.435400725688,31.0,8.0,1027.0138825193962,0.0,0.0,0.0,0.0
2020-06-01,489.7909195751184,32.546138763427734,77.54174041748047,0.4408951981068128,2645537.0,0.2866273323166646,3995073.272432655,0.0,272145.6919745808,79167.53874299326,2901517.9474601704,507424.23217502725,611549.3201889696,92266.53355709928,4737.149394816093,0.0,194.0,17319.153374168513,62.0,13.0,853.1713914979391,0.0,0.0,0.0,0.0
2020-07-01,495.5438704258641,32.546138763427734,29.379493713378906,0.450513231282214,2650282.0,0.28426818060450026,4046417.7183538624,0.0,287129.6462131821,87325.36851406835,2992888.4488004795,504218.86218533723,614744.7452403397,57468.111150551405,5225.289591501386,0.0,194.0,967.1507338242877,6.0,1.0,380.1920280016925,0.0,0.0,0.0,0.0
2020-08-01,455.86758628066684,32.546138763427734,15.668534278869629,0.43998839334508294,2655027.0,0.2426596570589428,3621266.5078597474,0.0,343762.08547422965,140188.46810076502,2920212.253731329,409254.1050363775,386816.70632105635,28031.60141098456,8388.459808807895,0.0,194.0,0.0,0.0,0.0,0.0,0.0,0.0,0.0,0.0
2020-09-01,400.48230637814066,32.546138763427734,12.27553939819336,0.40970796109278634,2659772.0,0.19585249487350062,3060858.4742108327,0.0,394153.43306307454,193054.6933875306,2698894.175104876,275569.8241225074,182695.02204749154,22778.316135959023,11551.817052898004,0.0,194.0,0.0,0.0,0.0,0.0,0.0,0.0,0.0,0.0
2020-10-01,393.73266336825776,32.546138763427734,11.560381889343262,0.40643874000385183,2664517.0,0.1871758137328431,2876790.6327551855,0.0,485252.8278132341,272504.7427903214,2649618.216388656,214306.36211439298,112407.69605213702,23341.129529999816,16305.871044838635,0.0,194.0,0.0,0.0,0.0,0.0,0.0,0.0,0.0,0.0
2020-11-01,371.9791041493866,32.546138763427734,11.996435165405273,0.38715303704235143,2669262.0,0.17967199380649435,2671956.508988526,0.0,495292.38087116205,287462.0390724613,2516248.657007903,161989.34013524407,89555.60678295261,23228.26826242693,17200.87104217467,0.0,194.0,60.04240313082255,1.0,1.0,60.04240313082255,0.0,0.0,0.0,0.0
2020-12-01,390.58625313995066,32.546138763427734,24.92803955078125,0.3959407946156003,2674007.0,0.19940915625198707,2768031.7866974412,0.0,544397.5603067648,327470.0548731717,2558397.572405702,170680.0684646969,127911.6330978148,33794.09084024524,19594.831380609874,0.0,194.0,6797.904701456431,12.0,3.0,1384.1233597775636,0.0,0.0,0.0,0.0
2021-01-01,426.86311741650906,7.769972801208496,26.863338470458984,0.40998020814142333,2678763.0,0.2425508429287639,3032023.202923574,0.0,592664.1809460574,372855.2514484071,2651041.247652626,229940.62959791278,236173.11785042653,37673.36646260999,22012.87686393086,0.0,194.0,4639.042448994371,12.0,4.0,1137.1634520477537,0.0,0.0,0.0,0.0
2021-02-01,366.99997055712623,7.769972801208496,21.071590423583984,0.3708789359913335,2683162.0,0.20369506997738435,2668091.008075265,0.0,476349.5444930263,281931.7760132871,2423185.5460585407,186020.50717741097,142481.40717117165,27395.319988142386,16425.722627626084,0.0,194.0,1987.1421771611758,6.0,1.0,722.7384465734372,0.0,0.0,0.0,0.0
2021-03-01,407.33326611005293,7.769972801208496,22.379751205444336,0.4191984199249396,2687561.0,0.18931969129638554,3047185.7150342767,0.0,461337.15427636524,250588.21294338742,2753356.6760136033,232347.7591790373,152981.30870961095,31390.216345509274,14409.878147649953,0.0,194.0,3243.9977910268176,6.0,2.0,932.8171324179948,0.0,0.0,0.0,0.0
2021-04-01,366.57300814276584,7.769972801208496,12.489653587341309,0.39519847880417713,2691960.0,0.15110557039452444,2830593.3322775783,0.0,369380.5222552219,170129.20509655197,2634177.2791608195,189305.87008245412,103704.42763430414,22650.005909999818,9783.146163125552,0.0,194.0,0.0,0.0,0.0,0.0,0.0,0.0,0.0,0.0
2021-05-01,414.93667942584796,7.769972801208496,15.405500411987305,0.4276400446478158,2696359.0,0.19059992816963772,3341590.931945794,0.0,322479.4884965112,120734.75294718752,2883525.814929147,322376.8814224188,234712.98458624192,24023.409647987177,6853.6911175351825,0.0,194.0,0.0,0.0,0.0,0.0,0.0,0.0,0.0,0.0
2021-06-01,436.087572451882,7.769972801208496,19.53490447998047,0.42295955521781264,2700758.0,0.23917135646899762,3603240.8957080226,0.0,277498.41073685477,84520.25750526713,2871902.652328438,415972.5391721141,406390.13496038486,28054.432447085925,4737.149394816093,0.0,194.0,0.0,0.0,0.0,0.0,0.0,0.0,0.0,0.0
2021-07-01,447.4900162911062,7.769972801208496,18.180776596069336,0.4352838270128434,2705157.0,0.23750909677043225,3691084.512956117,0.0,294214.7946891799,94410.5169900662,2960050.363421258,422703.4391477658,407216.3704912372,24162.498535853847,5225.289591501386,0.0,194.0,0.0,0.0,0.0,0.0,0.0,0.0,0.0,0.0
2021-08-01,442.9889528025994,7.769972801208496,17.592670440673828,0.4291373025386681,2709556.0,0.24019053389002804,3562131.3943263004,0.0,358927.6840221819,155354.06664871727,2900108.497100271,395795.6044340815,364936.5182663186,24338.933165628612,8388.459808807895,0.0,194.0,0.0,0.0,0.0,0.0,0.0,0.0,0.0,0.0
2021-09-01,389.231951156154,7.769972801208496,14.054245948791504,0.397472021480909,2713955.0,0.19706918867185397,2996052.568159548,0.0,415038.1036938909,213939.36401834674,2659634.164006418,261932.5279948422,170910.07882449817,22654.66053378737,11551.817052898004,0.0,194.0,0.0,0.0,0.0,0.0,0.0,0.0,0.0,0.0
2021-10-01,382.29343014191676,7.769972801208496,12.510931015014648,0.3908632832721468,2718354.0,0.19458028908255964,2790977.401784655,0.0,522102.3060700501,309354.22104713734,2585832.345983914,199316.99822764788,105369.69937309249,23341.129529999816,16305.871044838635,0.0,194.0,0.0,0.0,0.0,0.0,0.0,0.0,0.0,0.0
2021-11-01,361.6469938698075,7.769972801208496,11.97449016571045,0.37140078114008,2722753.0,0.19019076799329693,2580599.984348147,0.0,538051.6689050348,330221.3271063341,2444462.083261647,147009.63144929687,85098.65843641985,23108.474400784784,17200.87104217467,0.0,194.0,0.0,0.0,0.0,0.0,0.0,0.0,0.0,0.0
2021-12-01,379.79873325725885,7.769972801208496,28.414260864257812,0.3783029339613063,2727152.0,0.21324751218034266,2664254.588556243,0.0,597536.1613848256,380608.65595123195,2475803.1547455564,156178.91199107055,123294.25448835932,31786.70096508151,19594.831380609874,0.0,194.0,4776.927361856283,11.0,3.0,1188.5763997227268,0.0,0.0,0.0,0.0
2022-01-01,416.63858441278404,5.735021591186523,27.097280502319336,0.39399069875999626,2731559.0,0.2548288360640447,2903123.819565408,0.0,645490.5663147252,427576.6048170749,2556888.737185409,215668.02595228824,220425.45735438316,33027.75771332718,22012.87686393086,0.0,194.0,3087.126417935365,8.0,4.0,940.819045155291,0.0,0.0,0.0,0.0
2022-02-01,358.2206854052584,5.735021591186523,22.74496841430664,0.35725247117710757,2735958.0,0.2142314798951005,2567883.18993233,0.0,516862.3130741212,324156.128594382,2345853.709130696,171482.47164096037,134807.05514191932,26772.226338754994,16425.722627626084,0.0,194.0,1596.4400453513895,5.0,0.0,672.5149113230232,0.0,0.0,0.0,0.0
2022-03-01,397.6017084635323,5.735021591186523,24.910680770874023,0.40586637031623296,2740357.0,0.1961903184210632,2975109.045450025,0.0,495466.9029563821,286612.92962340417,2701627.7616351903,220737.37374075496,145099.3767515909,30556.851242350356,14409.878147649953,0.0,194.0,2767.450507137856,6.0,2.0,882.389905352763,0.0,0.0,0.0,0.0
2022-04-01,357.8264789292746,5.735021591186523,12.932965278625488,0.38322784702594404,2744756.0,0.15694935900541998,2776608.0139968735,0.0,393521.9909680985,196107.06080942863,2592275.9728708453,180545.77455702817,100380.51116900117,22650.005909999818,9783.146163125552,0.0,194.0,0.0,0.0,0.0,0.0,0.0,0.0,0.0,0.0
2022-05-01,405.04891503025476,5.735021591186523,15.971933364868164,0.41721833829284805,2749155.0,0.19132960738771806,3298093.5842728,0.0,338299.57112304884,138449.80357372516,2860156.43485977,312257.82108445483,224805.25130486648,23922.23566370858,6853.6911175351825,0.0,194.0,0.0,0.0,0.0,0.0,0.0,0.0,0.0,0.0
2022-06-01,425.7091017644833,5.735021591186523,20.279937744140625,0.41420859422675965,2753554.0,0.23711964602461835,3568413.209175411,0.0,286838.3548919796,95694.04166039175,2862523.508103443,406309.08738209953,391450.7449557785,27208.73193409184,4737.149394816093,0.0,194.0,0.0,0.0,0.0,0.0,0.0,0.0,0.0,0.0
2022-07-01,436.8538006267692,5.735021591186523,18.987768173217773,0.42607995311321006,2757953.0,0.2357284701832155,3654301.8884119424,0.0,304275.99321808125,106366.68351896752,2948176.384987529,413079.38081177365,392062.9991218662,24031.282130773317,5225.289591501386,0.0,194.0,0.0,0.0,0.0,0.0,0.0,0.0,0.0,0.0
2022-08-01,432.4731243520015,5.735021591186523,18.308292388916016,0.41930757194499746,2762352.0,0.23979307149526224,3516102.8156341095,0.0,373738.5303399785,172059.88096651383,2879522.828876277,385834.9197587313,349630.1911028497,24163.034536250852,8388.459808807895,0.0,194.0,0.0,0.0,0.0,0.0,0.0,0.0,0.0,0.0
2022-09-01,380.00401915459685,5.735021591186523,14.561384201049805,0.38590025446620196,2766751.0,0.20172794828717308,2939473.5271049757,0.0,438004.7465548086,238739.8468792643,2618718.4191221455,252749.01924459042,164445.63908671672,22639.312851523064,11551.817052898004,0.0,194.0,0.0,0.0,0.0,0.0,0.0,0.0,0.0,0.0
2022-10-01,373.2518539234614,5.735021591186523,12.951756477355957,0.3780013302771615,2771150.0,0.2023793247862211,2723136.9549250863,0.0,550380.2946385738,339524.6306156621,2530520.811193423,190411.5770724727,101746.20845919132,23341.129529999816,16305.871044838635,0.0,194.0,0.0,0.0,0.0,0.0,0.0,0.0,0.0,0.0
2022-11-01,353.0948291671305,5.735021591186523,12.418989181518555,0.35834893787305816,2775549.0,0.19988745102938457,2510970.7877645367,0.0,569501.9176232788,363505.41582457797,2385895.078488805,138593.92886322702,82512.11435470116,23048.52925780394,17200.87104217467,0.0,194.0,0.0,0.0,0.0,0.0,0.0,0.0,0.0,0.0
2022-12-01,370.8286989540812,5.735021591186523,34.40182113647461,0.36496293698414084,2779948.0,0.22283782294193394,2591562.4072640804,0.0,629129.4346383988,414096.8972048053,2415369.6514123166,148288.57542500342,119534.42985841108,31211.05294985434,19594.831380609874,0.0,194.0,4218.458524498267,9.0,3.0,1132.6863447602082,0.0,0.0,0.0,0.0
2023-01-01,408.6971219546358,6.066290378570557,31.715024948120117,0.38153616488877296,2784355.0,0.2643817970255409,2861836.337456086,0.0,686531.3999710558,468617.4384734055,2523995.595101654,212676.97734903963,215517.53895394882,32550.57828814737,22012.87686393086,0.0,194.0,2985.636867208272,6.0,3.0,919.6460363649248,0.0,0.0,0.0,0.0
2023-02-01,351.40341797806474,6.066290378570557,26.26828384399414,0.3467657460439818,2788754.0,0.22248182123844154,2538542.833011373,0.0,546054.4182102277,353348.23373048863,2320963.145088936,168821.36960741575,133157.95573831254,26646.134896706066,16425.722627626084,0.0,194.0,1531.4032692994956,4.0,0.0,667.4427649470713,0.0,0.0,0.0,0.0
2023-03-01,390.04683953940224,6.066290378570557,29.743349075317383,0.39517845807457985,2793153.0,0.20220431609620187,2949846.428358205,0.0,520448.26831350557,311594.29498052766,2681205.847810324,217872.2337948796,143368.2947658535,30313.210627147775,14409.878147649953,0.0,194.0,2681.6404298245775,6.0,2.0,876.4116564711594,0.0,0.0,0.0,0.0
2023-04-01,351.0380236006337,6.066290378570557,13.448349952697754,0.37398654245253954,2797552.0,0.16135138529036241,2761098.8675446045,0.0,408962.3493143572,211547.41915568733,2578564.331932456,179091.69469952933,100037.08551261979,22650.005909999818,9783.146163125552,0.0,194.0,0.0,0.0,0.0,0.0,0.0,0.0,0.0,0.0
2023-05-01,397.37659580770685,6.066290378570557,16.683523178100586,0.40828167128502874,2801951.0,0.19336288176801011,3287200.2802730137,0.0,348817.72460085765,148967.95705153397,2852604.790056391,310201.59030593775,223522.3501498839,23919.70840080297,6853.6911175351825,0.0,194.0,0.0,0.0,0.0,0.0,0.0,0.0,0.0,0.0
2023-06-01,417.65798991572683,6.066290378570557,21.361446380615234,0.4059131657445119,2806350.0,0.2379858415519359,3560218.8305336097,0.0,294637.8133892858,103493.50015769777,2858976.7042224393,404043.89606517565,389103.5745610684,27173.51888492756,4737.149394816093,0.0,194.0,0.0,0.0,0.0,0.0,0.0,0.0,0.0,0.0
2023-07-01,428.60479537660603,6.066290378570557,19.85108184814453,0.4174563946644479,2810749.0,0.23677988342176867,3645520.606413102,0.0,312651.37171231565,114742.06201320184,2943780.593287395,410698.3719370851,390061.40484178386,24028.39498683779,5225.289591501386,0.0,194.0,0.0,0.0,0.0,0.0,0.0,0.0,0.0,0.0
2023-08-01,424.31952067884174,6.066290378570557,19.166242599487305,0.4102691653820409,2815148.0,0.24187755546021708,3502620.5254087076,0.0,386818.3477343628,185139.69836089833,2871259.7776245293,383190.33361982985,347059.50422763475,24159.06857671564,8388.459808807895,0.0,194.0,0.0,0.0,0.0,0.0,0.0,0.0,0.0,0.0
2023-09-01,372.8507629062399,6.066290378570557,15.199816703796387,0.37632712857988854,2819547.0,0.20657522641453518,2920319.344743896,0.0,456804.7257197573,257539.82604421306,2602398.8526639617,250689.13545025897,163671.26152161814,22638.95830805813,11551.817052898004,0.0,194.0,0.0,0.0,0.0,0.0,0.0,0.0,0.0,0.0
2023-10-01,366.20663072169225,6.066290378570557,13.4534330368042,0.3674781537551979,2823946.0,0.20963863992589318,2697616.2593570957,0.0,576206.4571341759,365350.7931112635,2507519.000615316,188408.45645645182,101230.44408532736,23341.129529999816,16305.871044838635,0.0,194.0,0.0,0.0,0.0,0.0,0.0,0.0,0.0,0.0
2023-11-01,346.4686724922172,6.066290378570557,12.888044357299805,0.34847253328324057,2828345.0,0.20704081022752643,2488644.4837305415,0.0,593323.3828788054,387326.8810801045,2365555.0434136298,137098.2635943797,82032.89243999383,23037.147482536617,17200.87104217467,0.0,194.0,0.0,0.0,0.0,0.0,0.0,0.0,0.0,0.0
2023-12-01,363.88050332116137,6.066290378570557,45.43178176879883,0.35459268252037607,2832744.0,0.23050403105121484,2567000.934929158,0.0,656266.2925560835,441233.75512249,2393387.224831677,146708.72141197737,118705.18101821761,31041.81948875131,19594.831380609874,0.0,194.0,4125.585374106666,9.0,3.0,1124.9699988613702,0.0,0.0,0.0,0.0
2024-01-01,402.07253685122856,6.641685962677002,35.60183334350586,0.3712914748654508,2837151.0,0.2742793805372382,2851152.0069820643,0.0,707411.6981140445,499854.2166163947,2509311.578802661,214918.6502280651,219239.52457105205,20252.43202028815,22012.87686393086,0.0,194.0,2508.0845577304526,5.0,2.0,818.7815516655974,0.0,0.0,0.0,0.0
2024-02-01,361.7146231810104,6.641685962677002,43.28375244140625,0.3523811339953557,2841550.0,0.233919704465841,2658240.459147035,0.0,577976.5487926628,388946.92772166635,2407325.996429348,182110.8380961266,153064.64365520366,20058.628726358613,17070.253295381066,0.0,194.0,2499.196502927127,8.0,1.0,578.8991029862132,0.0,0.0,0.0,0.0
2024-03-01,383.7470383341374,6.641685962677002,36.75642013549805,0.3863051761163243,2845949.0,0.20913390090108744,2952716.265314404,0.0,526943.0536734823,329449.96034050395,2676229.5682965885,221354.22993674275,147541.11496702817,19143.630754042137,14409.878147649953,0.0,194.0,2197.0941525236876,6.0,2.0,787.802424505092,0.0,0.0,0.0,0.0
2024-04-01,345.37835380100955,6.641685962677002,13.918538093566895,0.3663223450755423,2850348.0,0.16687760902022578,2767834.424937254,0.0,410075.23733161826,223669.97717294804,2577998.8248264836,182549.1735334318,102907.32117733895,12613.685910000011,9783.146163125552,0.0,194.0,0.0,0.0,0.0,0.0,0.0,0.0,0.0,0.0
2024-05-01,390.9811885256382,6.641685962677002,17.161087036132812,0.40019640409236257,2854747.0,0.19806042585099137,3299377.4775106786,0.0,345715.99775846256,157227.11020913848,2853738.3688159166,313273.2586520237,230740.79161454673,13312.337068190609,6853.6911175351825,0.0,194.0,0.0,0.0,0.0,0.0,0.0,0.0,0.0,0.0
2024-06-01,410.9481030349622,6.641685962677002,21.64272117614746,0.3977465477571417,2859146.0,0.24284108505347798,3574851.4938253765,0.0,289558.7935671389,109408.88033555116,2859540.4288646695,406935.8029214282,401005.6770489857,15454.048190294654,4737.149394816093,0.0,194.0,0.0,0.0,0.0,0.0,0.0,0.0,0.0,0.0
2024-07-01,421.73119332854907,6.641685962677002,20.292587280273438,0.40910005472948585,2863545.0,0.2413950414202678,3660353.946308944,0.0,307637.4481144051,121089.01841529086,2943963.316234651,413639.14629580337,401090.241046184,13348.521372303487,5225.289591501386,0.0,194.0,0.0,0.0,0.0,0.0,0.0,0.0,0.0,0.0
2024-08-01,417.5267194896414,6.641685962677002,19.541751861572266,0.4017439359709642,2867944.0,0.24711561471642748,3513814.4340622947,0.0,385360.8907143304,195043.12134086585,2869328.474735473,386163.50702254364,356594.1164462072,13415.614498071574,8388.459808807895,0.0,194.0,0.0,0.0,0.0,0.0,0.0,0.0,0.0,0.0
2024-09-01,366.8924202297567,6.641685962677002,15.598941802978516,0.3684522699358181,2872343.0,0.21225014832495664,2927929.1358664813,0.0,457763.7409332332,269493.2412576886,2600416.274146204,253969.39746071945,169031.7362595583,12596.191200000008,11551.817052898004,0.0,194.0,0.0,0.0,0.0,0.0,0.0,0.0,0.0,0.0
2024-10-01,360.4170099369356,6.641685962677002,13.898502349853516,0.35955623148734966,2876742.0,0.2160546002574191,2703577.95180231,0.0,579910.9915969811,380400.93757406774,2504894.4508192413,193221.97042235744,104000.12236071071,12998.569530000044,16305.871044838635,0.0,194.0,0.0,0.0,0.0,0.0,0.0,0.0,0.0,0.0
2024-11-01,340.95142341176637,6.641685962677002,13.337006568908691,0.34083301634064744,2881141.0,0.21374492702036027,2492144.710385932,0.0,598956.1073987151,403954.0056000135,2362658.6838467503,141069.78474391022,83580.85193039186,12919.853064880373,17200.87104217467,0.0,194.0,0.0,0.0,0.0,0.0,0.0,0.0,0.0,0.0
2024-12-01,358.09616657540704,6.641685962677002,57.62690353393555,0.3465829841265095,2885540.0,0.23765951126179966,2570412.2273901333,0.0,663846.6452771404,460174.98784354667,2390098.9467353937,150289.60866160004,121340.76457682421,20167.68605631712,19594.831380609874,0.0,194.0,3425.541265614994,9.0,3.0,1036.037247609951,0.0,0.0,0.0,0.0
2025-01-01,396.371455947116,7.155293941497803,46.935516357421875,0.36424601257150524,2889947.0,0.27996140655070995,2860117.744777691,0.0,714377.8974435747,518672.335945924,2508181.3233125126,219212.24266563528,223428.1519464296,20854.360548793262,22012.87686393086,0.0,194.0,2707.397623916018,5.0,2.0,863.1618829077925,0.0,0.0,0.0,0.0
2025-02-01,340.82528920177475,7.155293941497803,36.61404800415039,0.33227969511671,2894346.0,0.2361166208629054,2546387.625933723,0.0,560278.1455111138,387631.16103137424,2314004.2381679267,177384.47260015993,139007.6749470896,16789.072538545697,16425.722627626084,0.0,194.0,1387.266354913595,4.0,0.0,626.9863262823837,0.0,0.0,0.0,0.0
2025-03-01,378.32717262125504,7.155293941497803,46.81705093383789,0.37959779816893524,2898745.0,0.21419955136178895,2967373.1446209042,0.0,527235.1595529404,340589.5862199619,2678960.016926168,228433.84637099938,152111.85960149873,19419.700362239135,14409.878147649953,0.0,194.0,2413.083398988544,6.0,2.0,836.5009032819826,0.0,0.0,0.0,0.0
2025-04-01,340.5099566194443,7.155293941497803,14.556556701660156,0.3603563772364481,2903144.0,0.1715424966869883,2783706.14923064,0.0,407846.16969534056,231953.08953666972,2583504.509068277,188807.24041511441,107015.29434724763,12613.685910000011,9783.146163125552,0.0,194.0,0.0,0.0,0.0,0.0,0.0,0.0,0.0,0.0
2025-05-01,385.480756432493,7.155293941497803,18.073287963867188,0.3935261885534719,2907543.0,0.2025898474111356,3320201.143930945,0.0,340390.9401516091,162749.57260228455,2858459.4894812964,319394.46546333015,240627.9219949695,13406.545631348868,6853.6911175351825,0.0,194.0,0.0,0.0,0.0,0.0,0.0,0.0,0.0,0.0
2025-06-01,405.1780993577482,7.155293941497803,23.22443199157715,0.390872488284381,2911942.0,0.24731328127478655,3598409.207176611,0.0,282316.28993973904,112663.9767081514,2862004.651494949,412982.72575747134,415316.1175065082,16190.175617683715,4737.149394816093,0.0,194.0,0.0,0.0,0.0,0.0,0.0,0.0,0.0,0.0
2025-07-01,415.8214008581301,7.155293941497803,21.512557983398438,0.4020177804896018,2916341.0,0.24601857876254749,3684786.11160515,0.0,299974.3612034104,124273.45150429556,2946622.7580075976,420035.8703581746,416327.47255989746,13487.289319479594,5225.289591501386,0.0,194.0,0.0,0.0,0.0,0.0,0.0,0.0,0.0,0.0
2025-08-01,411.6872778816327,7.155293941497803,20.730831146240234,0.3947586502699555,2920740.0,0.25181429428466756,3536520.34335789,0.0,379282.37928726315,199812.1299137985,2871715.5361942365,392679.2088511663,370218.9137342206,13593.963218265682,8388.459808807895,0.0,194.0,0.0,0.0,0.0,0.0,0.0,0.0,0.0,0.0
2025-09-01,361.7711414739607,7.155293941497803,16.502395629882812,0.3623715536960242,2925139.0,0.2167727305552793,2946540.006443766,0.0,453786.23642604763,276013.33675050276,2605097.8615390025,260289.67107036518,176640.74583439698,12596.191200000008,11551.817052898004,0.0,194.0,0.0,0.0,0.0,0.0,0.0,0.0,0.0,0.0
2025-10-01,355.4631737154459,7.155293941497803,14.574967384338379,0.35365998012535826,2929538.0,0.2208031149529042,2719545.04945013,0.0,578281.438022086,389604.32399917283,2509255.830009276,200837.97742572328,107989.83381513112,12998.569530000044,16305.871044838635,0.0,194.0,0.0,0.0,0.0,0.0,0.0,0.0,0.0,0.0
2025-11-01,336.21078094042235,7.155293941497803,13.956599235534668,0.3355055114902508,2933937.0,0.21784700002546054,2508322.930137058,0.0,596759.7814573382,412255.27965863707,2369368.4936694195,148184.39637768353,85891.6884770714,12962.814812880728,17200.87104217467,0.0,194.0,0.0,0.0,0.0,0.0,0.0,0.0,0.0,0.0
2025-12-01,353.12684202895787,7.155293941497803,76.56720733642578,0.3411953650146504,2938336.0,0.2415326861503348,2586329.5218169163,0.0,662455.7431964533,469631.60576285986,2396894.191496837,157076.90475272547,123471.16832696996,20372.035880382216,19594.831380609874,0.0,194.0,3773.434752495055,9.0,3.0,1085.972789144519,0.0,0.0,0.0,0.0
2026-01-01,387.0522634301431,8.129355430603027,56.086421966552734,0.35518643582939186,2942746.0,0.28099249016972233,2829407.377967065,0.0,724101.003630116,528395.4421324652,2490280.2415641295,213527.87831286978,217115.77765298993,20049.259077074683,22012.87686393086,0.0,194.0,2465.0486502922204,5.0,2.0,809.9623541365454,0.0,0.0,0.0,0.0
2026-02-01,332.8223496115209,8.129355430603027,45.016136169433594,0.324191981761361,2947134.0,0.23675152815304482,2520722.906317552,0.0,567614.8895111094,394967.9050313691,2298445.5254834625,171226.79463029312,135426.6886887425,16421.729835052633,16425.722627626084,0.0,194.0,1237.1211667764424,4.0,0.0,577.4838366510762,0.0,0.0,0.0,0.0
2026-03-01,369.45506420077504,8.129355430603027,59.02027130126953,0.3709221809620041,2951522.0,0.21368031993189843,2941001.050644753,0.0,533141.098075439,346495.5247424599,2665027.1825472885,221274.37469177126,147209.17638357618,19042.595662118096,14409.878147649953,0.0,194.0,2148.5585599201418,6.0,2.0,785.5482484666927,0.0,0.0,0.0,0.0
2026-04-01,332.53496808089557,8.129355430603027,14.896269798278809,0.3522091607924752,2955910.0,0.17075018364874,2761227.181826832,0.0,411544.2585865662,235651.178427895,2570413.3221281804,183058.29567706332,103376.45862158848,12613.685910000011,9783.146163125552,0.0,194.0,0.0,0.0,0.0,0.0,0.0,0.0,0.0,0.0
2026-05-01,376.4640840212708,8.129355430603027,18.504579544067383,0.3854389878739755,2960298.0,0.2001971433766416,3296675.9054501615,0.0,342729.4037506231,165088.0362012987,2850218.772049082,313375.92911424086,231449.15924836605,13319.323678473433,6853.6911175351825,0.0,194.0,0.0,0.0,0.0,0.0,0.0,0.0,0.0,0.0
2026-06-01,395.7128174788156,8.129355430603027,23.759851455688477,0.38340358778619377,2964686.0,0.24405925679333546,3574565.2614917727,0.0,283857.1615036207,114204.84827203311,2858274.4584125807,407051.06906760694,401820.58365608496,15503.613555498856,4737.149394816093,0.0,194.0,0.0,0.0,0.0,0.0,0.0,0.0,0.0,0.0
2026-07-01,406.11988788423594,8.129355430603027,22.08420753479004,0.39432081253399826,2969074.0,0.24273030102298532,3660053.8163091354,0.0,301783.14078833984,126082.23108922485,2942301.277901227,413813.6521288517,402266.9925696047,13359.172349452507,5225.289591501386,0.0,194.0,0.0,0.0,0.0,0.0,0.0,0.0,0.0,0.0
2026-08-01,402.09442730393056,8.129355430603027,21.256038665771484,0.38699027453920604,2973462.0,0.2489849235057985,3511020.3401833326,0.0,382052.5426354601,202582.2932619958,2865720.372940241,386299.0828952782,357258.2802058137,13429.88278199958,8388.459808807895,0.0,194.0,0.0,0.0,0.0,0.0,0.0,0.0,0.0,0.0
2026-09-01,353.3521668317746,8.129355430603027,16.891664505004883,0.3545851959044766,2977850.0,0.21524934164522988,2923330.3656851635,0.0,456991.89973007445,279219.0000545296,2594491.1816694527,254445.18173292314,169882.27428278737,12596.191200000008,11551.817052898004,0.0,194.0,0.0,0.0,0.0,0.0,0.0,0.0,0.0,0.0
2026-10-01,347.1673789952378,8.129355430603027,14.92872428894043,0.3454775673600012,2982238.0,0.22054259572792587,2695055.612448649,0.0,583487.4523419795,394810.33831906685,2495068.522173231,194115.2528999261,104410.42917549229,12998.569530000044,16305.871044838635,0.0,194.0,0.0,0.0,0.0,0.0,0.0,0.0,0.0,0.0
2026-11-01,328.4064735591266,8.129355430603027,14.300673484802246,0.32766833812991475,2986626.0,0.21787090403172713,2485931.9103090013,0.0,601344.5067002845,416840.00490158406,2355414.7558855386,141973.87656558852,83710.81788875075,12916.92316912408,17200.87104217467,0.0,194.0,0.0,0.0,0.0,0.0,0.0,0.0,0.0,0.0
2026-12-01,344.9402318076746,8.129355430603027,82.37110900878906,0.33307998684620693,2991014.0,0.24193928975205592,2563165.1293986067,0.0,667678.5553246746,474854.41789108055,2382243.698193883,151082.0684005589,121198.28160124291,20125.859842922513,19594.831380609874,0.0,194.0,3389.5754570814893,9.0,3.0,1033.0911768643537,0.0,0.0,0.0,0.0
2027-01-01,380.89882867219245,8.319611549377441,59.86909866333008,0.3489506956574209,2995404.0,0.2821969589780374,2833328.275001569,0.0,726734.0521840783,533912.2346864274,2490567.95841406,212466.02436035473,218715.60265120928,20260.72421594435,22012.87686393086,0.0,194.0,2539.068263901434,5.0,2.0,828.5307083005064,0.0,0.0,0.0,0.0
2027-02-01,327.5396885850752,8.319611549377441,47.39438247680664,0.31862695628303983,2999792.0,0.23776280329773156,2525134.3943099817,0.0,568788.7343108587,398746.4218311177,2299524.1680410258,170731.15628059983,136538.90553530565,16533.324773050197,16425.722627626084,0.0,194.0,1288.7312037414313,4.0,0.0,595.3523069589733,0.0,0.0,0.0,0.0
2027-03-01,363.60042507439636,8.319611549377441,62.70199203491211,0.3645676575561785,3004180.0,0.21471880558468612,2946404.8101159134,0.0,533877.489461453,350115.660128474,2666204.5028486997,220898.9521855051,148827.69728173668,19142.192439970808,14409.878147649953,0.0,194.0,2229.7374892355574,6.0,2.0,803.6149430634487,0.0,0.0,0.0,0.0
2027-04-01,327.27390988004925,8.319611549377441,15.451685905456543,0.3463584222665755,3008568.0,0.17144650733024538,2767308.8257543035,0.0,411006.10523049015,237907.6210718186,2572837.424691934,182468.91546154823,104828.7842008201,12613.685910000011,9783.146163125552,0.0,194.0,0.0,0.0,0.0,0.0,0.0,0.0,0.0,0.0
2027-05-01,370.5176494445986,8.319611549377441,19.231380462646484,0.37891418381396147,3012956.0,0.20113907044538354,3304046.6273204517,0.0,341716.8866361479,166959.26308682375,2851893.169927516,312650.3074029741,234954.82357879973,13351.86105116275,6853.6911175351825,0.0,194.0,0.0,0.0,0.0,0.0,0.0,0.0,0.0,0.0
2027-06-01,389.47241348682815,8.319611549377441,25.047039031982422,0.3768306056030134,3017344.0,0.24510014385732315,3582854.7645982997,0.0,282260.8662187104,115399.27298712295,2859110.0037264638,406373.0237595152,406901.73809539806,15763.742216922403,4737.149394816093,0.0,194.0,0.0,0.0,0.0,0.0,0.0,0.0,0.0,0.0
2027-07-01,399.72563748207983,8.319611549377441,22.955171585083008,0.3875436540335629,3021732.0,0.2438562511763404,3668387.1488906867,0.0,300329.21386240184,127512.0481632867,2943059.8444609586,413100.00017490383,407623.0517103105,13407.787184513421,5225.289591501386,0.0,194.0,0.0,0.0,0.0,0.0,0.0,0.0,0.0,0.0
2027-08-01,395.7737548411828,8.319611549377441,22.109363555908203,0.38031830250563203,3026120.0,0.25015995683718883,3518605.1893469794,0.0,381288.97612047003,204702.47074700583,2866265.7988277012,385634.08828596876,362014.208971881,13494.627901427652,8388.459808807895,0.0,194.0,0.0,0.0,0.0,0.0,0.0,0.0,0.0,0.0
2027-09-01,347.80658061288733,8.319611549377441,17.524276733398438,0.3485463673239701,3030508.0,0.2163422065109666,2929201.0977177946,0.0,457124.41311571223,282142.23344016745,2595564.9717577463,253787.46148062916,172546.21647941854,12596.191200000008,11551.817052898004,0.0,194.0,0.0,0.0,0.0,0.0,0.0,0.0,0.0,0.0
2027-10-01,341.74262066970334,8.319611549377441,15.47987174987793,0.3396045450501925,3034896.0,0.22165989774926784,2700128.3584396704,0.0,584398.2744904954,398601.02846758347,2496130.6204598276,193858.56447997972,105797.89729986318,12998.569530000044,16305.871044838635,0.0,194.0,0.0,0.0,0.0,0.0,0.0,0.0,0.0,0.0
2027-11-01,323.2689220553262,8.319611549377441,14.83830738067627,0.3220852865621877,3039284.0,0.219008222881134,2490251.9878037143,0.0,602922.257625623,421208.4758269231,2356561.953874595,141561.8507384381,84489.91229858181,12932.014092101761,17200.87104217467,0.0,194.0,0.0,0.0,0.0,0.0,0.0,0.0,0.0,0.0
2027-12-01,339.55266451181336,8.319611549377441,85.31818389892578,0.3274004008295065,3043672.0,0.2430622328561765,2567289.144746994,0.0,669771.2715939119,479830.8781603179,2383321.3708281727,150478.93538984592,121894.72505574198,20195.14811323371,19594.831380609874,0.0,194.0,3513.0150402518257,9.0,3.0,1051.1965554283588,0.0,0.0,0.0,0.0
2028-01-01,376.11214109161824,8.430700302124023,65.87159729003906,0.34337319405826205,3048062.0,0.28466684977242945,2845333.373127313,0.0,732878.0833797631,540056.2658821122,2494353.8933843668,216253.8981486268,222588.10404839893,20814.005450316807,22012.87686393086,0.0,194.0,2715.5992957291355,5.0,2.0,869.9513166913575,0.0,0.0,0.0,0.0
2028-02-01,338.3974757981294,8.430700302124023,78.77825927734375,0.3265865842128924,3052450.0,0.24344560846441562,2657906.4719356555,0.0,595403.8960380964,419219.65096709906,2397393.3824243853,185592.7952243511,156125.23790466902,20417.00814225193,17070.253295381066,0.0,194.0,2811.8240936496413,8.0,1.0,635.4528482993001,0.0,0.0,0.0,0.0
2028-03-01,359.0492446770159,8.430700302124023,65.20773315429688,0.3588068048100387,3056838.0,0.21736715277834948,2959532.174670598,0.0,538004.5966878551,354242.76735487604,2670397.038703723,225996.8776052194,152409.50514470233,19397.28785695508,14409.878147649953,0.0,194.0,2422.6993333892365,6.0,2.0,844.6415694756688,0.0,0.0,0.0,0.0
2028-04-01,323.18554722846335,8.430700302124023,16.064167022705078,0.34108631600494843,3061226.0,0.17382152046914923,2780571.5808452736,0.0,413843.7743500163,240745.2901913444,2578728.1636902485,186860.5096266282,107809.20612839759,12613.685910000011,9783.146163125552,0.0,194.0,0.0,0.0,0.0,0.0,0.0,0.0,0.0,0.0
2028-05-01,365.89823441568313,8.430700302124023,20.167322158813477,0.37293250043285264,3065614.0,0.2038829161380699,3320180.4164718958,0.0,343414.39601442585,168656.77246510156,2856165.8174413024,317052.21065854665,242332.1582301233,13433.764781924103,6853.6911175351825,0.0,194.0,0.0,0.0,0.0,0.0,0.0,0.0,0.0,0.0
2028-06-01,384.62629666039305,8.430700302124023,26.682588577270508,0.3706269218142799,3070002.0,0.24815019001289748,3600334.616515395,0.0,283551.81629849045,116690.22306690313,2861012.53321917,410659.21222989616,417598.0224380843,16358.591828246146,4737.149394816093,0.0,194.0,0.0,0.0,0.0,0.0,0.0,0.0,0.0,0.0
2028-07-01,394.76180640712465,8.430700302124023,24.06013298034668,0.38114954354943764,3074390.0,0.24702717256444207,3686218.0188904,0.0,301791.32119798096,128974.15549886564,2945075.469626574,417537.67444447835,418887.2341352762,13521.1753240711,5225.289591501386,0.0,194.0,0.0,0.0,0.0,0.0,0.0,0.0,0.0,0.0
2028-08-01,390.8686741947617,8.430700302124023,23.148033142089844,0.37403006531129823,3078778.0,0.25334755846624735,3535179.606659862,0.0,383844.5350420099,207258.02966854593,2868169.16541214,390073.9978675146,372107.25619652314,13632.721823685319,8388.459808807895,0.0,194.0,0.0,0.0,0.0,0.0,0.0,0.0,0.0,0.0
2028-09-01,343.504493433049,8.430700302124023,18.280275344848633,0.34302536975101466,3083166.0,0.21917078226644002,2942762.4226250346,0.0,460398.91838825645,285416.73871271167,2599296.845459041,258092.9445919314,178070.18457406093,12596.191200000008,11551.817052898004,0.0,194.0,0.0,0.0,0.0,0.0,0.0,0.0,0.0,0.0
2028-10-01,337.47093977951477,8.430700302124023,16.113313674926758,0.3341944960941078,3087554.0,0.22444168214981863,2711164.9846866215,0.0,589484.8773281918,403687.6313052794,2499667.507235701,198479.12132160537,108677.07992931487,12998.569530000044,16305.871044838635,0.0,194.0,0.0,0.0,0.0,0.0,0.0,0.0,0.0,0.0
2028-11-01,319.2860870287994,8.430700302124023,15.440628051757812,0.3171308432674386,3091942.0,0.22150791425188077,2501506.143059853,0.0,607559.1030595369,425845.32126083644,2361314.1796854376,146317.34424872854,86201.50709999862,12966.855225690953,17200.87104217467,0.0,194.0,0.0,0.0,0.0,0.0,0.0,0.0,0.0,0.0
2028-12-01,335.37744684836565,8.430700302124023,88.47855377197266,0.32234033754414293,3096330.0,0.24553806278125964,2578116.682233898,0.0,675540.1561901554,485599.76275656075,2387811.2419240563,155012.33983712774,123529.03143901266,20365.1036737003,19594.831380609874,0.0,194.0,3803.728857251474,9.0,3.0,1093.154765902249,0.0,0.0,0.0,0.0
2029-01-01,372.2815587992466,8.568428993225098,416.5461730957031,0.2588774729591018,3100720.0,0.4493750911683416,2845189.6875562863,0.0,734911.9979372341,546897.9084395833,1880706.059245669,444302.25452378974,569415.4919674137,58508.43697436565,22012.87686393086,0.0,194.0,27243.54716426438,46.0,10.0,2169.0222223945693,0.0,0.0,0.0,0.0
2029-02-01,320.14546675993233,8.568428993225098,306.73046875,0.23504241350093208,3105108.0,0.42172955770193404,2544152.939478176,0.0,574022.243962088,408705.4354823464,1738125.4220232137,412715.0894821315,455377.56653555,35127.34939988027,16425.722627626084,0.0,194.0,15523.44166940204,30.0,6.0,1933.336644356904,0.0,0.0,0.0,0.0
2029-03-01,355.4097673706607,8.568428993225098,211.6440887451172,0.26509250733534084,3109496.0,0.4141169347745888,2970211.9882582887,0.0,537618.7027822278,359088.6814492491,1990132.28005338,485116.34035479015,570745.7865202312,32094.17334848148,14409.878147649953,0.0,194.0,17428.15244750464,20.0,4.0,2143.8955017798953,0.0,0.0,0.0,0.0
2029-04-01,319.9173443840554,8.568428993225098,28.696908950805664,0.25431127826480293,3113884.0,0.3779499289415387,2805274.3786972733,0.0,411820.69279439904,243792.2806357268,1952751.1999371313,467549.2740306732,474663.07437142846,15339.844868038716,9783.146163125552,0.0,194.0,0.0,0.0,0.0,0.0,0.0,0.0,0.0,0.0
2029-05-01,362.2068969608809,8.568428993225098,205.3343048095703,0.2689085875296712,3118272.0,0.4155632392246747,3344046.4909951524,0.0,340574.771336144,171048.95578681934,2074300.7041284973,546249.4715561369,784304.5976799327,47151.517188550606,6853.6911175351825,0.0,194.0,4829.5597134488235,17.0,4.0,773.5745220743397,0.0,0.0,0.0,0.0
2029-06-01,380.75518948588706,8.568428993225098,760.239501953125,0.2648103224823531,3122660.0,0.4446193772681549,3603929.185994301,0.0,280380.61920205125,118582.065970464,2020738.5109034637,558002.354654086,1021687.3714127378,106515.07894632901,4737.149394816093,0.0,194.0,26795.034336819324,79.0,17.0,985.3218864825544,0.0,0.0,0.0,0.0
2029-07-01,390.7980865659881,8.568428993225098,639.11376953125,0.2720558004335898,3127048.0,0.44423397582670116,3704874.100499504,0.0,298386.7287857646,130801.37108664888,2085049.9047081275,571798.0316160118,1045887.1366661922,108959.342137953,5225.289591501386,0.0,194.0,12724.082131323397,67.0,21.0,804.9384636372715,0.0,0.0,0.0,0.0
2029-08-01,386.9533418533861,8.568428993225098,554.826904296875,0.26929590764037353,3131436.0,0.4461191606627511,3551943.9254723424,0.0,381652.9698977571,210298.27252429322,2054466.2614834253,543399.4794452029,967787.095256355,93264.12925802723,8388.459808807895,0.0,194.0,13166.424271001051,62.0,20.0,813.5691519101115,0.0,0.0,0.0,0.0
2029-09-01,340.07174031450745,8.568428993225098,87.671630859375,0.2515477343739241,3135824.0,0.41914529954243046,2966617.293944794,0.0,459956.7708155548,290037.6311400099,1927502.6331355176,473436.33683826367,638732.9925556509,31694.886605065327,11551.817052898004,0.0,194.0,999.8106902648624,6.0,3.0,451.4419793193979,0.0,0.0,0.0,0.0
2029-10-01,334.1354421293849,8.568428993225098,28.752796173095703,0.2482271186517969,3140212.0,0.4183021373026805,2735004.9095735117,0.0,590585.4891616162,410013.01913870353,1885637.4952954333,442957.30994994374,498386.724906015,16257.162752119168,16305.871044838635,0.0,194.0,0.0,0.0,0.0,0.0,0.0,0.0,0.0,0.0
2029-11-01,316.110435349488,8.568428993225098,58.62360763549805,0.2364541562311912,3144600.0,0.4135225635279215,2520631.1702237083,0.0,610461.5519000439,433810.8101013432,1786740.2367673637,422572.55235067115,398596.8690952412,17527.722421019047,17200.87104217467,0.0,194.0,1024.9279276223529,4.0,2.0,918.564529080169,0.0,0.0,0.0,0.0
2029-12-01,332.0496140347312,8.568428993225098,216.1565399169922,0.24356940812773284,3148988.0,0.42265550722836415,2582796.0082712322,0.0,678895.7490346549,494187.16360106017,1819371.633135908,423165.7878137928,417417.72671988077,30682.26358534822,19594.831380609874,0.0,194.0,20084.80303779825,22.0,4.0,2393.4714790524313,0.0,0.0,0.0,0.0
2030-01-01,369.2919148925375,69.0081787109375,425.70648193359375,0.2549021920342744,3153378.0,0.45310983181350134,2867966.7559090117,0.0,743588.2650085395,555998.2555108886,1881978.7054691692,446431.98986383097,585545.4529173042,61229.89612168576,22012.87686393086,0.0,194.0,29788.828175143473,49.0,10.0,2246.7423489507273,0.0,0.0,0.0,0.0
2030-02-01,317.58199467598297,69.0081787109375,285.54351806640625,0.23128748038155195,3157766.0,0.4263236120513261,2564447.8655351023,0.0,581363.5742266233,416046.7657468818,1739032.9980873335,414757.4451185972,471856.23827392934,35976.80437524267,16425.722627626084,0.0,194.0,17139.599799030362,30.0,6.0,2008.1636953738498,0.0,0.0,0.0,0.0
2030-03-01,352.572210271859,69.0081787109375,199.26649475097656,0.2608586360366011,3162154.0,0.4187651834981389,2995056.0015091356,0.0,544029.8761566611,365499.8548236817,1991185.6427628705,487331.84893917455,591239.6815204482,33147.14068463563,14409.878147649953,0.0,194.0,18647.76222252602,21.0,4.0,2220.517345853985,0.0,0.0,0.0,0.0
2030-04-01,317.37061280096714,69.0081787109375,30.468852996826172,0.25020922695321374,3166542.0,0.38304351993148544,2830217.2182504693,0.0,416173.3629358968,248144.95077722456,1953903.900879001,471408.62007434847,493788.0179887649,16145.693818354555,9783.146163125552,0.0,194.0,0.0,0.0,0.0,0.0,0.0,0.0,0.0,0.0
2030-05-01,359.3319231266537,69.0081787109375,215.57931518554688,0.2647568056049499,3170930.0,0.4194708661068531,3372938.007841443,0.0,343853.89303887734,174328.07748955244,2074758.4597368944,548058.7262000254,806850.7772545575,51123.95023154117,6853.6911175351825,0.0,194.0,5848.20256567347,22.0,6.0,838.4624241783467,0.0,0.0,0.0,0.0
2030-06-01,377.7418120011917,69.0081787109375,710.5897216796875,0.2611275546595168,3175318.0,0.44696825143069313,3632601.032466113,0.0,282291.0196660379,120492.46643445056,2020928.6564126883,558781.1886019706,1041573.057713797,114128.26883968656,4737.149394816093,0.0,194.0,31150.626677451695,88.0,18.0,1052.0764533838992,0.0,0.0,0.0,0.0
2030-07-01,387.7142650924331,69.0081787109375,595.363525390625,0.2682606837861096,3179706.0,0.4465309611874002,3734855.47877446,0.0,300679.78145748813,133094.42375837243,2085239.6316574584,572621.8404078067,1066113.6185712544,117396.02776119542,5225.289591501386,0.0,194.0,16359.059828484502,82.0,23.0,870.10285544298,0.0,0.0,0.0,0.0
2030-08-01,383.9087743640734,69.0081787109375,495.6517333984375,0.2654604194848916,3184094.0,0.4488032933618939,3580296.589195057,0.0,385615.412822259,214260.71544879512,2054986.3457425297,544171.6526086715,987873.3839283587,100037.21358384809,8388.459808807895,0.0,194.0,16457.851811781715,71.0,20.0,878.8096277890304,0.0,0.0,0.0,0.0
2030-09-01,337.40385707054327,69.0081787109375,90.97283935546875,0.24766291278861233,3188482.0,0.42321007103994873,2992615.6105304277,0.0,464979.33462179266,295060.1949462478,1928669.9906971725,475288.74836965464,658683.4650960151,34691.77672255346,11551.817052898004,0.0,194.0,1315.3489944747143,8.0,3.0,513.4901130073117,0.0,0.0,0.0,0.0
2030-10-01,331.6062821223539,69.0081787109375,32.80516052246094,0.24428813402486413,3192870.0,0.42311354613512425,2759118.0048713307,0.0,597642.0129594199,417069.5429365067,1886922.058162878,445186.69395850593,518014.7290457976,17215.17969615417,16305.871044838635,0.0,194.0,0.0,0.0,0.0,0.0,0.0,0.0,0.0,0.0
2030-11-01,313.6449654672848,69.0081787109375,58.1002197265625,0.2326544780719975,3197258.0,0.41845456960842126,2543031.466533886,0.0,617224.0922653712,440573.35046667117,1788158.8608702482,425287.5037374811,416482.84856642707,17877.596559729045,17200.87104217467,0.0,194.0,1229.2908229053219,5.0,2.0,984.2457353210661,0.0,0.0,0.0,0.0
2030-12-01,329.4674052034485,69.0081787109375,180.94241333007812,0.23971003975201108,3201646.0,0.42736577331590037,2604138.6791999843,0.0,687296.2074882059,502587.6220546111,1820772.8728599618,425707.1374786021,434263.7801810583,31196.5084847182,19594.831380609874,0.0,194.0,21418.523265116248,23.0,4.0,2472.153930204766,0.0,0.0,0.0,0.0
2031-01-01,368.12621002190554,61.887474060058594,376.60906982421875,0.2515356546657553,3206037.0,0.4581224132717712,2905908.7382618077,0.0,753588.2713427655,565998.2618451146,1885826.4378135006,450553.3638972241,611146.1701644759,65488.783322608775,22012.87686393086,0.0,194.0,34157.506736024705,53.0,11.0,2365.93603518238,0.0,0.0,0.0,0.0
2031-02-01,316.5770019161981,61.887474060058594,245.29315185546875,0.22812231020100576,3210524.0,0.43227460553415903,2600562.1301557785,0.0,587657.3557490493,422340.5472693084,1743185.911966604,418555.20807182,498497.8887798158,37471.74165754158,16425.722627626084,0.0,194.0,19788.449597076877,32.0,6.0,2124.4046714085516,0.0,0.0,0.0,0.0
2031-03-01,351.45369642592203,61.887474060058594,184.0321502685547,0.2571626785319879,3215011.0,0.4250400891798812,3037702.986453419,0.0,549436.5668393583,370906.5455063785,1995094.7556411508,491325.3433826673,624094.214872071,34979.696836285875,14409.878147649953,0.0,194.0,20726.70904597647,24.0,5.0,2339.71777658472,0.0,0.0,0.0,0.0
2031-04-01,316.36123861546116,61.887474060058594,33.00505828857422,0.24647205384587945,3219498.0,0.3902196167059023,2871476.9444680437,0.0,420114.06443847617,252085.65227980394,1956982.6501274756,477342.8449990187,524465.7131489331,17714.750702615886,9783.146163125552,0.0,194.0,0.0,0.0,0.0,0.0,0.0,0.0,0.0,0.0
2031-05-01,358.18621984903774,61.887474060058594,228.73065185546875,0.26101442611895703,3223985.0,0.4249383403209285,3419633.0059100254,0.0,346505.498750786,176979.68320146124,2075993.1238978633,551281.019118715,841909.6332164265,58166.04243339395,6853.6911175351825,0.0,194.0,7737.199928080758,29.0,8.0,938.6324306670485,0.0,0.0,0.0,0.0
2031-06-01,376.5344333170614,61.887474060058594,688.662353515625,0.2579802550268993,3228472.0,0.45028768811965225,3676979.5468436666,0.0,284254.4976921897,122455.94446060227,2021233.397934777,560077.7603263197,1071846.1067087622,126300.8939246329,4737.149394816093,0.0,194.0,38743.90003981948,102.0,19.0,1155.1281037353015,0.0,0.0,0.0,0.0
2031-07-01,386.4719595887235,61.887474060058594,632.390625,0.26500992755766195,3232959.0,0.4498326210364953,3781306.528569726,0.0,302659.79160928604,135074.4339101705,2085667.6299143052,574249.9457188734,1097203.4962397825,130195.4350484128,5225.289591501386,0.0,194.0,23362.581522734028,101.0,24.0,970.6996899584083,0.0,0.0,0.0,0.0
2031-08-01,382.67564926179466,61.887474060058594,510.9469909667969,0.26223147165182453,3237446.0,0.45236421084595313,3626536.7689015185,0.0,388429.007417189,217074.31004372533,2056853.181483968,543162.1377507363,1022023.5144793771,110920.34748474594,8388.459808807895,0.0,194.0,22371.244246627743,85.0,23.0,979.5239162806242,0.0,0.0,0.0,0.0
2031-09-01,336.31744548699805,61.887474060058594,106.24774169921875,0.24424717324718156,3241933.0,0.428675425435597,3035809.8749088473,0.0,469491.5704145669,299572.43073902203,1932218.058072484,470313.9230017101,698157.3465359175,39738.41367236386,11551.817052898004,0.0,194.0,1984.120816295875,12.0,5.0,609.2762573053305,0.0,0.0,0.0,0.0
2031-10-01,330.5099155377308,61.887474060058594,38.48734664916992,0.24088433276970397,3246420.0,0.429153079638416,2800375.9888024777,0.0,603431.4366795291,422858.96665661526,1892144.0219483543,439334.57425328885,558196.7846576348,18907.391273198326,16305.871044838635,0.0,194.0,48.54000165568323,1.0,0.0,48.54000165568323,0.0,0.0,0.0,0.0
2031-11-01,312.6301752095646,61.887474060058594,61.32037353515625,0.22930605008941174,3250907.0,0.425265928686978,2581823.4000810403,0.0,622891.494036883,447018.352238183,1792687.8615906257,418530.12622323993,456844.0102035287,17732.145263644325,17200.87104217467,0.0,194.0,1634.9020278242738,6.0,2.0,1088.4988132756075,0.0,0.0,0.0,0.0
2031-12-01,328.39884358083845,61.887474060058594,164.0332794189453,0.23648757071658796,3255394.0,0.4334881669767031,2642520.535926012,0.0,693678.7291707465,509773.66373715247,1826224.051219239,419039.8111821574,472943.458367472,31295.149797143768,19594.831380609874,0.0,194.0,23695.15176907858,25.0,4.0,2596.148687266228,0.0,0.0,0.0,0.0
2032-01-01,366.145204157446,62.964847564697266,369.4539489746094,0.2484012993573762,3259886.0,0.4616927521289575,2945779.0639378647,0.0,753488.9616477239,573420.7921500731,1890920.1774222758,444674.1061269937,640744.9799559193,68857.654264267,22012.87686393086,0.0,194.0,38765.92492695671,58.0,12.0,2477.480356378541,0.0,0.0,0.0,0.0
2032-02-01,329.45074750955234,62.964847564697266,265.67242431640625,0.234490986458666,3264373.0,0.4386669401213409,2756906.4026592714,0.0,608922.1509557951,444668.7378847964,1815057.476523623,431802.8055661664,559335.2130263364,44093.106598652455,17070.253295381066,0.0,194.0,31937.12390831221,40.0,7.0,2233.3850987506266,0.0,0.0,0.0,0.0
2032-03-01,349.57852278776085,62.964847564697266,172.87139892578125,0.25356574843335355,3268860.0,0.4300797865370479,3080786.494694604,0.0,546860.2848975215,375852.1035645426,1999131.2412970148,485991.3359495414,659685.0760674659,36217.46520324754,14409.878147649953,0.0,194.0,22871.96401766166,26.0,5.0,2451.172118518485,0.0,0.0,0.0,0.0
2032-04-01,314.6805089713984,62.964847564697266,36.40826416015625,0.2428692306067505,3273347.0,0.3959732865465772,2913694.9841107754,0.0,416241.24252961134,255502.14037093922,1960321.2654291196,468794.033596088,563414.2575247294,18905.132070841824,9783.146163125552,0.0,194.0,0.0,0.0,0.0,0.0,0.0,0.0,0.0,0.0
2032-05-01,356.2914564923056,62.964847564697266,240.6456298828125,0.25739650161206346,3277834.0,0.4291135080448968,3465936.513870419,0.0,341459.5769879436,179455.60143861934,2077230.1129462935,546782.4277171917,877061.206348442,64894.37989111429,6853.6911175351825,0.0,194.0,10069.334164810387,34.0,10.0,1033.9663423105617,0.0,0.0,0.0,0.0
2032-06-01,374.5511560264825,62.964847564697266,696.4288940429688,0.25491168117715757,3282321.0,0.4525904406398472,3720068.654944376,0.0,278715.10570508725,124195.75247349989,2021546.730607231,558292.2451684285,1097709.6068551522,137337.45999394485,4737.149394816093,0.0,194.0,47081.80808746694,117.0,21.0,1252.913696980438,0.0,0.0,0.0,0.0
2032-07-01,384.4451060116685,62.964847564697266,653.7290649414062,0.26187374119713225,3286808.0,0.45206072870844066,3825788.2326217117,0.0,297232.67920716316,137169.16150804784,2086058.4996830868,572031.2972636826,1123772.4411138324,142007.13943846498,5225.289591501386,0.0,194.0,31473.58934710973,126.0,25.0,1066.3967437770275,0.0,0.0,0.0,0.0
2032-08-01,380.67732457892714,62.964847564697266,532.1961669921875,0.2590744592047931,3291295.0,0.454974816847504,3670614.9765337906,0.0,384320.41749400273,220487.5601205394,2058456.7326593096,543621.6574037997,1046506.941125287,120572.27866031494,8388.459808807895,0.0,194.0,29166.492076375052,98.0,25.0,1075.3208990863504,0.0,0.0,0.0,0.0
2032-09-01,334.568814017432,62.964847564697266,122.80569458007812,0.24096194470522186,3295782.0,0.4329106421636434,3078874.9985268004,0.0,466663.4719074178,304023.5322318731,1935759.6246557923,473996.7066309453,722021.3140959563,44345.34394782659,11551.817052898004,0.0,194.0,2904.41985749119,17.0,6.0,700.8804109395114,0.0,0.0,0.0,0.0
2032-10-01,328.7663066253084,62.964847564697266,45.75476837158203,0.2374755513566531,3300269.0,0.43429391143765994,2841601.8045365266,0.0,602750.7210389891,429689.98101607553,1896695.6624711459,443588.1109177951,581919.20517578,20066.879301808807,16305.871044838635,0.0,194.0,170.89963998937492,3.0,0.0,133.81581466574517,0.0,0.0,0.0,0.0
2032-11-01,311.01872573951,62.964847564697266,64.32830047607422,0.2260553256186355,3304756.0,0.430515117066964,2619726.7871839963,0.0,622646.4350741289,453274.89327542833,1797027.3232432478,423545.9842831921,478309.5600008909,18290.893568196283,17200.87104217467,0.0,194.0,2084.645126991202,6.0,2.0,1184.9634920731046,0.0,0.0,0.0,0.0
2032-12-01,326.71346588932875,62.964847564697266,150.83306884765625,0.2333498576349142,3309243.0,0.4381038470238802,2679854.4213962504,0.0,694175.3653452892,517018.8465014362,1831401.6108333583,424078.77635047527,492397.4533856847,32240.195466730886,19564.604790869005,0.0,194.0,25825.08740784747,25.0,4.0,2709.477615846773,0.0,0.0,0.0,0.0
2033-01-01,361.9670854790742,63.916351318359375,77.91726684570312,0.24503829724131826,3313735.0,0.46565713189494223,2966572.6535011944,0.0,744633.2913317963,581560.0464517699,1893131.420065164,447573.744639072,658300.2938326773,68424.8096042809,21978.920246305992,0.0,194.0,46371.16749434155,70.0,13.0,2622.725384534957,0.0,0.0,0.0,0.0
2033-02-01,311.2944974748525,63.916351318359375,55.7397346496582,0.22173983324576121,3318222.0,0.4418540208873853,2658207.23094364,0.0,578508.1182731821,435330.1517802827,1748897.1550147296,415741.2071154445,546918.4279360975,37747.64119736836,16400.384640785018,0.0,194.0,26470.663290306828,35.0,6.0,2376.895519666761,0.0,0.0,0.0,0.0
2033-03-01,345.6048588666657,63.916351318359375,53.27766799926758,0.2497654077420228,3322709.0,0.4349470860728822,3106082.263783871,0.0,537137.8423133496,383112.8573663067,2000189.27152086,488308.61165200855,681931.7238391818,36510.271411822,14387.649761715387,0.0,194.0,26036.007240269,27.0,5.0,2595.4564094188345,0.0,0.0,0.0,0.0
2033-04-01,311.1104853756737,63.916351318359375,39.51985168457031,0.23906281110556563,3327196.0,0.40140180601471603,2940858.3128141873,0.0,406031.13259682496,261743.75872114365,1960899.131416399,472835.27381905395,584336.9768202158,20526.635268518043,9768.054880134325,0.0,194.0,51.06736316833849,2.0,2.0,38.050710385274215,0.0,0.0,0.0,0.0
2033-05-01,352.257140010019,63.916351318359375,84.31786346435547,0.2537603740371297,3331683.0,0.43299820640184933,3493351.917739823,0.0,328399.9167411029,183367.4815567911,2077671.280682365,548747.1442203175,899689.3851958135,68101.72228132667,6843.118752522432,0.0,194.0,14864.395010323318,52.0,14.0,1172.2025547111966,0.0,0.0,0.0,0.0
2033-06-01,370.3182841401967,63.916351318359375,148.0078887939453,0.2518159153064422,3336170.0,0.4554800347472092,3738416.721002441,0.0,265633.1441392709,127534.93833832582,2021638.2332219973,558885.0632874556,1116325.0396560067,139172.52803698016,4729.841964172621,0.0,194.0,61974.47220928746,140.0,23.0,1392.2274314014671,0.0,0.0,0.0,0.0
2033-07-01,380.108763036732,63.916351318359375,147.9793243408203,0.2587037152691344,3340657.0,0.45487743706838085,3845024.8427860946,0.0,283771.28266921564,140676.79339594295,2086165.5371467927,572651.9367865755,1142710.8389253076,144354.14456741986,5217.229165658809,0.0,194.0,46418.27363393212,147.0,25.0,1204.7934625805938,0.0,0.0,0.0,0.0
2033-08-01,376.39179359692736,63.916351318359375,128.8114013671875,0.2557598235976524,3345144.0,0.4582107402294313,3689629.84414636,0.0,373399.07646355656,226540.12695816683,2058504.9081631717,544135.3972666472,1065431.8926123474,122415.26074419438,8375.519940733822,0.0,194.0,41618.39840299627,120.0,26.0,1213.7615171020175,0.0,0.0,0.0,0.0
2033-09-01,330.8095727559245,63.916351318359375,63.87016677856445,0.23729563236721304,3349631.0,0.43752166739787374,3102114.556223551,0.0,459147.38888014376,312939.10880345496,1935266.739753125,475463.4615888495,741973.707205149,47014.79087642731,11533.997454041622,0.0,194.0,5261.816093858053,26.0,10.0,837.4791019785134,0.0,0.0,0.0,0.0
2033-10-01,325.07685328900175,63.916351318359375,38.10607147216797,0.23343888480813962,3354118.0,0.4402391067259814,2862736.2465621526,0.0,599191.5568621064,443094.1409453759,1894576.4655266912,445282.51883325214,602207.6345744143,21391.68095779738,16280.717938655083,0.0,194.0,447.04667084188986,3.0,0.0,266.56155867634334,0.0,0.0,0.0,0.0
2033-11-01,307.5375230192297,63.916351318359375,34.86265182495117,0.22190502981366714,3358605.0,0.4375976380943752,2636376.246756637,0.0,623231.1790381261,470300.010954483,1793378.5606166122,425133.3712914433,497093.26510794275,18375.192940638794,17174.337327117453,0.0,194.0,2849.6505704260317,7.0,2.0,1317.8276759927444,0.0,0.0,0.0,0.0
2033-12-01,323.0636048612408,63.916351318359375,45.18629455566406,0.22916949760720345,3363092.0,0.4450022293771023,2694636.4197307555,0.0,695950.3616135396,535754.8107696862,1828013.6290508308,425708.57640923106,510091.46347642684,31680.365434267744,19564.604790869005,0.0,194.0,28678.18117738141,25.0,4.0,2852.192050595905,0.0,0.0,0.0,0.0
2034-01-01,359.2628275939071,18.504390716552734,81.67428588867188,0.2403746205714058,3367584.0,0.4716245592801757,2973689.191658486,0.0,769727.5065329396,606654.2616529132,1886282.6331295865,447156.84581834864,670720.6021513409,70386.72519920964,21978.920246305992,0.0,194.0,49571.5999307073,74.0,13.0,2701.091205457472,0.0,0.0,0.0,0.0
2034-02-01,308.97549680893434,18.504390716552734,57.877342224121094,0.2175196013425167,3372071.0,0.4482680574953397,2667049.9054475734,0.0,598049.2326651212,454871.2661722218,1743149.3323275112,415425.91877885757,560947.7032595276,38624.1514016767,16400.384640785018,0.0,194.0,28209.7310553118,36.0,6.0,2451.518134661719,0.0,0.0,0.0,0.0
2034-03-01,343.03768067955593,18.504390716552734,55.80413818359375,0.2454115653149207,3376558.0,0.4404661675110791,3121892.9246022096,0.0,553072.2392854035,399047.25433836074,1996501.6622722792,488368.0968527323,699813.6656357415,38067.1144814553,14387.649761715387,0.0,194.0,27431.830834049666,28.0,5.0,2671.7337628283485,0.0,0.0,0.0,0.0
2034-04-01,308.80615312721363,18.504390716552734,42.190853118896484,0.23504363777077847,3381045.0,0.4068460367059083,2960424.653516307,0.0,416514.89558652515,272227.52171084384,1958877.8317449559,474774.3409146091,602160.9138573204,22351.27150941997,9768.054880134325,0.0,194.0,189.53612873258953,4.0,3.0,94.4506254697626,0.0,0.0,0.0,0.0
2034-05-01,349.65557111851257,18.504390716552734,90.57493591308594,0.2500255020991975,3385532.0,0.4365026143714401,3515503.395806409,0.0,337575.12453801517,192542.68935370355,2076829.4690137103,548854.2114536229,917343.4425178817,73333.8874611952,6843.118752522432,0.0,194.0,17407.3551186855,58.0,15.0,1238.4217719221465,0.0,0.0,0.0,0.0
2034-06-01,367.591155093821,18.504390716552734,159.37451171875,0.2486034615536844,3390019.0,0.457506166893823,3761116.4730335562,0.0,271180.287972777,133082.08217183212,2021555.6614645212,558945.8497789174,1131680.50949599,146538.59549413034,4729.841964172621,0.0,194.0,69382.21335580182,152.0,24.0,1460.3510956850942,0.0,0.0,0.0,0.0
2034-07-01,377.31760527157707,18.504390716552734,158.36288452148438,0.255395970567081,3394506.0,0.4569257957588799,3867287.192019174,0.0,290587.8971428631,147493.40786959056,2085925.0402334817,572290.9527375863,1157923.5630445501,152005.25064355414,5217.229165658809,0.0,194.0,53985.4616760052,163.0,26.0,1271.29386155148,0.0,0.0,0.0,0.0
2034-08-01,373.63584596967394,18.504390716552734,138.23370361328125,0.2521064179573805,3398993.0,0.46120767095538523,3707248.735171037,0.0,385879.29789203516,239020.3483866452,2056296.3548851903,543476.7488575311,1079556.1153971078,128777.13067120903,8375.519940733822,0.0,194.0,47856.00024081837,133.0,27.0,1280.3395600297272,0.0,0.0,0.0,0.0
2034-09-01,328.39439338559356,18.504390716552734,68.28196716308594,0.23317242983598446,3403480.0,0.4427037640567086,3116494.3344664737,0.0,475365.1692873194,329156.8892106306,1930288.847818649,475298.1125628582,757729.6327906225,50781.88449434448,11533.997454041622,0.0,194.0,6643.151202468684,32.0,12.0,900.7993529822784,0.0,0.0,0.0,0.0
2034-10-01,322.6600345601938,18.504390716552734,40.23227310180664,0.2283673416259198,3407967.0,0.4481099711319212,2868548.705787235,0.0,625071.5451983804,468974.1292816491,1883578.5451466877,444789.53251445113,617962.989995642,22939.69146045409,16280.717938655083,0.0,194.0,582.2851978418385,3.0,0.0,322.8379908306065,0.0,0.0,0.0,0.0
2034-11-01,305.30514110959444,18.504390716552734,35.69995880126953,0.21717994408919167,3412454.0,0.4455520033254271,2643843.8627280295,0.0,647646.4460473923,494715.27796374925,1785057.1691649626,425017.11365085124,512624.36568634113,18749.3574258758,17174.337327117453,0.0,194.0,3177.0833051905015,8.0,3.0,1377.0581211991175,0.0,0.0,0.0,0.0
2034-12-01,320.72528469177547,18.504390716552734,46.59803771972656,0.22403136138673585,3416941.0,0.45345205862765753,2698638.0807362157,0.0,726380.6558356179,566185.1049917645,1817941.1920987666,425191.4179434618,524105.3702030047,32257.71513098519,19564.604790869005,0.0,194.0,29842.05913718391,27.0,5.0,2927.007969772879,0.0,0.0,0.0,0.0
2035-01-01,356.9433480065224,19.194944381713867,85.23542022705078,0.23511952814263615,3421433.0,0.47956109414312104,2972811.874696318,0.0,807269.7373850587,644196.4925050322,1874140.3179486895,444985.46842927876,682323.2319901137,72220.47096823786,21978.920246305992,0.0,194.0,52830.31266246438,76.0,13.0,2786.961083650722,0.0,0.0,0.0,0.0
2035-02-01,306.987101274986,19.194944381713867,60.2979850769043,0.2127720420470102,3425920.0,0.456691645603854,2668974.580244197,0.0,627751.399239676,484573.43274677667,1732175.5985227032,413664.8331806437,574653.6299495882,39577.718911263924,16400.384640785018,0.0,194.0,29993.95290831236,37.0,6.0,2532.3183487782844,0.0,0.0,0.0,0.0
2035-03-01,340.8372169832909,19.194944381713867,58.49013900756836,0.24040924907357827,3430407.0,0.4481261003885359,3127527.1328361672,0.0,582535.1288898641,428510.1439428219,1986316.1228084578,485908.89339788735,716390.841501399,39768.88976842318,14387.649761715387,0.0,194.0,28747.136492534424,30.0,5.0,2753.1010197488404,0.0,0.0,0.0,0.0
2035-04-01,306.8316664211472,19.194944381713867,44.499481201171875,0.23061778262035504,3434894.0,0.4139645841089324,2971931.9955108156,0.0,437523.5771938869,293236.2033182056,1951857.710885915,474573.5365594437,618590.6056206039,24649.846954852448,9768.054880134325,0.0,194.0,374.55205978219647,4.0,3.0,156.41752564924718,0.0,0.0,0.0,0.0
2035-05-01,347.4270878975025,19.194944381713867,97.38582611083984,0.2463862328018416,3439381.0,0.4403780142467648,3536674.0201302352,0.0,350462.2966815973,205429.8614972859,2075240.5314711279,548160.1461347485,934936.1852159996,79194.77194835605,6843.118752522432,0.0,194.0,20562.630250959715,67.0,16.0,1311.1773807307027,0.0,0.0,0.0,0.0
2035-06-01,365.2559418653677,19.194944381713867,170.43048095703125,0.24551930801322952,3443868.0,0.4598653912909001,3780566.325830982,0.0,282327.0163678152,144228.81056687035,2021126.0460746964,558053.0884240426,1144925.5683110135,154065.7662212289,4729.841964172621,0.0,194.0,77959.18494421885,168.0,26.0,1535.1997037950314,0.0,0.0,0.0,0.0
2035-07-01,374.9283353947027,19.194944381713867,170.42002868652344,0.2522057994731836,3448355.0,0.45937448847072193,3885554.123199387,0.0,303420.4261125472,160325.9368392751,2085134.9756904205,570536.5237807707,1171222.4703212862,159517.76804691085,5217.229165658809,0.0,194.0,63150.01797665212,176.0,27.0,1344.359484645046,0.0,0.0,0.0,0.0
2035-08-01,371.27759538374477,19.194944381713867,147.89146423339844,0.2484177288366136,3452842.0,0.4648688985678815,3721414.4532577805,0.0,404239.4549385708,257380.50543318072,2052173.5770329619,542061.6479773779,1092579.4436824776,135457.3992049643,8375.519940733822,0.0,194.0,55252.9092218344,143.0,27.0,1353.4904924473358,0.0,0.0,0.0,0.0
2035-09-01,326.32835926230916,19.194944381713867,73.47608947753906,0.22830022567215838,3457329.0,0.45030491162258446,3119057.488352726,0.0,506109.8651176645,359901.5850409757,1917527.0635006223,473208.1827229483,771094.0336470455,54832.35168211109,11533.997454041622,0.0,194.0,8470.813748712082,36.0,13.0,970.3708693284675,0.0,0.0,0.0,0.0
2035-10-01,320.66442872758114,19.194944381713867,43.106361389160156,0.22218893301302514,3461816.0,0.4594451655134179,2862608.807799953,0.0,667967.5512622307,511870.13534549874,1862458.4118731953,442380.7806323381,633612.7602495699,24878.908374850158,16280.717938655083,0.0,194.0,764.2029248147405,5.0,2.0,383.17532082807475,0.0,0.0,0.0,0.0
2035-11-01,303.3968034531315,19.194944381713867,37.034568786621094,0.2111782511020329,3466303.0,0.45748451012524877,2637506.6535380343,0.0,692896.9369544425,539965.7688707991,1766959.399575977,422125.72331530094,526887.962025843,19137.711820911278,17174.337327117453,0.0,194.0,3494.9165732679526,10.0,3.0,1433.9332290431612,0.0,0.0,0.0,0.0
2035-12-01,318.7270765445331,19.194944381713867,48.23988723754883,0.21708718412896044,3470790.0,0.46701840428191466,2684669.300301531,0.0,784574.8338701344,624379.283026281,1794988.397133178,421620.3105013288,536061.7835172969,32856.4237897263,19564.604790869005,0.0,194.0,30688.94261460082,26.0,5.0,3003.0028282275243,0.0,0.0,0.0,0.0
2036-01-01,356.25126968113665,20.001018524169922,91.16064453125,0.2294440515658508,3475282.0,0.4906859915323301,2977127.615410892,0.0,857284.0225093595,701429.0656293329,1856963.3671281186,442430.52246869187,695909.9782124072,75463.0742416761,21978.920246305992,0.0,194.0,58444.18983122943,83.0,15.0,2923.1726865220244,0.0,0.0,0.0,0.0
2036-02-01,320.5755134461434,20.001018524169922,68.43278503417969,0.21609856393615126,3479771.0,0.4707361566196915,2789949.3508312204,0.0,699020.4489051964,557412.6720609829,1779931.195766568,428090.307900884,622436.2057315764,47089.72119219226,17043.921068596344,0.0,194.0,44863.06367184796,50.0,8.0,2659.944995354531,0.0,0.0,0.0,0.0
2036-03-01,340.18973899766377,20.001018524169922,63.27452087402344,0.23491183610556404,3484260.0,0.45930888817957366,3138544.466198738,0.0,623036.0247994484,476229.3278524053,1969912.085716123,482417.20256413927,736881.3026125038,42973.20194597427,14387.649761715387,0.0,194.0,31022.007179819466,32.0,5.0,2881.844081364433,0.0,0.0,0.0,0.0
2036-04-01,306.2547993564455,20.001018524169922,50.0604133605957,0.2261611936567251,3488749.0,0.423577446227954,2997131.105244896,0.0,460224.23264004185,323321.3407643605,1942507.0277164252,474467.37488775974,641321.9590145944,29189.96613611378,9768.054880134325,0.0,194.0,845.6817484064036,10.0,4.0,257.9854554737549,0.0,0.0,0.0,0.0
2036-05-01,346.7807303710769,20.001018524169922,109.14433288574219,0.2430302748937067,3493238.0,0.44568203258907335,3569273.013350591,0.0,366624.38199621264,229211.99481190112,2071995.3470817402,546134.5842715119,955330.9846496944,89049.66398764563,6843.118752522432,0.0,194.0,26647.233301992434,78.0,16.0,1428.6455547872392,0.0,0.0,0.0,0.0
2036-06-01,364.58352095518035,20.001018524169922,187.94210815429688,0.2432641392578,3497727.0,0.46218615953748343,3818241.092481733,0.0,285517.64232013247,160297.35651918757,2020593.1946901714,556730.4757560366,1158413.0872821189,167230.5579534073,4729.841964172621,0.0,194.0,94828.68001127319,188.0,26.0,1663.396510240264,0.0,0.0,0.0,0.0
2036-07-01,374.24540633701633,20.001018524169922,187.43215942382812,0.24987552649349604,3502216.0,0.4616784926934365,3922068.898503682,0.0,308665.3323574036,178878.02708413266,2084041.3416725434,568307.5828501872,1183744.9894709613,173525.41514999224,5217.229165658809,0.0,194.0,80730.8703649695,192.0,28.0,1469.9285533139555,0.0,0.0,0.0,0.0
2036-08-01,370.6084486719014,20.001018524169922,163.10897827148438,0.24490311851895824,3506705.0,0.46995559914917445,3743021.046321755,0.0,427338.10404529737,293786.33853990724,2043197.7035411538,538916.3347209718,1101122.9775799855,147334.4611196458,8375.519940733822,0.0,194.0,69387.89449410109,164.0,28.0,1479.185288775985,0.0,0.0,0.0,0.0
2036-09-01,325.7465622805234,20.001018524169922,83.49715423583984,0.2230280986783039,3511194.0,0.460881372685346,3130792.7063032566,0.0,542466.3002475756,409135.94017088646,1897603.1442081276,470479.701487574,784702.0773127099,62734.00649484686,11533.997454041622,0.0,194.0,12296.570549558815,50.0,15.0,1090.790373525279,0.0,0.0,0.0,0.0
2036-10-01,320.13480737597786,20.001018524169922,48.529640197753906,0.21529465586288107,3515683.0,0.4747719307083507,2864609.9521913915,0.0,720320.5427718591,577512.4248551264,1833312.3188159377,439427.72643642523,650242.4633988146,29060.19887021428,16280.717938655083,0.0,194.0,1233.6868980321942,8.0,4.0,489.7351495015091,0.0,0.0,0.0,0.0
2036-11-01,302.8675871519914,20.001018524169922,39.77103805541992,0.203976821980901,3520172.0,0.4750372763911959,2636554.155572861,0.0,756054.74794493,616001.4998612865,1741023.333254976,417645.358986515,542670.5484288366,19941.138102531608,17174.337327117453,0.0,194.0,4168.439445980812,10.0,3.0,1531.4799683141055,0.0,0.0,0.0,0.0
2036-12-01,318.17719491321293,20.001018524169922,51.24873352050781,0.20932202743964518,3524661.0,0.48508406924495756,2679644.829518147,0.0,856358.4448335505,709470.0779896969,1766279.803371847,417380.34005821595,549550.4248979952,33984.691830089876,19564.604790869005,0.0,194.0,32544.878576566276,29.0,5.0,3133.0581718302255,0.0,0.0,0.0,0.0
2037-01-01,357.6144338759749,21.565221786499023,98.4582290649414,0.22138192605474138,3529156.0,0.5098518527212976,2964058.9780239235,0.0,952458.8560252115,805705.9951451849,1820530.7039992064,433838.21304074023,714805.9843360166,79421.3072879612,21978.920246305992,0.0,194.0,66242.92798871928,87.0,15.0,3115.465677257571,0.0,0.0,0.0,0.0
2037-02-01,307.57638359257936,21.565221786499023,69.25822448730469,0.2009888112397726,3533645.0,0.4871203532077134,2677124.2212779666,0.0,735052.0821063506,606615.1076134528,1687576.906764883,404069.22421502613,617675.1695877857,44159.1290302714,16400.384640785018,0.0,194.0,37462.31502194028,42.0,7.0,2841.0393659092833,0.0,0.0,0.0,0.0
2037-03-01,341.5048723423138,21.565221786499023,72.50841522216797,0.22911962360799323,3538134.0,0.47364192962384144,3154958.764710747,0.0,679360.9123546768,541656.3114076338,1947134.8876145678,475416.5468012854,766266.3609999351,50678.19993495866,14387.649761715387,0.0,194.0,35657.925729904564,39.0,7.0,3097.4774281904356,0.0,0.0,0.0,0.0
2037-04-01,307.444759151623,21.565221786499023,59.95949172973633,0.22150363543910076,3542623.0,0.43629492340002385,3028671.6623536483,0.0,496207.6587195186,367736.1408438374,1927725.3164688854,470860.28641555115,673475.7121577685,38534.19582144318,9768.054880134325,0.0,194.0,2523.632941928151,17.0,8.0,432.96883314044635,0.0,0.0,0.0,0.0
2037-05-01,348.1349404811576,21.565221786499023,129.3315887451172,0.240500766583202,3547112.0,0.451090823165561,3612583.000810699,0.0,388587.92404539115,259875.8728610798,2067659.9913979494,541326.259768682,980006.2466457293,108127.73363833869,6843.118752522432,0.0,194.0,39660.68728795044,95.0,18.0,1626.32538029759,0.0,0.0,0.0,0.0
2037-06-01,366.0144044896935,21.565221786499023,213.40640258789062,0.2420669194537257,3551601.0,0.4643403155706116,3851921.291751011,0.0,305044.4984679377,182740.21266699306,2019579.6085433573,551979.0386669408,1174190.9440517821,187981.92368893247,4729.841964172621,0.0,194.0,124032.91725279765,220.0,28.0,1857.835425231834,0.0,0.0,0.0,0.0
2037-07-01,375.72150873571815,21.565221786499023,214.5903778076172,0.2487205445308933,3556090.0,0.46382005368805856,3957062.172406414,0.0,326538.92053746316,201567.37846419183,2082352.7003849556,563128.161047351,1200572.931242153,195545.61037195448,5217.229165658809,0.0,194.0,112567.15265885435,233.0,28.0,1663.039362815221,0.0,0.0,0.0,0.0
2037-08-01,372.0774416183435,21.565221786499023,186.77503967285156,0.24261017059580464,3560579.0,0.474695956171074,3770445.12429791,0.0,457842.0397471283,329106.0374417383,2034977.497056726,534136.626022224,1118527.4821669494,167340.74969201084,8375.519940733822,0.0,194.0,95448.6354235925,191.0,28.0,1672.4755654118521,0.0,0.0,0.0,0.0
2037-09-01,327.0440423576773,21.565221786499023,98.7607421875,0.2189308753405793,3565068.0,0.4711291705811365,3157836.8185127336,0.0,581871.5011460327,453201.55706934317,1882297.9262221467,466747.6393303545,813759.50622618,76841.96993405154,11533.997454041622,0.0,194.0,20272.520012009998,63.0,17.0,1276.5505524479845,0.0,0.0,0.0,0.0
2037-10-01,321.40518417271386,21.565221786499023,58.82756805419922,0.20906644850021056,3569557.0,0.49108341101891373,2880490.521251087,0.0,783052.798707616,645053.9711908832,1808086.4219488667,434743.00260936806,684712.9458835643,37371.75613928889,16280.717938655083,0.0,194.0,2821.3919775453046,19.0,6.0,658.4158450474979,0.0,0.0,0.0,0.0
2037-11-01,304.0856567039148,21.565221786499023,44.60126495361328,0.19759344157145,3574046.0,0.4935601931092458,2652151.369228749,0.0,827163.5206809429,691770.6885972995,1721531.8311052425,412169.8262500132,578166.8032370586,22093.131836434517,17174.337327117453,0.0,194.0,5467.922133124496,10.0,3.0,1699.1786726079313,0.0,0.0,0.0,0.0
2037-12-01,319.462992537449,21.565221786499023,56.17668533325195,0.20282238835609087,3578535.0,0.5030514392880819,2691969.579302584,0.0,930100.1161014041,788027.5124575509,1744603.638760864,412752.35272230254,582641.6539035825,36509.1645558349,19564.604790869005,0.0,194.0,36613.714835309365,32.0,5.0,3343.3286961110607,0.0,0.0,0.0,0.0
2038-01-01,359.3799451860576,24.230886459350586,122.35111236572266,0.2170011905377766,3583030.0,0.5194586451508831,2943396.8115661936,0.0,1035975.5469537831,892498.3692737569,1794681.5925638175,431085.17063764174,702357.188848306,99810.09015642945,21978.920246305992,0.0,194.0,100052.83307032721,115.0,16.0,3573.7134782911016,0.0,0.0,0.0,0.0
2038-02-01,309.10076713182565,24.230886459350586,91.53044891357422,0.19679478657205982,3587519.0,0.4981643175055946,2677945.244711986,0.0,797445.3710197463,671967.0781268491,1667061.277790073,401861.24128173024,624786.1067876794,60592.8271725045,16400.384640785018,0.0,194.0,54349.91678369447,58.0,9.0,3288.1593614358944,0.0,0.0,0.0,0.0
2038-03-01,343.2039614054312,24.230886459350586,101.37639617919922,0.22606303350051088,3592008.0,0.4797007057452183,3174627.063164002,0.0,726545.5523108636,592116.6345638208,1931950.539698511,474006.50768995384,773853.1530903633,79354.09332517325,14387.649761715387,0.0,194.0,51377.26255870722,68.0,13.0,3515.9458594126418,0.0,0.0,0.0,0.0
2038-04-01,308.98027302678133,24.230886459350586,88.1499252319336,0.2188210783299476,3596497.0,0.44221311831708704,3061256.1331918007,0.0,529063.7278174243,403766.6287417432,1917472.9027168402,471102.20890493505,688188.9905900848,66415.87948993845,9768.054880134325,0.0,194.0,11083.423245325446,50.0,18.0,804.7352934963219,0.0,0.0,0.0,0.0
2038-05-01,349.8802827892138,24.230886459350586,178.19674682617188,0.24137317573294284,3600986.0,0.4457247102876753,3633972.0191275114,0.0,409536.44296439405,284100.07498008275,2064743.9137548022,540782.4085608931,955386.4264978028,157596.50095401294,6843.118752522432,0.0,194.0,80790.21637893523,171.0,28.0,2022.290374951312,0.0,0.0,0.0,0.0
2038-06-01,367.85635041152693,24.230886459350586,270.669189453125,0.24576966447950907,3605475.0,0.4528161385931886,3842556.180075147,0.0,316359.8603321924,197225.59053124778,2019274.0755611542,551851.2467666513,1114658.4410043135,238582.6399430274,4729.841964172621,0.0,194.0,209949.41377174453,303.0,29.0,2258.4949127225736,0.0,0.0,0.0,0.0
2038-07-01,377.6194167033245,24.230886459350586,268.8199768066406,0.25237397965105557,3609964.0,0.45255054985358495,3945398.9248635382,0.0,339511.253317449,217538.1056441777,2081617.5493083724,562776.8835643088,1139025.6539248335,246516.06870602258,5217.229165658809,0.0,194.0,201569.5951669657,307.0,30.0,2059.327004017502,0.0,0.0,0.0,0.0
2038-08-01,373.96398569852755,24.230886459350586,238.5987548828125,0.24513943853544937,3614453.0,0.46570590583384225,3768063.169328312,0.0,476490.35712365434,350752.7492182643,2032257.503358113,534393.5733600528,1067905.072463247,218044.2507869013,8375.519940733822,0.0,194.0,168761.8288518813,266.0,30.0,2068.9545511646966,0.0,0.0,0.0,0.0
2038-09-01,328.70843191186816,24.230886459350586,139.77267456054688,0.21816432292394292,3618942.0,0.47014498361912416,3180973.720933201,0.0,610891.279283918,485123.00720722764,1874969.7027398807,467491.687505229,803333.6111215425,116988.94276654866,11533.997454041622,0.0,194.0,47571.008588344244,114.0,24.0,1665.0010868311138,0.0,0.0,0.0,0.0
2038-10-01,323.0610711229219,24.230886459350586,86.03170776367188,0.20606065174793958,3623431.0,0.4973527731078465,2912361.133807256,0.0,825720.3911868756,690715.9279701428,1797700.5615452416,435586.6791705681,699502.6177585087,63994.8806629364,16280.717938655083,0.0,194.0,11490.336853815254,42.0,13.0,1031.3805491448038,0.0,0.0,0.0,0.0
2038-11-01,305.6446255705749,24.230886459350586,60.84049987792969,0.19470997050471975,3627920.0,0.5014526419297299,2694762.838474828,0.0,861085.4289422114,728594.2688585683,1718687.962007976,414413.77123322187,606105.1577089174,37366.170724711155,17174.337327117453,0.0,194.0,9487.298401921631,19.0,5.0,2087.9436849473723,0.0,0.0,0.0,0.0
2038-12-01,321.1067710161493,24.230886459350586,69.7615966796875,0.19939698770271352,3632409.0,0.5125835925375163,2720874.8108370276,0.0,976196.9348881441,837122.7256442909,1737385.4262432258,414346.6249793585,606098.0968696116,47581.89338482986,19564.604790869005,0.0,194.0,48524.4806045419,40.0,9.0,3766.6012670075233,0.0,0.0,0.0,0.0
2039-01-01,359.6809264143348,30.947250366210938,105.7657699584961,0.21265016046562304,3636904.0,0.5331941885295116,2925280.7384167644,0.0,1085637.8073316645,943685.904051639,1783984.2390611535,430700.7896208684,723338.708096986,71794.23227775453,21978.920246305992,0.0,194.0,144290.48028752964,145.0,18.0,4012.0843118982357,0.0,0.0,0.0,0.0
2039-02-01,309.365365122633,30.947250366210938,86.64705657958984,0.19329471777690482,3641393.0,0.5092976758542836,2683840.711059907,0.0,830669.0333914907,706568.4076985938,1660034.5388338517,402123.020151342,648876.3891032423,49162.9712914695,16400.384640785018,0.0,194.0,77572.26151413078,85.0,14.0,3719.759332149507,0.0,0.0,0.0,0.0
2039-03-01,343.5040889968463,30.947250366210938,99.76715087890625,0.22269093540516358,3645882.0,0.48970621722111435,3182816.617929295,0.0,754874.0327844792,621970.3894374364,1925593.9332775685,474259.9784192395,801053.9640617908,66445.9728106974,14387.649761715387,0.0,194.0,80771.19771578068,120.0,23.0,3950.556592643854,0.0,0.0,0.0,0.0
2039-04-01,309.25616875654555,30.947250366210938,87.65166473388672,0.2158961477475753,3650371.0,0.45183076855567095,3077881.6783835473,0.0,547528.6369596648,423709.6599839841,1914044.6369439175,472443.06568422355,717635.1482132379,55682.676052170005,9768.054880134325,0.0,194.0,35217.15708140941,99.0,22.0,1199.8786413901767,0.0,0.0,0.0,0.0
2039-05-01,350.19915263512144,30.947250366210938,155.19485473632812,0.23962053743518932,3654860.0,0.4558267447623868,3617087.0910877096,0.0,420708.9473691279,296797.8537848165,2064256.316146257,541569.2348548307,980496.8336024308,115301.9371241909,6843.118752522432,0.0,194.0,153219.9544132129,261.0,30.0,2436.7757137235344,0.0,0.0,0.0,0.0
2039-06-01,368.19834620857426,30.947250366210938,212.96609497070312,0.2448636406689408,3659349.0,0.46494541428425523,3784612.3427908174,0.0,324209.1979485091,206551.0001475646,2019222.3361723458,552149.3708935354,1132479.2874032892,162571.57152164757,4729.841964172621,0.0,194.0,330275.2025639434,374.0,30.0,2676.7325794876615,0.0,0.0,0.0,0.0
2039-07-01,377.97744469051304,30.947250366210938,206.4132080078125,0.25153863033429236,3663838.0,0.4654495412799326,3884476.764773466,0.0,345368.23801414226,228590.37538087077,2081335.1446209755,562997.3659880587,1158679.6168851503,164461.8548792803,5217.229165658809,0.0,194.0,328819.79370382556,393.0,30.0,2479.3009462288637,0.0,0.0,0.0,0.0
2039-08-01,374.3253736648887,30.947250366210938,185.06546020507812,0.24377050693002467,3668327.0,0.47839441779426506,3718542.9937199443,0.0,487450.43879886594,366908.11593347584,2030782.9570662628,534799.6149775373,1088085.961755903,147871.67752024165,8375.519940733822,0.0,194.0,278962.11011286726,359.0,31.0,2489.081435885139,0.0,0.0,0.0,0.0
2039-09-01,329.0320696707921,30.947250366210938,121.30323791503906,0.21576012778343992,3672816.0,0.4810169881879148,3175056.5550988778,0.0,629383.2391827516,508642.66230606055,1870865.0604384944,468366.24506365974,827562.277457001,88582.8601397224,11533.997454041622,0.0,194.0,98603.80963631738,185.0,29.0,2078.710796393379,0.0,0.0,0.0,0.0
2039-10-01,323.3499464961432,30.947250366210938,85.50104522705078,0.20320454472228228,3677305.0,0.5067996518283358,2932325.5249233814,0.0,847598.2305755381,717782.0694888046,1795296.0306116417,437438.7330352048,728629.2244487412,53847.19902779139,16280.717938655083,0.0,194.0,34050.345348460265,102.0,22.0,1433.687405968884,0.0,0.0,0.0,0.0
2039-11-01,305.9566545548176,30.947250366210938,64.3416519165039,0.19140177864855387,3681794.0,0.5113484874037002,2723300.5793279153,0.0,889629.6632066054,762166.1983229624,1715516.0635129113,415827.7096936516,636973.4439555111,35303.25016584183,17174.337327117453,0.0,194.0,18274.154478271685,49.0,17.0,2500.0621919542305,0.0,0.0,0.0,0.0
2039-12-01,321.44042521965895,30.947250366210938,66.84273529052734,0.19638100116625812,3686283.0,0.5223858322305313,2745209.5168539416,0.0,1001508.9257632287,867944.2308362926,1735968.8421716806,416390.4985454781,637029.4509907033,38559.4771460791,19508.84111395221,0.0,194.0,65582.64103849742,57.0,13.0,4210.6167731520145,0.0,0.0,0.0,0.0
2040-01-01,359.70955852668465,25.60158920288086,110.84902954101562,0.19806446855601148,3690778.0,0.5388012406854156,2941964.8777318536,0.0,1117153.690239007,980777.8445774538,1780032.1471163905,431432.8376460405,735867.4627548642,77371.18221455859,21856.613267834673,0.0,194.0,165679.13431368512,164.0,19.0,4218.906006593858,0.0,0.0,0.0,0.0
2040-02-01,323.7118589806907,25.60158920288086,98.05970001220703,0.188401535177793,3695267.0,0.5146228811838848,2824639.6382062314,0.0,883426.4432609839,760053.1744271327,1725525.406657567,419586.0037194733,696746.6568765538,60182.33895263802,16917.39121823442,0.0,194.0,111327.46560107809,117.0,20.0,3921.055426067487,0.0,0.0,0.0,0.0
2040-03-01,343.5438039697753,25.60158920288086,108.42865753173828,0.20805021285500633,3699756.0,0.4938419396853353,3212110.830651253,0.0,770228.2479376069,642885.1655803155,1924380.4174153567,475816.3573739638,818688.6811023185,75964.12675961251,14280.839411963534,0.0,194.0,98625.20403925606,154.0,28.0,4155.079496872372,0.0,0.0,0.0,0.0
2040-04-01,309.29744117897167,25.60158920288086,95.54405212402344,0.2016710658054014,3704245.0,0.456612545048381,3110091.3653889378,0.0,557075.6668522706,438614.35900773044,1913550.3907141036,474419.99825843866,738692.3966389471,63609.547777448526,9695.539258993496,0.0,194.0,49811.384736226,120.0,24.0,1365.2546604143422,0.0,0.0,0.0,0.0
2040-05-01,350.25216826011246,25.60158920288086,160.80520629882812,0.2251475507810613,3708734.0,0.4571551619812332,3638114.361914793,0.0,425312.78295244474,306906.24162751454,2064574.4608760062,542867.0181001095,987850.5465828339,125561.0883558411,6792.317133141198,0.0,194.0,191132.90528644453,286.0,30.0,2620.5740342838053,0.0,0.0,0.0,0.0
2040-06-01,368.26063907284856,25.60158920288086,215.1689453125,0.2310720742837712,3713223.0,0.4638213898772606,3792056.7912752726,0.0,325486.5912143151,213141.32978908464,2019431.3787871227,552978.0580741402,1126198.0255962778,173519.08881773212,4694.7287884587,0.0,194.0,388444.2420641144,415.0,30.0,2864.104809175574,0.0,0.0,0.0,0.0
2040-07-01,378.0481113114733,25.60158920288086,206.96963500976562,0.2371599215421858,3717712.0,0.4644679990757084,3889001.786911377,0.0,352067.6129685686,235586.9473529659,2081476.5015752849,563752.4205738901,1152056.3598138113,174455.25694839252,5178.497747989883,0.0,194.0,386348.30689281423,419.0,31.0,2656.6457228917243,0.0,0.0,0.0,0.0
2040-08-01,374.4020003218526,25.60158920288086,187.63963317871094,0.2294616858055765,3722201.0,0.47817802328830156,3724598.262537019,0.0,499233.6328612932,379011.9533822982,2030343.1760742487,535418.1365898647,1083051.8996664595,158523.80220644534,8313.342154338787,0.0,194.0,329337.4675327268,383.0,31.0,2666.5718828172967,0.0,0.0,0.0,0.0
2040-09-01,329.1052515771368,25.60158920288086,127.61913299560547,0.20234658494965455,3726690.0,0.48271573095633274,3195932.464554293,0.0,641836.0460658375,521431.2227307288,1871839.265046979,469846.1691007692,835881.4077362405,98435.38267030333,11448.37191245953,0.0,194.0,125452.53907097997,214.0,29.0,2250.089197439601,0.0,0.0,0.0,0.0
2040-10-01,323.39493093201907,25.60158920288086,94.07380676269531,0.18966219333775813,3731179.0,0.5106576948556002,2958702.374349903,0.0,868882.4508656615,739445.2719981299,1794350.7599022996,439282.06649026397,744046.9048142337,63650.18714310557,16159.853919452858,0.0,194.0,47600.815519098265,122.0,24.0,1594.6431478234495,0.0,0.0,0.0,0.0
2040-11-01,306.0354935181606,25.60158920288086,72.24837493896484,0.1785809737686627,3735668.0,0.5157679514519036,2757395.9745028485,0.0,906150.2321905087,779064.3933351691,1717241.9147567211,418389.6569883777,659581.6591606243,42252.50359712691,17046.83929881408,0.0,194.0,25250.787434343096,74.0,23.0,2676.694366386323,0.0,0.0,0.0,0.0
2040-12-01,321.5288823437091,25.60158920288086,74.47029113769531,0.18316364571539112,3740157.0,0.5267183282123843,2778301.257994665,0.0,1020995.7245984785,891627.3887768603,1736822.6567762003,418582.1125591907,655035.2001977392,46493.16046153446,19419.362008634427,0.0,194.0,74825.64681962263,78.0,19.0,4417.132972734586,0.0,0.0,0.0,0.0
2041-01-01,359.73354020597355,26.158138275146484,119.3818359375,0.1973461245662777,3744655.0,0.5391511050631328,2959944.1578850243,0.0,1132583.3226636015,1000355.216085841,1783203.8427766347,384844.7751462735,782340.4870991635,88186.92486295225,21815.754184041296,0.0,194.0,197653.21131811105,191.0,22.0,4464.387487863531,0.0,0.0,0.0,0.0
2041-02-01,309.42300034114606,26.158138275146484,107.84097290039062,0.17897227663583984,3749127.0,0.5161392432148144,2729521.051229008,0.0,866897.0369061644,751553.5719285004,1658589.7229612595,360057.1676626565,713889.3054162827,68007.1911888094,16278.632245551797,0.0,194.0,110963.79444490082,142.0,22.0,4161.2533657686245,0.0,0.0,0.0,0.0
2041-03-01,343.58181974153337,26.158138275146484,121.21340942382812,0.2072577491997062,3753599.0,0.49389246043745755,3234385.1624124073,0.0,781122.7993779951,657886.5970207031,1926085.0543774168,424407.1032300616,871678.0239400931,90846.85286483653,14280.839411963534,0.0,194.0,127708.25113514751,202.0,29.0,4399.041489004664,0.0,0.0,0.0,0.0
2041-04-01,309.33845448901843,26.158138275146484,107.22757720947266,0.20070176453280467,3758071.0,0.4573485754635561,3136527.932095347,0.0,563898.2326336028,449416.84478906257,1915088.217370071,423643.7552015427,796555.2779695475,77441.72955418631,9695.539258993496,0.0,194.0,72656.52442220674,157.0,26.0,1568.9144531671154,0.0,0.0,0.0,0.0
2041-05-01,350.30626228059054,26.158138275146484,168.71063232421875,0.22548669002083893,3762543.0,0.4544211849775068,3643687.541668918,0.0,429381.50652280264,315081.8451978726,2065343.8027138219,482488.8163367802,1033404.2584165151,141082.53620179972,6792.317133141198,0.0,194.0,244991.8625417377,325.0,30.0,2842.643604914585,0.0,0.0,0.0,0.0
2041-06-01,368.32555086719856,26.158138275146484,219.51834106445312,0.23266654592658614,3767015.0,0.45844440479914383,3778455.0176505675,0.0,325181.52264704485,217497.5412218146,2019784.69084528,490356.3988294532,1156411.1877864327,187998.10018940052,4694.7287884587,0.0,194.0,469198.18419021,454.0,30.0,3090.699859356132,0.0,0.0,0.0,0.0
2041-07-01,378.12297245091924,26.158138275146484,211.33078002929688,0.238706657027161,3771487.0,0.45941999839790215,3877121.228808936,0.0,351144.5566803532,239480.54706475037,2082140.6376467657,500308.79275131633,1184785.503647983,188518.16676287167,5178.497747989883,0.0,194.0,467857.3262526985,460.0,31.0,2880.1982997569166,0.0,0.0,0.0,0.0
2041-08-01,374.48427008873773,26.158138275146484,193.4396209716797,0.2307420886163539,3775959.0,0.4736310714723704,3718544.1614935296,0.0,500628.88306340046,385223.85958440555,2032485.5645297687,475305.55828066496,1116009.2398170969,173375.67086600006,8313.342154338787,0.0,194.0,402106.7428277278,420.0,31.0,2890.2700309237325,0.0,0.0,0.0,0.0
2041-09-01,329.1846882008956,26.158138275146484,136.26510620117188,0.20242483746310952,3780431.0,0.4808942031230196,3210171.160876599,0.0,646483.4173213654,530739.8739862569,1875267.7156872079,418352.89390336815,880540.5644588564,112105.34682716623,11448.37191245953,0.0,194.0,166460.5762542116,255.0,30.0,2467.679454687788,0.0,0.0,0.0,0.0
2041-10-01,323.4850074097011,26.158138275146484,107.23133087158203,0.18911381901303573,3784903.0,0.5101090232944574,2987289.5771708777,0.0,876371.2367646192,751744.2398970893,1798257.2145553175,393521.4031185452,794189.593877114,79847.54961990057,16159.853919452858,0.0,194.0,70062.97735538472,159.0,29.0,1802.7718896406504,0.0,0.0,0.0,0.0
2041-11-01,306.12257958106545,26.158138275146484,84.93014526367188,0.1771570535574598,3789375.0,0.5183725527404107,2788746.305339515,0.0,919076.9194817566,798704.3606264155,1718760.6700990766,372501.9404598786,718601.4783020959,52925.57647846213,17046.83929881408,0.0,194.0,39017.93310787789,95.0,24.0,2901.1023347149403,0.0,0.0,0.0,0.0
2041-12-01,321.6272625121677,26.158138275146484,85.86656951904297,0.18178749972541272,3793847.0,0.5288757202314393,2805902.8826530175,0.0,1039131.0384007053,912592.8785790867,1738469.073495707,372226.9954212026,713118.3768189785,58599.90891712948,19419.362008634427,0.0,194.0,90127.51373474339,101.0,21.0,4662.652921914392,0.0,0.0,0.0,0.0
2042-01-01,360.0870660781261,27.44188117980957,124.3476791381836,0.19595348879750865,3798322.0,0.5426225143861532,2979029.231336183,0.0,1153517.9745634987,1024120.0439857366,1784952.5629181317,384076.22496331774,795541.4688097908,90970.44664494086,21815.754184041296,0.0,194.0,227857.81459108033,216.0,24.0,4682.42929563086,0.0,0.0,0.0,0.0
2042-02-01,309.7322981470992,27.44188117980957,114.59713745117188,0.17753861220016037,3802794.0,0.5199087511337398,2751902.2240616065,0.0,883847.8805474661,771060.7035698018,1659436.9735798468,359530.5824364494,729142.1458766457,72899.65816866365,16278.632245551797,0.0,194.0,132029.74573470585,166.0,25.0,4374.038786954376,0.0,0.0,0.0,0.0
2042-03-01,343.93101900418833,27.44188117980957,127.81133270263672,0.20594763223103477,3807266.0,0.4970166316219365,3256935.911142973,0.0,795235.5216673499,674829.4953100574,1926996.0612811395,423928.7249492672,886239.0277667956,96283.56914577147,14280.839411963534,0.0,194.0,157125.49875791886,228.0,30.0,4615.33168612774,0.0,0.0,0.0,0.0
2042-04-01,309.6580549345207,27.44188117980957,113.80455017089844,0.19945688040465148,3811738.0,0.4607172074142407,3164990.7123696413,0.0,571054.8004328733,459316.09658833314,1917345.11629882,423885.5506599587,815510.6563829724,82395.58702788965,9695.539258993496,0.0,194.0,96478.90442242418,185.0,29.0,1742.6736549322077,0.0,0.0,0.0,0.0
2042-05-01,350.6740653685201,27.44188117980957,171.51901245117188,0.2251892977337955,3816210.0,0.4563733121298934,3659512.858203583,0.0,427441.22546988097,321987.4265449516,2066809.212163147,482105.99356013304,1044182.3611182381,142926.76336206397,6792.317133141198,0.0,194.0,298451.6413555028,363.0,30.0,3044.012602000398,0.0,0.0,0.0,0.0
2042-06-01,368.7184316831393,27.44188117980957,219.21153259277344,0.23308021976647322,3820682.0,0.4591953377027648,3775092.8734912,0.0,323286.4228756591,223476.07345042884,2020074.8415811136,489096.618020302,1155012.9609307467,184951.81295903662,4694.7287884587,0.0,194.0,545348.6592318178,488.0,30.0,3294.9025319248294,0.0,0.0,0.0,0.0
2042-07-01,378.53257019194524,27.44188117980957,212.02459716796875,0.23902636414351663,3825154.0,0.460366990530286,3874496.253245971,0.0,350584.5388030781,247056.61558747574,2082406.164338101,498980.3537076528,1183818.7890225947,185802.41817762327,5178.497747989883,0.0,194.0,543908.3225390591,493.0,31.0,3081.1743259390614,0.0,0.0,0.0,0.0
2042-08-01,374.89617132325714,27.44188117980957,195.77566528320312,0.23074267432230028,3829626.0,0.47516140433255105,3718534.325268124,0.0,504499.3592900608,397488.8878110663,2032789.2447722624,473918.0295811495,1116237.7755838872,171842.28173082275,8313.342154338787,0.0,194.0,470530.9190649469,458.0,31.0,3091.747840356232,0.0,0.0,0.0,0.0
2042-09-01,329.5522180184231,27.44188117980957,140.8708038330078,0.20176594709157936,3834098.0,0.4837476985001253,3227969.0844214335,0.0,651581.5829309792,543961.7995958704,1877411.4395234503,417808.7325053052,892679.4097403897,113862.7346522875,11448.37191245953,0.0,194.0,207240.97700536338,285.0,30.0,2662.679638213864,0.0,0.0,0.0,0.0
2042-10-01,323.79460319858697,27.44188117980957,116.11620330810547,0.18801158862622527,3838570.0,0.5132549486975063,3014465.7532510227,0.0,886739.0345103221,770495.3066427931,1800221.5543252535,393667.05905747996,809706.5290727394,87021.1265955504,16159.853919452858,0.0,194.0,95122.09890915411,205.0,30.0,1987.1477680579583,0.0,0.0,0.0,0.0
2042-11-01,306.4744998883697,27.44188117980957,94.1496810913086,0.17581229065107268,3843042.0,0.5224117584301137,2823350.5014691832,0.0,929787.7559783906,815486.9571230491,1721502.14841348,375092.0250369556,740801.5753088462,59747.98470990275,17046.83929881408,0.0,194.0,53827.99698556003,120.0,26.0,3099.2618269061504,0.0,0.0,0.0,0.0
2042-12-01,322.0023046049995,27.44188117980957,94.67578125,0.1805504121889785,3847514.0,0.5325114494030178,2839543.3205542136,0.0,1051286.452448532,931022.4446269132,1742214.576786478,374396.4531104809,733977.8125090731,65207.48454818106,19419.362008634427,0.0,194.0,107499.14585995048,130.0,25.0,4888.209042678637,0.0,0.0,0.0,0.0
2043-01-01,360.2717972455269,27.98995018005371,141.33396911621094,0.19670565841295498,3851989.0,0.5390885185124376,2959378.601988858,0.0,1178267.7448328706,1055398.2127170323,1783969.4242846314,384992.2300173169,755098.8162485226,111571.1378383887,21561.50772211583,0.0,194.0,292667.58108957694,272.0,30.0,5035.083280034406,0.0,0.0,0.0,0.0
2043-02-01,309.89630129800355,27.98995018005371,136.4315185546875,0.17870417080525566,3856461.0,0.5144011814264208,2749531.7806931883,0.0,893007.8251414637,786077.3395697203,1662559.6551770312,361313.8985010312,698946.2154523318,95585.69476279283,16088.916839631294,0.0,194.0,182832.10281352527,233.0,26.0,4722.369287688184,0.0,0.0,0.0,0.0
2043-03-01,344.1187661117144,27.98995018005371,149.38088989257812,0.20766656770966238,3860933.0,0.4902266193589882,3242313.3433054793,0.0,805900.6109219196,691935.1691737159,1928097.4087259567,425537.74631232716,841386.5371765486,123544.65749064683,14114.406802874084,0.0,194.0,225195.7026730916,302.0,31.0,4966.3691519480135,0.0,0.0,0.0,0.0
2043-04-01,309.8321197908111,27.98995018005371,130.5172119140625,0.2005408268529122,3865405.0,0.45578445932591183,3157371.540291197,0.0,579377.3168435601,473831.80033009686,1917346.4021013598,425480.8365348578,784198.9665453256,104241.05770965584,9582.544927917372,0.0,194.0,153509.29978691178,253.0,29.0,2052.542533607258,0.0,0.0,0.0,0.0
2043-05-01,350.876881875057,27.98995018005371,182.3822784423828,0.22848448074331656,3869877.0,0.4461847050098538,3611118.5877618887,0.0,436329.6154372577,331213.4415393906,2067133.795440992,482968.47401424136,975131.4137424491,162137.910964207,6713.157706078603,0.0,194.0,403306.2705834976,430.0,30.0,3364.741351199026,0.0,0.0,0.0,0.0
2043-06-01,368.93769120954255,27.98995018005371,226.05123901367188,0.23840827013982047,3874349.0,0.44463838469877903,3696426.6191494917,0.0,329178.4190403579,229672.91120300005,2020241.7324537681,489591.6798891649,1056664.3793917645,203722.0594147948,4640.015200586534,0.0,194.0,686915.3331808641,543.0,30.0,3619.306684541374,0.0,0.0,0.0,0.0
2043-07-01,378.7638047746983,27.98995018005371,220.71340942382812,0.24443912460273207,3878821.0,0.4455709204833624,3796919.5173525834,0.0,357019.87547378766,254145.56941520484,2082556.7210677897,499606.10280892235,1082423.600594789,208586.09928108292,5118.146190970718,0.0,194.0,685755.2838392999,552.0,31.0,3402.8974745371434,0.0,0.0,0.0,0.0
2043-08-01,375.1312352686238,27.98995018005371,205.40521240234375,0.23521236761186834,3883293.0,0.462317080244517,3645939.767348524,0.0,518003.78551490745,411480.7998833615,2031803.2858796788,474155.9209066437,1020987.5309451959,195190.23601700322,8216.456306890008,0.0,194.0,599834.9963083086,516.0,31.0,3413.3483960665117,0.0,0.0,0.0,0.0
2043-09-01,329.76417684710884,27.98995018005371,152.94424438476562,0.2034539263963216,3887765.0,0.4770124984020242,3187676.2086570677,0.0,672605.2888046372,565599.4576716681,1873781.549287582,418145.6406762083,835924.884354514,133563.36633876344,11212.419710320391,0.0,194.0,288923.75876115396,336.0,30.0,2977.9945740224266,0.0,0.0,0.0,0.0
2043-10-01,323.9747476836585,27.98995018005371,134.7997283935547,0.1882390611096205,3892237.0,0.5094970581667024,2989412.843099308,0.0,920403.96896822,804883.3724645975,1794176.5634311193,393910.1141727342,765396.2542991453,112024.7019963091,15826.7975555469,0.0,194.0,152941.38410761507,269.0,31.0,2290.513749651394,0.0,0.0,0.0,0.0
2043-11-01,306.68145222032234,27.98995018005371,117.27529907226562,0.1753647382544601,3896709.0,0.5199935386480616,2818176.1092815134,0.0,965032.3144162218,851537.2636715503,1717156.9067140187,375304.460325368,711752.1716618236,87701.8025803035,16619.09118814408,0.0,194.0,90032.61862139094,187.0,29.0,3411.7988214141305,0.0,0.0,0.0,0.0
2043-12-01,322.2249236833666,27.98995018005371,114.75676727294922,0.17977771273825696,3901181.0,0.5315690440919423,2827343.0975605557,0.0,1092425.8398079972,973039.7126636347,1735692.6473473415,374413.4127616165,704348.4354022088,89085.80844938953,18932.081331378664,0.0,194.0,148513.54526645323,201.0,30.0,5230.011504901308,0.0,0.0,0.0,0.0
2044-01-01,360.32029574545226,30.2818603515625,140.5290985107422,0.1947315187550157,3905656.0,0.5432625451417763,2987011.7922756826,0.0,1212044.605495512,1091096.6243435377,1789434.2958963444,387004.6961967771,769063.2771264522,117706.72945611007,21268.34199411864,0.0,194.0,317398.6991534756,287.0,30.0,5183.758735668452,0.0,0.0,0.0,0.0
2044-02-01,324.2845566692446,30.2818603515625,137.81494140625,0.18465524722314436,3910128.0,0.5196219220826731,2885942.6610901286,0.0,962396.9768937071,853163.4571308198,1730897.9682327646,377080.5155965062,741808.9633529219,107436.47150793535,16461.77539506048,0.0,194.0,231067.84996682487,254.0,27.0,4866.024484804568,0.0,0.0,0.0,0.0
2044-03-01,344.176033311194,30.2818603515625,148.5894775390625,0.20580586638895063,3914600.0,0.494129590718483,3269217.6315072807,0.0,830398.046034236,718373.9366212725,1931335.9986517509,427305.46727784775,855329.1881237987,131444.18385388443,13896.230679365988,0.0,194.0,250636.1632909133,318.0,31.0,5114.901894290258,0.0,0.0,0.0,0.0
2044-04-01,309.8886037306791,30.2818603515625,136.51368713378906,0.20059065476503865,3919072.0,0.4540493336505231,3172722.105008451,0.0,585266.4502269137,489252.8565494907,1922453.68296017,428019.10972779454,770213.0978590227,117928.83706146148,9434.42092017236,0.0,194.0,198309.49824362688,293.0,30.0,2253.8833315577017,0.0,0.0,0.0,0.0
2044-05-01,350.94642751553187,30.2818603515625,183.2162322998047,0.2296625623805631,3923544.0,0.4419849307068489,3602159.739988811,0.0,438893.47794374794,343599.0574664543,2068791.2071311013,484595.7548764346,942256.7215663991,174510.66281487377,6392.27570068654,0.0,194.0,480307.8589676519,465.0,31.0,3584.543152024863,0.0,0.0,0.0,0.0
2044-06-01,369.0166040566026,30.2818603515625,233.217529296875,0.2469289863380963,3928016.0,0.4217078874067358,3579365.734073094,0.0,328375.86100033834,238196.98269927074,2020676.8469875,490492.86531693593,906410.1820201642,227587.0717484937,4401.195825565123,0.0,194.0,876600.0155839686,602.0,30.0,3999.646445486933,0.0,0.0,0.0,0.0
2044-07-01,378.85080641059807,30.2818603515625,229.0437774658203,0.25310013972769063,3932488.0,0.4227680945645968,3677529.8851688034,0.0,356920.6414272595,263392.2967404193,2083285.166332017,500936.73381769075,927715.4165468707,233587.17487222617,4846.691130876753,0.0,194.0,879424.0344025884,628.0,31.0,3779.736296519968,0.0,0.0,0.0,0.0
2044-08-01,375.22330046533364,30.2818603515625,213.76596069335938,0.24291253228017798,3936960.0,0.44171265435818596,3539202.5150250224,0.0,520834.0709027669,424002.4001193945,2035198.26961972,475706.941132395,876611.5650032518,219680.34566965493,7721.712998592802,0.0,194.0,780445.9106579851,590.0,31.0,3790.2581943409004,0.0,0.0,0.0,0.0
2044-09-01,329.850292989959,30.2818603515625,167.25238037109375,0.20780172862653618,3941432.0,0.4624082895879078,3130796.782891764,0.0,682673.7148916001,585339.6682213164,1878789.6166822475,420024.004395753,737719.1089828666,160065.28483089688,10633.634532899157,0.0,194.0,407252.1171073417,418.0,30.0,3348.7794863017807,0.0,0.0,0.0,0.0
2044-10-01,324.0555269464234,30.2818603515625,152.17245483398438,0.1912383031441996,3945904.0,0.4980050713729903,2950412.564840063,0.0,937491.9707903673,832486.1351492298,1799587.3885399743,396714.5599014687,681017.3406432364,140996.49155538325,14942.077686870203,0.0,194.0,248839.86254390108,365.0,31.0,2652.122763372071,0.0,0.0,0.0,0.0
2044-11-01,306.7711149520957,30.2818603515625,143.19212341308594,0.17747160517800883,3950376.0,0.5097023812897301,2798652.328790848,0.0,983651.3749470701,880475.0141667045,1721865.2651469156,378301.7529996605,642319.1562608986,121967.38638337354,15711.04711627911,0.0,194.0,162519.93905536068,302.0,30.0,3791.0245169957907,0.0,0.0,0.0,0.0
2044-12-01,322.324144948175,30.2818603515625,135.93165588378906,0.18182069144408491,3954848.0,0.5222825053899468,2807920.2792120283,0.0,1114165.418555177,1005677.4062699585,1742129.6527126357,376811.31931764854,636266.6656192002,120707.24796254445,17860.672878617363,0.0,194.0,223032.16697538618,289.0,31.0,5634.080999498996,0.0,0.0,0.0,0.0
2045-01-01,360.29672875893175,32.60232925415039,156.8331756591797,0.19718714700000511,3959323.0,0.5341180406560974,2928383.81249898,0.0,1238435.8419393378,1127416.3714096937,1786768.80512938,387593.16014496825,678235.8711382132,143780.58248641746,20064.7193717895,0.0,194.0,417962.64503251464,362.0,31.0,5580.9790184098365,0.0,0.0,0.0,0.0
2045-02-01,309.92744957799283,32.60232925415039,155.84182739257812,0.17919313654655203,3963795.0,0.5084226752238984,2727363.9638558994,0.0,940136.8674648551,843480.22916241,1663506.4276800395,363538.4206870493,632344.1115764134,129389.48711239692,14972.032824353631,0.0,194.0,288168.9873710859,328.0,28.0,5258.144377442602,0.0,0.0,0.0,0.0
2045-03-01,344.16415276492233,32.60232925415039,165.85476684570312,0.2096018881685797,3968267.0,0.4806321964557936,3203948.5535820657,0.0,845039.8478830394,741979.976928071,1929244.6032548235,428042.9127342375,752376.119723077,162279.5242699272,13134.59222137093,0.0,194.0,363114.23830831464,421.0,31.0,5508.649453568626,0.0,0.0,0.0,0.0
2045-04-01,309.88270938513705,32.60232925415039,146.78097534179688,0.20201813202602542,3972739.0,0.4474340677073996,3146222.673623229,0.0,600823.9203755961,505327.41784208576,1922247.1808612524,429045.6412526969,724010.0432873168,136812.43082196344,8917.329776260527,0.0,194.0,268035.07458082703,344.0,30.0,2515.3526001518185,0.0,0.0,0.0,0.0
2045-05-01,350.9451409543019,32.60232925415039,204.81822204589844,0.24205603483524693,3977211.0,0.4062400282030465,3412768.9444420566,0.0,451960.0023211854,356914.8491441344,2068487.1959353127,484975.7745849796,713480.4852209032,213820.09510086264,6143.008400444077,0.0,194.0,721444.5062967056,567.0,31.0,4124.854051547793,0.0,0.0,0.0,0.0
2045-06-01,369.02093285678444,32.60232925415039,247.4115753173828,0.1449639529924421,3981683.0,0.620518998629695,2138323.643394619,0.0,337413.2862484296,247389.66563101276,670140.0,500663.59200000274,771546.8376344953,261774.44576012055,4245.938141914432,0.0,194.0,2376091.078494884,715.0,30.0,6265.029612065453,0.0,0.0,0.0,0.0
2045-07-01,378.8610515647284,32.60232925415039,243.30377197265625,0.15532553932621432,3986155.0,0.6038618727262053,2083750.3638602484,0.0,365615.5590909949,272250.444126889,692478.0,517153.4044055357,672499.2642477454,269614.3016069668,4683.461408142475,0.0,194.0,2533978.5159087703,736.0,31.0,6206.752435939903,0.0,0.0,0.0,0.0
2045-08-01,375.23918547135577,32.60232925415039,230.71466064453125,0.14474694917758527,3990627.0,0.6293876028012165,2034741.9052246117,0.0,534936.0776590722,438307.4882069296,687684.0970009746,506934.1235332848,651273.4818202782,256844.80927007413,7518.631667362963,0.0,194.0,2340719.417246984,709.0,31.0,6217.418215574371,0.0,0.0,0.0,0.0
2045-09-01,329.8692973565862,32.60232925415039,215.4394989013672,0.11898283195885061,3995099.0,0.6556765925617766,1875119.9061466332,0.0,705410.741715207,608377.3656787163,650236.5469196885,466633.1335599022,592946.9758337453,231104.48183329732,10332.963899106604,0.0,194.0,1703561.3080168292,640.0,30.0,5769.902501832403,0.0,0.0,0.0,0.0
2045-10-01,323.9919981418007,32.60232925415039,209.63543701171875,0.10521663032904367,3999571.0,0.6903208292327238,1798001.6240082881,0.0,961430.6764821234,856855.635403345,626415.383480324,447920.58873345173,570308.2027886148,221260.66480589772,14511.283124511487,0.0,194.0,1441337.542392353,624.0,31.0,5063.179879878866,0.0,0.0,0.0,0.0
2045-11-01,306.798122547635,32.60232925415039,211.955078125,0.0961490546075904,4004043.0,0.7008904708904695,1720419.2983345503,0.0,1009341.5606924819,906568.4656162697,597242.4642452581,429372.36693872226,546830.6115357602,212775.0876148099,15307.781412126027,0.0,194.0,1278661.5859512044,593.0,30.0,6215.563178671846,0.0,0.0,0.0,0.0
2045-12-01,322.35740667055006,32.60232925415039,202.10658264160156,0.09762282415928836,4008515.0,0.712374383958036,1738610.3378890809,0.0,1146259.482645618,1040916.9154412847,613122.3623573118,432193.399345115,548435.7993855401,210130.3432011143,17438.26779773278,0.0,194.0,1329427.844652799,578.0,31.0,8087.043375120008,0.0,0.0,0.0,0.0
2046-01-01,360.09933114726647,40.10687255859375,153.6116180419922,0.10179848610876162,4012991.0,0.7471424541986188,1678818.4192886383,0.0,1275471.8394602942,1167756.4739957815,624015.9602699002,438883.9398522587,563997.1072789127,117192.97828756698,19483.65430665814,0.0,194.0,1703308.1098602947,603.0,31.0,8208.031179852733,0.0,0.0,0.0,0.0
2046-02-01,309.7613402046459,40.10687255859375,154.79551696777344,0.09475493811964888,4017476.0,0.7258987499547668,1562583.326480948,0.0,967478.511781392,873714.9766789596,577629.8863382662,407761.5249923124,525839.7179841822,110307.1603661875,14538.449624340954,0.0,194.0,1486422.696687921,569.0,28.0,7879.686341834468,0.0,0.0,0.0,0.0
2046-03-01,343.9837556853485,40.10687255859375,154.02914428710938,0.11517383886568203,4021961.0,0.6998669863682211,1812054.8085314932,0.0,868572.4479663735,768615.9887749675,670043.5841974111,470191.13918040023,609172.6176133547,127919.03394032743,12754.22045780863,0.0,194.0,1795486.7234869124,662.0,31.0,8133.029659565815,0.0,0.0,0.0,0.0
2046-04-01,309.7239476203083,40.10687255859375,156.86073303222656,0.11344617975121185,4026446.0,0.6709636657985919,1804443.1876552843,0.0,615786.6119741924,523283.38075901684,660902.7722157763,469154.1189825731,609005.9167086344,128634.14234830096,8562.918457927355,0.0,194.0,1648284.290632299,661.0,30.0,5102.909699125673,0.0,0.0,0.0,0.0
2046-05-01,350.7694314291165,40.10687255859375,164.97430419921875,0.13635103496070322,4030931.0,0.6491055872033759,1940189.8975170595,0.0,459772.87449261284,367594.9225971577,692390.8003136375,505932.1524108392,664732.1222898103,142406.3889027727,5998.847118848418,0.0,194.0,2246691.822349818,726.0,31.0,6469.3001774016875,0.0,0.0,0.0,0.0
2046-06-01,368.840535895184,40.10687255859375,167.09461975097656,0.149309465102264,4035416.0,0.6336868243132401,1893086.942413982,0.0,342097.7282431839,254808.94933944082,670140.0,491116.39200000255,653676.6244718195,141319.9579421605,4146.2964282402245,0.0,194.0,2680311.8265605466,719.0,30.0,6734.378641819537,0.0,0.0,0.0,0.0
2046-07-01,378.68025726372997,40.10687255859375,164.9023895263672,0.15233913142691233,4039901.0,0.6361531818036635,1952160.399978566,0.0,370885.22840595595,281867.05555265135,692478.0,507259.6591368039,670971.767114719,145227.84412704204,4554.255297341354,0.0,194.0,2725738.4796323804,737.0,31.0,6510.5725018394105,0.0,0.0,0.0,0.0
2046-08-01,375.0645029925432,40.10687255859375,157.70802307128906,0.14130241799443694,4044386.0,0.660506680278373,1908534.2976707302,0.0,545989.8983461927,453786.46694146114,687353.1522731148,496772.4626294899,649412.6585371059,138772.8946310209,7311.209619951578,0.0,194.0,2520900.8272299524,713.0,31.0,6521.376931923479,0.0,0.0,0.0,0.0
2046-09-01,329.7195687390386,40.10687255859375,148.87594604492188,0.11569025430007697,4048871.0,0.6850265768501308,1761605.3498092906,0.0,719269.1740201404,626582.1149318604,649228.8573517327,457027.8611186313,591470.1858236996,125597.9975152274,10068.326950895487,0.0,194.0,1860885.466950368,648.0,30.0,6068.043710503694,0.0,0.0,0.0,0.0
2046-10-01,323.8614804621158,40.10687255859375,145.98126220703125,0.10113459548215117,4053356.0,0.7198197949876887,1686003.0566306545,0.0,991156.4020511704,891092.8481370902,623421.2789576066,438054.40893124003,567761.6557592589,120456.86178254876,14211.862959813123,0.0,194.0,1586674.581518907,630.0,31.0,5350.011942822788,0.0,0.0,0.0,0.0
2046-11-01,306.66600169893303,40.10687255859375,147.64898681640625,0.09250693167304654,4057841.0,0.7292472104969564,1615284.7299165542,0.0,1036103.3914454583,937944.4013283973,596008.810613528,419997.6775959013,545001.484949227,115996.30875789812,14775.356452974605,0.0,194.0,1417303.755101555,600.0,30.0,6512.0798840325315,0.0,0.0,0.0,0.0
2046-12-01,322.2223548774766,40.10687255859375,142.01992797851562,0.09374327522914275,4062326.0,0.7396528363744502,1634244.6802256883,0.0,1178542.7859847043,1075355.4969051788,611437.2087792194,425260.2394661369,546352.4402935416,114971.66208679069,16777.685672925712,0.0,194.0,1464842.6794706855,588.0,31.0,8407.207524943622,0.0,0.0,0.0,0.0
2047-01-01,359.7589455643476,27.152496337890625,155.91989135742188,0.021053016877011062,4066820.0,0.9238399572258023,1089469.6815334354,0.0,1316303.7875929014,1210746.5163327889,55573.2171101366,455693.2265053781,516078.1607212256,125901.9475966952,18820.256102257612,0.0,194.0,2319213.9381305864,646.0,31.0,9313.494025908283,0.0,0.0,0.0,0.0
2047-02-01,309.4730989203707,27.152496337890625,155.49710083007812,0.02011258099251377,4071305.0,0.9151175623471265,1011947.3942504432,0.0,993424.021472538,901528.4657023194,51300.84094575267,422082.1099178592,478969.96275710966,117199.39582972166,14020.518292127075,0.0,194.0,2066306.038552472,605.0,28.0,8979.58323362238,0.0,0.0,0.0,0.0
2047-03-01,343.6687427468049,27.152496337890625,153.5641632080078,0.025061785673793777,4075790.0,0.9046792138250935,1172032.2477090536,0.0,889883.4997974832,791902.878509413,59448.047181567694,488374.83747121325,552981.2994872802,135004.93396899255,12273.078554473184,0.0,194.0,2472277.713421651,694.0,31.0,9235.827547592753,0.0,0.0,0.0,0.0
2047-04-01,309.4448290862748,27.152496337890625,155.53094482421875,0.025532698976587012,4080275.0,0.8914492186874174,1163244.9585226518,0.0,631400.9149050902,540609.866203607,57948.75,483041.36915012676,549444.192414773,134615.9205577523,8299.224944235099,0.0,194.0,2325960.0476819375,690.0,30.0,6170.2728732089145,0.0,0.0,0.0,0.0
2047-05-01,350.4585030699478,27.152496337890625,160.41702270507812,0.032264993864637534,4084760.0,0.8776615063738558,1235618.6553325923,0.0,469551.5381240549,379053.01563248143,60078.0,507413.58945493615,585931.780184394,145972.15609326228,5814.113714966406,0.0,194.0,3000189.5684876065,740.0,31.0,7553.682721678661,0.0,0.0,0.0,0.0
2047-06-01,368.518974774072,27.152496337890625,159.8419952392578,0.03630815703073778,4089245.0,0.8687774906168326,1197371.505600003,0.0,347953.00399193005,262238.3895311146,58140.0,491116.39200000255,567814.6655999988,142020.00000000183,4018.6119853121936,0.0,194.0,3431970.22245718,720.0,30.0,7822.062927866555,0.0,0.0,0.0,0.0
2047-07-01,378.35564998180143,27.152496337890625,158.6146240234375,0.036827417428513164,4093730.0,0.8704199016976678,1237088.5853280192,0.0,378428.29578984703,289531.6678369501,60078.0,507486.93840000284,586720.3106677409,146580.20666027567,4432.710396933671,0.0,194.0,3496784.59848998,743.0,31.0,7593.4350988902925,0.0,0.0,0.0,0.0
2047-08-01,374.7484880612657,27.152496337890625,154.6565704345703,0.03270752001122156,4098215.0,0.8844889581568445,1220711.0508769331,0.0,557223.0475361454,465214.73919474176,59893.022566293446,503386.6669655268,578169.2905125805,143038.9412325325,7116.086556622979,0.0,194.0,3260566.240317884,729.0,31.0,7604.374105874783,0.0,0.0,0.0,0.0
2047-09-01,329.4465534891657,27.152496337890625,148.2736358642578,0.025588301118932705,4102700.0,0.8982155432907678,1140138.7086671586,0.0,731241.4290213241,638839.1246650119,57307.646738086805,474916.0052409653,538592.0565110748,131042.55217703152,9783.572218928795,0.0,194.0,2526032.7113584913,674.0,30.0,7145.394295109473,0.0,0.0,0.0,0.0
2047-10-01,323.6575355139834,27.152496337890625,146.33377075195312,0.021881211746149917,4107185.0,0.9117897630397269,1092981.002367628,0.0,1001704.6344004709,902157.8709002603,56103.75772791154,456663.0890196903,517191.13244593923,126714.17197408712,13695.07254594386,0.0,194.0,2223435.9616686013,661.0,31.0,6418.700559842489,0.0,0.0,0.0,0.0
2047-11-01,306.4209615557669,27.152496337890625,147.0692901611328,0.01980141914775438,4111670.0,0.9156559260721061,1046545.3251942025,0.0,1042562.0844653326,951682.8608082298,53304.142153187706,437234.3133697495,489774.370926274,121072.45074499132,14375.189993016276,0.0,194.0,2031318.7734858016,623.0,30.0,7604.798674637528,0.0,0.0,0.0,0.0
2047-12-01,321.9695018773588,27.152496337890625,144.0464324951172,0.01977538859038636,4116155.0,0.9201770513153524,1069163.26810704,0.0,1178779.1530447928,1083184.8053024765,54971.60529835044,449361.796422498,498838.64104027586,122659.17574591556,16293.66433571615,0.0,194.0,2081372.0470851124,632.0,31.0,9525.419356167477,0.0,0.0,0.0,0.0
2048-01-01,359.2547860786007,26.304851531982422,149.31683349609375,0.021095700936898023,4120649.0,0.923556358775493,1097690.047556013,0.0,1320201.8611078598,1222374.9527817434,56014.51998248128,458835.72807007027,512444.96536873566,127062.78453472594,18198.813168261222,0.0,194.0,2385947.0770836375,649.0,31.0,9454.951979287613,0.0,0.0,0.0,0.0
2048-02-01,323.3438901621135,26.304851531982422,149.70968627929688,0.021039774202606935,4125134.0,0.9150128569632904,1058500.5808632856,0.0,1035642.6009715636,947696.5138871329,53633.44767386459,440722.63840776175,494599.5409562505,122556.90742540876,13932.238716604237,0.0,194.0,2235900.725110554,631.0,29.0,9120.03809126043,0.0,0.0,0.0,0.0
2048-03-01,343.1970055833238,26.304851531982422,148.14492797851562,0.02507039143819558,4129619.0,0.9044464554580036,1181646.7072517863,0.0,886363.7526687307,796877.9052305885,59618.32149555296,492768.91758693545,550035.5639451859,135891.85462411254,10887.224704546583,0.0,194.0,2540503.5261580977,701.0,31.0,9381.24438398122,0.0,0.0,0.0,0.0
2048-04-01,309.02451897678435,26.304851531982422,150.3773651123047,0.02560580801778037,4134104.0,0.8908820361635612,1169787.392722938,0.0,623747.0183926865,540872.6749301964,58018.67811823699,485351.312704098,545902.6498392756,135430.870661327,7271.674705242338,0.0,194.0,2390122.035389383,694.0,30.0,6273.718473072331,0.0,0.0,0.0,0.0
2048-05-01,349.98748969757565,26.304851531982422,154.6573486328125,0.03238938906319683,4138589.0,0.8769416347278871,1236340.6675751102,0.0,462271.54979584954,379800.0236514269,60078.0,507486.93840000284,579066.0843686872,146377.59520642,4896.037367815665,0.0,194.0,3072921.7026848774,742.0,31.0,7673.475086056701,0.0,0.0,0.0,0.0
2048-06-01,368.0289381748914,26.304851531982422,154.032958984375,0.03555065591537855,4143074.0,0.8736283359273483,1197371.505600003,0.0,328733.7230055327,261403.4464939936,58140.0,491116.39200000255,560935.0655999987,132192.0000000018,2341.874036036159,0.0,194.0,3517311.394880052,720.0,30.0,7958.676549147089,0.0,0.0,0.0,0.0
2048-07-01,377.8579159452584,26.304851531982422,153.0923309326172,0.03608671831161613,4147559.0,0.8750894576311505,1237277.8242309976,0.0,357898.7046073594,288164.00962048117,60078.0,507486.93840000284,579632.9011199982,136592.33511099633,2535.29743091487,0.0,194.0,3585595.2523772684,744.0,31.0,7727.347188671756,0.0,0.0,0.0,0.0
2048-08-01,374.26078577201974,26.304851531982422,150.00430297851562,0.032177228623150186,4152044.0,0.8881983469137498,1225013.6823851587,0.0,528417.4809163141,462083.5024474793,60010.0,504458.96421380684,568141.633131616,133665.77143973595,3955.940684054303,0.0,194.0,3357130.4785384266,732.0,31.0,7745.471454076229,0.0,0.0,0.0,0.0
2048-09-01,329.02248486657976,26.304851531982422,144.51815795898438,0.02522019810586814,4156529.0,0.9012923971022364,1152738.4094046107,0.0,701209.2253468531,635273.5416534354,57668.96372204278,479138.23031615774,532595.992138047,123266.85522836332,5104.871556035728,0.0,194.0,2610893.990660425,683.0,30.0,7281.068207232416,0.0,0.0,0.0,0.0
2048-10-01,323.2393294038424,26.304851531982422,140.23265075683594,0.021594845984448767,4161014.0,0.9147860740895544,1109612.5980973912,0.0,963592.3980003702,893443.0018179324,57162.09383385599,463888.48460627685,512153.7891537427,117615.45630351533,6781.628228171011,0.0,194.0,2305345.5241660746,667.0,31.0,6551.125539696548,0.0,0.0,0.0,0.0
2048-11-01,306.03518329976794,26.304851531982422,142.71804809570312,0.019492092984596317,4165499.0,0.9185394065342372,1058765.6319210115,0.0,1009843.2070950741,941882.6506233742,53828.208493795726,441238.35102480755,490713.57817067835,112917.12623172993,6364.842807613739,0.0,194.0,2104612.754897118,635.0,30.0,7761.07196363254,0.0,0.0,0.0,0.0
2048-12-01,321.5686798798269,26.304851531982422,140.0806121826172,0.01959093154034552,4169984.0,0.9224276726389703,1087679.4751825284,0.0,1135338.1891264264,1064526.7434675754,55798.292211061824,455126.3864694715,503126.7949017937,114890.68800020116,6916.026252248109,0.0,194.0,2162560.2359123183,642.0,31.0,9697.420993586431,0.0,0.0,0.0,0.0
2049-01-01,358.7009860873623,24.952617645263672,145.24136352539062,0.021645495786454184,4174478.0,0.9228559819964173,1043226.2384581995,0.0,1265191.6805275488,1193222.1802205795,56907.11728827387,464896.2309876131,443283.2981891214,119402.2783931912,7746.669149117833,0.0,194.0,2554342.7772610146,667.0,31.0,9717.09082956646,0.0,0.0,0.0,0.0
2049-02-01,308.5717975966765,24.952617645263672,146.3179931640625,0.021764639680111993,4178963.0,0.9091887031575764,885374.8991010915,0.0,950048.3084476057,887276.1458905216,52680.71692325496,431691.0211800746,326116.99548006704,112155.68871769488,5232.517078991692,0.0,194.0,2368129.140136625,622.0,28.0,9528.347362621458,0.0,0.0,0.0,0.0
2049-03-01,342.6775592764629,24.952617645263672,147.97984313964844,0.02715518135266535,4183448.0,0.8974500307749537,1025180.2496443869,0.0,843343.9609336618,775631.8226343719,59874.0,501216.7170304269,375858.10849582177,129494.11051813788,4518.77956569338,0.0,194.0,2817610.662455545,714.0,31.0,9794.87311019644,0.0,0.0,0.0,0.0
2049-04-01,308.56110878564675,24.952617645263672,150.8550262451172,0.0280899262595488,4187933.0,0.8812878912054277,1007488.8429693768,0.0,590793.3436198108,527649.6721576984,58151.615495064194,489455.5000424525,370740.7307009733,129128.0893308866,2470.0287048640257,0.0,194.0,2669468.240326989,708.0,30.0,6638.60741906391,0.0,0.0,0.0,0.0
2049-05-01,349.4675089649935,24.952617645263672,153.46482849121094,0.035853332556951674,4192418.0,0.865319791988787,1049965.3739470653,0.0,430936.6189279373,367495.24747712933,60078.0,507486.93840000284,387108.7651200008,136554.35682706133,1271.1466742009009,0.0,194.0,3371420.562238805,744.0,31.0,8054.4634310405245,0.0,0.0,0.0,0.0
2049-06-01,367.48725786609793,24.952617645263672,153.4845733642578,0.040548376599807694,4196903.0,0.8549238251042599,1016138.1456000053,0.0,315783.56492102344,255179.7114728882,58140.0,491116.39200000255,374621.38560000097,132192.0000000018,695.7709726311064,0.0,194.0,3787409.647922975,720.0,30.0,8329.138162355306,0.0,0.0,0.0,0.0
2049-07-01,377.3070054467714,24.952617645263672,153.48800659179688,0.04113925124006766,4201388.0,0.8566760036383246,1050009.4171200057,0.0,342927.95093611523,280312.5850449588,60078.0,507486.93840000284,387108.7651200008,136598.40000000194,665.6323351924502,0.0,194.0,3867174.2245251383,744.0,31.0,8095.148150993694,0.0,0.0,0.0,0.0
2049-08-01,373.72030135004076,24.952617645263672,152.32208251953125,0.03623604017030874,4205873.0,0.8730804310908056,1045502.0884868627,0.0,514732.5543668969,451790.44798237586,60078.0,506338.2948234425,385082.1230903526,135266.35697306757,564.0685997407259,0.0,194.0,3640745.970448039,738.0,31.0,8106.343718830065,0.0,0.0,0.0,0.0
2049-09-01,328.55184167237087,24.952617645263672,149.39883422851562,0.02824175918569138,4210358.0,0.8882602343824164,998870.4495734876,0.0,682588.5106698709,621100.0805295885,58049.029164540654,486297.60566871485,366953.91528174496,127501.5314584871,657.6180029002672,0.0,194.0,2876843.309926771,701.0,30.0,7636.599105426611,0.0,0.0,0.0,0.0
2049-10-01,322.76688597890836,24.952617645263672,143.2750701904297,0.02393285997452168,4214843.0,0.904925544137536,977529.8181493434,0.0,944590.8014051716,880421.286209149,58829.61804336771,479686.02575230756,358413.3476778021,121808.05247586589,801.7472417573604,0.0,194.0,2554364.4462026497,688.0,31.0,6907.670590613522,0.0,0.0,0.0,0.0
2049-11-01,305.6058334407754,24.952617645263672,147.01905822753906,0.021533115786026825,4219328.0,0.9092764347208968,918927.5787973208,0.0,995103.9264099131,932662.4590372508,54902.4237038648,448268.1987326833,338908.69258277264,116779.8957780002,845.7537085758389,0.0,194.0,2343112.403753263,655.0,30.0,8162.501714488178,0.0,0.0,0.0,0.0
2049-12-01,321.1219637327694,24.952617645263672,147.1510467529297,0.02186013924555487,4223813.0,0.912352626363112,900285.8828649872,0.0,1136249.2238903253,1071390.3415712267,56425.82949990306,462959.5389352853,302075.7765095334,120087.42432026565,963.4629124951664,0.0,194.0,2448894.0996210845,668.0,31.0,10172.93836704037,0.0,0.0,0.0,0.0
2050-01-01,357.9783528017242,24.994783401489258,150.26156616210938,0.023526829524099777,4228307.0,0.9156382997243643,893708.0235208184,0.0,1264395.698486054,1203602.2757642902,57906.11830555347,472233.44144291145,282232.3058188051,122598.84435354848,1082.356363911313,0.0,194.0,2807427.730406244,680.0,31.0,10099.081906473664,0.0,0.0,0.0,0.0
2050-02-01,307.95435967559945,24.994783401489258,151.3796844482422,0.022566008297786953,4232792.0,0.905584173295533,825267.3206352565,0.0,957508.5100303822,903236.3666995117,53162.82072059886,435783.1616809568,259960.49068691253,113630.37074678807,807.64025277764,0.0,194.0,2495452.8319050376,627.0,28.0,9768.439344655668,0.0,0.0,0.0,0.0
2050-03-01,341.99652276686186,24.994783401489258,155.52772521972656,0.030264379395117558,4237277.0,0.8847210683945748,836555.7145486195,0.0,849534.8839960719,792386.8113455825,59908.0,503263.2094615599,179950.45774708266,132454.68973997716,708.5227168924063,0.0,194.0,3079149.8911121194,727.0,31.0,10204.186536104877,0.0,0.0,0.0,0.0
2050-04-01,307.9520668533501,24.994783401489258,156.77255249023438,0.0317613755163821,4241762.0,0.8649581442597976,815168.3986696207,0.0,595628.2926583671,541018.6417661819,58131.3465300026,489366.36224202847,175302.90046826197,130182.1485293279,481.0298349367145,0.0,194.0,2903902.9690885497,710.0,30.0,7008.712216533391,0.0,0.0,0.0,0.0
2050-05-01,348.7824660223487,24.994783401489258,158.55311584472656,0.0411527396428222,4246247.0,0.8447112155410288,847077.0931200063,0.0,435838.99411109934,380085.5873699058,60078.0,507486.93840000284,181934.39712000152,136598.40000000194,336.9907645863533,0.0,194.0,3622415.150428042,744.0,31.0,8439.936169972103,0.0,0.0,0.0,0.0
2050-06-01,366.77185835286724,24.994783401489258,158.549560546875,0.02593349951904262,4250732.0,0.8732254385528349,750470.745600006,0.0,307872.3327268094,263447.2722288272,0.0,491116.39200000255,155744.2656000016,132192.0000000018,232.92202247861837,0.0,194.0,4116789.9004527177,720.0,30.0,8826.56626646356,0.0,0.0,0.0,0.0
2050-07-01,376.57756349441166,24.994783401489258,158.55311584472656,0.026172320560642955,4255217.0,0.8754445259729342,775486.4371200064,0.0,337376.09296237445,291409.2447027064,0.0,507486.93840000284,160935.74112000165,136598.40000000194,256.92350370382604,0.0,194.0,4209624.721871185,744.0,31.0,8590.036487804351,0.0,0.0,0.0,0.0
2050-08-01,373.00282390646106,24.994783401489258,157.80113220214844,0.022284257025710966,4259702.0,0.893340015536679,773419.3394603872,0.0,515675.1960272168,469124.5128717073,0.0,506603.0759006935,160627.04112000164,135723.86483969187,412.45417072981087,0.0,194.0,3976817.106081982,740.0,31.0,8601.353574234201,0.0,0.0,0.0,0.0
2050-09-01,327.9255224970199,24.994783401489258,156.37828063964844,0.017600906239731998,4264187.0,0.9052346102103334,687765.1832371074,0.0,680559.8800386324,647837.0178684593,0.0,487019.8824578719,99995.94738000025,129331.26539923518,567.9940327900646,0.0,194.0,3251169.896901843,708.0,30.0,8221.685260861785,0.0,0.0,0.0,0.0
2050-10-01,322.14644273441485,24.994783401489258,151.0852813720703,0.014134509014190793,4268672.0,0.9228297746069729,679033.2341437476,0.0,949026.4742179352,914448.9401219124,0.0,482117.7443201895,101103.05398359566,125307.38113996235,801.7472417573604,0.0,194.0,2913366.9058121797,698.0,31.0,7484.022190222035,0.0,0.0,0.0,0.0
2050-11-01,305.0314439651995,24.994783401489258,153.80813598632812,0.012611246876344647,4273157.0,0.9273780372915399,633766.0700061269,0.0,1003772.7229692369,970007.1995965746,0.0,449523.8122047548,94217.91238177431,118606.25741959774,845.7537085758389,0.0,0.0,2683959.7484167297,663.0,30.0,8748.932578820755,0.0,0.0,0.0,0.0
2050-12-01,320.52267347290865,24.994783401489258,154.0842742919922,0.012445605256294137,4277642.0,0.9318941030659621,654529.3774817927,0.0,1143292.962775813,1108065.8892567158,0.0,464970.72515631333,96973.06233546726,122120.23239001216,963.4629124951664,0.0,0.0,2755326.5790295154,676.0,31.0,10712.726341599198,0.0,0.0,0.0,0.0
