Time (Year),Consumption (KWh) per household, Avg Tariff (c/KWh) per household,Wholesale ($/MWh),GHG Emissions (tCO2-e) per household,Number of Domestic Consumers (households),System Production In Spot,System Production Off Spot,Number of Active Actors
2020,6161.1097109365155,12.656464497248331,43.588504791259766,4.308971511182657,170844.0,3.247486540864972E7,3.056726630059168E7
2021,6101.9876574986465,8.372469663619995,26.61895481745402,2.4612730645179526,223989.0,2.123799810560418E7,5.4021137526713E7
2018,5858.719810969093,7.4740041097005205,41.98115666707357,5.376929421266895,56948.0,3.580154264178455E7,1.5089056399697868E7
2019,5467.494527334928,9.754156668980917,36.4359974861145,4.901827549375182,113896.0,3.260793824402885E7,1.753436270622272E7
